{
  "train_losses": [
    0.2850017835912497, 0.2589581591765518, 0.24645500047051389,
    0.2369268965785918, 0.23008711044879063, 0.226409405550879,
    0.2202716834195282, 0.21704267864317997, 0.21468021469595638,
    0.21197735356247943, 0.20946907656996147, 0.20683593902250993,
    0.20572765600746093, 0.2027012864532678, 0.20068638018615867,
    0.20031631964704263, 0.1963481690896594, 0.19841318909564745,
    0.19540589351368987, 0.1947185770487008, 0.19435137243050596
  ],
  "val_losses": [
    0.26810821145772934, 0.25060534477233887, 0.2430434725854708,
    0.24038448152334793, 0.23130655321090118, 0.22023918188136557,
    0.21582301155380582, 0.21043751032456107, 0.21239957213401794,
    0.2095328559694083, 0.21132801019627115, 0.20517858992452206,
    0.20401261649701907, 0.21188542538363, 0.20361017727333566,
    0.20009488450444263, 0.1965849091825278, 0.20092655945083368,
    0.20332679541214652, 0.20279182850018793, 0.21515635077072226
  ],
  "train_ious": [
    0.43064585959781765, 0.47170019144381314, 0.4957879522302445,
    0.5123834599997253, 0.5238364565631615, 0.5306128443259261,
    0.541155251768836, 0.5464215115036652, 0.5511566749571457,
    0.5560413510201203, 0.5597495124067952, 0.5647042799417088,
    0.5666645479698977, 0.5723845173159369, 0.5757644007495346,
    0.5754385690164306, 0.5831410505309488, 0.5803902771701849,
    0.5846866623538994, 0.5864853982044301, 0.5867562268091285
  ],
  "val_ious": [
    0.45636253220879536, 0.48561561334392317, 0.5002371001502742,
    0.5006525449562763, 0.5187303031916203, 0.5379121890966443,
    0.5451668900424157, 0.556772089306859, 0.5520588470541913,
    0.5608200180357781, 0.5576775162548259, 0.5713129307048908,
    0.5674900064865749, 0.5508286432511565, 0.572064225224481,
    0.5776356583920077, 0.578841367277546, 0.5767690316922423,
    0.568910920533581, 0.5733251020960184, 0.5502337649248648
  ],
  "training_time": 438.9972553253174,
  "avg_gradient": 0.004334499843513544,
  "memory_usage": 1065.81640625
}
