{
  "train_losses": [
    0.2812494450127301, 0.25385978769349016, 0.24335936489312546,
    0.23502825807941996, 0.22795955561425374, 0.2227655969074239,
    0.22020190695057745, 0.21489918685477713, 0.21163910675955855,
    0.20985409495947155, 0.20669691094561762, 0.20455539671947126,
    0.2037688535030769, 0.20034382929620537, 0.1995652027266181,
    0.197967189890535, 0.19734310123907484, 0.19512571410640425,
    0.19347622885328272, 0.19136283959707487, 0.19247616260595943,
    0.19067449657165486, 0.18870082635270513, 0.1895959217749212,
    0.18752282112836838, 0.18593298570941325, 0.18450438700940297,
    0.184891775979296
  ],
  "val_losses": [
    0.26549234824336093, 0.24888269246920294, 0.24072167892818866,
    0.2323097580153009, 0.22637015354374182, 0.21600554818692413,
    0.21638770919779074, 0.2162891535655312, 0.2081800129102624,
    0.20754480880239737, 0.20757296389859656, 0.19907646788203198,
    0.20441079560829245, 0.19864894449710846, 0.20168871886056403,
    0.209344240958276, 0.20227696228286493, 0.19459645579690518,
    0.1963503457929777, 0.19879933770584024, 0.19592004593299783,
    0.1948580988075422, 0.18863956209110178, 0.18991988411416177,
    0.19595810479444006, 0.18962857580703238, 0.18956842143898425,
    0.2021121988477914
  ],
  "train_ious": [
    0.4399417103335692, 0.48258193344741646, 0.5001981762926218,
    0.5151095287739367, 0.5279511213302615, 0.5373390695431091,
    0.5414798386880887, 0.5494781498513792, 0.5563263920932144,
    0.5590003912431605, 0.5646914228581, 0.568578984264446, 0.5707684586067561,
    0.5754515793228492, 0.5780241407346035, 0.5803119066184849,
    0.5815645165849426, 0.5854676973236645, 0.5880257451663844,
    0.5925337120998595, 0.5910999636179296, 0.5938682772651095,
    0.5968043754498162, 0.5958074705432296, 0.5990264735360074,
    0.6018430242395922, 0.604304571730503, 0.604213862531427
  ],
  "val_ious": [
    0.46414559658454807, 0.4959534481167794, 0.5026613928485608,
    0.5183366217475005, 0.5358099483925364, 0.5476519366105397,
    0.5453942331714907, 0.5499204025752303, 0.5645136120526688,
    0.5581314522719037, 0.5588290989398956, 0.5783560902312183,
    0.5681607360425204, 0.5779902187810428, 0.571318700045779,
    0.5574836830298107, 0.5767208020324293, 0.5840938324513643,
    0.5860928053009337, 0.5803121952474981, 0.5855066229899725,
    0.5879824986492378, 0.5954044178344201, 0.5964546382859134,
    0.5863680034012033, 0.5960972646008367, 0.5972756028607271,
    0.570753285634345
  ],
  "training_time": 583.8077480792999,
  "avg_gradient": 0.0043923448216964655,
  "memory_usage": 1065.81640625
}
