{"train_losses": [0.2824865323693856, 0.2560525589986988, 0.24518975785569005, 0.23626513568603474, 0.23170209230612154, 0.22589619611592396, 0.22112521755954492, 0.21722544932171053, 0.21412285336333772, 0.2124583517079768, 0.20854037295541036, 0.20629390758340774, 0.20490838101376657, 0.20374312470464603, 0.20231158302529997, 0.19929542983679668, 0.19814998348769935, 0.19729000459546628, 0.19489756396607213, 0.1942769139195266, 0.19289989955723286, 0.19053931364222712, 0.18986031307798365, 0.19002858338796574, 0.1885193014598411, 0.1876109025400618, 0.18479751099063002, 0.18540539373846157, 0.18402276447285776, 0.18341881522665854, 0.1824374826544005, 0.18151655574531658, 0.1801376844877782, 0.18165870116132757, 0.1795378810847583, 0.17798062932232153, 0.179465317774726, 0.17709607655263465, 0.17555191343569237, 0.1758741652188094, 0.17838635392810986, 0.17502759737165077, 0.17376689612865448, 0.17142718414897504, 0.17194284814531388, 0.17176684850583906], "val_losses": [0.25777788363073184, 0.2475485834090606, 0.24741237675366196, 0.22993992560583612, 0.23872011737978976, 0.22261947296235873, 0.21770456660053003, 0.2186033861792606, 0.2137529415928799, 0.21000424902076306, 0.20528580021599066, 0.21999199429283972, 0.202607118241165, 0.20418685545092044, 0.20172193063342053, 0.20148094160401303, 0.20331246276264606, 0.19906057903300162, 0.20092315388762433, 0.1995387300848961, 0.2030959430596103, 0.1976263513383658, 0.1966213389583256, 0.19798596559659296, 0.19217725389677545, 0.19165261899647507, 0.19324562763390335, 0.19479696452617645, 0.19121060034503107, 0.19364181420077448, 0.19227132816677509, 0.19376631728980853, 0.19619768080504044, 0.19173820025247076, 0.18914288703514182, 0.18929462620745535, 0.19057480537373087, 0.19196057708367056, 0.193359326409257, 0.19098111760357153, 0.1929564119681068, 0.18823125245778458, 0.18890703825846963, 0.18798944483632626, 0.18813672823750455, 0.1934637990982636], "train_ious": [0.43770124800368276, 0.4790804080557126, 0.4979207904712444, 0.5125630581886439, 0.5221305186387855, 0.5315100109825531, 0.5396263207160479, 0.5467574844487768, 0.5522074999044772, 0.555514846159065, 0.5625009532423985, 0.5668038945591103, 0.5685417182419613, 0.5707763861054956, 0.5730849194569869, 0.5781379209264466, 0.5807591642698515, 0.5819508406887022, 0.5862077505368254, 0.5873493754669374, 0.589977054168349, 0.5939847137509047, 0.5951898276158001, 0.5950970972037836, 0.5972681851058766, 0.5996679981657561, 0.6039734284622946, 0.6032194137789204, 0.6050260528598144, 0.6061928760854228, 0.6085566997636059, 0.6097848523354182, 0.6124870609762015, 0.6097198771177862, 0.6137111155667168, 0.6159110521168817, 0.6131688870921517, 0.6175033544068752, 0.6201764276062236, 0.6194825589764811, 0.6152423556516133, 0.6210124229715355, 0.6236225594968899, 0.6272618419666219, 0.6266448388173098, 0.6269278162955374], "val_ious": [0.4767270945552467, 0.4942173191170761, 0.5004777611381765, 0.5234245336142138, 0.5008723831911018, 0.5395111091758893, 0.5463279095896777, 0.5463573559038882, 0.5462318257145259, 0.5540964008457417, 0.5676674091297648, 0.5459745485281599, 0.5673233315996503, 0.5660415138455405, 0.5731709586537402, 0.5739765612111577, 0.5710380768430404, 0.5776094180950221, 0.5770702238963998, 0.5737103381450626, 0.5691521778918697, 0.5792989201735759, 0.5837861515473628, 0.584193368104921, 0.5938897890889128, 0.5906964674376061, 0.5890326437310894, 0.5892859764289166, 0.5938443878422613, 0.5899297268926234, 0.5920218682807425, 0.5885613435420435, 0.5888004480064779, 0.5931894954131997, 0.598325375413549, 0.6012944358846416, 0.593429824580317, 0.5988996100166569, 0.5981544979672501, 0.5949317339969719, 0.5948994332465573, 0.6030184142831442, 0.6039422607940176, 0.60386172282523, 0.6019686842742175, 0.5963435270216152], "training_time": 958.8442797660828, "avg_gradient": 0.004347997949528202, "memory_usage": 1065.81640625}