{"train_losses": [0.27530399596561556, 0.2528587773280299, 0.23859636841908746, 0.2302027560122635, 0.22478878279419048, 0.21946390402381835, 0.21507820406037828, 0.21155550832981648, 0.21021865551238475, 0.20740455591484255, 0.20399518497288227, 0.20322929023076658, 0.20101671503937762, 0.1989875780823438, 0.19749865980575915, 0.19615323137006033, 0.19384905663521393, 0.1933167668302422, 0.19196247487612392, 0.189745278219166, 0.18875301831766314, 0.18891656844188337, 0.18716685635888058, 0.18610517891204875, 0.1863437796254521, 0.18494720829893713, 0.18207007654659127, 0.18380978889763355, 0.1809228568783273, 0.181432018218481, 0.18088796645726846, 0.1782247931898936, 0.17678993843171908, 0.17885058138357557, 0.1776983095737903, 0.1785948741371217, 0.17414507666683715, 0.1742011929821709, 0.17346793154011603, 0.17237902424581672], "val_losses": [0.2675762089050334, 0.26287486857694126, 0.2388789854619814, 0.22882451667733814, 0.23575346171855927, 0.22711947754673337, 0.2238111729207246, 0.2162348611847214, 0.21671530409999515, 0.21224556280219037, 0.2107903993000155, 0.22107620569674866, 0.20714451113472815, 0.20740349202052408, 0.20389753256155096, 0.20393332320710886, 0.20215262213478918, 0.20506653772748035, 0.2066144415217897, 0.20182787335437277, 0.20145164559716763, 0.20355894351783005, 0.19935526634040085, 0.20137961306001828, 0.1995210398150527, 0.19795863395151886, 0.19686587673166525, 0.20024003574381705, 0.19598257671231809, 0.1978969561017078, 0.19456604997748914, 0.19720845410357352, 0.1961079706316409, 0.19617702779562576, 0.19524058602426364, 0.19392836353053217, 0.19371063327011856, 0.19469191911427872, 0.19417241345281186, 0.20013183841238852], "train_ious": [0.44360391786187015, 0.4842638426824756, 0.5077249192349289, 0.5228505132422928, 0.5337726333435031, 0.541881089301213, 0.5501912526138449, 0.5548471380834995, 0.5581597207465034, 0.5627410133787686, 0.5687159904805213, 0.5695904575396279, 0.5740277629507625, 0.5767603750354136, 0.5800314897104449, 0.5828466573055241, 0.5860894339672033, 0.5883814621230828, 0.5905644503300604, 0.5937606502270354, 0.5959730249276196, 0.5959919167925483, 0.5994167574613857, 0.6017066998866158, 0.6003398398018401, 0.6032341971345575, 0.6072953509679738, 0.6052700892306758, 0.6105383549263511, 0.6091854153335955, 0.6095263590307338, 0.6151300719466765, 0.6176077787750867, 0.6139536198714503, 0.6155785120267799, 0.6145596666180569, 0.6218083882569403, 0.6222247584466486, 0.6238220274124452, 0.6253887891661433], "val_ious": [0.45735198799250787, 0.47586376209189923, 0.50289436429739, 0.5260864056754804, 0.5104700302084286, 0.5229887369534244, 0.5400361213563143, 0.5452731473074443, 0.5502919946675714, 0.5537758841030839, 0.5566173478745032, 0.5314922761442006, 0.5627438422778378, 0.5658973492142083, 0.5712301918993824, 0.5735958531714869, 0.5743883625752684, 0.5688834229241246, 0.5615771954906159, 0.5761374062386114, 0.5780218805091968, 0.5769654251095179, 0.5792114551084628, 0.5747172953425974, 0.5799888361623323, 0.5855409803165904, 0.5877579219531321, 0.5831675248733466, 0.5903013929508735, 0.5859727688889573, 0.592360264149265, 0.5889656275942706, 0.5921237658763276, 0.5870876001275105, 0.5935162487237349, 0.5925759699033654, 0.5960544172836386, 0.5942591592885447, 0.5929895423460699, 0.5851272066002309], "training_time": 832.4090795516968, "avg_gradient": 0.005139657509575047, "memory_usage": 1065.81640625}