{"train_losses": [0.2810330420084622, 0.25477921825064265, 0.24263560075474822, 0.23480440230797167, 0.22736834597004496, 0.22393329951750196, 0.22155961823528228, 0.21754494447099126, 0.21411899914560112, 0.2107802612464065, 0.20911357908145242, 0.2073833046723967, 0.2063511495033036, 0.20284977668653364, 0.20236666338599246, 0.2012090412494929, 0.19760468772248083], "val_losses": [0.26702395729396655, 0.24263435505006625, 0.23661702093870743, 0.2266895602578702, 0.225739400671876, 0.21880791368691818, 0.21216332264568494, 0.21763891661944595, 0.21480635747961377, 0.2108989464847938, 0.20830148037361063, 0.2130531292894612, 0.20463189547476562, 0.20294619027687155, 0.19759390341198962, 0.19984656863886377, 0.2133694174497024], "train_ious": [0.4365500362616951, 0.4811905042362815, 0.5033540162595286, 0.5178877043443315, 0.5298671086683221, 0.5349317295611768, 0.5408354622676323, 0.5470399462712414, 0.5533854119965566, 0.5591450878351492, 0.5617308444141045, 0.5655178313777933, 0.5664776866526711, 0.5728061081490655, 0.5737831917038004, 0.5764670699726844, 0.5824674169222517], "val_ious": [0.4494992700823839, 0.5015292868450067, 0.5123639086234395, 0.527029918047829, 0.5367397785834644, 0.5362920003092807, 0.5534268811992977, 0.5372425032698589, 0.5411760110570036, 0.5516057528447412, 0.56857870562353, 0.5504401414722635, 0.5704385800206143, 0.5696189528790072, 0.5795685247234676, 0.5775620753782384, 0.5438556640908336], "training_time": 355.00592374801636, "avg_gradient": 0.004666149457331784, "memory_usage": 1065.81640625}