{"train_losses": [0.2813105577521998, 0.2543428735402615, 0.24079027002596337, 0.23403778988058152, 0.22648366969888625, 0.22290867048761118, 0.2175149716760801, 0.214027911019714, 0.21100656267093576, 0.2077482733875513, 0.20684088005319887, 0.2039996591275153, 0.20319464802742004, 0.19999225542921087, 0.19869576815677725, 0.19797164614757765, 0.19610416435677072, 0.1955013837179412, 0.1932970197952312, 0.19382800728730534, 0.19258763754497404, 0.1906558442050996, 0.18806360670081948, 0.18881537376538568, 0.188065135365595], "val_losses": [0.27227695804575214, 0.25762271459983743, 0.23638637299123016, 0.2224308074168537, 0.22263700547425644, 0.2123393785694371, 0.21599823236465454, 0.2079156274380891, 0.2087364559588225, 0.20689846445684848, 0.20432944757782895, 0.19994986834733383, 0.19851592474657556, 0.19973103734462158, 0.19313312483870465, 0.19427916634341943, 0.19702831882497537, 0.1965462442325509, 0.1960247929977334, 0.19472729835821234, 0.19556300698415094, 0.19022962386193482, 0.19323870669240537, 0.19169565873301547, 0.19197900625674622], "train_ious": [0.4355621724591955, 0.4809447519373201, 0.5055219259221051, 0.5164603819611714, 0.5301811035884464, 0.5361435758624823, 0.5456840012600458, 0.5509972254057293, 0.5574102300772635, 0.5629009766963081, 0.5645444298136063, 0.5698993532661946, 0.5711313893181691, 0.5769039245079394, 0.5788394279670023, 0.5797722275922265, 0.5835223560747894, 0.5840694332036421, 0.5886584702285306, 0.5879059477128843, 0.5899655350848386, 0.5930052284637226, 0.5980031851517115, 0.5968303091392141, 0.5983301249967109], "val_ious": [0.46372543685678125, 0.48939686624900164, 0.5061500423412392, 0.5392895787954332, 0.543727787076563, 0.5566982069741127, 0.5393562806041345, 0.5620857665072316, 0.5586164239524068, 0.5644720745259437, 0.5653531292210455, 0.5760422124378924, 0.5795599429503729, 0.5801123788823253, 0.5909893428501874, 0.5880228296138238, 0.582040077102357, 0.5820023089215374, 0.5885144692400228, 0.5881549929795059, 0.5783369126527206, 0.5975769995779232, 0.5937741876080418, 0.5931904503832691, 0.5893855954425923], "training_time": 521.3356049060822, "avg_gradient": 0.0026604760604366745, "memory_usage": 1065.81640625}