{"train_losses": [0.2809672503853622, 0.25686826419247233, 0.2469371608255998, 0.2386970048689324, 0.23120900761821997, 0.22733041182484315, 0.22189071086113868, 0.21738513146081698, 0.21672969854072385, 0.21037399485383346, 0.20818570677352988, 0.20713082368931043, 0.2042494063144145, 0.20289630459054656, 0.20136576129690462, 0.1999284031436495, 0.19730950754297816, 0.19727367834876414, 0.19433499686419964, 0.19386728553344373, 0.19274342076286025, 0.19264228277556275, 0.18985765613615513, 0.18923022476551327, 0.1880816689328007, 0.18812792780606644, 0.1858863885635915, 0.18633640638512114, 0.18416833075816216, 0.18414650428230347, 0.18244989086752353, 0.18255723818488742, 0.1821699227489855], "val_losses": [0.2652326699184335, 0.27481860797042434, 0.24740844025560046, 0.23595208998607553, 0.22838689613601434, 0.239770180505255, 0.2176502732479054, 0.22768910520750543, 0.22359815110330997, 0.21396391093730927, 0.20672719990429672, 0.20626267887975858, 0.20651661183523096, 0.22667439865029376, 0.20613559400257858, 0.20355002193347269, 0.2014307457467784, 0.2041966160354407, 0.20309526538071426, 0.19684911810833475, 0.20144323713105658, 0.19842667326979016, 0.19585284169601358, 0.19646586834088617, 0.2005370291678802, 0.1966009697188502, 0.19549318111461142, 0.1922835898788079, 0.19326889968436697, 0.1987186910017677, 0.19647313330484473, 0.20087813067695368, 0.20046259981134665], "train_ious": [0.43663141750595597, 0.47656220078900213, 0.49560389719039655, 0.510188938078025, 0.5235678460448978, 0.5280064499896505, 0.5393511072826991, 0.546942892092941, 0.549071085517821, 0.5590973393046766, 0.5625219531087337, 0.5642999549922739, 0.5703637728980488, 0.5724459322358387, 0.575052960033434, 0.5773081029562841, 0.5822444613213127, 0.5822153603793057, 0.5875991997511494, 0.5880337076774544, 0.5901592291783595, 0.5905244752116827, 0.5943653383224771, 0.5959123228879077, 0.5980288898707299, 0.5977502222294394, 0.6016242201237572, 0.6010147977782335, 0.6046478922708312, 0.6044232764861723, 0.6079801802617915, 0.6074219969627647, 0.6085481649615625], "val_ious": [0.4649423799221067, 0.44029994902835373, 0.5001190074759981, 0.5159932949404784, 0.5319938985765845, 0.5084373000739275, 0.5460445224374965, 0.535737000513768, 0.5428499372109123, 0.549591799253139, 0.5685994106790292, 0.5680094512476438, 0.5714964344017749, 0.5426487585772639, 0.5675890773966693, 0.5738852095344792, 0.5728266578221668, 0.575052434551543, 0.5749939410150914, 0.5819186559621837, 0.577329927596493, 0.5791820540376331, 0.5836884018735607, 0.5861885623223538, 0.5819608651209568, 0.5863406738077385, 0.5919826333073603, 0.5952950944935066, 0.594980971104857, 0.5853218621965768, 0.5868249708327695, 0.5845059098108955, 0.5820127373588256], "training_time": 687.0426869392395, "avg_gradient": 0.003677864270514395, "memory_usage": 1065.81640625}