{"train_losses": [0.2815991116930609, 0.25727816541557724, 0.2468963824212551, 0.23798802648873432, 0.23115576868471893, 0.22666135843357313, 0.2210504321138496, 0.21877572353443372, 0.2150704914946919, 0.21195667771541554, 0.21038615298659905, 0.20810073986649513, 0.20443556530644064, 0.2031733795352604, 0.20216789703978144, 0.19898110611931139, 0.20008554018062094, 0.19794661090101884, 0.19635442385207053, 0.19430403686735942, 0.19363113881453223, 0.1920701903493508, 0.18915423248773036, 0.1897534040491218, 0.18888354673981667, 0.1886527511574652, 0.18929718386219896, 0.18652883447382762], "val_losses": [0.2695667999594108, 0.24704362095698065, 0.24273988572151764, 0.23843367300603702, 0.22805957075046457, 0.2223065097046935, 0.21689676493406296, 0.21269758628762286, 0.21734095688747324, 0.22128133508174316, 0.20993982449821805, 0.201956233576588, 0.20578605552082477, 0.19969654731128528, 0.20125718673934107, 0.20004376995822656, 0.20539207141036572, 0.19528337308894034, 0.1952017134298449, 0.20069816093082013, 0.19698646697013275, 0.19098215096670648, 0.1939774609130362, 0.19349396747091543, 0.1968938559293747, 0.19626157471667166, 0.19755614127801813, 0.19335581167884494], "train_ious": [0.43486628240055347, 0.47526924031368223, 0.49458989052884833, 0.5099628918898709, 0.5222549398254227, 0.5294647172525309, 0.5393541250917789, 0.5433889623947336, 0.5500725645949874, 0.5561015663425559, 0.5585446011652981, 0.562627189104324, 0.5687117331485818, 0.5713871107909122, 0.5736496811867624, 0.5783462657768658, 0.5769052900967825, 0.5803126408786017, 0.5837144843046216, 0.5870447646880496, 0.5890333475949971, 0.5909712933327841, 0.5959398707077984, 0.5960969220900882, 0.5971134081482887, 0.5972951714867265, 0.5959997474607351, 0.6009443719209961], "val_ious": [0.46867528363414424, 0.4902468515910962, 0.5067605747692826, 0.511691043774287, 0.5343853582938513, 0.5440310677108557, 0.5501018853291221, 0.5588076764690703, 0.5558169317850169, 0.537575891484385, 0.5634511529967404, 0.5767635841300521, 0.5726629899463791, 0.5768268488455511, 0.5768713786982108, 0.5781015157699586, 0.5740210802658744, 0.5878528892130092, 0.589613511726476, 0.5764772311068961, 0.5803156654903854, 0.5955810006977854, 0.5928646652162939, 0.5911106901324316, 0.5899761418501537, 0.5917934220338215, 0.589859270963116, 0.5828084831220517], "training_time": 583.2732183933258, "avg_gradient": 0.003657464535839692, "memory_usage": 1065.81640625}