{"train_losses": [0.2746200661134461, 0.25156448554733524, 0.23866894144726836, 0.23095016473013422, 0.22566385972111122, 0.22018304151361404, 0.21599676727276781, 0.21363550254508204, 0.21064854567141636, 0.21028296187843964, 0.20714483774550582, 0.2053869243549264, 0.20250248317809208, 0.20096706769064718, 0.20075410839332186, 0.19838971174929454, 0.19700890941464383, 0.19685146779469823, 0.19336605946654858, 0.1932562614750603, 0.19260984246173632, 0.19087851403847986, 0.18902208591284958, 0.18870405455970246, 0.1873405190265697, 0.18784823325341163, 0.18605026724221913, 0.18562908810765846, 0.18318072665968668, 0.183328195353565, 0.18224392272531986, 0.18120102592460488, 0.1804748399426108, 0.1794313437750806, 0.17867844600392424, 0.17716008351872797, 0.1793830431997776, 0.17590054318956708, 0.17544149113414081], "val_losses": [0.2521809504731842, 0.2453345841039782, 0.23359909912814264, 0.22744219361439996, 0.22501453465741614, 0.21621968338023062, 0.21533000631176907, 0.215813714524974, 0.2069037323412688, 0.208048015832901, 0.20749646878760794, 0.20406710356473923, 0.19981361472088358, 0.20815869906674261, 0.2033472566500954, 0.2061497627393059, 0.2057065280235332, 0.20040444479040478, 0.19780542021212372, 0.1957695063041604, 0.19550507418487384, 0.19568279255991397, 0.1925513524076213, 0.19243908252405084, 0.19532554337511893, 0.19318811757409055, 0.19650069300247275, 0.19388292697460754, 0.19376434806896292, 0.19065973065469577, 0.1937351728910985, 0.19086458987515906, 0.19012688003156497, 0.1880138918109562, 0.1888483114864515, 0.19092046696206796, 0.18685552089110666, 0.1893653801601866, 0.19731246971565744], "train_ious": [0.44605332052848035, 0.48827521359898934, 0.5095730675789326, 0.5236304812403259, 0.5324897486176612, 0.5422537128130598, 0.5485436165084439, 0.554053208561263, 0.5580466961407143, 0.5591059357089843, 0.5646383361485986, 0.5678159576449273, 0.5722954985888107, 0.5751495673388678, 0.575846051716286, 0.5800965997943843, 0.5823312751084998, 0.5827167727377105, 0.5889459753382037, 0.5894621204638827, 0.59073284306172, 0.5932531768753047, 0.5962717973667643, 0.5972597058592498, 0.5999646472434204, 0.5983523651957511, 0.6015347329278786, 0.6025339724037097, 0.606066963594893, 0.606371324563372, 0.6080806449163652, 0.6102552243332933, 0.6112165249128271, 0.6133313492696355, 0.6150175630506397, 0.6172023995415029, 0.6138813132825102, 0.6197794453929298, 0.6206907012324402], "val_ious": [0.4862967409949371, 0.4806613954512969, 0.5158715232990791, 0.5307817343568457, 0.5321987517501996, 0.5454665659994318, 0.539457999817703, 0.549985305554625, 0.5605882395436798, 0.5596614024345425, 0.5650350974089856, 0.5674014745847038, 0.5742489980614703, 0.5643409106178559, 0.5654264794311662, 0.5700982625501743, 0.5668101258899853, 0.5804773947035057, 0.5821673507275787, 0.5823101301987965, 0.5866350553173949, 0.5864209882591082, 0.5907069837701492, 0.5895955610102501, 0.5794502546389898, 0.5887838928163917, 0.5883011118225429, 0.5904987281647281, 0.5915869316761044, 0.5944642793873084, 0.5910613297120386, 0.5958792334017547, 0.5965327266333759, 0.6016411688448727, 0.5988723037467487, 0.5967651456594468, 0.6009278554415359, 0.5966809031324111, 0.5784077583879663], "training_time": 815.0249330997467, "avg_gradient": 0.0028957815076423392, "memory_usage": 1065.81640625}