{"train_losses": [0.277819424300738, 0.2535273136328096, 0.24058509796209956, 0.23235346036760704, 0.2293301866106365, 0.22309765486937502, 0.2192497802493365, 0.21724851016441118, 0.21437563771462959, 0.20981434975629268, 0.20800267678240072, 0.20602703426519167, 0.20430869649609792, 0.2022216786508975, 0.20005203143734, 0.1992944163148818, 0.19779272215521854, 0.19561351106866545, 0.194397430057111, 0.1930110231851754, 0.19045411123205785, 0.19102448419384335, 0.18975699320435524, 0.191010521562851, 0.18733308577667113, 0.18708029996765696, 0.18666643333499847, 0.18555815372130144, 0.1829069106961074, 0.1824185630387586, 0.18240433161997277, 0.18183775424309398, 0.18106763502177986, 0.17893506027758121], "val_losses": [0.29248150211313495, 0.2511335919084756, 0.23875555752412134, 0.22958133272502734, 0.22591844136300293, 0.22542426411224448, 0.22262986393078513, 0.21457360814446988, 0.21514355067325674, 0.21719806900490884, 0.2084399231750032, 0.21272706661535346, 0.20905498350444046, 0.20555867384309354, 0.20501783004273538, 0.1989603706676027, 0.1966321675673775, 0.1972343380684438, 0.20093949851782425, 0.20017622216888095, 0.19832412995721982, 0.2131654014405997, 0.1992363861721495, 0.1937442713457605, 0.19844867548216943, 0.19503337371608484, 0.1909218310661938, 0.19388312068970306, 0.19369599385106046, 0.19181269050940222, 0.19748404816440915, 0.19512518786865732, 0.1907062115876571, 0.1955980166144993], "train_ious": [0.44247335366958734, 0.4833072806182116, 0.5060759183505305, 0.5207722222405499, 0.5259736270468303, 0.5372311804119658, 0.5443245119320744, 0.5471506244570448, 0.5524996319866698, 0.5603540484132109, 0.5631783935038941, 0.5654399590701729, 0.5702649157872237, 0.573332881743925, 0.576746520788773, 0.5786143844218359, 0.5815062934289809, 0.5843048007159993, 0.5870062493435713, 0.5885933534498666, 0.593647758058016, 0.5927240797251031, 0.5958450085658952, 0.5931982213388318, 0.5995049186158873, 0.599948276050281, 0.6001200904340844, 0.6032134481314301, 0.6072913391542608, 0.6083800845064117, 0.6079609923172692, 0.6093356257871438, 0.6103148489542629, 0.6142767710962163], "val_ious": [0.44704317506672686, 0.49422176041896787, 0.5144837672511737, 0.5270480794319209, 0.5335305920545607, 0.5342126044890156, 0.542795688993689, 0.5558056876711224, 0.5485280985417572, 0.5415190066332403, 0.5645605204761892, 0.5546996669060943, 0.5599939993758132, 0.5663467572219131, 0.570695611661759, 0.5781486308661059, 0.5843467941318732, 0.5841045198233231, 0.5793762539607892, 0.5768052311479184, 0.5843869793242302, 0.5577313003764635, 0.5736102425101874, 0.5890770461680234, 0.5864333557909813, 0.5829062785791315, 0.5953312639309012, 0.5928199323623078, 0.5936692324669464, 0.5968162082675574, 0.5879805105319921, 0.5900296910085541, 0.5940591882968294, 0.5850675235623899], "training_time": 710.0782899856567, "avg_gradient": 0.004523756095672679, "memory_usage": 1065.81640625}