{
  "train_losses": [
    0.27901306829374767, 0.25445757887285686, 0.24307560936912245,
    0.23321670585352441, 0.2286307770434929, 0.22314721580756747,
    0.21914249391335508, 0.2162560860261969, 0.211112668008908,
    0.2111465374574713, 0.20724736461820809, 0.20610368000748364,
    0.20343514045943384, 0.20150346438521924, 0.20085739797872046,
    0.19873697189209255, 0.19802534483049228, 0.1946599964538346,
    0.1941951799975789, 0.1929967197711053, 0.19129080325365067,
    0.18976143132085385, 0.18869725185567918, 0.18754688901421818,
    0.18733091012615224, 0.1850214621619038, 0.18509994479625122
  ],
  "val_losses": [
    0.26266578196183493, 0.24407456556092139, 0.23545609382183655,
    0.23256024945041406, 0.2411259875997253, 0.22480230324942133,
    0.23255845029716907, 0.2143905464073886, 0.20997310721355936,
    0.2089787673043168, 0.20808472063230432, 0.2102841158276019,
    0.20978102476700491, 0.205431265351565, 0.20376694558755212,
    0.2032336233102757, 0.20256011317605557, 0.1973822554168494,
    0.20372031564297882, 0.20320175393767978, 0.20330823439618814,
    0.20205617372108542, 0.20189573551001755, 0.1939394823882891,
    0.20875190554753595, 0.19730759152899618, 0.20708094148532205
  ],
  "train_ious": [
    0.4385678409463793, 0.4807481891813054, 0.5010392330316961,
    0.5176274040039033, 0.5270032798466476, 0.5354205734109962,
    0.5425417558762474, 0.5482652708618104, 0.5563704315842928,
    0.5561021479197602, 0.563684472085341, 0.5659002625531909,
    0.5698841386947082, 0.574403032552505, 0.5748036968103355,
    0.5786483103706354, 0.5797177676273433, 0.5856864059856839,
    0.5868250175338726, 0.5895612559456753, 0.5924446851662963,
    0.5949339511385862, 0.5961747368716674, 0.599414980929831,
    0.5993975966196994, 0.6034498972737269, 0.6036013339416704
  ],
  "val_ious": [
    0.45265459290881105, 0.5013672701906468, 0.5150110833886741,
    0.5184074863791465, 0.5149960388307986, 0.5316367139634879,
    0.5231468971224799, 0.5516878789749698, 0.5587801301608915,
    0.5586160035884898, 0.5595284823490225, 0.5619343342124552,
    0.5642734744410585, 0.5690803391777952, 0.5684199065401934,
    0.5681352156443871, 0.5767598579759182, 0.5824772188628928,
    0.5758764514888542, 0.5746751194414885, 0.5751581362624101,
    0.5769574564436207, 0.5808524657850679, 0.5890424869198728,
    0.5762499652910923, 0.5817670277927233, 0.5689444023629894
  ],
  "training_time": 564.4736669063568,
  "avg_gradient": 0.009117547190883537,
  "memory_usage": 1065.81640625
}
