{"train_losses": [0.2772639212401017, 0.2526658687578595, 0.24002357515627923, 0.231620241118514, 0.22756957675775755, 0.22156518179437387, 0.21815923196466072, 0.21339954613991405, 0.21131810068112353, 0.20799336193696313, 0.20727336779236794, 0.2040111780490564, 0.20182572961177514, 0.19953770992224631, 0.19894122494303662, 0.19742738471730895, 0.19648705601044322, 0.1951854932729317, 0.1930349983436906, 0.19148099098516547, 0.19143549344785835, 0.19013256279994611, 0.1882776916027069, 0.18752474993791268, 0.18797538097461927, 0.18662283172749955, 0.18456507061162722, 0.18342910836572232, 0.1824805258732775, 0.18108069532267426, 0.180763375904897, 0.1810289141924485, 0.17870718864319118, 0.1790084133491568, 0.17846414211975492, 0.1779447036754826], "val_losses": [0.2694838102097097, 0.265713170170784, 0.24533379855363266, 0.23799606412649155, 0.23428421078816705, 0.23904024582842123, 0.2221957924573318, 0.2171723045732664, 0.21708902813818143, 0.219379093983899, 0.212011960213599, 0.21333586975284244, 0.20739778973486112, 0.2126110526530639, 0.20570565630560336, 0.2086614700763122, 0.21078411943238715, 0.205011074633702, 0.20287641526564307, 0.2032402335949566, 0.20268561885408734, 0.2087224018962487, 0.19933400983395783, 0.2014863996402077, 0.19528276732434396, 0.19649186276871225, 0.19643787845321323, 0.19530015568370404, 0.20156058086001355, 0.19185827996419824, 0.19655858822490857, 0.19384798731492914, 0.1945901846756106, 0.1951364405129267, 0.19803084271109622, 0.19816473903863327], "train_ious": [0.4429984506880999, 0.4847469939377859, 0.507243800395425, 0.5221783268278927, 0.5300009093530799, 0.5394398901557577, 0.544859459812658, 0.5532658561470284, 0.5569185192926207, 0.5630005627762583, 0.5638658314727352, 0.5693511316633745, 0.5734738765851313, 0.577428477073925, 0.578857915556949, 0.581762681134801, 0.5834140063843867, 0.5856926585885062, 0.5891698779727238, 0.5920472280054855, 0.5928360629232897, 0.5952497736375395, 0.5977735978861647, 0.5994482871846878, 0.598895778960508, 0.6009388911551323, 0.6044615135136716, 0.6057329260460712, 0.6080332862726157, 0.6105142191484356, 0.610813805860454, 0.6109774314622951, 0.6145433583769243, 0.6141986846923828, 0.6155829944688339, 0.6158964713306527], "val_ious": [0.4598544188167737, 0.46445516021787286, 0.4971812842548756, 0.5041851833246757, 0.5154662977742113, 0.5065432051601616, 0.5297471085104389, 0.5465169453966449, 0.5420184090085651, 0.5483160059953082, 0.5586080445327619, 0.5583489351514457, 0.5608706007833067, 0.5584235955839573, 0.5674866373124331, 0.5679492518521737, 0.5594885224017543, 0.5681942960490354, 0.574293426413467, 0.5726267932981685, 0.5769947607448136, 0.566456999035849, 0.5807530204023141, 0.5780163271271666, 0.5828457921743394, 0.5856011985004812, 0.5805807616831601, 0.5854770338189774, 0.5783440485812615, 0.5922729193732357, 0.5878672843825988, 0.5885462229666502, 0.5899207626563916, 0.5920566408962444, 0.5841911834651146, 0.5822936760774557], "training_time": 752.1777262687683, "avg_gradient": 0.004666662338874111, "memory_usage": 1065.81640625}