{
  "train_losses": [
    0.2803878997978957, 0.25697613726167573, 0.24304954999166986,
    0.23467266243761, 0.22988123025583185, 0.2238840929677953,
    0.21856459181593813, 0.21610328919537689, 0.21217251868675585,
    0.20816425396048505, 0.20767021341168362, 0.2046895770599013,
    0.20220293031762476, 0.20059837992100613, 0.2013482865270065,
    0.1979161177802345, 0.196393010975874, 0.195580223089327,
    0.1938205032568911, 0.19375685618623442, 0.1911922562867403,
    0.19025329953950385, 0.19019963146875735, 0.18765922716778258
  ],
  "val_losses": [
    0.2659755893375563, 0.2785407353354537, 0.2355996120883071,
    0.2447241933449455, 0.22487595353437506, 0.2214279657472735,
    0.22084199993506723, 0.2155811229477758, 0.2175163487377374,
    0.20837970045597656, 0.2119193621303724, 0.21093767557455145,
    0.20880568545797598, 0.20114855144334876, 0.19904901832342148,
    0.20131542080122491, 0.19568667884754098, 0.1981270378050597,
    0.19519180027039154, 0.19908235124919726, 0.20515966059073157,
    0.19208551263031753, 0.19738793178744937, 0.20366768668527188
  ],
  "train_ious": [
    0.4349570167588366, 0.477515311776728, 0.5018604365649859,
    0.5165424653855356, 0.5254707070796386, 0.5351910742836588,
    0.5444126842624467, 0.5490030704363101, 0.5544426977850386,
    0.5612481671614923, 0.5643802461470815, 0.5688188925817395,
    0.5730205005493716, 0.5760067757489026, 0.5747283191784571,
    0.5811127128916371, 0.5835818783312607, 0.585077319564163,
    0.5882628218851226, 0.5877699700278651, 0.5925352240818131,
    0.5950255734117135, 0.595289328068063, 0.5986828328906628
  ],
  "val_ious": [
    0.46597953680632764, 0.43878574863724096, 0.5101857974693396,
    0.5078525067023608, 0.5333182536389516, 0.541519507549811,
    0.5418237595670465, 0.5504668862491415, 0.5408055809312975,
    0.5553963349565216, 0.5589647444262019, 0.5613978550485943,
    0.5612864181183387, 0.5762018507373506, 0.5792379534762837,
    0.5758822756832924, 0.5859333570452704, 0.5834312793137371,
    0.5872164629939673, 0.5813631125982259, 0.5629641713871472,
    0.5898330863835156, 0.5850923810748087, 0.5747424217237943
  ],
  "training_time": 495.46780252456665,
  "avg_gradient": 0.006380501085306477,
  "memory_usage": 1065.81640625
}
