{"train_losses": [0.27837465193284594, 0.25311261593647627, 0.24097689605601455, 0.23255901994264644, 0.2259112326833217, 0.22246409709686818, 0.21698002420041873, 0.2148786181503016, 0.21369240554454533, 0.20863351979009484, 0.20709425340528073, 0.20484008251324945, 0.20358068301625873, 0.20015977080101552, 0.198776271113235, 0.1970349832073502, 0.19732748498411282, 0.19571945055023485, 0.1940714115195948, 0.1934994055039209, 0.19097212815414305, 0.18974469788372517, 0.18968676751398522, 0.18997268905134304, 0.1870059670637483, 0.18688219129715278, 0.1859459634060445, 0.1846329971500065, 0.18390758845793165, 0.1830084715038538, 0.1811955587371536, 0.18455297216449096], "val_losses": [0.2810711102641147, 0.2544863564164742, 0.24041504153738852, 0.22180491232353708, 0.22576705495948377, 0.2270928941991018, 0.2145528867840767, 0.2107109835614329, 0.21206071454545725, 0.2096994658527167, 0.2024654205078664, 0.20170849853235742, 0.1976027268430461, 0.1963422975462416, 0.20464345002951828, 0.2021177158407543, 0.19567019589569257, 0.19251487630864847, 0.19305538159349692, 0.1948708231034486, 0.19045982736608255, 0.1918280973382618, 0.19226297606592593, 0.1949616187940473, 0.1916725230605706, 0.19182472643644913, 0.19054206104382224, 0.1891295242568721, 0.18692283040803412, 0.18757919805205386, 0.1891820728778839, 0.19790375750997793], "train_ious": [0.44222636727373255, 0.48469154507029727, 0.5054643577153702, 0.5204354852869891, 0.5324091510712236, 0.5392700416184423, 0.547857270616552, 0.550993080156437, 0.5549423986425004, 0.562550819195483, 0.5656199002827423, 0.5700073110992496, 0.5713568914519701, 0.5776469535261824, 0.5799437242465605, 0.5838040855267773, 0.5831859829849086, 0.5858841032545637, 0.5885212389563308, 0.590126350576031, 0.5933658998405585, 0.5960792636201867, 0.597131329818048, 0.595763392098572, 0.6010646251556667, 0.6011986040334775, 0.6028138321918857, 0.6050507658957575, 0.6057433938418612, 0.6072367515576923, 0.6112870896855991, 0.6059376263208147], "val_ious": [0.465275722893252, 0.4861824043850969, 0.4969750468929609, 0.5305238502181094, 0.5286430813696074, 0.5434045395341471, 0.5527263398187747, 0.5598082935464557, 0.5614190827245298, 0.5490913224824958, 0.5717640376609305, 0.5746548981338309, 0.5787354612695998, 0.5782525131235952, 0.5614004875870718, 0.5744675104168878, 0.5827088822489199, 0.5901431210231088, 0.5830175982437272, 0.587326089973035, 0.594522077968155, 0.5918737079786219, 0.5850066374177518, 0.5897528693295906, 0.5919212176316027, 0.5926918577456819, 0.5924245147169499, 0.594561240811279, 0.5992406503013942, 0.5963040076304172, 0.6013473157865413, 0.5761288959478987], "training_time": 666.3403117656708, "avg_gradient": 0.0044558462375454185, "memory_usage": 1065.81640625}