{"train_losses": [0.2824350338753151, 0.25704757739668305, 0.24474571977296602, 0.2356864361335402, 0.22832200279378373, 0.2236254001441209, 0.21834990309308405, 0.21497897293580615, 0.21296868659555912, 0.21123069265614386, 0.2085850015282631, 0.20521037385839483, 0.20484861221326434, 0.20322820519947488, 0.20204732299822828, 0.19877151221684788, 0.19760620286283287, 0.19703986026022746, 0.19610237451675144, 0.19562010450855546, 0.19476295910451724, 0.19379330466946829, 0.19140883616131285, 0.1898561507139517, 0.1894812958072061, 0.1877695895407511, 0.18787427602902704, 0.18668173302126967, 0.18526143272933754, 0.18394457605545936, 0.18412477328725482, 0.1831100474557151, 0.18278594679482604, 0.18146903302682482, 0.18063226601351862, 0.18089038246999617, 0.181405757351414, 0.17792707284831483, 0.17861640582913937, 0.17961738898378352, 0.17771796768774156, 0.17801483906805515, 0.1750311014930839], "val_losses": [0.2948538894238679, 0.2483481790708459, 0.2502049405289733, 0.23576899455941241, 0.221823885065058, 0.2229711193105449, 0.21754586988169214, 0.2099120147202326, 0.21104416315970215, 0.2103423780721167, 0.20857254188993704, 0.20410928518875784, 0.21024129928454108, 0.20831455063560736, 0.20311549014371374, 0.19917489393897678, 0.20082245831904205, 0.20547802066025528, 0.1976708815149639, 0.2035885773923086, 0.19962868774714676, 0.19402588806722476, 0.1942821737864743, 0.19375724766565405, 0.19350585017515265, 0.19398623024639877, 0.19573412317296732, 0.1929738097216772, 0.19374891240959582, 0.19286263377770133, 0.2020276950105377, 0.19164793160946472, 0.19236224306666333, 0.18998336921567502, 0.1945828089247579, 0.1902802385713743, 0.18576697778442633, 0.19313333377889966, 0.18738879716914633, 0.19156866974156836, 0.19115278383959894, 0.18947134944407837, 0.2011801597216855], "train_ious": [0.4347746225978262, 0.4756588601115822, 0.4993919558769119, 0.5154034220006156, 0.5276044336943955, 0.5357601706046556, 0.5449022296276215, 0.5510367709549439, 0.5552010717329339, 0.5585245336743364, 0.5629742715669714, 0.568560290865708, 0.5692962681793646, 0.5722845390007114, 0.574876970732989, 0.5805076807197452, 0.5825224842714227, 0.5826338808713615, 0.5844511046897676, 0.5858294134554659, 0.5870877428223258, 0.5889832218704015, 0.5930005480953752, 0.596593313728986, 0.5964173532050592, 0.6000120621984422, 0.5997513277267197, 0.6020683672657047, 0.603689476955628, 0.6064931499245373, 0.605571088745542, 0.6080949571037637, 0.608994217076595, 0.6107491874608443, 0.6120536195627159, 0.6117292018472286, 0.6109587423827336, 0.6168182011747707, 0.6151929319552754, 0.6140650898974009, 0.6170793367900709, 0.6161916995070114, 0.6215757568893224], "val_ious": [0.3972717159144256, 0.48339243276395666, 0.4809819425361745, 0.5138400852464248, 0.5381775850403134, 0.5339440383772918, 0.5411828892386479, 0.5564915064884268, 0.5555657113807789, 0.5617580264806749, 0.5636034657557806, 0.5630206842569339, 0.5622901298861573, 0.5654624992090722, 0.5703377518532932, 0.5774884742239246, 0.5751669478157293, 0.570093034186225, 0.5813467666722728, 0.570067053903704, 0.576451157098231, 0.5889382647431414, 0.5855123877957249, 0.5890301230593005, 0.5865798326938048, 0.5920266925856685, 0.5864512216353763, 0.5903197049662687, 0.5912407550258914, 0.5912603556677916, 0.5813608683537744, 0.5941346577112225, 0.5939785170814266, 0.5978390092867008, 0.592191113078076, 0.5951859445675561, 0.6000205975943718, 0.591674467575723, 0.5986948512170625, 0.5923343791046003, 0.5955284963483397, 0.6012658461712407, 0.5823352943727935], "training_time": 898.1550123691559, "avg_gradient": 0.004452540013629655, "memory_usage": 1065.81640625}