{"train_losses": [0.27847695245367027, 0.2542034585190856, 0.24457519703909106, 0.23548349155032117, 0.22695850540438425, 0.22260621335843336, 0.216967041482744, 0.2131668368111486, 0.2120601852302966, 0.20785399947477423, 0.20617513261411502, 0.20325905562418958, 0.20183571954460247, 0.20158237340333668, 0.19821058764405872, 0.19630888606543126, 0.19624130646495716, 0.1949932257766309, 0.19168097849773325, 0.19040864689842515, 0.19142631911065267, 0.19045507106120171, 0.18776497009979642, 0.18707909467427628, 0.18446716026443502, 0.18436510447898638, 0.18544809034337167, 0.18382923272640808, 0.18180273408475128], "val_losses": [0.2697723313518193, 0.2487487715223561, 0.23981946447621222, 0.24225100648144018, 0.23019174745549326, 0.22118207520764807, 0.21547427708687988, 0.21292732137700784, 0.21224727157665335, 0.22065569460391998, 0.21061425980018533, 0.21034725561090137, 0.20869626072437866, 0.20864272441553033, 0.20329680293798447, 0.1995672658085823, 0.20308063794737277, 0.1970672659252001, 0.19799379324135574, 0.19837680685779321, 0.20079653224219446, 0.19470691583726718, 0.20234031262605087, 0.19173109045495157, 0.19584143647681113, 0.19365242253179135, 0.19619068989287253, 0.19602756169827087, 0.2010499715157177], "train_ious": [0.43725411602012487, 0.48067853750957956, 0.4989781370791406, 0.5147146287549665, 0.5294131082415149, 0.5366448581866596, 0.5465409287885907, 0.5534958712000778, 0.5547267504684301, 0.5624651820871278, 0.565371368620275, 0.5708211592897987, 0.5721666398795618, 0.5743436588217384, 0.5803143264374873, 0.5838274311652216, 0.5830362360870494, 0.5854233416418235, 0.5916517631191275, 0.5933653818632381, 0.5922899428161157, 0.5937463924612689, 0.5987291176250014, 0.6005068638402485, 0.6045342723204604, 0.6045941353600093, 0.6027238880270633, 0.6055099402108918, 0.6091097444295884], "val_ious": [0.4624073183622913, 0.4924637869648311, 0.5068745736194694, 0.5083599261183669, 0.5302155047007229, 0.535551261426746, 0.552002911982329, 0.5541266459917676, 0.5502231511948765, 0.5398310964954074, 0.5563182323307231, 0.5623341224331785, 0.5621014097030612, 0.563898253052131, 0.577121117192766, 0.5806481684895528, 0.5743369969768801, 0.5838241035091706, 0.5847792271254718, 0.5815930662379748, 0.5826943952968154, 0.5885618216749549, 0.5802654144556628, 0.594559012979701, 0.588582165863203, 0.5917721539735794, 0.5873363428357719, 0.5861743662668311, 0.5715227496364844], "training_time": 605.6538081169128, "avg_gradient": 0.003831893356182477, "memory_usage": 1065.81640625}