{"train_losses": [0.27956999692579976, 0.2541275099729714, 0.24313254929755046, 0.23313069416453008, 0.22595626415441866, 0.22179158363977206, 0.21891648468116057, 0.2147976330117039, 0.21212803224182647, 0.2089722506378008, 0.2064795015460771, 0.20449504102377788, 0.20372792884059573, 0.2002597388042056, 0.19936073749609615, 0.19901800795417765, 0.19645893865305444, 0.19479944030551807, 0.19409574471090152, 0.1926948011893293, 0.19127083181039148, 0.19018573354443777, 0.18950545577251393, 0.18786058169992073, 0.18716603396055492, 0.1854092959800492, 0.18462712997975556, 0.1832252595897602, 0.18310900567018468, 0.18219109657018082, 0.1820102250608413, 0.17956928009896175, 0.17887957264547763, 0.1785648431143035, 0.17763718063740627], "val_losses": [0.26745997822802997, 0.2440394917907922, 0.2436698759379594, 0.23043771541636923, 0.2272709041186001, 0.2351209427351537, 0.21646033195049866, 0.22225380948056345, 0.2122006390405738, 0.20979639401902322, 0.21092676436123642, 0.20401214581468832, 0.20503587956013886, 0.21171374716188596, 0.20179933536311853, 0.20303866817899371, 0.20223186877758606, 0.20673307614481967, 0.19970440767381503, 0.19916955867539282, 0.2088232001532679, 0.1973333468903666, 0.1929200045440508, 0.19416130982015445, 0.1927171589239784, 0.19418229810569598, 0.19690332820881967, 0.19491747863914655, 0.1996276919608531, 0.19984097973160123, 0.19181899240483408, 0.19109616817339606, 0.19202725297730902, 0.19044861327046933, 0.19371266112379407], "train_ious": [0.4370619597561335, 0.4817938382966794, 0.5019178785707638, 0.519383483417872, 0.5305113061938598, 0.5376256739963656, 0.5433582570403814, 0.5504702330175517, 0.5546524495534274, 0.5596480564470742, 0.5651399484039212, 0.5679484782875445, 0.5701309666577457, 0.5767820194579555, 0.5778061273521277, 0.5786384644823662, 0.5833220959681535, 0.5863233981249126, 0.5870330765087534, 0.590269983246707, 0.5919344924606275, 0.5944249085218146, 0.5953577968521394, 0.5989576319529526, 0.5999929834211217, 0.6030285058786041, 0.604465471661609, 0.6064714447635672, 0.6064003465724165, 0.6084675042741542, 0.6090681861168233, 0.6127604567918226, 0.6142763018716072, 0.6145968095979828, 0.6167423032440137], "val_ious": [0.4660767743336982, 0.501612031913322, 0.5038957533197126, 0.5203921040115148, 0.5281059036868205, 0.5158142268225766, 0.545150793440964, 0.5421208871015604, 0.5585773142351621, 0.5594860574473504, 0.5626440797595011, 0.5678450866885807, 0.5673274942066358, 0.5591377551140991, 0.576107583400132, 0.5721061126045557, 0.5696903918532359, 0.5705014795496844, 0.5777071513559507, 0.5771279304787734, 0.5669541922600374, 0.5855261763368828, 0.5890497712121494, 0.5881863480460817, 0.5926395222760629, 0.5870117039784141, 0.588808778187503, 0.5903366221034009, 0.5832921914432359, 0.5853027234906737, 0.5931189291287159, 0.5948758652244789, 0.5936936036400173, 0.5969678187283916, 0.5913484217464058], "training_time": 732.0421078205109, "avg_gradient": 0.005804678771787515, "memory_usage": 1065.81640625}