{"train_losses": [0.2769797925391923, 0.2520953138237414, 0.23953718708261199, 0.23209575239730917, 0.22557521587156731, 0.2201871947263894, 0.21752457523151583, 0.21427140465897063, 0.21090145846423897, 0.20885002564476884, 0.20643493201097715, 0.20390281858651535, 0.2016982573044041, 0.19923050280498422, 0.19859268872634225, 0.19741070570181246, 0.19612164074636024, 0.19474169530946275, 0.19320070476311704, 0.19056410885051542, 0.19137809960090596, 0.18949189239546008, 0.18924888272000395], "val_losses": [0.2638509581270425, 0.25261828076580295, 0.24100576017213904, 0.23187718605217728, 0.22297568003768506, 0.21914125752189886, 0.22207219315611798, 0.21913416910430658, 0.21561163469501163, 0.21044033668611362, 0.21960674809372943, 0.20928364247083664, 0.20644099362518475, 0.20553589709427045, 0.2149549687038297, 0.20661409652751425, 0.20717495291129404, 0.20072848446991132, 0.21036263587682144, 0.20322886886804, 0.2026107959125353, 0.19952442626590314, 0.21966177289900574], "train_ious": [0.44241412780315104, 0.484751080122331, 0.5070904003915148, 0.5196427667000588, 0.5305409587487794, 0.5408611548119695, 0.544671391987282, 0.5504135147708915, 0.556382113959694, 0.5592686318508953, 0.5652750451387702, 0.5696904138270497, 0.5730225076709969, 0.5778431402708308, 0.5787942462425303, 0.5808190213705317, 0.5833666868831799, 0.5856614247828292, 0.5882001159631688, 0.5933352228308071, 0.5925784966759922, 0.5953189269032169, 0.5957421026044133], "val_ious": [0.46776509025822516, 0.4866649512795434, 0.5103411616190621, 0.5149569527610488, 0.5407555090344471, 0.5440192731178327, 0.538781954218512, 0.5457937767108281, 0.551152220022851, 0.5558153789328493, 0.5470268780338593, 0.5598649399867958, 0.5681064880412556, 0.5721088596012283, 0.5484247684910678, 0.5685304560955021, 0.5660091692554777, 0.5770218061364216, 0.5655876277149587, 0.5656637508368147, 0.578360632277917, 0.5823809627605522, 0.5650017790604328], "training_time": 479.98415660858154, "avg_gradient": 0.004116616285975401, "memory_usage": 1065.81640625}