{"train_losses": [0.27658852546111395, 0.25346130780551746, 0.24171724850716797, 0.23257611781034782, 0.22748441232935243, 0.22175493480070776, 0.21730909739499507, 0.21476669139836146, 0.2128899260221616, 0.20759577895312206, 0.2071906371123117, 0.20552882203913253, 0.2024916441220304, 0.20073850606770618, 0.20028313565189423, 0.19961090272535448, 0.197406023254861, 0.19402762308068897, 0.19383453488673852, 0.19231597431327985, 0.19140869298059007, 0.19019241096532863, 0.188241733238101, 0.18813021205689595, 0.18800862376456676, 0.1867314748789953, 0.1852219712960979, 0.18507151168001734, 0.18461035102929757, 0.18203664611539114, 0.18215798683788464], "val_losses": [0.2909662985931272, 0.2475385345194651, 0.23660059888725696, 0.23689636490915134, 0.2294091232444929, 0.22277779002552447, 0.2206818603950998, 0.21932826547519021, 0.20902520353379456, 0.21425912043322687, 0.2101864319132722, 0.20249424324087476, 0.2008591987516569, 0.20193171533553497, 0.19999763142803442, 0.19848067216251208, 0.196850191315879, 0.19838352307029392, 0.19528996685276862, 0.199807766015115, 0.19634270279303842, 0.19249922976545666, 0.19266243894463, 0.1962812448973241, 0.19264416817737662, 0.19329806060894675, 0.19428520876428354, 0.19155020752678747, 0.19230030412259308, 0.18989265127026517, 0.19897616946178934], "train_ious": [0.44307154617474764, 0.4827377666597782, 0.504113363533996, 0.5197184353904878, 0.5293110171197983, 0.538019351202293, 0.5460348598982975, 0.5513083006160848, 0.5543764179329509, 0.5640109491575023, 0.5639538418339647, 0.567653939073932, 0.5722698954514406, 0.5752594716361038, 0.5762830450590972, 0.5785877491360992, 0.5818690826063571, 0.5879243971321025, 0.5884892706205881, 0.5911221710452136, 0.5926364155999128, 0.5942865561531938, 0.598257049324288, 0.5987613021895507, 0.5988576843038849, 0.601017609886501, 0.6030903589250384, 0.6037358145998872, 0.6042246429816537, 0.6089916883063485, 0.6085090655023635], "val_ious": [0.4353829614170219, 0.5010089993044949, 0.5138844706226086, 0.5030982173655343, 0.5318109938415927, 0.5407173596862433, 0.5384499341033506, 0.5476194128826044, 0.5628020563635272, 0.550528846681118, 0.5567935815323953, 0.570163962525734, 0.5778714027525722, 0.5738545453202897, 0.5750946550481562, 0.5791990199814672, 0.5852612580942071, 0.5784137337536052, 0.583066441874573, 0.580448245872622, 0.5860019727893497, 0.5897216729927756, 0.5917109723972236, 0.5878385035456092, 0.589815160718517, 0.5930766342342764, 0.5879855540351592, 0.5904140915127768, 0.5891013121691302, 0.5988986049441325, 0.5787379029004469], "training_time": 645.3135933876038, "avg_gradient": 0.0034523205823888186, "memory_usage": 1065.81640625}