{"train_losses": [0.27981609389509843, 0.25800453887685487, 0.24544255208709967, 0.2384894963191903, 0.2321483974709459, 0.22690155972605167, 0.22218750757367714, 0.21802047826349735, 0.2147032541587301, 0.212684262300963, 0.21051946468651295, 0.20843062590321768, 0.2057184828850238, 0.2032181993936715, 0.20291741726839024, 0.20133592026389163, 0.20056104894889437, 0.19842688828382804, 0.19601457817075046, 0.19453093166584554, 0.19600802206474802, 0.19398700364905855, 0.1932274219782456, 0.19222704337342925, 0.18875554859962151, 0.18921883339467255, 0.18912404241121333, 0.1876483377393173, 0.18716606133334016, 0.1864535823950301, 0.18482127194495304, 0.18534539818115855, 0.18422113731503487, 0.1813514830301637, 0.18233494144742904, 0.18170846091664355, 0.18037148054851138, 0.18046477437019348, 0.1773265768652377, 0.17773812547650025, 0.17724518971922604, 0.17757102693228619, 0.17597797399629717, 0.17417632577859837, 0.17431474363674287, 0.17946468447537525], "val_losses": [0.2657676637172699, 0.24661384037007456, 0.24880741342254306, 0.22894141628690387, 0.22861578315496445, 0.2313637409521186, 0.22596315618442453, 0.21838099833415903, 0.21278963367576184, 0.21546686181555624, 0.2099490959359252, 0.2059438882962517, 0.20574126878510351, 0.20871849584838617, 0.2128694540132647, 0.20378049689790476, 0.19795127698908682, 0.19961765052183814, 0.1999260653620181, 0.19780305449081503, 0.20195923097755597, 0.1956360343357791, 0.196578537316426, 0.19391625180192615, 0.194954844272655, 0.192242329535277, 0.19081437846888666, 0.19310449063777924, 0.19307364005109537, 0.19104917412218841, 0.19186120059179224, 0.19375603872796762, 0.1919404255307239, 0.19631437633348547, 0.19081015010242877, 0.1910255246836206, 0.18896931118291357, 0.18799664306899774, 0.18858973649532898, 0.1893649499701417, 0.18715934844120688, 0.18528241016294644, 0.1858620413619539, 0.1888148664780285, 0.18829933553934097, 0.1921636925443359], "train_ious": [0.433825353315721, 0.4731891488359455, 0.49650228647110256, 0.5100436618524615, 0.5212517933299147, 0.5302265001649873, 0.5375217614506468, 0.5445200337933891, 0.5504851374991131, 0.5546488519218089, 0.5580526449974034, 0.5623474744674953, 0.566837889722724, 0.5714767117431198, 0.5709323392830034, 0.5746309550991954, 0.5761431171626283, 0.5788548364155531, 0.5844998996218911, 0.5863886712038, 0.5840715725460779, 0.5877966232381869, 0.589187305798565, 0.5904832808435823, 0.5969821576406986, 0.5958921379693173, 0.5953982634928779, 0.5993585900228094, 0.5997682404366959, 0.6008042885881403, 0.603783387582803, 0.602238257402095, 0.6053755477178787, 0.6098717149832975, 0.6079118511491062, 0.609196218189554, 0.6108731630703675, 0.6116613004410612, 0.6162985605930072, 0.6159661152008646, 0.6163772717118264, 0.6164296411949659, 0.6189022615443968, 0.6220832001147923, 0.6226277808672276, 0.6130875992062299], "val_ious": [0.46798164213913074, 0.4995089810395586, 0.5032684619444004, 0.5287493389585745, 0.5289712602245636, 0.5205308682676675, 0.5446919101303902, 0.552660836905673, 0.553236300530641, 0.5548195469638576, 0.5587053476036459, 0.5669205750244252, 0.5692178842382155, 0.5683980789305508, 0.5616957445939381, 0.5713725351337073, 0.5803184237169182, 0.5797367638003998, 0.5730934840613519, 0.5857081886218941, 0.5812431001576827, 0.5863665240830268, 0.5870499874370685, 0.587491867982823, 0.5889178002658098, 0.5916070847407634, 0.59849886380244, 0.5960411319266197, 0.5932898607806882, 0.5999789726043097, 0.5938135867101562, 0.592667935335118, 0.5951119983109876, 0.5939506458631459, 0.5988995102436645, 0.5997784820155823, 0.6037192420251125, 0.6015801535568377, 0.6030805238347123, 0.6032190901645715, 0.6054319378690444, 0.6083133177480835, 0.6074321159849997, 0.6037343055873677, 0.6046446337216141, 0.597720012932584], "training_time": 961.113180398941, "avg_gradient": 0.007354233143872254, "memory_usage": 1065.81640625}