{
  "train_losses": [
    0.28107598116216453, 0.25446189251606877, 0.24123007261558718,
    0.23477412687371607, 0.2277113653557456, 0.22217756574568542,
    0.21773347048007924, 0.21573282195174176, 0.2117623183876276,
    0.20779963874298593, 0.20580754186148228, 0.20426832341953463,
    0.20129077776294688, 0.201707372603857, 0.19897603697103003,
    0.1962763831505309, 0.1967698081356028, 0.19573974082975285,
    0.19319052370670048, 0.19199547787075458, 0.19182958105660003,
    0.1886495712172726, 0.18991634994745255, 0.186081039354853,
    0.18612446595469248, 0.1856822969958834, 0.1854777457597463,
    0.18399514209317125, 0.18488774983131367, 0.18232549038594184,
    0.1805753284336432, 0.18084910341902918, 0.17958821161933566,
    0.1790707702546016
  ],
  "val_losses": [
    0.26362286993990774, 0.2504466940527377, 0.2412339180060055,
    0.23615599229283954, 0.25110869303993555, 0.22153922785883365,
    0.21804825281319412, 0.21539248590884003, 0.2133746581233066,
    0.20470374790222748, 0.21467770376931067, 0.20807573166878326,
    0.20826677978038788, 0.20340393775183221, 0.1978549973472305,
    0.20523541874211768, 0.20238048907207407, 0.20465443736833075,
    0.2032839108420455, 0.2006352977908176, 0.20119518041610718,
    0.201279999445314, 0.19358558596476264, 0.19162049306475598,
    0.19346960018510403, 0.19775818320720093, 0.19233788355537082,
    0.19660892791074255, 0.1942134661519009, 0.19115074529595996,
    0.19161661487558615, 0.1962543612589007, 0.19288416854713275,
    0.19775853694781012
  ],
  "train_ious": [
    0.4381864442206596, 0.4814814002779514, 0.5052579471004612,
    0.517295732203385, 0.5287487444238385, 0.538410074118039,
    0.5459225274676429, 0.5504726941656809, 0.556583807088327,
    0.5628042581450681, 0.5671731407443681, 0.5694825723227382,
    0.5741097618272336, 0.5739921218027242, 0.5793800633130729,
    0.5838214161171428, 0.582880464260993, 0.584531918707965,
    0.5891423671897771, 0.5916843860261682, 0.5916675185055837,
    0.5970159967740377, 0.5952006268004577, 0.60155034173226,
    0.6023637994152048, 0.6021972294842848, 0.6025490166376467,
    0.6057675431172056, 0.6045048292996229, 0.6089305970007957,
    0.6111611458810342, 0.6107512000894199, 0.613104394596556,
    0.6137306857584179
  ],
  "val_ious": [
    0.46338360486687097, 0.4875086651764055, 0.5059933720723443,
    0.5139422454479812, 0.4961747174029765, 0.5414585698989854,
    0.5414890328395192, 0.5494426516950995, 0.5560873839734256,
    0.5671845445598381, 0.5528358214575311, 0.5567741612161415,
    0.5630789187507351, 0.5712105502252992, 0.5809211063644162,
    0.5694520760705505, 0.5784872388062271, 0.5731919362493184,
    0.5679740018170814, 0.5818681727716887, 0.5797456170337787,
    0.5762429537548536, 0.5870354095662849, 0.5939234523237614,
    0.5904611495957857, 0.5845809516267501, 0.5934119723413304,
    0.591639559769976, 0.5886932380389477, 0.5980763230202857,
    0.5977597035791561, 0.5854315597941909, 0.593313677587371,
    0.5827315512342728
  ],
  "training_time": 712.507994890213,
  "avg_gradient": 0.004021987509032396,
  "memory_usage": 1065.81640625
}
