{"train_losses": [0.28621106724376266, 0.25785620972190215, 0.2449803002502607, 0.23656225107286288, 0.22917804316334103, 0.2254396215405153, 0.2199242799340383, 0.2181677414185327, 0.21328611720515334, 0.20996853271904198, 0.20956178705977357, 0.20544157031437624, 0.20391433896577876, 0.20182059543288272, 0.19977289243884708, 0.198525941323327, 0.19747761904221514, 0.19514234420721946, 0.1952131463457709, 0.19380242239845835, 0.1914304575032514, 0.19250656988309778, 0.1907068432673164, 0.18983913779906605, 0.1874005698963352, 0.1895029147196075, 0.1852075792039218, 0.18533358641940614, 0.18368274240714053, 0.18299847096204758, 0.18311195966342222, 0.18202475450285102, 0.17984642331366954, 0.1794001217931509], "val_losses": [0.27561293769141904, 0.25755255636961566, 0.2398948225638141, 0.24738011379604755, 0.22977998464003854, 0.22078862948262173, 0.22770381103391232, 0.21677867711886115, 0.21500441010879434, 0.21037714669237967, 0.20925692533669266, 0.2079214861859446, 0.20571411044701285, 0.21114270486261533, 0.2021247909768768, 0.21195529660452966, 0.20025256211343018, 0.2004539448281993, 0.205676158161267, 0.19901038414758185, 0.19586121712041937, 0.20101343516422354, 0.1943213962342428, 0.19674576980912167, 0.19394323165002075, 0.19504663186228793, 0.19199426310217899, 0.1986917824200962, 0.19105269630318103, 0.1989432362758595, 0.1994956621657247, 0.2001826986670494, 0.19375804455383963, 0.19811839966670328], "train_ious": [0.43073203742666094, 0.4739645794843851, 0.4978120472768076, 0.5136107141556947, 0.525528696190188, 0.5323835280386434, 0.5423630639046862, 0.5456044143470734, 0.5542113437330807, 0.5597136170211907, 0.5610927767187791, 0.567441857163457, 0.5703942128929537, 0.573331950745289, 0.5774442993536375, 0.5795253662095554, 0.5818920151155066, 0.585825521390939, 0.5857009199866349, 0.5880915340090145, 0.5920506400474604, 0.5905894650065381, 0.5936680237992085, 0.5951142789984959, 0.5992464189944061, 0.5959078539432822, 0.6026621374531069, 0.6030979226680768, 0.6058420115622922, 0.607336878668571, 0.6071386692532593, 0.6088922113396122, 0.6117294567866605, 0.6131786038910133], "val_ious": [0.4554807693845984, 0.4781956967452298, 0.5079646196918212, 0.5057079407615938, 0.5294219795344531, 0.5410155206918715, 0.5323044214991558, 0.5519967483005662, 0.5573797906222552, 0.5593957490679147, 0.5602436797774356, 0.5664728370265685, 0.5704383418179939, 0.5564960254275281, 0.5771653766649357, 0.5547349148470422, 0.5825271956298662, 0.5775768743908923, 0.5676285963559495, 0.583542863096016, 0.5868885845377827, 0.5778875262409017, 0.5897568654322969, 0.5868048721897428, 0.591432581777158, 0.5880437668250955, 0.5955148185940756, 0.5785131268743156, 0.5950070304283197, 0.5864916510772015, 0.5871229864980865, 0.5823379703190014, 0.5965833286012427, 0.5863345252430957], "training_time": 711.20112657547, "avg_gradient": 0.006712787144351203, "memory_usage": 1065.81640625}