{"train_losses": [0.2765645176658164, 0.25293788913151494, 0.24053909670075643, 0.23278950462522713, 0.22661185766691747, 0.22173518873751163, 0.21778919369630192, 0.2125186160530733, 0.2123254441210757, 0.20910942238634048, 0.20646735936727212, 0.20353183117897614, 0.200845407726972, 0.2000991627573967, 0.19784975335325883, 0.1959508160210174, 0.1966821067845044, 0.194139219334592, 0.19249272719025612, 0.19095917645355928, 0.19094948916007642, 0.18956103637490584, 0.18981000578597837, 0.18732682866570743, 0.18537768178983874], "val_losses": [0.27230007169039355, 0.259861507817455, 0.2384756884497145, 0.2309307394468266, 0.2356176217613013, 0.22564202611861023, 0.22929897418488626, 0.21452439058086145, 0.23334503886492355, 0.21097804929899133, 0.20727006507956464, 0.21095029005537863, 0.20552869141101837, 0.2035086747744809, 0.20237704042507254, 0.2166907421272734, 0.198893411004025, 0.19789431244134903, 0.20365718492995138, 0.19937035344217136, 0.20371784205022064, 0.1977235214865726, 0.20140328517426614, 0.19494350319323334, 0.20256962011689725], "train_ious": [0.44283980889704777, 0.48512418368372384, 0.5069220908310103, 0.5202155663375408, 0.5306368195384307, 0.540109036733275, 0.5466038353093292, 0.5558064325132233, 0.5565007103850013, 0.5617265377625609, 0.5665665338544739, 0.5718854112361654, 0.5758237924588766, 0.5772971760859525, 0.5815199203249337, 0.5844562538508051, 0.5839112941445649, 0.5875271497213322, 0.5912428037735864, 0.5938049424169719, 0.5925898217744585, 0.5959237245977789, 0.5951454378124597, 0.6002478415443414, 0.60294281081229], "val_ious": [0.46162454740724695, 0.47416186969781277, 0.5133297807280568, 0.5246424690104912, 0.5111264413681583, 0.535450469756472, 0.5352918808011042, 0.550934669116269, 0.5187356287370557, 0.5554257947681606, 0.5654755539220313, 0.5556537672013475, 0.5683602433705675, 0.5694907495509023, 0.5722738253897515, 0.5563766375400018, 0.5771168038464974, 0.580263233271198, 0.5730889590754025, 0.5805534066065497, 0.5701632160639418, 0.5785369467044221, 0.5695891764716825, 0.5856297394071799, 0.5677862972884938], "training_time": 520.6215441226959, "avg_gradient": 0.0034511115835828493, "memory_usage": 1065.81640625}