{"train_losses": [0.27530814861149894, 0.2507803836918395, 0.23883743163036264, 0.23108405182543007, 0.22396019441278084, 0.21864600795442643, 0.2154304369798173, 0.21265006753737511, 0.20940107933205107, 0.20816678699591887, 0.2047607280799876, 0.2038961048035518, 0.20122159110463184, 0.19959242609531982, 0.19856800098458063, 0.19660201280013376, 0.19538815027993658, 0.19535445381441843, 0.1929181601204302, 0.19083735306301844, 0.190763001775612, 0.18884464223747668, 0.1878522235252287, 0.185844499050923, 0.18452196722121342, 0.18387429594345714, 0.18285730772692224, 0.1827317693311235, 0.18187922887180163, 0.183364516933975, 0.1804962508056475, 0.18115795411817406], "val_losses": [0.2656045390859894, 0.24924024777567905, 0.2418830566432165, 0.245377147651237, 0.22834236239609512, 0.22311098387707834, 0.22152490849080292, 0.2178951537479525, 0.23448484747306161, 0.21003597359294476, 0.2096767312158709, 0.21075295203405878, 0.2132671951599743, 0.20386002407125806, 0.21024335272934125, 0.20891616363888202, 0.20914631628471872, 0.20186835592207703, 0.20027678395095078, 0.20390109231938486, 0.20277633194042288, 0.19860097474378088, 0.20128559029620627, 0.2010434302298919, 0.20155383905638818, 0.19662114265172378, 0.19748153893843942, 0.1979111112330271, 0.19587332560964252, 0.2028252644383389, 0.19902205305254977, 0.20352046062117038], "train_ious": [0.44786977441306564, 0.4879996167576832, 0.5093359853802382, 0.5221838244115531, 0.5352793260868909, 0.5438777949067128, 0.5494055197830652, 0.5548836619363745, 0.5600339129999065, 0.5624733059194638, 0.5682135925668738, 0.5697741321679475, 0.5742410006730453, 0.5771738069428914, 0.5799594318521195, 0.5827585812388123, 0.5850630323740019, 0.5851416540858537, 0.5900833453389183, 0.5927908952361437, 0.5934121845748976, 0.5964842612004798, 0.5984985979030959, 0.6015798153112761, 0.6039067558080387, 0.6056691845474037, 0.607311449405076, 0.6077560858018154, 0.609354996378871, 0.6064004077967525, 0.6113221167006353, 0.6107102195205899], "val_ious": [0.46332761450954113, 0.4896440217676371, 0.5030511286163675, 0.49883722751468856, 0.5257640511229419, 0.5390111246834628, 0.5409053098680315, 0.5411732574735862, 0.5160647354264192, 0.5615779983176701, 0.559784011564393, 0.557447851676008, 0.554940025875534, 0.5701842858739522, 0.5615739091366961, 0.5611684640896494, 0.5532319256360979, 0.5697813314804133, 0.5766283184073975, 0.5724873385135677, 0.5755625652230304, 0.5829209262046261, 0.5815020430347194, 0.5782408059939095, 0.5772344584482303, 0.5877014370500176, 0.5816891003346097, 0.5880143344402313, 0.5873564624268076, 0.5770102575205374, 0.5813576177410458, 0.5630296697651131], "training_time": 668.2734568119049, "avg_gradient": 0.005090672818090299, "memory_usage": 1065.81640625}