{"train_losses": [0.27894536276226456, 0.25390557458867197, 0.2400706367486197, 0.23246490744792897, 0.22549730830866357, 0.22212267918107303, 0.21703176111306832, 0.21283997894953127, 0.21074859255357928, 0.2077300959955091, 0.20562482090747874, 0.20413038976814435, 0.2012669660312974, 0.2005144848447779, 0.19892213388305643, 0.19784946391439956, 0.1957961058487063, 0.1963172567927319, 0.19426416063114352, 0.1922819394942211, 0.19146800284152446, 0.18940427486339342, 0.18894774215700832, 0.18857690578569536, 0.1876904156220996, 0.18649471543081428, 0.18651185994562897, 0.1845165797225807, 0.18346775266463342, 0.18379064576457377, 0.18376255140680334, 0.1812076332938412, 0.18126429836063282, 0.17932004530144774, 0.17862684368763282], "val_losses": [0.2727433767007745, 0.25510869855466095, 0.24713999259731043, 0.2304061411515526, 0.22379899186932523, 0.21914159150227255, 0.2136127634540848, 0.21957120817640555, 0.21818987377311871, 0.21153935206973035, 0.21709188462599463, 0.2034479765140492, 0.21038342785576117, 0.21298649550780005, 0.20252479062132214, 0.19941477736701135, 0.20300512080607208, 0.1997141478502232, 0.19925956751989282, 0.19710734130247778, 0.19419183031372403, 0.19822634076294693, 0.19565866887569427, 0.19519160817498746, 0.1932273756550706, 0.19474502264157587, 0.19906663829865662, 0.18918813343929208, 0.1969301130460656, 0.18948748545802158, 0.19288409533707992, 0.18868318750806476, 0.19311513816532883, 0.19157263345044592, 0.19739732534989066], "train_ious": [0.443545849595651, 0.484598100806276, 0.508405778233124, 0.52039419254963, 0.5321326152947933, 0.5395293383440677, 0.5471415427931837, 0.5547402335897736, 0.5585841662317949, 0.5640476191065451, 0.5673751988704653, 0.5703877281343589, 0.5752554002987301, 0.577175209055776, 0.5794371751987412, 0.5813491518838684, 0.5845388009928274, 0.5841886494038762, 0.5875438143485698, 0.5919735788003261, 0.5924633424999055, 0.595695763232483, 0.596998115758533, 0.5973401974508726, 0.5994237477796664, 0.6008523466146515, 0.6010055020991445, 0.6045905684215434, 0.6067236070723636, 0.6058402233149692, 0.6056281041515906, 0.6104597711152792, 0.6104483041318433, 0.613254586207694, 0.6140169181145619], "val_ious": [0.43574946557266125, 0.49338520491036814, 0.4948767067297645, 0.5221358769829723, 0.5379286596308583, 0.5459086887430454, 0.5533724105444506, 0.5468323520128279, 0.5414926625680233, 0.5528413513000461, 0.5466111637112023, 0.5717768068762792, 0.5570642723553422, 0.5475154728561208, 0.5722464998995048, 0.5773009303687274, 0.5708841197732568, 0.5819335042134575, 0.5754968243232672, 0.5805019446905109, 0.5844379173240801, 0.580731349794761, 0.5838958964399669, 0.5846196106378583, 0.5875637585270234, 0.5844947514326677, 0.5818178221799324, 0.5948317478532376, 0.5851824039566345, 0.5969926380160926, 0.5893443146909493, 0.5925141352674236, 0.5912222514549892, 0.5929385909567708, 0.5852128770472348], "training_time": 733.8666422367096, "avg_gradient": 0.004565237424847014, "memory_usage": 1065.81640625}