{"train_losses": [0.28263457734947617, 0.2561648206218429, 0.24605609168824943, 0.24014253266479657, 0.2326838016995917, 0.22724704995103504, 0.223010270734844, 0.21826056301917718, 0.21606832880364812, 0.21365974333299242, 0.2101315264792546, 0.20763004490214845, 0.20636403746902943, 0.20404154993593693, 0.20243670005837214, 0.19965410062476344, 0.1987388061116571, 0.1978812934425862, 0.19577012518825737, 0.19505664779116277, 0.19368928573701694, 0.19238457836858605, 0.19019728753229845, 0.19078679374702598, 0.1885603408774604, 0.18947176416607006, 0.18788417412535005, 0.18522474663737026, 0.1851420749950668, 0.1849976530217606, 0.1825915778298741, 0.18172671581092087, 0.18416969000321368, 0.18157770711442697, 0.18124541121980417, 0.1794088055258212, 0.17865740208198194, 0.17726445870231028, 0.1775272823870182, 0.17698337178191412], "val_losses": [0.2646977940331335, 0.26023870026287826, 0.2406347387510797, 0.26327478594106174, 0.2296057223625805, 0.2263530039268991, 0.22333824051463086, 0.22124842554330826, 0.2245028877387876, 0.21019112837055456, 0.21695371782002243, 0.20954612577738968, 0.20475084464187207, 0.20458251367444577, 0.20564468431731928, 0.20213546182798303, 0.20039716654497644, 0.19768162395643152, 0.2035303553161414, 0.19647339375122733, 0.1988474380062974, 0.19509742020264917, 0.1943160201544347, 0.19564044572736905, 0.20023420161527136, 0.19852256839690002, 0.19453616667052973, 0.1973118315572324, 0.19193779126457547, 0.1901753768324852, 0.19072795626909836, 0.19127235658790753, 0.19589981242366458, 0.192683235782644, 0.18991290745527847, 0.1902846583853597, 0.1895782069667526, 0.18747929807590402, 0.1875534041420273, 0.19331958630810614], "train_ious": [0.4350718178556884, 0.47771170573390087, 0.4957788938629451, 0.5078875672450102, 0.5200667342144077, 0.5290827844291924, 0.5361865981063547, 0.5444835463025864, 0.5488953008383944, 0.5532608995133124, 0.5591110072868026, 0.5640574213711248, 0.5656974121010389, 0.5704886031107627, 0.5723963264321936, 0.5774715622698053, 0.5794925832770008, 0.5809700011235216, 0.5838609626651675, 0.5857397570558215, 0.5879867554142854, 0.5906236316414849, 0.5939012227067046, 0.5935047268867496, 0.5972385156521763, 0.5961325085465458, 0.5978772175916728, 0.6027932932087476, 0.6038640990205433, 0.6037230354504308, 0.6078696564055871, 0.6091914471184862, 0.6058744893449804, 0.6093563347838927, 0.6111095161109729, 0.6132585427359397, 0.6146955116503484, 0.6170074335042982, 0.617313245770292, 0.6177784642879515], "val_ious": [0.4632063632210096, 0.4758948149240535, 0.49972796634487476, 0.4832743533711502, 0.5246385176112686, 0.5319960229638694, 0.538954927329568, 0.539029948413372, 0.5319282436284467, 0.5634535343750665, 0.5455087462197179, 0.5650109631427821, 0.5623881920524265, 0.5722023922464121, 0.5707591318565868, 0.5694468442512596, 0.5739621802948522, 0.5785687464302866, 0.568818691632022, 0.5831577834011852, 0.5818665021139644, 0.5872388518806819, 0.5847069536862167, 0.5867391816083937, 0.5774488122998807, 0.5876077908104743, 0.5872740168934284, 0.5856811810230863, 0.5930750618378321, 0.5970527048128239, 0.5969415900931841, 0.5953575338142505, 0.5858347014240597, 0.5914509512376095, 0.5988232765508734, 0.5996240208978237, 0.6010265609492427, 0.6047881368709647, 0.5996048489342566, 0.5934940332519837], "training_time": 832.0799472332001, "avg_gradient": 0.004896795244838127, "memory_usage": 1065.81640625}