{"train_losses": [0.2813395070640937, 0.2567465849544691, 0.24301487417972606, 0.2359558066110248, 0.22867451762051685, 0.2223120332574067, 0.22125844309187453, 0.21662424026947955, 0.2139870913942223, 0.2111482777349327, 0.2075690388193597, 0.20749684455602066, 0.20422072789591292, 0.20325833923466827, 0.20045728212141473, 0.1993556068805249, 0.19859702269668164, 0.19605103094616663, 0.19494488665267176, 0.1935959341733352, 0.19270904694238436, 0.19144574803826603, 0.19152361672857535, 0.1893948212103999, 0.18973201286533606, 0.18746111201851265, 0.18641729426124823, 0.185774030568807], "val_losses": [0.265306537889916, 0.24428695083960242, 0.24061643656181253, 0.22568035255307736, 0.22069262032923492, 0.22690990275662878, 0.2152931479656178, 0.213617249675419, 0.20680383171724237, 0.20533100094484247, 0.20395948316739954, 0.20505288340475247, 0.19924251216909158, 0.1973118364163067, 0.21255626237910727, 0.19733612530905267, 0.19923840495555298, 0.1938585149853126, 0.1923953767703927, 0.1918648938122003, 0.19543606690738513, 0.1905841092052667, 0.19033666505761768, 0.1885714556859887, 0.18756023988775586, 0.18943542792745258, 0.18748289573451746, 0.19676626246908438], "train_ious": [0.4382333907271748, 0.4772878789437416, 0.5021843171907939, 0.514392000069653, 0.526182725701643, 0.5373786223809358, 0.5393623984486295, 0.5467216675642178, 0.5522451067370345, 0.557688516875108, 0.56398199957566, 0.5638491020038507, 0.5686609840047532, 0.5707282230150009, 0.5756670785662921, 0.5785001876453558, 0.5798730207202226, 0.58425892446784, 0.5856210358332895, 0.5881017483770846, 0.5895078406817672, 0.5918136783268142, 0.5925756931520895, 0.5953834321403854, 0.5952846482936017, 0.5995110626993837, 0.6009707918957522, 0.6013967673415724], "val_ious": [0.4623213032449502, 0.49098306203234016, 0.5150487121680509, 0.5251025946243949, 0.5348419842944627, 0.5371396900087164, 0.549746803831363, 0.5603782800228698, 0.5654613252567209, 0.5686792590911837, 0.5742318757634233, 0.558264735924161, 0.579519563395044, 0.5808838910382724, 0.5489826397835345, 0.576521391885868, 0.5758236933877502, 0.587197549317194, 0.5916667878627778, 0.5959007241155792, 0.5845552600812222, 0.5943358192841213, 0.596373402554056, 0.5951501340537831, 0.5995223688474599, 0.5947404788888019, 0.6026670196350071, 0.5845755137827086], "training_time": 588.6973214149475, "avg_gradient": 0.003996971381342446, "memory_usage": 1065.81640625}