{"train_losses": [0.285598308738807, 0.2556274832914705, 0.2446181872130736, 0.23569178233004134, 0.23087717625110046, 0.22635684210969054, 0.22075144509258476, 0.2180612135840499, 0.21363081604890202, 0.21174829615199048, 0.20774450606626013, 0.20445480230061905, 0.20355384991220807, 0.2034254373739595, 0.20023451842691586, 0.1984916275124187, 0.1978027669955855, 0.19608423543041167, 0.19308931299525758, 0.19273851520341376, 0.19163144695694032, 0.18952674799315308, 0.1896315950738347, 0.18730478490824284, 0.18713010871863883, 0.18660263539008473, 0.18605903989594916, 0.18442237182803775, 0.1833100520560275, 0.18159453084935312, 0.1817024934065083, 0.18080647216866846, 0.17899688074122305, 0.1788707147959782, 0.17822132097638171, 0.17785214187334414, 0.17686663891958154], "val_losses": [0.2893891548332961, 0.2537745671427768, 0.24817150248133618, 0.23721426433843115, 0.22492952126523721, 0.2693228015433187, 0.22831316162710605, 0.22685486726138904, 0.21704895243696545, 0.21091074107781702, 0.21048201879729395, 0.2169460929606272, 0.21926412763802902, 0.20986017131287119, 0.21317834277515826, 0.20563214531411295, 0.20569006547979687, 0.20323934211679126, 0.20077118504306543, 0.20687000518259796, 0.20171448588371277, 0.19780493300894034, 0.19582870602607727, 0.19804481093002402, 0.2000633306477381, 0.2038213558818983, 0.19499917069207068, 0.1975886410345202, 0.19600535184144974, 0.19406178172515787, 0.1973620497662088, 0.1930657012955002, 0.19173458283362182, 0.19389389098986334, 0.19459136834611063, 0.19356005088142728, 0.2010054860426032], "train_ious": [0.43180198752172816, 0.47774431878781837, 0.49805830464954853, 0.5156580148453728, 0.5236589624344009, 0.5315720840370741, 0.5407001838303993, 0.5452375203317062, 0.5528877207712422, 0.5557783815901779, 0.5632845925410157, 0.5695310325456271, 0.5707318572786411, 0.5706033807625803, 0.5768152960724587, 0.5796328915849978, 0.5804255584767762, 0.5842521935161473, 0.5889883353442389, 0.589759094451649, 0.591793326580006, 0.595677649197371, 0.5958746760759669, 0.5997650341495221, 0.6002488868931929, 0.6006725088733698, 0.6014757082406158, 0.6043827567195545, 0.6063328501430977, 0.6084419322618538, 0.6087715065349705, 0.609812032431364, 0.6137099459335424, 0.6136984925015252, 0.6153968543462134, 0.6157104090612006, 0.6169522532626338], "val_ious": [0.40130787763906556, 0.4717816022643144, 0.5041545190025067, 0.5168196040651073, 0.534487351451231, 0.4852793381913848, 0.5325922690655874, 0.5359974224930223, 0.5488416047199912, 0.5564638536045516, 0.5640513564365499, 0.5553722379432209, 0.5507319267245305, 0.5639667536901392, 0.5495627539745275, 0.5633411385874816, 0.5741391618182693, 0.576593345274096, 0.5806057463953459, 0.5615027901055157, 0.5813550530136494, 0.5799203718054121, 0.5864262656457183, 0.5842631076988968, 0.5782294649144876, 0.5771458038817283, 0.589602636470311, 0.5827719860750696, 0.5862374614546265, 0.5901768516371215, 0.5833421463983647, 0.5943735241889955, 0.5970442865205847, 0.5919536369434302, 0.5876639984224155, 0.5955798135719438, 0.5872061228838521], "training_time": 772.7437589168549, "avg_gradient": 0.004678940847993953, "memory_usage": 1065.81640625}