{"train_losses": [0.27644541098371794, 0.25501069839557877, 0.24263942727576132, 0.23376343196824842, 0.22750272901485796, 0.2225788772592078, 0.21782663780386033, 0.2142116028977477, 0.2120332914688017, 0.2102664615958929, 0.20599471955843593, 0.20485222517796184, 0.2027764237769272, 0.2006481279335592, 0.1989596825416969, 0.19749107665341833, 0.19773137447950634, 0.19472026735868142, 0.1927379268505003, 0.19181684890519018, 0.1916049448368342, 0.1897005880980388, 0.18923374937604304, 0.18752708043093266, 0.18599760467591492, 0.1855448934694995, 0.18512930931604427, 0.18413228946535484, 0.18198029777925948, 0.1812562733564688, 0.18061333530299042, 0.18024809051143087, 0.1793773007457671, 0.17929287335794905, 0.17790442470299161, 0.17659933962251828], "val_losses": [0.28612852485283563, 0.24381478357574213, 0.2381069822155911, 0.22449524538672488, 0.22370617966289105, 0.22598609198694644, 0.21871649700662363, 0.22746843779864517, 0.20965161757624667, 0.2122091958704202, 0.20768665101217187, 0.2057220618362012, 0.20695587085640949, 0.20664171615372534, 0.2005226942508117, 0.20150467332290567, 0.2009206913087679, 0.20273101880498554, 0.19552307446365771, 0.19478674297747406, 0.19568772225276285, 0.19741102081278097, 0.19365285045426825, 0.19833030940397925, 0.19245397202346637, 0.19127087457024533, 0.1913521325458651, 0.18800770296998645, 0.19507389450850693, 0.19164309488690418, 0.18860351844974185, 0.18935195129850638, 0.19053244687940762, 0.18736463849959167, 0.1892948461615521, 0.19597960101521533], "train_ious": [0.4429486377866587, 0.4799089034938295, 0.5013366751102865, 0.5160752158288076, 0.5270190522128689, 0.5365405394223289, 0.5440807489111373, 0.5508046373994884, 0.554541321201385, 0.5578072806145404, 0.5646560048495515, 0.5668357192012278, 0.5714508562308291, 0.5748291952346546, 0.578014016529356, 0.580124048219211, 0.5808525115683458, 0.5854670109524243, 0.5894881449639797, 0.591434405495723, 0.5911008516407532, 0.595064298344263, 0.5951478452678176, 0.5983639880474924, 0.6010570955881175, 0.6021953636537425, 0.6028947878790936, 0.6049283870860286, 0.608370034321063, 0.6094632789060689, 0.6106430380672646, 0.6114083239133806, 0.6129001793114172, 0.6131467432107617, 0.6155733934779101, 0.6177964376258677], "val_ious": [0.4493638084850448, 0.5062538893974347, 0.5151970151109974, 0.531793499878351, 0.5322641097549079, 0.536832114600617, 0.5460453175980112, 0.530946702412937, 0.555703929261021, 0.5602457785735959, 0.567513166130453, 0.569923906006675, 0.5723813502252966, 0.568758978359941, 0.578125685453415, 0.5792436139739079, 0.5820705778356913, 0.57311358421609, 0.5855111592057822, 0.5881076373051907, 0.5839213456796563, 0.5849409986665285, 0.5933469937763354, 0.5827151888954465, 0.5893635138653326, 0.5958761486454286, 0.5981809738753497, 0.6016274278146636, 0.5878637996704682, 0.598150648932526, 0.6023791058771852, 0.5991389008535856, 0.5985916613236717, 0.6018444805041604, 0.6003530157217081, 0.5932404483142106], "training_time": 752.4138929843903, "avg_gradient": 0.013364006213841722, "memory_usage": 1065.81640625}