{"train_losses": [0.2784052490378204, 0.2530780782032272, 0.24108183675486108, 0.23263259896117708, 0.22830845812416595, 0.22424859051471172, 0.22070955736157688, 0.21730031421327073, 0.21130471247369828, 0.20999013697323593, 0.20825728215277195, 0.20438652777153513, 0.20346645338703756, 0.20194306435144466, 0.2015539741386538, 0.19870622051150902, 0.19694099340425886, 0.19684240651195464, 0.19578325651262118, 0.19366509224409642, 0.1926567483207454, 0.1915952874266583, 0.18993063805543858, 0.1892068663045116, 0.18894477690691533, 0.18704260367414224, 0.18636413145324457, 0.18401281819071458, 0.18506059641747372], "val_losses": [0.26947863335194794, 0.26450807050518366, 0.25789118655349896, 0.235418564275555, 0.22406334915886755, 0.2212532279284104, 0.21991313767174017, 0.21960954173751498, 0.21622617186411566, 0.22008919294761575, 0.21045664114796597, 0.20721508011869763, 0.20840865211642307, 0.203410089339899, 0.20868456428465637, 0.20321039920267853, 0.19983206689357758, 0.20303871936124304, 0.20107348684383475, 0.2016511591880218, 0.1982366170572198, 0.1965886652469635, 0.20693842937117038, 0.19727387927148654, 0.1955160090456838, 0.19823882858390393, 0.19287952910298886, 0.196250029232191, 0.20573488201784051], "train_ious": [0.44055470640001737, 0.48231613136611984, 0.504941304443755, 0.5194058360234984, 0.527692944540278, 0.5347535868809706, 0.5412142203067954, 0.5467424978488599, 0.5565337028516374, 0.5589459573553092, 0.5623752636214098, 0.5683706598221391, 0.5696742778670959, 0.5731336831290654, 0.5732861298905767, 0.5795345603339913, 0.5822329815963041, 0.5828327918830123, 0.5841073738815991, 0.5879072315882947, 0.589777108659779, 0.5916559313410438, 0.5942615567018157, 0.595205708582332, 0.5960565850786539, 0.5989975165305796, 0.6012028427119703, 0.6047292676740795, 0.6030204906195834], "val_ious": [0.45041083749653643, 0.4656352536833804, 0.4891455069832179, 0.5236236877415492, 0.5310968539637068, 0.5348292260930159, 0.5478502738734949, 0.5276533848997473, 0.5430870399526929, 0.5450026155381963, 0.5570683207200922, 0.56639353963344, 0.5597827799510265, 0.5707839328957642, 0.5569362527002457, 0.5736117445040441, 0.580150600036849, 0.5706593521695206, 0.5735375313223272, 0.5740421820377957, 0.5812542342405388, 0.5830662377934525, 0.5676787229983703, 0.5806433284196301, 0.5778775430027993, 0.5756606032019075, 0.5951147072989008, 0.5878995203453562, 0.5703645421974898], "training_time": 607.1998748779297, "avg_gradient": 0.005718699329271791, "memory_usage": 1065.81640625}