{"train_losses": [0.28004047703807766, 0.2563247098384992, 0.24374252112339373, 0.23564486480925395, 0.22741509974002838, 0.2220383092923009, 0.21969376366747462, 0.21464805952880694, 0.21109276337792043, 0.20823203100134496, 0.20965230481132216, 0.20510664582252502, 0.2024633076203906, 0.20193837485883548, 0.20042642019689083, 0.197561445362542, 0.19631576424707536, 0.19406910677966865, 0.19281606521943342, 0.1927833199986945, 0.1907544621144948, 0.19083272560459116, 0.18905585801795774, 0.18744481387345688, 0.18842566499243613, 0.18471319495659808, 0.18551869787599728, 0.18344593299147877, 0.1826069298321786, 0.1836860105395317, 0.18033424003616624, 0.18178001362020554], "val_losses": [0.26290801005518954, 0.2676496188277784, 0.25697297538104263, 0.23249920328026233, 0.22913286089897156, 0.2188436155733855, 0.22531536027141238, 0.21308451696582462, 0.22431141300045926, 0.21290052844130475, 0.208020212209743, 0.20809768269891324, 0.21543256484943887, 0.2065301171463469, 0.20305104488911835, 0.20031446639610373, 0.2008685301179471, 0.19854550290366876, 0.1962647003972012, 0.20226120981185333, 0.19678569585084915, 0.19680244669966077, 0.19457685299541638, 0.1947322533182476, 0.1963180510894112, 0.1964309759761976, 0.1936496635494025, 0.19217889853145764, 0.19168446893277374, 0.19111821703288867, 0.19179762284392896, 0.19606031250694525], "train_ious": [0.4384573856301173, 0.47887472209075205, 0.5005814133454922, 0.5134996521570114, 0.5279280558174504, 0.5377474192637898, 0.5413855918399666, 0.550127724698488, 0.5564067029542682, 0.5616129579535426, 0.5589515854591044, 0.567796899896601, 0.5712658902495237, 0.5737506237582882, 0.5751254592576748, 0.5801172416279281, 0.582878432682027, 0.587184052158525, 0.5890241367337495, 0.590008178860813, 0.5927358837663261, 0.592442843631126, 0.5964782479880512, 0.5988170271334441, 0.5974508968276392, 0.6032283397904343, 0.6019988643086474, 0.6049532293733482, 0.6072947273867715, 0.6053012417278426, 0.6106744597031587, 0.6084396771654706], "val_ious": [0.471820612748464, 0.4597400207666383, 0.47616446860458533, 0.5197043251516161, 0.5286839269641518, 0.5480865648259288, 0.5293925780317058, 0.5490239263660665, 0.5334069281816481, 0.5553079206442486, 0.5653752250515897, 0.5603964574958967, 0.5566039512986721, 0.5645890501530275, 0.5700153597239135, 0.57682904622693, 0.5790920272685481, 0.5810477655866871, 0.5841033335613168, 0.569137742769891, 0.590263289169989, 0.5846265072839848, 0.5924016669176626, 0.5887740450924722, 0.5860835354829179, 0.588190455151641, 0.5902184599983521, 0.5921980401744014, 0.5950855405434318, 0.5955665048913681, 0.592375371767127, 0.5843022923538651], "training_time": 667.7289822101593, "avg_gradient": 0.007431004405097488, "memory_usage": 1065.81640625}