{"train_losses": [0.2764995083536791, 0.25213143861164217, 0.24050527819148873, 0.23123307469422402, 0.22599888803518337, 0.2209112700884757, 0.2158018974992244, 0.2137006185139003, 0.21018985699376333, 0.2070747468944477, 0.20629512000343073, 0.2033797697690518, 0.20154998645834302, 0.19995614562345587, 0.1996088029573793, 0.19681867989509003, 0.19512982423538747, 0.19538399212710236, 0.1931605885696152, 0.19143509046862955, 0.19212257724417292, 0.18880688496257947, 0.18834027332132278, 0.18801735965130123, 0.185512138530612, 0.18478110335443332, 0.18480899071563844, 0.18384245904567448, 0.18315275936670924, 0.1820366410943477], "val_losses": [0.2846973237136136, 0.2503099982505259, 0.23753270733615625, 0.23413056264752927, 0.22383232868236044, 0.2211801225076551, 0.24664779331373132, 0.22031998763913693, 0.2153859864110532, 0.2126061553540437, 0.21120669627967087, 0.2077333016887955, 0.2127838202792665, 0.20438678076733713, 0.21383572045875632, 0.20514893467011658, 0.2057810075905012, 0.20322355498438296, 0.20149402935867725, 0.19885003631529602, 0.19837496688832407, 0.19518607466117197, 0.20533024940801703, 0.2020722151450489, 0.19773937405451483, 0.2002105246419492, 0.19436849945265314, 0.19466732701529627, 0.19663696412159049, 0.19743322483871295], "train_ious": [0.4450933685580241, 0.4843503945385632, 0.505195224198742, 0.5223912212295809, 0.530477714657352, 0.5396297936584203, 0.5474071575571664, 0.5515421338217413, 0.5584452217039855, 0.5626250175840181, 0.5656300330723542, 0.5699238561741684, 0.5726017966542559, 0.5755628047753933, 0.5776812410980893, 0.581813200066487, 0.5854333021502564, 0.5845189632820909, 0.5880882536479524, 0.590183393192896, 0.5907899395063304, 0.5964826416710151, 0.5972341374642608, 0.5975048386532326, 0.601918465309385, 0.6035686214117034, 0.6030783298006959, 0.6050386433692083, 0.6059607140503928, 0.6082303883588833], "val_ious": [0.44513201422017545, 0.48931073948093085, 0.5137757489430732, 0.5236883876116378, 0.5270830399316291, 0.536699660014415, 0.5031065497061481, 0.5429813580020614, 0.5539185427453205, 0.5560642539159112, 0.5542193929786269, 0.5640120750320129, 0.55835837352535, 0.5704430531764376, 0.5557711488310841, 0.5701781325582145, 0.5600202563016311, 0.5710122622009638, 0.5769087564254153, 0.5842194095037986, 0.5849180802486944, 0.5898072937692421, 0.5770060111215151, 0.5783840420021528, 0.5866608934989873, 0.5848177001960037, 0.5906971459803375, 0.5886681747177371, 0.5874393588822819, 0.580818530658017], "training_time": 626.6465554237366, "avg_gradient": 0.0034827274605455406, "memory_usage": 1065.81640625}