{"train_losses": [0.2802072021624316, 0.2551363936584929, 0.2426792436643787, 0.23456394939642886, 0.22745356530598973, 0.2248622222763041, 0.2204933957723172, 0.2164257195494745, 0.21334568403013374, 0.21133746263449607, 0.2077428889663323, 0.20663338842923226, 0.20520649089113527, 0.20175687507118867, 0.19997086384050225, 0.19887333411885344, 0.19890561254452105, 0.1963237145834643, 0.19555188780245575, 0.1938609114807585, 0.19410677375676838, 0.19171045931137126, 0.19047220310439233, 0.189289182667499, 0.18883404492036157, 0.18743356058131094, 0.18622043558760829, 0.18633371680651023, 0.18530466739574206, 0.18356588264198406, 0.183109183917227, 0.18254440245421036, 0.18143529444932938, 0.18102266129268252, 0.1800973046085109], "val_losses": [0.2779106562552245, 0.2480827466301296, 0.23438681662082672, 0.22759142582831177, 0.22720672740884448, 0.22797245791424875, 0.21697806210621542, 0.21067949287269427, 0.21831716046385144, 0.20576138114151749, 0.20773224791754846, 0.20585459600324216, 0.20363299257081488, 0.20057230637125348, 0.2022026168263477, 0.20222845705954925, 0.19754246330779532, 0.2041150195443112, 0.19755981506212897, 0.19749347055735794, 0.19794689734344897, 0.19638736416464267, 0.19206717318814734, 0.1996689471213714, 0.19098640945942505, 0.19206513399663178, 0.1955170349582382, 0.19644368504700455, 0.19384941491095917, 0.19147298808978952, 0.19254776349534158, 0.19263668390719788, 0.19063423962696738, 0.19233445790798767, 0.19608010707989984], "train_ious": [0.43729359699089265, 0.4791658320936602, 0.5019520953081653, 0.5166990837433199, 0.5282091436286764, 0.5327314810854369, 0.5406500643416158, 0.5474193642536799, 0.5524188801646231, 0.5572669257720314, 0.5637965237424859, 0.56412232051725, 0.567519850489022, 0.5735514775674414, 0.5770519071838995, 0.5787476037183535, 0.5781816293795903, 0.5833959681508337, 0.585138543738403, 0.5876053301212582, 0.5873554874265544, 0.5918331315228039, 0.5938680078564349, 0.5959793568953223, 0.5970724593794001, 0.5989482026493207, 0.6016029030948445, 0.6007800364084005, 0.6026966109116011, 0.6056695013050585, 0.6072657989958922, 0.6079092451735684, 0.6096584100438197, 0.610124364711236, 0.6117691315062668], "val_ious": [0.4269174247764158, 0.48542656004428847, 0.5144872258322825, 0.5224864143824232, 0.5232351505454035, 0.5217046149183011, 0.5427444944347158, 0.5589044122160345, 0.5472930782083154, 0.567276900013288, 0.5659805458524954, 0.5678361358417982, 0.5720418441122856, 0.5739415056895519, 0.576548539210057, 0.5716303072977759, 0.58096487906532, 0.5666595092718151, 0.5838820089896521, 0.5806968041520186, 0.5830835222766019, 0.5827997041785199, 0.5877802365499993, 0.5822110823963, 0.5929511737996254, 0.5911935367014095, 0.583674094815185, 0.5847546043603316, 0.5899400875188302, 0.5936577050150305, 0.5920800601226697, 0.5897036862114201, 0.5949448852435402, 0.5950872001872546, 0.5854703771031421], "training_time": 731.9975986480713, "avg_gradient": 0.004311400704376766, "memory_usage": 1065.81640625}