{"train_losses": [0.2789639542284219, 0.25470286219016364, 0.2428833464079577, 0.23579613321825213, 0.22888730685024158, 0.22320062715722166, 0.21814845963988616, 0.2159172447155351, 0.2124328435925038, 0.21037082212126773, 0.20747643498622853, 0.20490537405661916, 0.20280865045345348, 0.20105472733469112, 0.20074789655273376, 0.1996822117463402, 0.19707451315353747, 0.19525543899963732, 0.19439580267214257, 0.1953241572431896, 0.19275477714836597, 0.1913372687185588, 0.19079233228188494, 0.18876216722571332], "val_losses": [0.26551787036916485, 0.2543711208778879, 0.24117705485095148, 0.23442364905191504, 0.24276871720085974, 0.22842129481875378, 0.2182068734065346, 0.21781540240930475, 0.20979257446268332, 0.21622156870105994, 0.20871856452330298, 0.20602721137844998, 0.2054082375505696, 0.20238270157057306, 0.20427068193321643, 0.20484896587288898, 0.20153508108595145, 0.20615412327258484, 0.19904454959475476, 0.19698195062253787, 0.1956937536597252, 0.20171682957721793, 0.19580514145934064, 0.20629182522711548], "train_ious": [0.43795554005824366, 0.47904469839472713, 0.49990734598342923, 0.5134148824474085, 0.5255346939345631, 0.5352669108011152, 0.5437187027132167, 0.5482066047742312, 0.5538402563905802, 0.5579210177225912, 0.5620582559942339, 0.5680830296182977, 0.572138381447049, 0.5741998902049615, 0.574431335202594, 0.5769543444224894, 0.5821566732357379, 0.5848371532840139, 0.5864420071568174, 0.5855772359755593, 0.5897188630980857, 0.5918047156022948, 0.5936075051085669, 0.5961713598690171], "val_ious": [0.46498122714135964, 0.4814853977034057, 0.5078687206774517, 0.5123639194213824, 0.5048741295501805, 0.5320450579342636, 0.5506284312493558, 0.5540815252756728, 0.5584579150097958, 0.5549260741774587, 0.563149147923442, 0.5672096864900729, 0.5644586593776509, 0.5742202867632327, 0.5700555700754774, 0.5650303311969922, 0.577556324177894, 0.5621685852175172, 0.579748244173285, 0.5865077158247214, 0.5862950324148373, 0.5750174878732017, 0.5872618983621182, 0.5685429627048797], "training_time": 501.8639416694641, "avg_gradient": 0.004314509866619603, "memory_usage": 1065.81640625}