{"train_losses": [0.28125538717469445, 0.25440300247915415, 0.24259485085697277, 0.23300911251293577, 0.2288718018680811, 0.22424793372983517, 0.22019643182663814, 0.21823664382100105, 0.21313807360180045, 0.21175891703561597, 0.20755222091532272, 0.20732270723775678, 0.20467051928458008, 0.20257753522499747, 0.20019783395464005, 0.1989270447065001, 0.19901310117996257, 0.1961006705203782, 0.19477076658412165, 0.1927555235021788, 0.193356825929621, 0.19182487561003023, 0.19168008005489473, 0.18904704203748185, 0.18831741672171198, 0.1873066125680571, 0.18599272673220738, 0.18640551546021647, 0.18406948058501535, 0.1823709991801044], "val_losses": [0.2663683534964271, 0.25642919346042303, 0.2600427752603655, 0.23023049403791843, 0.2348487257309582, 0.22676086231418277, 0.22104095084511716, 0.21866241842508316, 0.216464311208414, 0.21121011642010315, 0.21159456637890442, 0.20655267329319663, 0.20755876535954682, 0.20344462699216345, 0.21435867541510126, 0.20029086166101953, 0.19842145494792773, 0.20609408617019653, 0.19858320737662521, 0.20006397593280542, 0.2030048107971316, 0.19781060808378717, 0.1988062638303508, 0.19953745409198428, 0.19642316971136176, 0.19500265788772833, 0.1952016888105351, 0.19389928261870923, 0.19538416162781094, 0.19981058751759323], "train_ious": [0.43862845515663584, 0.48227519479890685, 0.5034995261525763, 0.5197926543760992, 0.5277596619520069, 0.5349723420281339, 0.5421624021955589, 0.5458041058880264, 0.5533985671573792, 0.5566729583602021, 0.5636325426183751, 0.5632481211661425, 0.568292727693915, 0.5726982545701492, 0.5763728864275025, 0.5791731327232243, 0.5780428266827612, 0.5840577007527802, 0.585471135982569, 0.5900962361391039, 0.5892979015150795, 0.5915226334355015, 0.5921185008533623, 0.5958140717576378, 0.5978417427319547, 0.5990472446209282, 0.6019917438211649, 0.6009176010670868, 0.6046185198145505, 0.6076761680668682], "val_ious": [0.45409389725629834, 0.4914029131548992, 0.47263244096783635, 0.5210185502318367, 0.5218603577518809, 0.5311375763537228, 0.5368647143460701, 0.5451383690039316, 0.5471031039521315, 0.5592984459970307, 0.5602924670430196, 0.5658343764750853, 0.5668557528136432, 0.5682277681602949, 0.5568256245359131, 0.5753828792468361, 0.5818675188482672, 0.5664639386577882, 0.5772301293369653, 0.5805674944666849, 0.5798359813465589, 0.5827353838561237, 0.5776604865340219, 0.5828243517789287, 0.5859459526296975, 0.5903250795343651, 0.5907008423321489, 0.5890948705483173, 0.5890107543572135, 0.5710715351329333], "training_time": 625.3330578804016, "avg_gradient": 0.003820986812311875, "memory_usage": 1065.81640625}