{"train_losses": [0.2784629510310681, 0.25531860481461754, 0.2431393778356521, 0.23381694535846295, 0.227685932231986, 0.2216027922442426, 0.2190771660079127, 0.2147487388194903, 0.21147821471095085, 0.20967945424110992, 0.20757447612350402, 0.20559783077434354, 0.2035874047357103, 0.20250364093352918, 0.20008860026364741, 0.19854669864087002, 0.19699290751115137, 0.19600731782291247, 0.19375484493439613, 0.19317557354984077, 0.19195566383068977, 0.191216928317495, 0.189703528728822], "val_losses": [0.2601981814140859, 0.251469884229743, 0.24097251179425613, 0.23701542583496674, 0.22409048384946326, 0.2633098260216091, 0.21453171612127966, 0.21516336435857025, 0.2136418382110803, 0.2176492949542792, 0.2204407560436622, 0.2047178680482118, 0.20418229051258252, 0.2052219539232876, 0.20428060351506525, 0.19853771315968555, 0.19974830973407495, 0.19839226972797644, 0.20102142931326575, 0.19835668543110724, 0.19523486333048862, 0.19612454072288846, 0.2022261988857518], "train_ious": [0.4422458861752049, 0.47982776707605146, 0.5015859190590573, 0.5166343631411813, 0.5281101867178645, 0.5380003366997279, 0.5433734949894139, 0.5513205948299256, 0.5563889200920644, 0.5596713834050774, 0.5633554392480767, 0.5671355637411277, 0.5705362809956935, 0.5719146040146768, 0.5773552689647328, 0.5795777945414831, 0.5825123424655287, 0.5837081775501156, 0.5876283484200637, 0.5882483432474345, 0.5910849120413909, 0.5928421120928681, 0.5955815823289793], "val_ious": [0.4714178737738857, 0.4787224111133728, 0.5118151434521744, 0.5026951528329779, 0.5321910556243814, 0.45809177622414987, 0.5499833087990249, 0.554972116066062, 0.5595065765622735, 0.5332973751684895, 0.544685807241046, 0.5682709720255672, 0.5709052599858546, 0.5601864714121474, 0.5681164169657059, 0.574873707216719, 0.5759063397628674, 0.577100763934246, 0.5769940184942192, 0.5799408749393795, 0.5849943014158719, 0.5864977974822555, 0.5683217415775077], "training_time": 481.4187362194061, "avg_gradient": 0.0039565096169098144, "memory_usage": 1065.81640625}