{"train_losses": [0.27862115107152774, 0.2531487166719592, 0.24268088020060374, 0.23571611973254578, 0.22781547766340815, 0.22176334197106568, 0.21880552788143573, 0.21541426217426424, 0.21176440568397875, 0.20936419644757456, 0.20661858704103075, 0.20464862850697144, 0.20197855624491753, 0.20004775780050651, 0.20001116484079673, 0.19836733976136084, 0.19543831714469453, 0.1951876364486373, 0.194255948147696, 0.19217609597936922, 0.191085752180737, 0.18977671837353188, 0.18858025004358395], "val_losses": [0.2659507461864015, 0.24694684180228607, 0.2404438360877659, 0.23416958619718967, 0.23114459670108298, 0.22517967904391495, 0.22271434638811194, 0.2213453637517017, 0.21763492278430774, 0.2118691912163859, 0.21225026509036188, 0.20902943254812903, 0.20463690906763077, 0.20757051913634592, 0.2029931554975717, 0.2014841136077176, 0.20270914001309354, 0.2042956740959831, 0.1974338646168294, 0.19890998822191489, 0.20717151495425598, 0.19711159072492435, 0.2004346743873928], "train_ious": [0.43955677236173907, 0.4829327479760714, 0.5023264652523011, 0.513873504690718, 0.5287082728430412, 0.5379585220977878, 0.5426067045849304, 0.5488540843345117, 0.5551969220294896, 0.5599510973130445, 0.5641533555058034, 0.5678242110795729, 0.5727381179568128, 0.5759275958913821, 0.5765412334838635, 0.5789980201617534, 0.5840531001272405, 0.5849511735681177, 0.5865591676446836, 0.5903240178266298, 0.591980654800284, 0.5947767032337362, 0.5966603172862013], "val_ious": [0.466532489851765, 0.4921628998025604, 0.5068355975807575, 0.5196644890567533, 0.5244708629190058, 0.5386447459459306, 0.535959869839143, 0.538124022708423, 0.5503369427245597, 0.5602039593285408, 0.5579372391752575, 0.5612116386924964, 0.571639769103216, 0.5660752958577614, 0.5710302172363668, 0.5768036429864771, 0.5736077013223068, 0.5729386435038799, 0.5799940109684847, 0.5832376233909442, 0.5618162703686865, 0.5854298295318219, 0.5699180070904718], "training_time": 478.42290115356445, "avg_gradient": 0.004863966605815394, "memory_usage": 1065.81640625}