{"train_losses": [0.28099281551397365, 0.2519688100108634, 0.2409593473472025, 0.23312823126173537, 0.22655962796314902, 0.22289127816000712, 0.21868872391464916, 0.21462410105311353, 0.2130127823709146, 0.20995438212285872, 0.20693798322716486, 0.20626760347057943, 0.20342567870798317, 0.20170410730592583, 0.19973289618349593, 0.1983284096678962, 0.1987477473752654, 0.19649118152649506, 0.19568088472537373, 0.193474934314904, 0.19185706973075867, 0.1916186889714521, 0.191047348567973, 0.1900265917343938, 0.18755376363254112, 0.18653055523400722, 0.1874464211742515, 0.18507630637158518, 0.1854135973945908, 0.18279076837327168], "val_losses": [0.27386361911245016, 0.248706618728845, 0.2373598969500998, 0.23435635216858075, 0.2236006995258124, 0.2228284552693367, 0.22592362567134525, 0.21733830869197845, 0.21213811927515527, 0.2206313668385796, 0.2175407231501911, 0.21027921269769254, 0.208575207254161, 0.20783531568620517, 0.20300291316664737, 0.2027074270274328, 0.20334738298602725, 0.20194103633580002, 0.20038124692180884, 0.19626166606726853, 0.19709058041157929, 0.1989598147895025, 0.19899584320576294, 0.19523387434689896, 0.1984017300217048, 0.19530794931494672, 0.19174029840075452, 0.20236435597357544, 0.19293728729952936, 0.19605973686860956], "train_ious": [0.43761250147245073, 0.4846189310369282, 0.5062213160259571, 0.5184748146574997, 0.5305485059169756, 0.5362814296630846, 0.5432673146867233, 0.5507547138933687, 0.5535584286773119, 0.5581686823372392, 0.5642098759881394, 0.5662279357404811, 0.5707343287118103, 0.573617405190632, 0.5776129149548384, 0.5800380890352137, 0.579193103302648, 0.5830596154690653, 0.5844953302563964, 0.5889577623186766, 0.5917871711046799, 0.591238203094058, 0.592723200880531, 0.5944684418863145, 0.5984560305225672, 0.6007367433521196, 0.5998311420713645, 0.603601992562197, 0.6027009418045265, 0.6071552288165125], "val_ious": [0.4616162100995796, 0.4902859050510586, 0.509994241098563, 0.5145405394875485, 0.5385548512356868, 0.534417323012283, 0.5364443957805632, 0.542821094609689, 0.5576010409040727, 0.546757889830548, 0.5549629702084308, 0.5594575778729673, 0.5645990024010341, 0.563786810722904, 0.574628203459408, 0.5762408878924191, 0.5762169436700102, 0.5766925893831943, 0.5818586062262023, 0.5833690142717913, 0.5858994085287703, 0.5761320556419482, 0.5853045312822729, 0.5886154364848484, 0.5845044311405955, 0.5887126777914988, 0.5924182728580807, 0.5784958378560302, 0.5891986102729604, 0.5815580439740334], "training_time": 627.5826318264008, "avg_gradient": 0.0038816960550562495, "memory_usage": 1065.81640625}