{"train_losses": [0.2788529345846694, 0.2535524800743746, 0.24174161895137766, 0.23470497827814973, 0.22987186989706496, 0.22384216191004153, 0.22095272941109928, 0.21690083497568316, 0.2147184210303037, 0.21189368880637313, 0.20902494422119597, 0.20583530960847501, 0.2054050677334485, 0.20224683853271214, 0.20159399420346902, 0.19980645665655966, 0.198839304725761, 0.19601908050801442, 0.19457274124674176, 0.19292092282810938, 0.19237287496419056, 0.19209342603774174, 0.18979343132156393, 0.1894534358187862, 0.18914128791378892, 0.18830000317615012, 0.1857126207779283, 0.1869942480293305, 0.18330863701260608, 0.18228724793247555, 0.18230729542024757], "val_losses": [0.2597901688321777, 0.26880161529001984, 0.23834313776182092, 0.2313286872661632, 0.22860325710928958, 0.22281112068373224, 0.22540474132351254, 0.2236563806300578, 0.21358097409424576, 0.20650282761325006, 0.20541392072387363, 0.20819770382798236, 0.2037655617231908, 0.2068000967087953, 0.1993044323247412, 0.20245682253785754, 0.2017447177482688, 0.2008722725769748, 0.19377921845601953, 0.1956934731291688, 0.19436454449010931, 0.1940072480103244, 0.19624820319206818, 0.19801217997851578, 0.19297679027785425, 0.19465266265299008, 0.19034595010073288, 0.19196428196585696, 0.19384202101956244, 0.19778556862603064, 0.19634556608355563], "train_ious": [0.44153591644936724, 0.4835513585611532, 0.5044363471746875, 0.5167476546721181, 0.5259767098865217, 0.5357363449166648, 0.5396681477086268, 0.5482546086220635, 0.5519113278799299, 0.5566510289799474, 0.5621829313104569, 0.5673517482220266, 0.5683953567151575, 0.5737832684771739, 0.5748808709499628, 0.5776748415892539, 0.5803286870536598, 0.5856199319055978, 0.5877546965535999, 0.5905172897745732, 0.5914553236486257, 0.5917435506007809, 0.5958734887881555, 0.5964998219000255, 0.5974772644323713, 0.5989439872943838, 0.6027924128524638, 0.6009851447913954, 0.6066219443320365, 0.6089039968623631, 0.6093727979215159], "val_ious": [0.47284132112627436, 0.46759792233722797, 0.5154057663419973, 0.5234249988975732, 0.524002361772717, 0.5424863551405893, 0.5324323515313261, 0.5379838036454242, 0.5537562037723652, 0.565787586397019, 0.5663960226204083, 0.560298949048139, 0.5645668706384257, 0.5659852525678233, 0.5796047922061838, 0.5720837283609569, 0.5658741958331371, 0.5732168460237805, 0.5881727575391962, 0.5798896849155425, 0.5849640591852906, 0.5904517592727272, 0.5855634238408959, 0.5823867634154748, 0.5894384617390841, 0.5876885818830435, 0.5960903839356656, 0.5913752792538078, 0.5926644877679107, 0.5856242443340411, 0.5822664344872253], "training_time": 644.1561152935028, "avg_gradient": 0.006357012633041211, "memory_usage": 1065.81640625}