{"train_losses": [0.27929940844035667, 0.25477210221731145, 0.2421799700545228, 0.23259714626423691, 0.2280880961081256, 0.22162930108606815, 0.2175096253985944, 0.2145129556403212, 0.21200840183250283, 0.20892816020742708, 0.20727087387248225, 0.20423443631633467, 0.202152861930106, 0.20044354219799457, 0.19974352054945801, 0.1975560385895812, 0.19662597289551859, 0.19461058250263982, 0.19354025298810523, 0.19213715236148107, 0.18994724928684856, 0.189612731013609], "val_losses": [0.2728073784838552, 0.24995754011299298, 0.24292664424232815, 0.24083778132563052, 0.22834516381439957, 0.22256523694681085, 0.2179347302602685, 0.21597087383270264, 0.21873470363409622, 0.21988830812599347, 0.2312528584962306, 0.20578428519808728, 0.20557454746702444, 0.2037650139435478, 0.20311218694500302, 0.20128578433524008, 0.2014914806122365, 0.203559259681598, 0.20049782550853232, 0.19874657398980597, 0.20195562360079392, 0.2117357215155726], "train_ious": [0.4379045864081252, 0.4800491294405165, 0.5032026255368325, 0.5192541724637801, 0.5279446242080218, 0.5385417462852987, 0.5451518917807202, 0.5501357580710582, 0.5555614098042682, 0.56033702324266, 0.5638338447804903, 0.5685384855538175, 0.5728074103269885, 0.5750887331323349, 0.5773963086523011, 0.5810316377791801, 0.5830359960487784, 0.5859228531303612, 0.5885923233801039, 0.5901417196120903, 0.5946998824567896, 0.5949203788802243], "val_ious": [0.45593784684720257, 0.48727138102918427, 0.5045465196388357, 0.5133079315225284, 0.5320525493310845, 0.5365666211515233, 0.5464984630976899, 0.5486152880433676, 0.5483036086611124, 0.5476149383230483, 0.5169843554064847, 0.5675694571025129, 0.5642990205382956, 0.5714137426752974, 0.5740076761314834, 0.5771305938993676, 0.5787006517251332, 0.5775728836871575, 0.5784843134275383, 0.5798759391342384, 0.573135129135588, 0.5664945927219116], "training_time": 458.91614151000977, "avg_gradient": 0.004127504845028672, "memory_usage": 1065.81640625}