{"train_losses": [0.27809493308481964, 0.2524547585002754, 0.2420268054727627, 0.23220188850941864, 0.22696476964199025, 0.22202948707601297, 0.21774537035304567, 0.21376234244393266, 0.210608072012015, 0.20844280452507993, 0.20655943040290606, 0.20409083414984786, 0.20256412579961444, 0.20000500061913676, 0.1980235409801421, 0.19793389859082905, 0.19639057860426282, 0.19529062987345716, 0.1924965591372355, 0.19399372447767985, 0.19151712662499884, 0.18999846384901067, 0.19021328400982462, 0.18855800180007581, 0.18702681735157967, 0.18515134092582308, 0.1837583852364965, 0.18367852537852267, 0.18351663389931555], "val_losses": [0.2842778265476227, 0.24778512120246887, 0.23715397845143857, 0.2484511402638062, 0.2253347343724707, 0.22316693255434866, 0.21918932316095932, 0.21621677992136581, 0.209114171564579, 0.20648613636908325, 0.20953613130942636, 0.20858574010755704, 0.21513527178246042, 0.201191583081432, 0.2004769616152929, 0.20090448953535245, 0.20318579317434973, 0.2015673968455066, 0.19895087636035422, 0.1970760861168737, 0.19981945403244183, 0.20043305728746497, 0.1983403408009073, 0.19399616932091507, 0.19397236503984616, 0.19506345203389291, 0.1944266667832499, 0.19238554945458536, 0.2003157751067825], "train_ious": [0.44076474359178025, 0.484699218304477, 0.5041546067357926, 0.520156328849818, 0.5294626221816611, 0.5377998065635345, 0.5458450662647034, 0.5524751037305248, 0.5573363726067803, 0.5621727879658559, 0.5651271978690137, 0.5694398773105245, 0.5722044695546661, 0.5763728348673256, 0.5801038268035738, 0.5807154539810577, 0.583186843472978, 0.5851553000941656, 0.5892174521974034, 0.5873039050594623, 0.5922006269296007, 0.5949363493617033, 0.5932946946417939, 0.5971105062011357, 0.599648637130209, 0.6026216911125007, 0.605574001652607, 0.6054479275168714, 0.6054081128559252], "val_ious": [0.4461473911136821, 0.48172385688277247, 0.5088476197443146, 0.49646583933761157, 0.5307181303699811, 0.5381915221611658, 0.5478988138661868, 0.5462303579501484, 0.5645837943623033, 0.5677158322887145, 0.5523673952489659, 0.564459757744402, 0.5419098686264908, 0.5750149270330651, 0.574725981855738, 0.5758366781300392, 0.5674959576648216, 0.5702295370291974, 0.578954821911411, 0.58244859178861, 0.5807725208393039, 0.5801114770381346, 0.580091489397961, 0.5865291240422621, 0.5908940646095552, 0.5873919271904489, 0.5923712676849918, 0.5916878317577252, 0.5765444178512132], "training_time": 603.8188514709473, "avg_gradient": 0.0056948079727390894, "memory_usage": 1065.81640625}