{"train_losses": [0.28110061334850994, 0.25659576957316504, 0.24330044302927412, 0.2345311911371739, 0.22897792882893397, 0.22451610547368941, 0.21935250124205713, 0.21623024393035017, 0.21319760098729446, 0.21016716260624968, 0.20677059394833835, 0.20537505177376064, 0.20420844051177087, 0.20239022560417652, 0.200466798780405, 0.19970268739954286, 0.19799554412779602, 0.1956873952370623, 0.19376253733492416, 0.19443188478117404, 0.1915504570402529, 0.19242829967128194, 0.19006285095668357, 0.18942849896848202, 0.18788453782706158, 0.18593066290992757, 0.18723662286672904, 0.18449817006678684, 0.18392469191356844, 0.18300669988536317, 0.18187753783295985, 0.181774132763562, 0.18299569877917352, 0.18078554041035796, 0.18013461314789628, 0.1772478196931922, 0.17713563144207, 0.17892568955278915, 0.17891005151297734], "val_losses": [0.27518393293670984, 0.25069379871306213, 0.25978216042985086, 0.2327210501484249, 0.23209464873956598, 0.22843565694663837, 0.24609356179185535, 0.22414309984963873, 0.21367650479078293, 0.20823584529368774, 0.21062033882607584, 0.20915028323297916, 0.21120070082985837, 0.20410632115343344, 0.2104554286469584, 0.2048411625234977, 0.19995316085608109, 0.19930014370576196, 0.19756471527659375, 0.1985198084426963, 0.19756138972614123, 0.198661170899868, 0.19532856669114984, 0.1961894735046055, 0.19654072918321774, 0.19635869627413544, 0.1963434433159621, 0.19404009988774423, 0.19283505593952927, 0.1943322449274685, 0.1997567871990411, 0.19771779717310614, 0.19362601249114328, 0.1906144790675329, 0.1933240317132162, 0.19179196234630502, 0.19342471853546475, 0.1943041782664216, 0.1926983011805493], "train_ious": [0.4377138797139778, 0.4766211558295333, 0.5009865707083458, 0.5165018378284532, 0.5275385140886772, 0.5340018721054429, 0.5429525531396486, 0.5481861568717421, 0.55379467530419, 0.5587167061757353, 0.5652553441839807, 0.5675528056487658, 0.5691655628599122, 0.5730183958683327, 0.5760212944469589, 0.577771167554285, 0.5793265828835789, 0.5837929324935317, 0.5879963806465919, 0.5868260634766108, 0.5920448165548884, 0.5900802841760976, 0.5945491352375002, 0.5953784418710764, 0.5979930906408074, 0.6012031255640847, 0.599873383300028, 0.6044029525440672, 0.6055193596883958, 0.6067370182794073, 0.608508639793465, 0.6082101360611294, 0.6076279991994736, 0.6107455224230668, 0.6117532577743564, 0.6172836882372696, 0.6170636290765327, 0.6140282974726915, 0.6142185980966989], "val_ious": [0.4418507586570753, 0.48684095299762226, 0.4710970422711925, 0.5224536954276804, 0.5212091113562171, 0.5311741684226022, 0.4956304884475212, 0.5356113038201261, 0.5568321161512014, 0.5616504914950633, 0.5508246700400891, 0.5633741038433019, 0.5547140562447946, 0.5737779593986013, 0.5610262896271719, 0.5733231452928074, 0.5831288913453835, 0.5811630791944006, 0.5839677841767021, 0.5804220267396041, 0.5830511258564134, 0.5846687082363212, 0.5895441187464673, 0.5876895953779634, 0.590336141594942, 0.5874265846998795, 0.5890199293692908, 0.5861375871775807, 0.5958727375752685, 0.5852320138095083, 0.5849874289571373, 0.5850829803857249, 0.593503305013629, 0.596172780662343, 0.5911583148914834, 0.5957759869271432, 0.5932441049295926, 0.5906806458597597, 0.5944087982609652], "training_time": 811.3540918827057, "avg_gradient": 0.0025938811707197874, "memory_usage": 1065.81640625}