{"train_losses": [0.2734571654835473, 0.2515861068892738, 0.2399698293403439, 0.23197333036881426, 0.2267827324407256, 0.2201392072374406, 0.21644342140011166, 0.21274652153901433, 0.20976848017586314, 0.20855484303572905, 0.208012821962652, 0.2042748559590267, 0.20252895274240038, 0.1993825222649004, 0.19790336319609828, 0.19590713788309824, 0.19448702288386616, 0.19369695351823515, 0.19254671369233858, 0.1915974827564281, 0.1899165481166995, 0.188592493372119, 0.18965141693858997, 0.18747410429236683, 0.18787483636127866, 0.18572980837653513, 0.18473336132972137, 0.1834101050120333, 0.18261789692484814, 0.18261238398111385, 0.18164983456549438, 0.18014454979287542, 0.17894755927440914, 0.17855191165986267, 0.17866415546640105, 0.17931086432350718, 0.17602738770453827, 0.17492341055818225, 0.1745400782674551, 0.1758746156549972, 0.17313040760548218, 0.17194308040906553, 0.17162950628477594, 0.17283846300257288], "val_losses": [0.2703988296182259, 0.2593457919100057, 0.25299161121897074, 0.2325654651807702, 0.22958035572715427, 0.22784933318262515, 0.2193887230494748, 0.21570075076559317, 0.21192144958869272, 0.22989171225091684, 0.22277310069488443, 0.20879620734764182, 0.2150389749718749, 0.21107769595540088, 0.20776256854119507, 0.20541593853546225, 0.21195023020972376, 0.2074832239228746, 0.20573283213636148, 0.20910144856442575, 0.2063376543962437, 0.20409440670324408, 0.2006820987748063, 0.19616944893546726, 0.2012249011060466, 0.19967882011247717, 0.19835812274528586, 0.19614628313676172, 0.19973152228023694, 0.20431112821983255, 0.19771206864844199, 0.1981780791412229, 0.19590581953525543, 0.19626939199540927, 0.19538310494111932, 0.19410626719827237, 0.1944721159727677, 0.19249755856783493, 0.19431541665740634, 0.19174905866384506, 0.1927992419704147, 0.19475231546422708, 0.19342890932508136, 0.19970406105984811], "train_ious": [0.4479376941784774, 0.48680246486395995, 0.5070447098949684, 0.521015880494446, 0.529873864374299, 0.5419262154162794, 0.5482112202469424, 0.5541502797193287, 0.5599962419465829, 0.5616426315644514, 0.5624702258062535, 0.5687069304935308, 0.5723484565058482, 0.5773811150828134, 0.5804784245573092, 0.583198945051518, 0.5864547128802623, 0.5873520847247992, 0.5891891700094163, 0.5912070291629736, 0.5943465621035168, 0.5972683770933014, 0.5947061340338078, 0.5988081703907339, 0.5983440892743892, 0.6013639219969078, 0.6039235480669616, 0.6055347593366236, 0.6072969725490482, 0.6073351818798247, 0.6092314705576586, 0.6113418505891509, 0.6131081305768177, 0.6141593069162057, 0.6138926358974502, 0.6134064824360871, 0.6185044927009634, 0.6202953554473926, 0.621451946866253, 0.6192977452731653, 0.623513972575682, 0.6260767357180946, 0.6266647231211696, 0.6243687522584114], "val_ious": [0.43663076332945744, 0.4755672395661258, 0.49172869087129395, 0.52247791553753, 0.5300120096923648, 0.5334375830016274, 0.543961738222751, 0.5489714740627054, 0.5553393964318262, 0.5256946391385534, 0.5386178542090498, 0.5592210502296254, 0.5540677099556164, 0.5581214890099955, 0.5647529793390328, 0.5676821697017421, 0.5587742864221766, 0.5730900989062543, 0.5700897418934366, 0.5679585497448411, 0.5674831411544826, 0.5757916073004405, 0.5776800575895588, 0.5862884214822798, 0.5800733805998511, 0.5788335780734598, 0.5831575002791225, 0.5885753743890403, 0.586544093662414, 0.5762811149807944, 0.5833303200593892, 0.5877503199853759, 0.5892925307802532, 0.5876865343771117, 0.5938123103933058, 0.59537118025448, 0.592300500774729, 0.5980205317770225, 0.5947891929443332, 0.5993631274803828, 0.5983667861724244, 0.5932209467974262, 0.598429271924323, 0.5873379057300264], "training_time": 919.1570403575897, "avg_gradient": 0.004084339956212913, "memory_usage": 1065.81640625}