{"train_losses": [0.2783463850779378, 0.2541609837309174, 0.24214935254143632, 0.2332544271712718, 0.22685191513079664, 0.22289092660598134, 0.21846311150685602, 0.2146189299452564, 0.21178082052780234, 0.21017515999467476, 0.2066034890063431, 0.20447474993441417, 0.20280608891145044, 0.2016570547838574, 0.20108341279885042, 0.20064339632897274, 0.19720213997947134, 0.19566634111106396, 0.19457147618674714, 0.1928705107420683, 0.1908543364185354, 0.1913343366721402, 0.19171380446009015, 0.1890929954369431], "val_losses": [0.257085369332977, 0.24346316767775494, 0.23622981815234476, 0.23136425633793292, 0.2175629488799883, 0.21788681590038797, 0.21490419429281485, 0.21191792287256406, 0.21117364971534067, 0.2093224476860917, 0.2082265097161998, 0.20233252968477167, 0.2041487988570462, 0.19973426247420517, 0.2016561539924663, 0.20305207306924072, 0.2013375733209693, 0.20037613290807474, 0.19470601204944693, 0.19507917049138443, 0.1928726036263549, 0.19692113444856976, 0.1949332842360372, 0.20738614480132642], "train_ious": [0.43958481147453415, 0.48138570585760515, 0.5038545141671446, 0.5186152274355942, 0.52932268915617, 0.5366335607309274, 0.5445420791435502, 0.5510252110012203, 0.5557150243093139, 0.5590853751029659, 0.565384616346463, 0.5681026136313663, 0.5719535319215576, 0.5733049187431299, 0.5752010358956413, 0.5761417486853356, 0.5822023030748401, 0.5845574443431004, 0.5864856011517671, 0.589645495287318, 0.5931110740031886, 0.5918449303810148, 0.5911467245955396, 0.5955518475477246], "val_ious": [0.47527707173772465, 0.5013200775652692, 0.5160349611786829, 0.5307835951663444, 0.5419579029515169, 0.546353962758313, 0.5530212303434593, 0.557976448017618, 0.5563263171824855, 0.5569550632566646, 0.5612715178209802, 0.5758532436861509, 0.5667249556036963, 0.5738128004730612, 0.5718816752019136, 0.5735848088195358, 0.5758221499297931, 0.5769762353620668, 0.58445459474688, 0.5887297836766726, 0.5890508494947269, 0.5785204342741896, 0.5864707201287366, 0.5612873938204587], "training_time": 501.7231070995331, "avg_gradient": 0.003425723599635011, "memory_usage": 1065.81640625}