{"train_losses": [0.28423840131448663, 0.2577810537717912, 0.2443638328138901, 0.23496496604512568, 0.2274497649429933, 0.22490354513992433, 0.2178921321325976, 0.21465220966416856, 0.21284070230372573, 0.20902615607432698, 0.20685673561757026, 0.2054566094732803, 0.20391842075016187, 0.2015258430948724, 0.19927058935813283, 0.19698776158949602, 0.19626403486599092, 0.19583885744214058, 0.19541783039660557, 0.19154520357108634, 0.19135294004302958, 0.19121788992829944, 0.18865005250858224, 0.18766293067323125, 0.18734747527734094, 0.18549958276359932, 0.18624565045794714, 0.18663959642467293, 0.18348209802871165, 0.18358512975923394, 0.1820720127257316, 0.18076460938090863, 0.18064133895804052, 0.1806437828294609, 0.1774258543939694, 0.17929990443846452, 0.17748703734706278, 0.1777510034001392, 0.1764704296770303, 0.1744681757915279, 0.1762974421777155, 0.1741939910242091], "val_losses": [0.27136610739904904, 0.2545799936937249, 0.23828944920197778, 0.24180136718179868, 0.2549187673822693, 0.23193739775730216, 0.22118385622034903, 0.2198931182856145, 0.2226424583274385, 0.2291613664963971, 0.20735112253738486, 0.2098084697904794, 0.2098542238059251, 0.20491369878468307, 0.20182581440262173, 0.2031418094816415, 0.20657957474822583, 0.20726004696410635, 0.20310569522173508, 0.20189196681198868, 0.20232460485852283, 0.19864755188641342, 0.19777419612459515, 0.19516070932149887, 0.19773300996293192, 0.19782143993222195, 0.19852983141722885, 0.19666314578574637, 0.19338953106299692, 0.1941613678051078, 0.19472228638503863, 0.189918232028899, 0.19379726246647214, 0.19225700491148492, 0.19125245155199713, 0.19512348298145377, 0.19260974357957425, 0.19059039879104364, 0.19004572150499924, 0.1915978491306305, 0.19099458825329077, 0.1921068640506786], "train_ious": [0.4353425417540837, 0.47623998250650323, 0.49943808325822814, 0.5155144534411208, 0.5283411279914605, 0.5328749018194886, 0.5449680529696789, 0.5512273229280676, 0.5546989391517382, 0.5614574071343824, 0.5641926562656523, 0.5680075691122078, 0.5700133697710176, 0.5745785913929559, 0.5789087752987079, 0.5830917534944803, 0.5833073917614379, 0.58453084382674, 0.5859551470780717, 0.5918016561671443, 0.592643291459999, 0.5933177109429797, 0.597313207668671, 0.5990449688464833, 0.6003410474977633, 0.6026835265582886, 0.6015545770633909, 0.601747041919093, 0.6061516382016131, 0.605992307535548, 0.608759850695513, 0.6114203824621177, 0.6111653228492843, 0.6112385729084844, 0.616359595533298, 0.6141559574483095, 0.6165686718903587, 0.6159949907898037, 0.6185029999933385, 0.6219874145868033, 0.6198038775203888, 0.6224321819086004], "val_ious": [0.4549458007449688, 0.48415323746377126, 0.5110020036066789, 0.49778216073046566, 0.4960479032302249, 0.5206324616852015, 0.5348973968538685, 0.541811270882254, 0.5435887844018314, 0.5319817833926366, 0.5614715058734451, 0.5627327239599781, 0.5625498823929524, 0.5688405797101449, 0.5720157882441645, 0.5691268473215727, 0.5593368084966275, 0.5655650325875353, 0.5706473521996236, 0.5761581911988881, 0.5747154899265455, 0.5819955383953842, 0.5863078286250432, 0.5859380826569985, 0.5845938495535782, 0.5824312863574511, 0.5878108754970026, 0.5836417800274447, 0.5882046658923661, 0.5892845755038053, 0.5906389366457429, 0.5967346749443939, 0.5928456005842789, 0.5952514239411423, 0.5958162695169449, 0.5894256916598998, 0.5897839447294457, 0.5981677297664725, 0.5973055833491727, 0.5993479032447373, 0.5997795179702232, 0.5931257512690365], "training_time": 874.9927518367767, "avg_gradient": 0.004636631258053436, "memory_usage": 1065.81640625}