{"train_losses": [0.2821678283583859, 0.25641352181201393, 0.24578942812007407, 0.23720686777454356, 0.2302340409192054, 0.22562390727841336, 0.2208488507439261, 0.21565550590014976, 0.21313437811382438, 0.21085045559574728, 0.2090973714771478, 0.20475276972612608, 0.20226317976156008, 0.20129161765394005, 0.1996435998412578, 0.19829385185047335, 0.19714650123015695, 0.19453158375361693, 0.19395412180734717, 0.19442150021052879, 0.19172809831798077, 0.18967247762433861, 0.19049829625241135, 0.1880473869488291, 0.1877542892066033, 0.18763258146203082, 0.18634960759917032, 0.18580195639768374, 0.18418543081244695, 0.18441365610646165], "val_losses": [0.28679152999235236, 0.2552040378036706, 0.2457168432681457, 0.24067583744940552, 0.23149412643650305, 0.22133812178736148, 0.23074383936498477, 0.22603600342636523, 0.2139500224072, 0.22150447640729987, 0.2194827513202377, 0.21349602710941565, 0.20588753080886343, 0.20654174069995465, 0.20500186701183734, 0.21000598176665927, 0.20369571965673697, 0.20254865353522095, 0.20522110228953155, 0.20010654984608942, 0.20053742599228155, 0.1963956232952035, 0.19722743915474933, 0.19499802589416504, 0.19736229271992392, 0.19556757321824197, 0.19604453444480896, 0.19711077180893524, 0.20111391628565994, 0.21202537061079688], "train_ious": [0.43516051208775886, 0.47814256800473587, 0.49805038697693665, 0.5136939872704126, 0.5247190513958533, 0.5329734472746868, 0.540681181691479, 0.5499620698122444, 0.5543520109377045, 0.5587032947527326, 0.5623062711910926, 0.5691681468616361, 0.573765813872434, 0.575607930674501, 0.5780192727250033, 0.5806748327137768, 0.5828460959744632, 0.5878408276408481, 0.5886683259429274, 0.5869747648636501, 0.5926249906744646, 0.5961128545088179, 0.5949945726256441, 0.5987988947958188, 0.5995707102119924, 0.6001099595341127, 0.602378398180008, 0.6027892015442471, 0.6051319956347565, 0.6048585781692595], "val_ious": [0.4367401739177495, 0.4864878230120825, 0.502098584520644, 0.5099152180811632, 0.5198515777786572, 0.5361354155600933, 0.5331497203180756, 0.5209020994927573, 0.5507719281358995, 0.5253377537364546, 0.5485150722273883, 0.5539681463353875, 0.5644639037225558, 0.5611115262128304, 0.5657700969689136, 0.5634115534848061, 0.5729496680955958, 0.5742577152407689, 0.5698206495979558, 0.5810438339477, 0.5790761761043381, 0.5844800497094791, 0.5831738653174344, 0.5845833283619604, 0.5836990527484727, 0.5839729807946992, 0.5851951860215353, 0.5842325097840766, 0.5740184078829876, 0.5537331491924714], "training_time": 625.6366069316864, "avg_gradient": 0.004817028222726587, "memory_usage": 1065.81640625}