{"train_losses": [0.28070491722420504, 0.25593896517935005, 0.2436376476417417, 0.23319424729308355, 0.2281929939661337, 0.22238419107768848, 0.21915875278089358, 0.21663078876293224, 0.21257966416685478, 0.20969797525068987, 0.20868521612947402, 0.20457270320342935, 0.20439279654427714, 0.20205808698159197, 0.20086649732421274, 0.19926750400791998, 0.19703496077462382, 0.19497211674309295, 0.19514567437379257, 0.19321665127316248, 0.19338602475498035, 0.19087140035370123, 0.19073161005002, 0.1885052456965913, 0.18828719271265942, 0.18678334484929623, 0.1863621370461972, 0.18601217793057795], "val_losses": [0.2692058792580729, 0.24804811017668765, 0.24121716650931732, 0.22879800135674683, 0.2191298124582871, 0.21914104760988898, 0.2157942322285279, 0.21792069239460904, 0.21141133522209915, 0.2031400135677794, 0.2186516254492428, 0.2009345286566278, 0.2017666529054227, 0.20432553569907727, 0.19947792006575543, 0.20116495826969977, 0.19779704802710077, 0.19429483621016794, 0.1992067416077075, 0.19430264992558438, 0.19525773240172345, 0.19502953148406485, 0.19340065056863037, 0.19901420661936636, 0.19375576597193014, 0.19196849769872168, 0.18951774518127026, 0.19480247277280557], "train_ious": [0.4391196071224261, 0.4786715363354784, 0.5004448097037231, 0.5182826215590255, 0.5272058119214529, 0.5386875353321647, 0.545081436148156, 0.5484507114666957, 0.5550156107469314, 0.5611399357625538, 0.5625354661133843, 0.5696767328334026, 0.5705512444070284, 0.5744202259010164, 0.5762418865941575, 0.579217394247003, 0.5826433804156123, 0.5869987267406956, 0.5861262777361318, 0.5899581232148667, 0.5897952562764935, 0.5942435267826782, 0.5937255430372729, 0.5988683051605154, 0.5985371692888977, 0.6012890453355899, 0.6020869360021924, 0.6018958817357599], "val_ious": [0.4716807732331581, 0.4934885020273319, 0.5037492457507312, 0.5259311328763546, 0.536757454060126, 0.5410569060755812, 0.5440484981821931, 0.5461965702150179, 0.5547439715136652, 0.5727118750413258, 0.5489526436380718, 0.5768279113631319, 0.5691836757072506, 0.5605168146067773, 0.5750202532263772, 0.5732296953598658, 0.5824486954488615, 0.5882099622833556, 0.5827490518922389, 0.5869239424017891, 0.5855926428584084, 0.5865988079188525, 0.5883208301620207, 0.5821682193141055, 0.5887572784786638, 0.5882247824599776, 0.5972899179095809, 0.5808148306349051], "training_time": 582.4080080986023, "avg_gradient": 0.009875053077176716, "memory_usage": 1065.81640625}