{"train_losses": [0.2729061213524445, 0.248011594719213, 0.23648209626907887, 0.23101128087095593, 0.22316597782723283, 0.21927091438809168, 0.21682494619618292, 0.21276121918597948, 0.21108789183199406, 0.2080311146767243, 0.20436815196729224, 0.20327554205837456, 0.2015501421916744, 0.1993193338908579, 0.1968117212957662, 0.19562939894588097, 0.19468113763824754, 0.19341384003991666, 0.19284060694601224, 0.18970242353237193, 0.18912595324218273, 0.1880028770993585, 0.18828568502288798, 0.18702251998626668], "val_losses": [0.2642512016970178, 0.24651029349669165, 0.23928114869024442, 0.2334236914049024, 0.22711658704540003, 0.22501247894504797, 0.22233779210111368, 0.21970567528320395, 0.21907215856987497, 0.21326417281575824, 0.2123376600768255, 0.21293151346237763, 0.21050452019857324, 0.20594162493944168, 0.20504530130521112, 0.20260328410760217, 0.2010543106690697, 0.2037326346920884, 0.20510320851336356, 0.20399214359729187, 0.19914151857728543, 0.20420143234988916, 0.20167376003835513, 0.2072652500608693], "train_ious": [0.45118811584172275, 0.49313531764715474, 0.5139088863641887, 0.5218565565250493, 0.5362123074414938, 0.542778989489096, 0.5471431360566527, 0.5541166933658327, 0.5574486611977866, 0.562620628517175, 0.5688795134209205, 0.5711858629424504, 0.573945867680553, 0.5782563094913529, 0.582211082018372, 0.5844412188491096, 0.5854279477743135, 0.5885993183954897, 0.5899295599564265, 0.5951659035855447, 0.596334879758997, 0.5981073189472802, 0.5976396204120867, 0.6002337535222366], "val_ious": [0.4629655290341032, 0.49588099381198053, 0.5098047779090162, 0.5160508153663167, 0.5306886228314346, 0.5385604157395987, 0.5407050310269647, 0.5342446404738703, 0.5477332408013551, 0.5506301806240842, 0.5552738857442056, 0.5565300233986065, 0.5628298043772794, 0.5655271255451699, 0.5677210001841836, 0.5753187794184338, 0.5755544371794963, 0.5707359821468161, 0.5733228399269822, 0.5770645396433015, 0.5783836098684779, 0.5753586141095643, 0.5773126431133435, 0.5650035177451977], "training_time": 501.59802174568176, "avg_gradient": 0.0036365552673402355, "memory_usage": 1065.81640625}