{"train_losses": [0.2784270667673453, 0.253313923659532, 0.24087055602475352, 0.23265453282257784, 0.22716322832781335, 0.22302689314212487, 0.21800339003296001, 0.21501660695218522, 0.21229278741647367, 0.20918144690601723, 0.2083402372410764, 0.20513926300665605, 0.2035444002274586, 0.20309966000849786, 0.19983562980980976, 0.19859122403937837, 0.19750515468742535, 0.19584733523104503, 0.1952984416452439, 0.19384436487503673, 0.19238811318317187, 0.19094936144740685, 0.19020259777164977, 0.18925641809144747, 0.18847924713855205], "val_losses": [0.26435852147962735, 0.24677394038957098, 0.2338775736482247, 0.22950649553019067, 0.22510359079941458, 0.23232976573964823, 0.21698531702808713, 0.21242618755153989, 0.21225265575491864, 0.2120303116414858, 0.20853851314472116, 0.20636521474174832, 0.20745106106219086, 0.20198752633903339, 0.1996125261420789, 0.20066647102003513, 0.19706882504017456, 0.19744817685821783, 0.20296182807372964, 0.20035412259723828, 0.19561582512181738, 0.19820779950722403, 0.19516585281361704, 0.19149160709070123, 0.19755950148986734], "train_ious": [0.44084689925438275, 0.4825963935126429, 0.5046543603951952, 0.5195115103345849, 0.5289340487586849, 0.536018850578778, 0.5448946357583221, 0.5497536587164457, 0.5548897017657327, 0.5602799571942592, 0.561585674683253, 0.5666055538948032, 0.571117318842722, 0.5712577150729685, 0.5767261879383655, 0.5792325311812805, 0.5812144587221353, 0.5840401911865112, 0.5852508551400636, 0.5878239485664645, 0.5895001195047215, 0.592418202509483, 0.5945393715215764, 0.5961693931316984, 0.5972523993772006], "val_ious": [0.46969008737284207, 0.5028059890736705, 0.5212751961704614, 0.522523573667243, 0.5407924002063448, 0.530774937591691, 0.5443434425886127, 0.5537510324215542, 0.5538724015156429, 0.5602582066819287, 0.5693698188532954, 0.5680534215509027, 0.569155837962593, 0.5731658153775809, 0.5804706598105639, 0.5761435059965521, 0.5835210983304012, 0.5829671951739684, 0.5716345439786497, 0.5770369649365328, 0.5870864160250928, 0.5831299536470054, 0.5876492419536564, 0.592949952552284, 0.5763864737489948], "training_time": 520.7128129005432, "avg_gradient": 0.004811371344158828, "memory_usage": 1065.81640625}