{"train_losses": [0.2806134440166795, 0.25603174207651097, 0.2440988863615886, 0.23737387237665447, 0.23069492516958195, 0.22602634423452875, 0.22115809097886086, 0.21823982886322166, 0.21547149308025837, 0.21308924063392307, 0.21042425209737342, 0.206896279655073, 0.20627303729238716, 0.20469262369948885, 0.20278274219321168, 0.19985978078583014, 0.19871486804407576, 0.19929372381580912], "val_losses": [0.27063243771376816, 0.24705258044211761, 0.2544392460714216, 0.23767644879610642, 0.22745315600996432, 0.22959241465381955, 0.2248040768115417, 0.21426523217688437, 0.21476077061632406, 0.21399914214144583, 0.21387385058662164, 0.21102862772734268, 0.2037802011422489, 0.2113052227574846, 0.20909059436424918, 0.21363628914822702, 0.2062004509827365, 0.21417999559122583], "train_ious": [0.4363180231842874, 0.4785872455146433, 0.5002179295904393, 0.5129652071096329, 0.5238223789070827, 0.5306174765354481, 0.5401191609115271, 0.5446472959727912, 0.5499437411680167, 0.5540876193646934, 0.5584786104551263, 0.564739380085814, 0.5661259856668935, 0.5689464931146822, 0.5726202670214829, 0.5778590498519117, 0.5796628228348234, 0.5781432341082374], "val_ious": [0.4579933960584626, 0.4994385811513748, 0.5002122489006623, 0.5227412749891694, 0.5292801860234011, 0.524184000664863, 0.5351733668990757, 0.5520744088335315, 0.5476030871488045, 0.5565614082675051, 0.5617156760848085, 0.5595800053814185, 0.5718375772669695, 0.5646050043296126, 0.5644534418116445, 0.5555844477553298, 0.5669217902249183, 0.5505655824706175], "training_time": 377.7473030090332, "avg_gradient": 0.0036779240054134223, "memory_usage": 1065.81640625}