{"train_losses": [0.27878620183986164, 0.2543190152424833, 0.24231758891888286, 0.23287176178849261, 0.2266066546511391, 0.22183309292987638, 0.2186029613341974, 0.21341689117252827, 0.21031547920859378, 0.208772590059949, 0.20605349362544392, 0.2043794655929441, 0.20336609309458215, 0.19966537286729916, 0.19804994826731476, 0.19652772071244923, 0.1957124751061201, 0.1952021344686332, 0.1928898624913848, 0.1915957700137211, 0.1902872570182966, 0.18996684350397275, 0.18921501424325549, 0.18733736014236574, 0.18601741609366043, 0.1864352069147255, 0.18588113339374895], "val_losses": [0.2782645993258642, 0.2456368441167085, 0.24547023779672125, 0.2303593573362931, 0.22609291808760684, 0.2150103621508764, 0.22552014757757602, 0.21003987316204153, 0.21653130682914154, 0.20376629414765732, 0.204081903009311, 0.20547793449267096, 0.20427735085072724, 0.20280953140362448, 0.20287501714799716, 0.19990415644386542, 0.19654658015655435, 0.19855674615372781, 0.19812266949726187, 0.1962553366370823, 0.20320701339970465, 0.19703265085168506, 0.20006780293972595, 0.19138023548800012, 0.19498831778764725, 0.19620126485824585, 0.19752468654642935], "train_ious": [0.4402407026998157, 0.4811526540990753, 0.5037846980427485, 0.5192400268076556, 0.5303379322901581, 0.538406439125538, 0.5440646972831178, 0.5529735884966626, 0.5587567501849889, 0.5616247723607917, 0.5662689140957338, 0.5695162974298001, 0.5703647884985675, 0.5773772765220937, 0.5806834015293401, 0.5825661997432295, 0.5846915940983572, 0.5859846717853474, 0.590078744227472, 0.5923495528598628, 0.5945139177467513, 0.5950193477497585, 0.5961823497453462, 0.5993326774973797, 0.6017902634929923, 0.6009901486661121, 0.6020871411091179], "val_ious": [0.43602145376844703, 0.4966459844423375, 0.4973216590242109, 0.5230821215588114, 0.5312123873095582, 0.5504004791163016, 0.5400737566144571, 0.5566987173928731, 0.55470134490642, 0.5672548169243162, 0.5693408730237381, 0.5745203421599624, 0.5713075462026872, 0.5744739624037258, 0.5717207085395204, 0.5772405255963838, 0.5888083596592364, 0.5734050193990486, 0.5768783949855445, 0.5880903839201166, 0.5727349431186484, 0.5866553191689479, 0.5852510678595391, 0.593294394189033, 0.5898744692836982, 0.5899544103422028, 0.5798109586256138], "training_time": 563.591881275177, "avg_gradient": 0.0037009377486671912, "memory_usage": 1065.81640625}