{"train_losses": [0.27654038272474124, 0.2538252544143926, 0.24053982305138008, 0.2303013131832299, 0.22407695100359296, 0.21987157962892367, 0.2144912874083156, 0.21224563617421233, 0.21070575900375843, 0.20623121119063834, 0.20491272364945515, 0.2025924467522165, 0.20130127125784106, 0.20059664110126701, 0.198946009511533, 0.19679880409461, 0.19570598297792932, 0.1939657392061275, 0.19213984202107656, 0.1915372647345066, 0.18975429730894772, 0.18882079049944878, 0.1876997020419525, 0.18693512378503446, 0.18745345298362814, 0.18475934684924458, 0.1847212268444507, 0.1843643370691849, 0.18207124385820783, 0.18271945797554826, 0.1801707897659229, 0.17952727299669516, 0.1806912170318158, 0.17883232527452966], "val_losses": [0.26178645569345227, 0.25699399087740027, 0.23989856793828632, 0.24116555018269498, 0.22762353912643765, 0.22507716261822244, 0.22363593299751697, 0.21579541784265768, 0.2176809647808904, 0.21055955958107245, 0.20427330777696942, 0.20776734112397485, 0.20514491330022397, 0.2076222744324933, 0.20952525151812512, 0.19891938178435617, 0.20178568427977356, 0.19745042045479236, 0.1995028704404831, 0.20001116135846014, 0.19609085373256518, 0.19446716392817703, 0.19701439854891403, 0.19421864786873694, 0.2001136907416841, 0.19587119441965353, 0.20098862051963806, 0.19414098981929861, 0.19631859498179477, 0.19054479670265448, 0.19197053332691608, 0.1924532658380011, 0.19279974634232727, 0.1950717147277749], "train_ious": [0.44451454816305125, 0.48233172340669483, 0.5056263735058949, 0.5229553861030634, 0.5342663297888594, 0.5414404841814783, 0.550727979428526, 0.5540483112352481, 0.5577900836217232, 0.565137067350788, 0.5681120491438154, 0.5724447943486165, 0.5735312201406646, 0.5756801038008671, 0.5786670159710491, 0.5819479526169057, 0.584196727938842, 0.5879818199445374, 0.5904531267782055, 0.5915275269012521, 0.594630703492009, 0.5959786130250366, 0.5980358040095236, 0.5996454700395684, 0.5983762251942055, 0.6033388455600845, 0.6041952401831526, 0.6039817800772365, 0.6082182367858678, 0.6069695169942968, 0.6109148816246058, 0.6125161529559153, 0.6108184333188811, 0.6139757816234355], "val_ious": [0.4611779979389647, 0.4731175177123236, 0.5021884546115779, 0.5097268667557965, 0.5304219506788942, 0.533590982357661, 0.5385200223629024, 0.5507286549478339, 0.5441344509954038, 0.5592810137980226, 0.5664661435977273, 0.5648009412098622, 0.5660144654305086, 0.5670551521622617, 0.5622884836317836, 0.5796340019374654, 0.5716238652450452, 0.5800166542547336, 0.575741167301717, 0.5816623004882231, 0.5857660509106042, 0.587155281201653, 0.5794511705205059, 0.5905071304760116, 0.5778278019549189, 0.5888663338146348, 0.5763550119987431, 0.5920710555021311, 0.5834706127643585, 0.593449414640233, 0.595487614688666, 0.5939114234153774, 0.5915613120448763, 0.5854205439488095], "training_time": 711.2416689395905, "avg_gradient": 0.006049764631793463, "memory_usage": 1065.81640625}