{"train_losses": [0.2805325412393912, 0.2553047569387633, 0.2442837704135024, 0.23565543637327527, 0.2302758843516526, 0.2233981426967227, 0.22105587144260821, 0.21805136448339277, 0.21435652397896932, 0.2104563087062991, 0.20861488888445107, 0.20728411727949328, 0.20371790610901688, 0.20336556159283803, 0.20058691979426405, 0.20009547625870808, 0.19704276938801227, 0.19578902625843234, 0.19484307333503081, 0.19345780413435854, 0.19351402500077433, 0.19162572831239388, 0.19021357093816219, 0.18945014889797437, 0.1889803028948929, 0.18595944717526436, 0.1871780822782413, 0.18480457065869932, 0.1847966544168151, 0.18322539791140868, 0.1826887619074272, 0.18203564295950142, 0.18214669815548087, 0.17890243880126788, 0.18068546955676182, 0.1797983458508616], "val_losses": [0.26390354400095734, 0.24714701817087506, 0.24350817210000494, 0.22810120265121045, 0.22910291895918225, 0.22500514368648114, 0.2196876497372337, 0.22172348201274872, 0.2186840873049653, 0.21235534743122433, 0.2174361999268117, 0.20998161836810733, 0.22311869231255158, 0.20325002333392267, 0.20277199861796005, 0.2005226323785989, 0.19601410562577454, 0.21007375516321347, 0.1988814437518949, 0.19688417082247528, 0.1976602767472682, 0.20233719374822534, 0.19267898797988892, 0.19680667053098264, 0.1939308708128722, 0.1949968030271323, 0.19281093063561813, 0.19064495809700177, 0.19009976542514304, 0.19654400225566782, 0.19159252617670142, 0.19124069615550662, 0.18988191822300787, 0.18902270398710086, 0.19099928892177084, 0.1965378425691439], "train_ious": [0.43691657256146044, 0.47922150669214536, 0.4987215854065575, 0.5139815867001164, 0.52329190828554, 0.5354846294267456, 0.5399149211420533, 0.5457385793274296, 0.5505394420276088, 0.5576723806722007, 0.5610321505346161, 0.5635566387217547, 0.5696417336230691, 0.5700563822427521, 0.5756000948772915, 0.5768938081312008, 0.5822130989391302, 0.584385254028915, 0.5856596174231476, 0.5882104378247607, 0.5886038000276986, 0.591494035785613, 0.595369986757852, 0.595073683808247, 0.5969287635407587, 0.6020102713095108, 0.5999061690940374, 0.6035796011379663, 0.6036454307428304, 0.6072719244529369, 0.6078478943934472, 0.6091645603486594, 0.608727191615364, 0.6151346951399163, 0.61210974710791, 0.6133151168300618], "val_ious": [0.46886972489132406, 0.49065872530142485, 0.5010960310481597, 0.527505772917167, 0.5278793970743816, 0.5433284171681474, 0.5474982935449351, 0.5432578035886737, 0.5479368621456452, 0.5589773566394612, 0.5529171167940332, 0.5610164660906445, 0.5450241197494493, 0.5694655529830768, 0.5773524102093518, 0.5764710335195928, 0.5848408265822175, 0.5630121211642805, 0.5762769333694291, 0.5871369955332381, 0.5813518728035083, 0.5672893556563752, 0.5906418911788771, 0.5852029904507208, 0.5894083734871685, 0.5869976599579273, 0.5952610619690109, 0.5952929873829302, 0.5929162791673687, 0.5878681266221446, 0.5926146887350775, 0.6012862458609151, 0.5986158472040425, 0.6026544093653774, 0.5996158734179924, 0.5831127246652823], "training_time": 747.8301649093628, "avg_gradient": 0.004265094219991559, "memory_usage": 1065.81640625}