{
  "train_losses": [
    0.27498157508671284, 0.2519211751287398, 0.24164362397530806,
    0.23319220793959888, 0.22786624268021272, 0.22334258784742458,
    0.21877317073876443, 0.21587703757635926, 0.21357521981648778,
    0.21078005991876125, 0.20764118327718714, 0.2057242219376823,
    0.20426250362525816, 0.20260423640518085, 0.201721906338049,
    0.19918006026874419, 0.19712635307856227, 0.19586155515002168,
    0.19484793864514516, 0.19529119336410708, 0.19384482098014458,
    0.19215632343421812, 0.19062928369511728, 0.1896223023371852,
    0.1888690051501212, 0.18843681300463883, 0.18743380126745804,
    0.18518634448232857, 0.18482231640297433, 0.18330059548758942
  ],
  "val_losses": [
    0.26461897045373917, 0.2505901692354161, 0.2394455350611521,
    0.23173974389615265, 0.22350935864707697, 0.21920367395100387,
    0.21904972940683365, 0.21816127261389856, 0.2162793894176898,
    0.20990854534118072, 0.21697992669499439, 0.20553280283575473,
    0.20837730590416037, 0.20345868623774985, 0.2116387450824613,
    0.2026642959402955, 0.1992363194408624, 0.19828865320786185,
    0.19717775576788446, 0.19698016086350317, 0.20251780618791995,
    0.20202786475419998, 0.19892917443876681, 0.19450535916763803,
    0.19340698712545892, 0.19910349923631418, 0.19224479664926944,
    0.20131024588709293, 0.19170584918364234, 0.2020121527754742
  ],
  "train_ious": [
    0.4460570455353327, 0.4847521310051284, 0.5033564521674664,
    0.5183061083265837, 0.5281658699547035, 0.5358595795983419,
    0.5432870329182217, 0.5479066891568728, 0.5523044503145458,
    0.5580766352190486, 0.5633124256695526, 0.566852514969482,
    0.5687013595648432, 0.5718375063784746, 0.5736262621223065,
    0.5770955873464327, 0.5817245935508307, 0.5839886165399482,
    0.5853040171922118, 0.5853783060675085, 0.5875581898659037,
    0.5910801991712354, 0.5929963461298872, 0.595611431622419,
    0.5963137328516748, 0.59690866149638, 0.5992108898210349,
    0.6029817820459171, 0.6033903124431766, 0.6062500623149286
  ],
  "val_ious": [
    0.4711403255013453, 0.4794667077021322, 0.5146289394385574,
    0.5209271872173183, 0.5372205306438431, 0.5395756796866223,
    0.5434846387825151, 0.5444246383680814, 0.5479212244567664,
    0.560836040455362, 0.5535415283579759, 0.5672676219888355,
    0.5674676193275312, 0.5684048185745876, 0.5612280256506327,
    0.5693281832812488, 0.5781694194976835, 0.580202993059504,
    0.5822025358244993, 0.580776195379271, 0.5780750558428143,
    0.5788451694491981, 0.5760811059803203, 0.5874467779328858,
    0.590501989143482, 0.5821443245462747, 0.5929660708576009,
    0.5819240879753362, 0.5944286377533623, 0.578633807707524
  ],
  "training_time": 626.3819410800934,
  "avg_gradient": 0.0036878020545873273,
  "memory_usage": 1065.81640625
}
