{"train_losses": [0.28680901083609334, 0.2592444494366646, 0.2484316603159127, 0.23945470607799033, 0.23329538657613422, 0.22770373920059722, 0.2243482416252727, 0.2202743495935979, 0.21652624019138192, 0.21661735496119314, 0.21217656961601714, 0.21109675591730553, 0.2079837520647308, 0.20612124369844145, 0.20448939024430254, 0.2029564114206511, 0.20049520428089992, 0.20060936410142027, 0.2000372580698003, 0.1972664312823959, 0.19691889943635982, 0.19423367698555408, 0.19386548006340212, 0.19155818199657876, 0.19162533132602338, 0.19104130436544833, 0.18972647765084452, 0.18866687883501468, 0.18881084988622562, 0.18828608889294707, 0.18572765928895577, 0.18545404878323493, 0.18299492788703545, 0.18453492353791776], "val_losses": [0.2656719046442405, 0.2511640754730805, 0.25011009172252985, 0.24643339249102966, 0.23230515582406003, 0.2369339213423107, 0.2217402386924495, 0.2246697781526524, 0.21941981497018234, 0.21777612294839777, 0.21906560270682626, 0.22923556294130243, 0.21877456067696863, 0.2095774966089622, 0.20773072152034097, 0.2049318963418836, 0.20406467985847723, 0.2080294084937676, 0.20322359968786655, 0.20418753766495248, 0.20382980710786322, 0.2042900152180506, 0.20584043180165085, 0.19686229267845984, 0.19689350316058035, 0.19974215749813162, 0.19569815792467282, 0.19634629591651584, 0.19848318981087726, 0.20268885273000467, 0.19563302916029227, 0.1949309936684111, 0.1980496275684108, 0.19945220778817715], "train_ious": [0.43066171111296075, 0.4715749240223909, 0.4922270310259815, 0.5090668297278274, 0.5199180133100868, 0.529660432451013, 0.535070587111556, 0.5416798384023319, 0.5484838342105133, 0.5489348506797918, 0.5572363832236631, 0.5588647362006749, 0.5637002540887268, 0.567369840823222, 0.5700942453914795, 0.5737271972162568, 0.5772918491367846, 0.5779538565463777, 0.5783124474295671, 0.58268322887412, 0.5838447557087394, 0.5883602367687051, 0.5884592253444851, 0.5925853063986783, 0.5929905413717462, 0.5938166548916394, 0.5966071332062498, 0.5983623316430527, 0.5973949465306772, 0.5989631202233873, 0.6034213888148466, 0.6038485163471836, 0.607880283147097, 0.6052063099392077], "val_ious": [0.45476828688296717, 0.4887909905418106, 0.4907938405007557, 0.49828755445238493, 0.5181529735741408, 0.5104593020202458, 0.5379780691818913, 0.5284191314940867, 0.5388536348507025, 0.5488897469164667, 0.5455825279156367, 0.5336301375342452, 0.5353830651096676, 0.5596398758715478, 0.562872622108114, 0.5689586263851841, 0.5642752450877343, 0.5538900128525234, 0.5676614739324736, 0.5719936090535012, 0.5740408718154051, 0.5692021956910258, 0.5623300092807714, 0.5830211764660436, 0.5791878039422244, 0.5733270500449166, 0.5862816781669423, 0.5852928915317508, 0.5818757695564326, 0.5765686315902766, 0.5855514303497646, 0.588090128224829, 0.5864437939464182, 0.5812524315239724], "training_time": 718.5376470088959, "avg_gradient": 0.006333045109341256, "memory_usage": 1064.06640625}