{"train_losses": [0.27813489451680495, 0.252848725684959, 0.23997810968886252, 0.23014200891813505, 0.22423920181134474, 0.21999879707784756, 0.2150767628589402, 0.21204045382530792, 0.21112311550456545, 0.20752940602276637, 0.20469632129306378, 0.20285378841926222, 0.20070955359741396, 0.20024790339495824, 0.19857966308684452, 0.19713687240753486, 0.1954729523833679, 0.192536982100295, 0.19109211611035076, 0.19054912354635156, 0.1896962431947822, 0.18808813538888228, 0.1881683376496253, 0.18661092950598054, 0.18351336406624835, 0.18482139034439687, 0.1830486075385757, 0.18139648307924686, 0.18062193570253643, 0.1804610516714013, 0.18022053219054057, 0.17789718298160512, 0.17845993197482565, 0.17605250442157622, 0.17635558853330818, 0.17724459440163945, 0.17610363184433916, 0.17435949230971542, 0.17312030486114646, 0.17249383955546047, 0.1713864808983129], "val_losses": [0.2694158965478773, 0.2574066957053931, 0.2354597135082535, 0.2353980563904928, 0.22308089551718338, 0.21838034689426422, 0.22572331648805868, 0.21637195575496423, 0.20996775769669077, 0.21071463466986365, 0.20569030357443768, 0.21384609231482382, 0.20864016303549643, 0.20223749364199844, 0.20399292104918024, 0.20248378003421036, 0.19815161143955978, 0.19753510796505472, 0.2038466813771621, 0.19887150338162546, 0.19582421429779218, 0.19933573804471805, 0.1939734952605289, 0.19866972416639328, 0.2023438202298206, 0.195911120461381, 0.19788444463325583, 0.19330786233362945, 0.19922706225643988, 0.1936982714611551, 0.19055165577193964, 0.19092757028082144, 0.19228790538466495, 0.18999695518742438, 0.2003379541894664, 0.19529373133959976, 0.18944086911885635, 0.18984830962575, 0.18745666645143344, 0.1893238347509633, 0.1959273727691692], "train_ious": [0.44070795953840664, 0.4839938403363677, 0.5068806265683279, 0.5238087821643854, 0.5330243459970192, 0.5412026069842386, 0.5498273660415327, 0.5542955477114603, 0.5568057631776815, 0.5631405070046153, 0.5679357898947984, 0.5715672500107601, 0.5751806913294654, 0.576052790588659, 0.5801183888013811, 0.5814312359561089, 0.58400670422808, 0.588903560856546, 0.5921480061243409, 0.5923188820589279, 0.5952591191491357, 0.5976722537931325, 0.5978108680658581, 0.6005032601887763, 0.6056462541978426, 0.6034782905725469, 0.6066255022002301, 0.6091391580260319, 0.6110435791205672, 0.611069145517937, 0.6113341982489912, 0.6161274464557999, 0.6143942031523457, 0.6191191492953161, 0.6183455146417236, 0.6166859751810199, 0.6189775299010936, 0.6212112306468728, 0.6242260021036088, 0.6251610793389272, 0.6279687145589924], "val_ious": [0.4545134705477866, 0.4818614677026651, 0.5099071052627288, 0.5154094745715461, 0.532351060298042, 0.5364408401259477, 0.5377770285459532, 0.541577946556651, 0.5554076984956646, 0.5569333315327548, 0.566600704970567, 0.5541933282561924, 0.5612301545730535, 0.5753362304058627, 0.5668823777333549, 0.5700504283110301, 0.5818760105665179, 0.5845739213020904, 0.5727451022552408, 0.5808908405943193, 0.5823796583690504, 0.5781222916599631, 0.5869755660710126, 0.5852258499117865, 0.5709374112927394, 0.5890703648328782, 0.5864778253911197, 0.5962990613087363, 0.5790439513714415, 0.5902738126291746, 0.597313754800437, 0.5964768453352693, 0.593805573772693, 0.602124410478965, 0.582539395577666, 0.5929872819047043, 0.5988528119481127, 0.6029729992151259, 0.6042208930720453, 0.6029461354449175, 0.5897201746702194], "training_time": 855.6146852970123, "avg_gradient": 0.003366127066920477, "memory_usage": 1065.81640625}