{"train_losses": [0.282264174407591, 0.25608180374231027, 0.2444504578800305, 0.23424663459477219, 0.2288210850370967, 0.22322358709314596, 0.21957818880353286, 0.2170546432228192, 0.21309390623608362, 0.209429280994379, 0.20935477834680807, 0.2071921226123105, 0.2056206736875617, 0.20368663529339043, 0.2017750352135171, 0.19977703925384127, 0.19847510099087073, 0.19755332625430563, 0.1970281396061182, 0.19478390754564948, 0.19292022279747154, 0.19217747279807276, 0.19086884569538676, 0.19059584897173487, 0.18984064961905064, 0.18735352709241535], "val_losses": [0.26501568180063495, 0.2833607349058856, 0.23886687762063483, 0.23801808253578519, 0.24351785072813864, 0.22138817867507105, 0.22302525749673013, 0.21774603977151538, 0.2138960630349491, 0.21123331817595856, 0.2151383255486903, 0.20780447935280594, 0.2136412554461023, 0.20387555432060492, 0.20597408323184305, 0.19730920506560284, 0.19961611602617346, 0.1994053507628648, 0.20072423439958822, 0.19677434278571088, 0.19788960853348608, 0.19998465381238772, 0.1985755993620209, 0.19627334825370624, 0.19289935898521673, 0.19646983302157858], "train_ious": [0.4362094750546888, 0.4770952595424822, 0.49821618644763593, 0.5164244252702465, 0.5274248124518689, 0.5354451887525515, 0.541641568414111, 0.545250774131737, 0.5525323197623527, 0.559424925541532, 0.5598350980899471, 0.5632480834543274, 0.565607777351271, 0.569906669034474, 0.5724342406012007, 0.5761212734910454, 0.5783117861095544, 0.5813692882657051, 0.5815765030574106, 0.5858144476685835, 0.5890134285757511, 0.5902414912546889, 0.5922255507953788, 0.5926023485219997, 0.5940624559703084, 0.5987190984297491], "val_ious": [0.45965286419875395, 0.48138743099095155, 0.5120928177367087, 0.5194462881140087, 0.5163063716845235, 0.5345238932016967, 0.5422919211180314, 0.5484644928272219, 0.5622682150291358, 0.552299303205117, 0.5561352069827095, 0.5684907194496926, 0.5592565990012625, 0.5689403956782991, 0.570331708676573, 0.5812793520913608, 0.5816093843052352, 0.5814648723040804, 0.57810587014841, 0.586913621727971, 0.5817477107048036, 0.5761953743471615, 0.5764678895905399, 0.5838402200868166, 0.5881973243709924, 0.5809049526418465], "training_time": 543.555139541626, "avg_gradient": 0.0035996676599704272, "memory_usage": 1065.81640625}