{"train_losses": [0.2855310802064512, 0.2594411119656718, 0.24718510165162708, 0.239555725098952, 0.237640004200132, 0.22718170601064744, 0.22425844560822714, 0.21957166177099166, 0.21650542173048723, 0.21264192324293696, 0.21066589904544147, 0.2075516224393378, 0.20562618557849657, 0.2045001022355712, 0.20272216702932896, 0.19988488527419773, 0.19842918711188046, 0.1976249153199403, 0.19709623224385406, 0.19561888326121413, 0.19379000665377016, 0.19218683169911738, 0.19153283738895602, 0.19106626453930917, 0.18874948528473792, 0.18884431935198928, 0.18784253485500813, 0.1873878486778425, 0.18654809025642666, 0.1860053075234527, 0.18451827966972537, 0.18481512667368288, 0.18232783278369386, 0.18127601358877576, 0.1795084549357062, 0.18104746354662854, 0.17854076737295027, 0.1788661160060893, 0.17780496406814325, 0.17594267427921295, 0.17719283181688059, 0.17530900215649087, 0.17506383165069248, 0.17329398680316366, 0.1744196408468744], "val_losses": [0.27271986396416376, 0.2640130892395973, 0.25001364233701123, 0.24043673600839532, 0.23309934204039368, 0.24502963378377582, 0.23473828480295514, 0.22077862562044806, 0.21521671990985455, 0.2247555246171744, 0.20809314659108286, 0.2088595197900482, 0.2081929510054381, 0.20818860407756723, 0.2080339024896207, 0.20650423220966174, 0.20102886564057806, 0.20024288866830908, 0.19832453747158466, 0.2013652684248012, 0.2103985156054082, 0.1953788775464763, 0.1966064734303433, 0.20413370074137396, 0.19950019762567853, 0.19939340327097022, 0.1984771762205207, 0.19424328046000522, 0.19756279756193576, 0.19632225354080615, 0.19579597854095956, 0.1903422423031019, 0.1921254707419354, 0.19049797595843024, 0.19076436660859897, 0.19412711781004202, 0.19081720580225406, 0.18988847732543945, 0.19043511152267456, 0.19099092353945193, 0.19267501908799875, 0.19074097081370975, 0.19014934677144754, 0.19048791151979697, 0.19496056178341742], "train_ious": [0.4307828074451063, 0.4715934969700766, 0.4938400330534881, 0.5077949445154787, 0.5110377750049035, 0.5291102928365917, 0.5338484487239863, 0.5432229217789747, 0.5480743525954692, 0.5540205482663451, 0.5585750157850375, 0.5636995416944444, 0.5670486091487649, 0.5686961419988374, 0.5716080928518291, 0.5773507294555508, 0.579741091831871, 0.5809666973309241, 0.5827138857457083, 0.5840232597421045, 0.587837294499943, 0.5904808176708396, 0.592162639496551, 0.5929260600520216, 0.5974127021820652, 0.5970345343584601, 0.5979334011781908, 0.5995789248010386, 0.6007844009369178, 0.6012304119657781, 0.6036606777081456, 0.6035765858664025, 0.6074418022796724, 0.6101387525382251, 0.613205899524948, 0.6099039359909038, 0.6148488805021931, 0.6138319992392821, 0.6157538036721337, 0.6193905462497389, 0.6172827017911965, 0.6198313904089339, 0.6217122320355712, 0.6233678088671918, 0.6220173663527208], "val_ious": [0.45277918389310023, 0.4592376058732255, 0.49092223365669674, 0.5097392988593681, 0.5180847586497016, 0.4991340486035832, 0.5171870306350183, 0.5389283047854034, 0.5459037547310193, 0.5365367039390232, 0.5610241515264995, 0.5574317218168922, 0.5655000592055528, 0.5654433262736902, 0.5614597572796586, 0.5730012799950613, 0.5743797488402628, 0.5809419556804325, 0.5806624813788178, 0.5724232082349667, 0.5686001568168834, 0.5857307781343875, 0.584764847288961, 0.5763485392798547, 0.5798022546198057, 0.5854858626490054, 0.58197220404079, 0.5893691052561222, 0.5818032050046368, 0.5880046601312748, 0.5904229464738264, 0.5954259009896845, 0.5969012593445572, 0.5982413343761278, 0.5977601393841315, 0.5883245066456173, 0.6002253887877949, 0.6005402397418367, 0.5978367395591045, 0.5964232136805852, 0.5961329975853795, 0.600585039543069, 0.6033043867867925, 0.5999905451916264, 0.5866702144992525], "training_time": 937.754819393158, "avg_gradient": 0.0045947022772711964, "memory_usage": 1065.81640625}