{"train_losses": [0.2852683056793783, 0.2583293516350829, 0.24778423571716185, 0.23754869854968527, 0.23117918302507504, 0.22645798131175662, 0.22369118326384088, 0.21953942140807275, 0.21593662391862142, 0.21266813608615295, 0.21055308081533597, 0.21008746957649355, 0.20602273204080437, 0.2042526491796193, 0.2038011265027782, 0.2017791757117147, 0.20037306812794312, 0.1977021183170702, 0.1956346762245116, 0.19409613351783025, 0.19330740582359873, 0.19269914811720018, 0.19132298109648022, 0.19029439661813818, 0.19019067619481814], "val_losses": [0.2700833001214525, 0.26578431511702744, 0.24084546222634937, 0.23756117989187656, 0.24606975103202072, 0.2228634347734244, 0.23043787025887033, 0.2143618435315464, 0.2157932562024697, 0.2113373529004014, 0.21480895805618036, 0.21168627525153366, 0.2069925166990446, 0.20322373217862585, 0.20442484481179196, 0.20302538962467856, 0.20016120374202728, 0.19881390035152435, 0.19761618518311044, 0.19891237759071848, 0.19984105067408603, 0.19719396110462106, 0.19317362004000208, 0.19513826234185178, 0.21828625189221423], "train_ious": [0.43265954132927453, 0.4735284462247205, 0.4930716027384218, 0.5105926669000286, 0.5225021345135954, 0.5307357529907119, 0.5353265239762657, 0.5419424257740595, 0.5488208557708538, 0.554568636433586, 0.558377395208547, 0.5590682983452426, 0.5665244881765565, 0.5698019901047578, 0.5707691445190839, 0.5739764521519343, 0.5763737888655799, 0.5811448817991692, 0.58494034787451, 0.5886233485695244, 0.5887379421704056, 0.5902537100448985, 0.5923596160567325, 0.5944820951832378, 0.5945836187380812], "val_ious": [0.4650535768140918, 0.4581984473743302, 0.501081385474274, 0.5163491333740347, 0.5136297360278558, 0.5327536821149398, 0.5099129699494527, 0.5497170600338257, 0.5503975764132927, 0.559358374796052, 0.552943735450938, 0.5601709379234177, 0.5663141610397807, 0.5710997827675033, 0.5740042296440706, 0.5748276604690413, 0.5795697323654008, 0.5846883147091104, 0.5815246098715325, 0.5817537793646688, 0.5815708699865617, 0.5815204440251639, 0.5910487250573394, 0.5896822849045629, 0.5463535317044329], "training_time": 520.4635219573975, "avg_gradient": 0.008172922337723319, "memory_usage": 1065.81640625}