{"train_losses": [0.27955880939312605, 0.2531851645883011, 0.24070770876563113, 0.23189724722634192, 0.227149056189734, 0.22393777521084185, 0.21861989609897137, 0.21524600741331992, 0.2127678737692211, 0.2099547854260258, 0.2073432029751332, 0.20471933524569738, 0.20406681744624738, 0.20308575617230457, 0.2005134321263303, 0.19993336304374362, 0.19716738310197127, 0.19577935597170953, 0.195504920233203, 0.19310764676850775, 0.19324304438803508, 0.19052102918858113, 0.19171748699053473, 0.19039141751177932, 0.18818935338893664, 0.1869451145277075, 0.18653173663693925, 0.18476512647517349, 0.18733292720887973, 0.18344295462188515, 0.18484020686667899, 0.18307933656741743, 0.18145718295937, 0.18050676673326804, 0.1787289766513783, 0.1787332596824221, 0.17922886784957803], "val_losses": [0.2658888937338539, 0.2587554441845935, 0.24461888036002283, 0.23015130667582803, 0.2266275617091552, 0.22253806597512701, 0.22277677545081015, 0.22098527524782263, 0.22227449067260907, 0.2096923314358877, 0.22391070198753607, 0.2138019907085792, 0.2088584446388742, 0.2049336572704108, 0.20618074743644052, 0.20319050550460815, 0.20070616965708526, 0.1993919529992601, 0.19702925630237744, 0.19566738864649896, 0.19753814747799997, 0.19932478633911713, 0.19650517209716464, 0.19489706696375556, 0.19151174957337586, 0.19337453887514447, 0.1912817213198413, 0.1990287391387898, 0.19155637045269427, 0.19353497449470602, 0.19538187527138254, 0.19325378083664438, 0.19062914634528366, 0.1922983345778092, 0.18623834977979245, 0.19145655016536298, 0.18960034458533578], "train_ious": [0.44036775997475425, 0.4838107246905566, 0.5056129820860814, 0.5208400944652763, 0.5291945997193671, 0.5342820941106132, 0.5438995200978672, 0.5494149258711202, 0.5540261646543725, 0.5587410619887317, 0.5638027690566968, 0.5683208633808122, 0.5692958692493646, 0.571425409258708, 0.5759916387066457, 0.5775536385135372, 0.5820051039420605, 0.5841226197131305, 0.5844900269277286, 0.5890406190917112, 0.5889973839663941, 0.5933183371696786, 0.591498827102824, 0.5938173418027768, 0.5971184816697367, 0.5997425575835117, 0.6008754513509895, 0.6030813862664111, 0.5994145908541438, 0.6061347328342387, 0.604686644792125, 0.6066216289781141, 0.6095513698199521, 0.6112116846809351, 0.6143654012593668, 0.6147906347245412, 0.6135859937015647], "val_ious": [0.46581103026435, 0.4775058383095092, 0.5009051270890926, 0.5261223666045977, 0.5279001070969346, 0.5406443928030954, 0.5420439580212468, 0.5461022557987683, 0.5376550323073416, 0.5560634473095769, 0.5431550788706628, 0.5556028334126958, 0.5578724895266519, 0.5666154897299365, 0.5648483733336132, 0.5647649801727653, 0.5818934669529183, 0.5771510797566263, 0.5825998584429424, 0.5868621287138566, 0.5821476360594017, 0.5804877676393676, 0.5878064444531566, 0.5824066337899885, 0.5953042822471563, 0.588502038864122, 0.5972490571979163, 0.5835552282523417, 0.5932717984137327, 0.5931658125010091, 0.5950305563384208, 0.587757996458938, 0.5934813998747565, 0.5905300508374752, 0.6049355875322782, 0.5979721589364868, 0.5965936486271844], "training_time": 778.1811017990112, "avg_gradient": 0.00411491031373613, "memory_usage": 1065.81640625}