{"train_losses": [0.2801605700312749, 0.25330998011581274, 0.24160242250756078, 0.23420923397592877, 0.22666569256588168, 0.222758955605652, 0.21825830808476263, 0.21655240905997547, 0.21245166513582933, 0.209836158334561, 0.2074154096291117, 0.20666643143024133, 0.2035423414376767, 0.20167111694488837, 0.1991780162991389, 0.19768532851467963, 0.1963930181025163], "val_losses": [0.28261555569327396, 0.2494487441752268, 0.25177908138088556, 0.23228632561538531, 0.22642694251692813, 0.22805476544991785, 0.22827821710835333, 0.21583581780609878, 0.2143410875097565, 0.21505610806786496, 0.21514539096666419, 0.2099054267872935, 0.21181878868652426, 0.20588165651197018, 0.20906544379566028, 0.20744935196378958, 0.23348204953515012], "train_ious": [0.43865763677783515, 0.48365177100767254, 0.5043892767010391, 0.517834676132686, 0.5309655988130014, 0.5373313132997436, 0.544353226928607, 0.548202843337819, 0.555854183635202, 0.5602083074441853, 0.5645106654020322, 0.5659264193550828, 0.5707340650800348, 0.5740749211307022, 0.5793366468902946, 0.5818606208523978, 0.583325453642486], "val_ious": [0.4252440411111584, 0.4864506513096284, 0.4872036661574807, 0.5217693038824676, 0.5283072129755784, 0.5284194508972373, 0.533164895315101, 0.5499318069305972, 0.5501473008290582, 0.547797212998072, 0.547613690296809, 0.5585240851277892, 0.5544906504776165, 0.5643424015978108, 0.5624858829854193, 0.5665244807799656, 0.5203440882589506], "training_time": 354.5216689109802, "avg_gradient": 0.004860944183433023, "memory_usage": 1065.81640625}