{"train_losses": [0.2818852637125098, 0.25633972745550715, 0.24389128824291023, 0.23561417319528435, 0.22848195687908193, 0.22424353715842185, 0.22126337318964626, 0.2166696846809076, 0.21371712802868822, 0.21163863777790382, 0.2091864993714768, 0.2067145071113887, 0.20425869937500227, 0.20361818243627963, 0.20185905905521434, 0.19909362033333466, 0.19833863874816376, 0.19618497902284499, 0.1944154468567475, 0.19390491550059422, 0.19151599996763727, 0.19133399102998816, 0.19133681714858697, 0.18954476349703644, 0.18915423710385096, 0.18569048243048397, 0.18713117164114249, 0.18419265058701453, 0.18394101775534774, 0.18317325032599593, 0.18295199747966684], "val_losses": [0.2636509272067443, 0.2550111199202745, 0.23375313793835434, 0.23153922836417737, 0.22840583324432373, 0.21720742239900256, 0.22088667620783267, 0.21295960150335147, 0.2167630140548167, 0.21401584310376126, 0.21097214941097342, 0.20495311818692996, 0.20687772366015808, 0.21025658139716025, 0.2012564682442209, 0.19893663506145062, 0.20075565900491632, 0.2005703313195187, 0.2061277757520261, 0.19768028382373892, 0.19359313858591992, 0.20446927748296573, 0.1992731797306434, 0.1998170533257982, 0.19156249936508096, 0.19513508385938147, 0.1905264274581619, 0.1925419769857241, 0.19353025827718817, 0.19075489238552426, 0.19466011906447617], "train_ious": [0.43801804575259273, 0.47746930951657496, 0.5004862934296979, 0.514061123834572, 0.527031266251984, 0.5336261334950507, 0.5388898726120809, 0.5479363017054141, 0.5527968297618026, 0.5563467320702646, 0.5611183565325927, 0.5643847565828023, 0.5689945987601212, 0.57063887619238, 0.5738858588687749, 0.5786401897236921, 0.5793444174139402, 0.5841894783079625, 0.587019134690796, 0.5877738410364026, 0.5921208879545979, 0.5927395230510095, 0.5922528495067273, 0.5960084570814734, 0.5969379004900869, 0.602082286623941, 0.5993032630371011, 0.6052652382008405, 0.605357527948808, 0.6068317111095655, 0.607446933138198], "val_ious": [0.4665161531040633, 0.48421941654405726, 0.5130736743626388, 0.5214776664540387, 0.52269492989433, 0.5464101993087409, 0.5374066221757212, 0.5488895650791086, 0.5499654013825499, 0.5493076943616936, 0.5566386945437692, 0.5680402186901673, 0.5594909272116163, 0.5592844058638036, 0.5745978217194044, 0.5741503819607305, 0.5752787523079609, 0.580413254706756, 0.5710080175296119, 0.5819399456183115, 0.5893147890118585, 0.5732599028210711, 0.5817190251056701, 0.5775087253339048, 0.5949454190938369, 0.5872360960296962, 0.594498940999957, 0.5931846695965615, 0.589856631513955, 0.595055843393008, 0.5872481715851936], "training_time": 647.2282841205597, "avg_gradient": 0.005064727494325932, "memory_usage": 1065.81640625}