{"train_losses": [0.28170479574929114, 0.25629202163089876, 0.244683595293242, 0.2360430574449508, 0.2281509659698476, 0.2221316694403472, 0.21805341784720836, 0.21493056181656278, 0.21116936214916085, 0.20983344478451688, 0.20692553711326225, 0.20717720266269601, 0.2026968024995016, 0.20190973199256088, 0.19954258017241955, 0.19994206848027912, 0.19665500116736992, 0.19603226001819837, 0.19405761442106703], "val_losses": [0.2668374164596848, 0.25313723054916965, 0.24490828488184058, 0.24206741316163022, 0.2336438560615415, 0.23860600007616956, 0.22021358654550885, 0.2110165228014407, 0.20941329326318658, 0.21031639206668604, 0.20537492114564646, 0.20670446461957434, 0.2004395927424016, 0.20710425046475037, 0.2007841121243394, 0.201096984355346, 0.20148572908795398, 0.20128022004728732, 0.2131808001710021], "train_ious": [0.43530322709863184, 0.47749211285533216, 0.4979671703084655, 0.513454269050904, 0.5265439737426199, 0.5356957792317953, 0.5440447848236216, 0.549030803548901, 0.5553403230842904, 0.5577890578711379, 0.5625283257036972, 0.5627008208438106, 0.5710356366429208, 0.5725875671790994, 0.5764424643222837, 0.5754731754785862, 0.5816277804366056, 0.5825722413002581, 0.5863700919393178], "val_ious": [0.45684330467728607, 0.47596352698578337, 0.5083789909663409, 0.503207852874977, 0.5267015974158825, 0.5069711552797885, 0.541802038209162, 0.5604836488331574, 0.5653045760548634, 0.5576761470756669, 0.5690654116696204, 0.5684712915748789, 0.5778634481240011, 0.5630063811937969, 0.5792560203783755, 0.5710869798625725, 0.5785766710405763, 0.5818633212559466, 0.5652603792107622], "training_time": 398.0536413192749, "avg_gradient": 0.007048281374374947, "memory_usage": 1065.81640625}