{"train_losses": [0.28079762431266514, 0.25334941385232884, 0.2436590030303468, 0.23496252176878246, 0.22789890011367592, 0.22210394137579462, 0.21781949674629647, 0.21593035368815713, 0.2119912382863138, 0.20985208281680293, 0.20668910403290522, 0.20457978668096272, 0.20252255852455678, 0.2001892648961233, 0.20069680784059607, 0.19786538540021234, 0.19637781308720942, 0.19602510195387446, 0.193451184131529, 0.1929076918927224, 0.19109109473293243, 0.19044952288917874, 0.18921321954416193, 0.1878673089263232, 0.188417320828075, 0.1860955402093089, 0.1856526498399351, 0.18379619960551677, 0.18503309122246245, 0.1834677858683078, 0.18125906975372977, 0.18203176800971446], "val_losses": [0.26783309423405194, 0.2526819313997808, 0.2408198659186778, 0.23214911637098892, 0.2322410928166431, 0.2269251858410628, 0.2222204493439716, 0.22422484049330588, 0.21618382276400275, 0.20990257353886313, 0.21555665815654007, 0.21518948479838992, 0.2108102424637131, 0.2076628833361294, 0.21073622450880383, 0.208618036430815, 0.20201580939085587, 0.19867684206236963, 0.20078600683937903, 0.19678906902022983, 0.2132336882793385, 0.1971846064147742, 0.19910760644985281, 0.1961425491001295, 0.19815628878448321, 0.19304089604512506, 0.19590772720782654, 0.19723451623450156, 0.19477752077838648, 0.19226271140834558, 0.19517639862454456, 0.19977823191362878], "train_ious": [0.43866166591212385, 0.48291324556845694, 0.5013514334956801, 0.5171206891806661, 0.5293430420367615, 0.5385538953747872, 0.5456510835151741, 0.5495564531049003, 0.555921973363645, 0.5602540621075078, 0.5651227195301778, 0.5698680664426172, 0.5722089144198786, 0.5769053986970927, 0.5761042085030803, 0.5808022690100081, 0.5840316744170326, 0.5849828648826352, 0.5890577379344165, 0.589976388691128, 0.5924132256836128, 0.5941567320538609, 0.5956063447115217, 0.5988339506953521, 0.5973798631541972, 0.6016053352774916, 0.6026291607514671, 0.6053607636063856, 0.6030381182073683, 0.606154680630003, 0.610032877304416, 0.6090912672056668], "val_ious": [0.4677794266870057, 0.4843625093715779, 0.5077962466124175, 0.524786096552144, 0.5212917774915694, 0.531905478325443, 0.5400829199647559, 0.5418477388827697, 0.5512180979485096, 0.5570190616923829, 0.5499751860464828, 0.5518153137054997, 0.5636812910653543, 0.5636404567006705, 0.5628696755654569, 0.5679369208173475, 0.5738557205683943, 0.5831140176109646, 0.5760309460802354, 0.5859156957139138, 0.5569510375675947, 0.5835563039434127, 0.5844329567491144, 0.5884745187949443, 0.5802222917909208, 0.5923875991417014, 0.5866847742294921, 0.5850513773983802, 0.5899775719297105, 0.5905174649711967, 0.5859625682882639, 0.5719256696925646], "training_time": 669.9479470252991, "avg_gradient": 0.006718104570029676, "memory_usage": 1065.81640625}