{"train_losses": [0.28113363051544066, 0.25739697496528213, 0.24379898931669153, 0.23702552501598131, 0.23029188107213247, 0.22595703115929727, 0.22065986628117767, 0.21751735035492026, 0.21398252248764038, 0.21306711475810278, 0.21199990752274575, 0.20917446660282818, 0.20621830621815246, 0.20461362786591053, 0.20210952279360397, 0.20149496780789417, 0.1991344346138446, 0.19662566126688666, 0.19631484385741793, 0.19521585276917272, 0.19431658332114635, 0.1918605527152186, 0.19175812164726463, 0.18967734779352727, 0.18988398737881496, 0.18782194274599137, 0.18604445757101412, 0.18626442964634168, 0.18529036033736623, 0.18441691152427508, 0.1822009123051944, 0.18341542051538176, 0.18374255502029604, 0.18185119630525942, 0.18024304152830786], "val_losses": [0.272318336950696, 0.27062467194121814, 0.2426865314659865, 0.2420073222854863, 0.22650946773912595, 0.23409715262444122, 0.22750267256861148, 0.22104081479103668, 0.2160910986687826, 0.21992184124563052, 0.21781622748012128, 0.20736058833806412, 0.2066341797294824, 0.20673412862031357, 0.20905231846415478, 0.21817484724780786, 0.20660731909067734, 0.20391283119502274, 0.2037511506806249, 0.21541475828575052, 0.20164960622787476, 0.2002437953715739, 0.19692253645347513, 0.19437674756931222, 0.19513448003841483, 0.19922165637430939, 0.19668498084596966, 0.19510380275871442, 0.19351361432801123, 0.19351335614919662, 0.19836527757022693, 0.19142187840264777, 0.1930465118392654, 0.19165988881950793, 0.20237208935229675], "train_ious": [0.43538074074245536, 0.47518808567437554, 0.5003353118140627, 0.5118719019751615, 0.5241317869960398, 0.5321264694296365, 0.5405088638265922, 0.5460628637693069, 0.5513304852597092, 0.5532582871669874, 0.5552309978537368, 0.560682104954469, 0.5655080887718478, 0.5683496383329232, 0.5722157038964225, 0.5738482730112215, 0.5782221724697646, 0.5823177877219691, 0.5828429010251294, 0.5849477068885512, 0.5871688733822196, 0.5904545772118849, 0.5907532101955966, 0.5945837495011697, 0.5942663512044194, 0.5985138638188011, 0.601210277419592, 0.6010542339712813, 0.6016420465556608, 0.6040451346856096, 0.607013041990391, 0.6060820116620999, 0.6055759846408296, 0.6087063788503834, 0.6113033689342547], "val_ious": [0.45007218010183714, 0.46239505524652563, 0.4997406407542851, 0.5055025055788566, 0.5227317891043165, 0.5282570375264555, 0.5369051621443982, 0.5390658160482628, 0.5473512907822926, 0.5497087770398114, 0.5436679133470508, 0.5684838055268576, 0.5662375738223391, 0.569524493770323, 0.5647822186566783, 0.5444221287101939, 0.5699489887641824, 0.5735802935517353, 0.5728891893573429, 0.5583456350841384, 0.5814653367236042, 0.5838272910619128, 0.5876632691293524, 0.591948859717535, 0.5907453235940655, 0.5836923908496248, 0.5877562685721164, 0.5900733097307924, 0.5931827093380087, 0.5906939353199975, 0.5876048002122105, 0.5959832741730453, 0.593993911276693, 0.6003664544095163, 0.578815542485403], "training_time": 729.9363374710083, "avg_gradient": 0.005612716676000902, "memory_usage": 1065.81640625}