{"train_losses": [0.28433363082940166, 0.25772224933556886, 0.2451756223226371, 0.23561712119566358, 0.22940193918412147, 0.2228943590560685, 0.21997895529088768, 0.21516367922658505, 0.21289668758602245, 0.20953410151212112, 0.20859616565639558, 0.20656879926505295, 0.20436882308643797, 0.20213326180110808, 0.20078637224176657, 0.1987032550184623, 0.1990665680040484, 0.197426185335802, 0.19574409877152546, 0.1946344580501318, 0.1923163102372833, 0.19380473159253597, 0.19104474961109782, 0.1904262863099575, 0.1888681301118239, 0.18768225780323797, 0.1871412500091221, 0.18573212704580763], "val_losses": [0.27881738673085754, 0.2515420473140219, 0.2396787848809491, 0.2350001383734786, 0.23324250559444012, 0.22491112092266913, 0.21453392376070438, 0.21242772496264914, 0.21456310898065567, 0.21240272632111673, 0.21822478881348734, 0.20410841671021088, 0.21465379032103912, 0.2042093357962111, 0.2005334149884141, 0.21311947800542996, 0.20386492363784625, 0.19803123467642328, 0.19895216563473578, 0.19551631419555002, 0.20083219234062277, 0.19890783306049264, 0.2067284810802211, 0.1950331194245297, 0.19456145037775455, 0.19141907925191132, 0.1917662069849346, 0.1959173326259074], "train_ious": [0.4313765135863658, 0.47333419719791897, 0.4971797694114672, 0.514180653904011, 0.5258163475310024, 0.5359842053520076, 0.5409960674418918, 0.5500597138551696, 0.5541118411752193, 0.5601833330980241, 0.561803705828345, 0.5651930012888663, 0.5684534329651055, 0.5727344924665014, 0.57504707833995, 0.5785803590239823, 0.5793044980669367, 0.5806216158080791, 0.5839921424462311, 0.5865197047807167, 0.5902872311788192, 0.5874823424155294, 0.5917513763019143, 0.593575937754434, 0.5966129286241706, 0.5985270786652528, 0.5990457954830017, 0.6018565345177617], "val_ious": [0.447097025487734, 0.49059321450582444, 0.5015558451414109, 0.5157336923091307, 0.5238326393823695, 0.5325957027034484, 0.5502373103214346, 0.5585577520339384, 0.5520781747240953, 0.5548141052325566, 0.5488471637169521, 0.5731908404740735, 0.5474522327599317, 0.571126271849093, 0.5718159124903057, 0.5525123064500699, 0.5715612695700881, 0.5822814433039099, 0.5774621609328449, 0.5854832672554513, 0.5792160003945448, 0.5805651813313581, 0.565112816898719, 0.5851533648328503, 0.5870110532943752, 0.5962518200926159, 0.5945590639459912, 0.5798976518537686], "training_time": 583.1673157215118, "avg_gradient": 0.005033277898810727, "memory_usage": 1065.81640625}