{"train_losses": [0.2753938292355641, 0.2522825521781393, 0.23959771252196768, 0.23184002190828323, 0.22796549129745233, 0.22173814224484173, 0.21828106912257877, 0.21420189819258192, 0.21195431369478288, 0.20960158004384974, 0.20711492666083833, 0.20549449851007565, 0.20481298045943613, 0.20252170292255672, 0.19993239876044833, 0.19823603583094868, 0.19818256139431312, 0.19587287509247012, 0.19459287749360438, 0.19538570292617963, 0.19144515296363313, 0.19159343652427197, 0.19012560711606688, 0.18877006476016148, 0.1881192702314128, 0.18713410061014735, 0.1856566225381001, 0.1857155992285065], "val_losses": [0.28292965014343674, 0.25564245393742685, 0.24942807918009552, 0.255929629439893, 0.2267162880819777, 0.21946122853652292, 0.21930984861176947, 0.21462769385265268, 0.21263497063647147, 0.2080842609638753, 0.20943395890619443, 0.21503748712332352, 0.2078539048847945, 0.20208461874205133, 0.20314507607532584, 0.20172992640215417, 0.20591283136087915, 0.1998998836978622, 0.20228613913059235, 0.1976491669597833, 0.19510184876296832, 0.19794888405696207, 0.19644192962542825, 0.19627874053042868, 0.1960902625451917, 0.19261677368827487, 0.19179546671069186, 0.19530708278002945], "train_ious": [0.44650935449138035, 0.48588182113092854, 0.5073789610271006, 0.5214802439230078, 0.5272039779178475, 0.538180125904256, 0.5445773634735656, 0.5515148820004598, 0.5555647472864478, 0.5590285701758192, 0.5641157567986971, 0.5673088990151884, 0.5681600865462552, 0.5732089924099648, 0.5770199627116108, 0.5807066598664161, 0.580704379070928, 0.5845438381252083, 0.5867342925158099, 0.5858089394759439, 0.5930091273309529, 0.5925186329345773, 0.594982784187448, 0.5967183326897411, 0.5980180927916714, 0.5993318590133089, 0.6015834729524626, 0.6025762293973693], "val_ious": [0.43552481069944887, 0.4848254316526909, 0.5027290015764859, 0.5038222668395526, 0.5375239139665727, 0.5376992206210673, 0.5478579536944195, 0.5545042487590208, 0.5526107033525688, 0.5605420081511789, 0.5625926178434622, 0.5519117283216419, 0.5601141632035158, 0.5717718139074851, 0.574928107468978, 0.5761344797801279, 0.5579840040941169, 0.5797772439925566, 0.5666089548148969, 0.5835248162780984, 0.5853800140861152, 0.5814791878928308, 0.5895381641128788, 0.5868635181931482, 0.586696591930113, 0.5925419196702432, 0.5943892094968022, 0.5794507960478464], "training_time": 584.2467532157898, "avg_gradient": 0.003968940904929851, "memory_usage": 1065.81640625}