{"train_losses": [0.27628443252457224, 0.2545672228316898, 0.2425632567509361, 0.23406366234564263, 0.22782774836472844, 0.22132433311122915, 0.2178141901512509, 0.21431806027565314, 0.21128226395534433, 0.20999516230886398, 0.20669314500106417, 0.20501772856906705, 0.20203900094265523, 0.20093168237287065, 0.19887435598217923, 0.1982609613434128, 0.19637935730102268, 0.19546043621781078, 0.1947780411042597, 0.19231276424682658, 0.1922800561980061, 0.19230936200398466, 0.18943200203711572, 0.18812083461038445, 0.18730167218524477, 0.18469301262951415, 0.18502125273580136, 0.1837840181491945, 0.18291457159363705, 0.18208954936784247, 0.18196362912978814, 0.18047641768403674, 0.1803610096483127, 0.1799647127804549, 0.18072305198596872, 0.17898526666281017, 0.17763169838682466], "val_losses": [0.25766928364401276, 0.2559524845817815, 0.24637981083082117, 0.23549457671849625, 0.2212811057334361, 0.2243495065232982, 0.22018117911141852, 0.21039053020269974, 0.20818345605031305, 0.2276673427094584, 0.20697583549696466, 0.2033638254455898, 0.21044968910839246, 0.20200842716123746, 0.20094844634118286, 0.1991258033591768, 0.1955498311182727, 0.19829535160375678, 0.19576889114535373, 0.19341028060602106, 0.19695030055616214, 0.1928938329219818, 0.1945580512933109, 0.19758825587189716, 0.1950004926842192, 0.19825966105512952, 0.19295813175647156, 0.1876983367230581, 0.19192868276782657, 0.19102834812972858, 0.19034509036851965, 0.19089022311179535, 0.19570041836603827, 0.18936220750860547, 0.1906650319047596, 0.19030864148036294, 0.2012741021488024], "train_ious": [0.44262169393292383, 0.4802104848018591, 0.5005011717802371, 0.5170047276153944, 0.5275852271774111, 0.5390636257935262, 0.5452854700008594, 0.5500539238902104, 0.5564630895421123, 0.5586849863006587, 0.565217476716076, 0.5676055550575257, 0.5730324157554171, 0.5754146221215312, 0.5780420839192643, 0.5799524115155574, 0.5829304824920668, 0.5846660011920377, 0.5860959793022582, 0.5905612596459143, 0.5901989859623324, 0.5900941961917328, 0.5958896264217903, 0.5978907212291077, 0.599483889028214, 0.6036371288524155, 0.6032594093593997, 0.6049681721066217, 0.6073291423204153, 0.6079675988226698, 0.6082610369700453, 0.6116923756789469, 0.6116840777297812, 0.6117966101113437, 0.6103490649358085, 0.6138816284204737, 0.616110497572716], "val_ious": [0.46107564121484756, 0.4670824819932812, 0.4908890281466469, 0.5182653229305709, 0.5327097707684488, 0.5421822250321291, 0.5282929430621257, 0.558611221395541, 0.5651108965925549, 0.5308596929130346, 0.5620554410245111, 0.5702656006467515, 0.5513599778431048, 0.5726727788215098, 0.5675543073726736, 0.5807057973267375, 0.5834355125392693, 0.5853334917970324, 0.581832541503768, 0.58887997917507, 0.5824079770540846, 0.5867960856876511, 0.5939377572225488, 0.5774879036606223, 0.5824307797179705, 0.5883886453466138, 0.5943062925252363, 0.6022971879312958, 0.5943208317393842, 0.5940902768701749, 0.6015770739835243, 0.5969718582388284, 0.5939703721931017, 0.5983776942543361, 0.5958503566790319, 0.5927181235258129, 0.5751617138368497], "training_time": 771.8706321716309, "avg_gradient": 0.0030948810459878757, "memory_usage": 1065.81640625}