{"train_losses": [0.2835217789625344, 0.25725202189515467, 0.24582412919920424, 0.23766987058131592, 0.2290842082027508, 0.22655076622639014, 0.22145433448579, 0.21660816402215025, 0.21340839208468146, 0.2104910761927781, 0.20791845412357993, 0.20536416631353938, 0.20489492777573026, 0.20318507184476955, 0.20168582520083242, 0.20045290911651176, 0.1979359249057977, 0.19692674530265125, 0.1942775238953207, 0.19517683480744777, 0.1931762958512358, 0.19483406493521255, 0.19151077038891937, 0.1891092891278474], "val_losses": [0.2700868064294691, 0.2562972929166711, 0.23916220017101453, 0.23412578390992206, 0.22859021664961524, 0.22514109799395438, 0.2166426965723867, 0.2313103332467701, 0.21918341128722482, 0.2156913711324982, 0.21121256992868756, 0.2083647089160007, 0.21170717931312064, 0.20291670314643695, 0.2073512219864389, 0.2078691335475963, 0.2069054181161134, 0.2006027931752412, 0.20200979191323984, 0.20280932375918265, 0.20411758967067883, 0.20090209174415338, 0.19664885622003805, 0.20141493269930716], "train_ious": [0.4352577326589844, 0.475463221254556, 0.49495893662822416, 0.5116083660851354, 0.525931859469932, 0.5312556344205915, 0.5395516969425522, 0.5478317416610491, 0.5529324770297697, 0.5584843378999957, 0.5627917275642567, 0.5670959508397441, 0.568928105675656, 0.5713905803049387, 0.5741821103661823, 0.5765102176886538, 0.5805467203583408, 0.5827497806993948, 0.586919221379187, 0.585453160674028, 0.5891640111804004, 0.5867215428447379, 0.5920348557765067, 0.5966623325062838], "val_ious": [0.4589054105074509, 0.4726530272459638, 0.5107467473633048, 0.5181353043602859, 0.5251608690705851, 0.5316895614715591, 0.5490444689125255, 0.5336845480445502, 0.5443768722639568, 0.5505982633086218, 0.5594944097641585, 0.5557142441039501, 0.5563088665189951, 0.571485202057638, 0.5713697708603265, 0.5561594792466235, 0.5610964140598325, 0.5741206135438836, 0.5726918321156848, 0.5772032837073008, 0.5742715746164321, 0.5738450050138045, 0.5839844028586927, 0.5708671166844992], "training_time": 500.10875272750854, "avg_gradient": 0.005890712087188388, "memory_usage": 1065.81640625}