{"train_losses": [0.27962186373770237, 0.2536044731412245, 0.24119604646187762, 0.2327616499008044, 0.22755098747818367, 0.2228155119911484, 0.217839938952871, 0.21486341896588387, 0.21169893969984158, 0.2095132606185001, 0.20677985412919003, 0.20555149537065756, 0.20281073426746804, 0.20141400080984054, 0.19996381883064043, 0.1993869785219431, 0.19845374981346336, 0.19494547176620233, 0.19671688965805198, 0.19283425832248252, 0.1928805227836837, 0.19105172165386056, 0.18916762604013734, 0.18876989436862263, 0.1886277236044407, 0.18759188226059728, 0.18687150100974934, 0.1859984499928744, 0.18458204432998015, 0.18423902915547724, 0.18248151453292888, 0.18361753816513912, 0.18286488091816072, 0.17990331902452136, 0.17919953078355477, 0.17956358931310798, 0.17799776784427787, 0.17847804725170135, 0.17669073621863904, 0.17495938665840938, 0.174140232493696, 0.17620858784926974], "val_losses": [0.2607059938752133, 0.24368775409200918, 0.24121171398007352, 0.23069388905297156, 0.22126474393450696, 0.2170350664983625, 0.2119772314377453, 0.2093309688827266, 0.20980199912320013, 0.20782837433659512, 0.21402347087860107, 0.20628812649975653, 0.1996933629979258, 0.2053337709411331, 0.20545039617496988, 0.19969499046387879, 0.19677693655957346, 0.1986309562040412, 0.19949987692677457, 0.19886330094026483, 0.19854621168064035, 0.1942420054389083, 0.191635906048443, 0.19700695865828058, 0.19424299766188083, 0.193250621466533, 0.1941585748091988, 0.19663071923929712, 0.19269405402567075, 0.19130746631518655, 0.18764871682809747, 0.18818827815677808, 0.18816793645205704, 0.18863396767688834, 0.1884764841069346, 0.1875103274765222, 0.19063700346843057, 0.18715806532165277, 0.18812392328096472, 0.18817928141873816, 0.18571456748506296, 0.18992508656304816], "train_ious": [0.43817928806537837, 0.48335904682028147, 0.5046551940233812, 0.519058559413837, 0.528996751441256, 0.5370281512268649, 0.5454937631831224, 0.550123277862651, 0.5558724180133878, 0.5602800457643857, 0.5650515225918396, 0.5669700525485087, 0.5722283887258476, 0.5749430081442649, 0.5771089581151806, 0.5782103320934633, 0.5800051431077116, 0.5863748336939707, 0.5830004946261211, 0.5897935942031338, 0.5900550717892853, 0.5925503363427909, 0.5954866887650624, 0.5970750065601392, 0.5973432867423351, 0.5988869568252047, 0.6008846288465934, 0.6018286486682682, 0.603744104558575, 0.6056013932262643, 0.6081770297841748, 0.6067377094017424, 0.6076180797232235, 0.6130598124818525, 0.6137878889946833, 0.6136928137013876, 0.6170838546493781, 0.6159576887561793, 0.6181748181689479, 0.6214744888138082, 0.6232674714123857, 0.6193475221702155], "val_ious": [0.46155910355889274, 0.5080107583299925, 0.49628833238629333, 0.5223668430378472, 0.5391906131652816, 0.5473221210033996, 0.5521445125341414, 0.5562974681024968, 0.5537907355937406, 0.5649754536756569, 0.5516319739213889, 0.5636966783499372, 0.5766120976296023, 0.5716591570256412, 0.5634001741806666, 0.5730215894139333, 0.5825715848933096, 0.5813126399897147, 0.5748373516227887, 0.5821077687584835, 0.5805869819461437, 0.5818560240061386, 0.5907002978998683, 0.5883283686378726, 0.5858395136352896, 0.5904680628707445, 0.5884287000998206, 0.5826963657054347, 0.5894750263811883, 0.5921137637418251, 0.5982888576345168, 0.5972294200589693, 0.6021111957404924, 0.5989625479864037, 0.600816222852555, 0.5967747474062272, 0.5945702985576959, 0.598911280217378, 0.6004141124262327, 0.5992330060057018, 0.6043650862099467, 0.596518488249917], "training_time": 874.9976708889008, "avg_gradient": 0.004644140485974658, "memory_usage": 1065.81640625}