{"train_losses": [0.28195862391072773, 0.2534103080144395, 0.2403574802953264, 0.23231990756871906, 0.22674366556431935, 0.22390096359278844, 0.22245443183118882, 0.21485063741388527, 0.21327232067351756, 0.21041949765513773, 0.20731751515489558, 0.20508126031769358, 0.2026716481246378, 0.20345741931511008, 0.2001204473654861, 0.1977757444686216, 0.1974260487958141, 0.19488485084603663, 0.19603029031144537, 0.1940441165605317, 0.1919145153268524, 0.19041067596686923, 0.18953311321852], "val_losses": [0.2590892868845359, 0.2490354659764663, 0.24882912117501962, 0.22631347049837527, 0.22113368044728818, 0.24742475411166315, 0.2168193705703901, 0.21273811744607013, 0.21199844291676645, 0.2095256969332695, 0.2049620135322861, 0.20237008125885672, 0.2011789579106414, 0.20465354783379514, 0.19861118236313696, 0.20101213390412537, 0.20080685485964236, 0.1983129352979038, 0.19729097252306732, 0.20193028223255408, 0.19720186422700467, 0.19480351876953375, 0.2032183939995973], "train_ious": [0.43830896596984414, 0.4817440737902689, 0.5063479897174719, 0.5195807192906516, 0.5305059239052344, 0.5349285386340773, 0.5374404230843421, 0.5499728406253068, 0.5528012682562286, 0.5581696316923782, 0.5632131464671399, 0.567329624748748, 0.5713763294768508, 0.5699140963724989, 0.5764456783299859, 0.5809216824346691, 0.5813443141894927, 0.5858841756007807, 0.5833794096673743, 0.58709433167309, 0.5905070251960686, 0.5933959912238777, 0.5946088741546955], "val_ious": [0.4677045605536821, 0.4852789089731548, 0.5075407208523888, 0.5304499428341355, 0.539149835921716, 0.4984180183298345, 0.5504406480037647, 0.5561111197955365, 0.5546711817167809, 0.5576193101596142, 0.5713953924351844, 0.5713833944089171, 0.5756888225458671, 0.5670345609170803, 0.5758881147788919, 0.5773426335358964, 0.5824131043492884, 0.5833236020112382, 0.5849138087984445, 0.5819385874530544, 0.5865429320197174, 0.5884042719136113, 0.5705248439225598], "training_time": 474.5216066837311, "avg_gradient": 0.003790595575650897, "memory_usage": 1065.81640625}