{"train_losses": [0.2797138549225486, 0.2555228622387285, 0.24323078512173632, 0.23517941748318466, 0.22773163466025953, 0.2220935793188603, 0.21806821858753328, 0.2155538977164289, 0.21267100707020448, 0.20986308521874572, 0.2059880936437327, 0.20441560487708318, 0.20206585874700028, 0.20111399767515453, 0.1998649812101022, 0.19764391664901507, 0.19573071728581967, 0.1957670179722102, 0.19356154909600382, 0.19335117353045422, 0.1912861545772656, 0.18916042440611383, 0.18951920897740385, 0.18969756453905418, 0.18733416189965996, 0.18789560517863088, 0.18441583345765653, 0.18596740965933903, 0.18248193225134973, 0.18506677732195542, 0.18216705330364083, 0.1803133593791205, 0.18105150872598524, 0.18015542189064232, 0.17883097639550333, 0.17873173425702946, 0.17811406031250954, 0.17747256297456182, 0.17563466087955495, 0.17706294608828815, 0.1757587660913882, 0.17574908568159395], "val_losses": [0.25681394597758417, 0.26445560092511383, 0.23295457531576572, 0.232923721489699, 0.22817130840342978, 0.21320573661638342, 0.21912850828274436, 0.21121740989063098, 0.21161215979120004, 0.20647065276684967, 0.20073651522397995, 0.2050742876270543, 0.2014786588109058, 0.1943010814163996, 0.19511494688365771, 0.20215121267930322, 0.20031731284183005, 0.19672623471073483, 0.19678428931080777, 0.19531889810510303, 0.19144049124873203, 0.19171453040579092, 0.18841365854377332, 0.1897964688098949, 0.19231481429027475, 0.19197777075612027, 0.1907738499019457, 0.18948542359082596, 0.187105107890523, 0.18781972708909409, 0.1884498920129693, 0.1857245992059293, 0.18510984046303708, 0.18999607083590134, 0.18443183114995126, 0.19007851021445316, 0.18625257844510285, 0.1869232414857201, 0.18752574661503668, 0.18641959098370178, 0.1853488181596217, 0.18467795039000717], "train_ious": [0.4398192622145448, 0.47959361360340863, 0.5028914647527795, 0.5166807530204889, 0.5285944839318594, 0.5384282954847036, 0.5453005224142384, 0.5500420762252981, 0.5547176396771183, 0.5603930265845163, 0.5679137122587882, 0.5701310046125149, 0.5742147578925327, 0.575276373089224, 0.5789776680910071, 0.5814657466945011, 0.5850073059183963, 0.5850196146014807, 0.588688270661278, 0.5897125462475031, 0.5931520559217621, 0.5966357682170211, 0.5960530399520333, 0.5959569820459338, 0.6002725236981672, 0.5994379256406559, 0.6047661933993946, 0.6027082530916601, 0.6084554608965264, 0.6043477297585081, 0.6091862751197984, 0.6123899743500826, 0.6110012639799842, 0.6122919004680453, 0.6145142978192241, 0.6144789226785089, 0.6157822831925277, 0.6171757862295791, 0.6198578567068649, 0.6176030145067238, 0.6197541133109212, 0.6201368702602558], "val_ious": [0.4729539111688516, 0.468167537904304, 0.517012954082178, 0.5199450375377268, 0.5255356226926264, 0.5532163775701455, 0.5458433266351187, 0.5554462068754694, 0.5595875041208405, 0.5641847813259002, 0.5730470795778261, 0.5681448176071263, 0.5744313221910725, 0.5861990998188654, 0.5809203388466352, 0.5720596803703171, 0.5824792328952014, 0.581938923916955, 0.5793861728431521, 0.588642965408339, 0.5900409182776575, 0.5908912148164666, 0.5967499376207157, 0.5980022098275197, 0.5933375846648561, 0.5934122133514158, 0.5901300285173499, 0.5984360672857449, 0.603063652480858, 0.6004889879537665, 0.6021080172580221, 0.6056709786256154, 0.6067201162593953, 0.598604957262675, 0.6076889394418054, 0.5982710922109906, 0.6037011325791262, 0.601826054894406, 0.606784259279569, 0.6015412667091343, 0.6027646062598712, 0.6055326742538508], "training_time": 877.2996308803558, "avg_gradient": 0.005498891963640821, "memory_usage": 1065.81640625}