{"train_losses": [0.2795487341835447, 0.25410857853358204, 0.2438448636752108, 0.23511654551586378, 0.2291087949567515, 0.22348176347820656, 0.2208853260330532, 0.21606461760466514, 0.2132889998509832, 0.21133262404929037, 0.2071194802613362, 0.2051911901520646, 0.20411875398586626, 0.20119100339386775, 0.19956520620895468], "val_losses": [0.2719304749499197, 0.2604687900646873, 0.2497590867721516, 0.2391525302892146, 0.229425601337267, 0.26357866467341134, 0.25519572068815644, 0.2150521242748136, 0.21260993377022122, 0.21393197353767313, 0.2131421277704446, 0.21802847216958585, 0.20626315344934879, 0.20395190495511759, 0.248975640081841], "train_ious": [0.4369798337473819, 0.48063345690784226, 0.500691647438899, 0.5157604871884636, 0.5262680877593977, 0.5352410865758639, 0.5411420999553755, 0.5488618460038431, 0.5538233302641605, 0.5576866681593051, 0.5644119619459347, 0.5678763711905997, 0.5699060495564903, 0.5753499127492526, 0.5783413683158767], "val_ious": [0.4667577447666637, 0.4666011703835018, 0.4976096147860307, 0.5121766064262044, 0.524932382763296, 0.48692412501659943, 0.4962125266159789, 0.551560122249783, 0.5578459965578023, 0.5560761143763859, 0.5573790416769361, 0.5489672654564831, 0.5663302402565444, 0.5689440173083458, 0.5220780739749687], "training_time": 312.4462380409241, "avg_gradient": 0.007516406178421257, "memory_usage": 1065.81640625}