{"train_losses": [0.27760607012264105, 0.2520764665273221, 0.24114020654688711, 0.23379485900311367, 0.2281189990108428, 0.22142909750666306, 0.21892724615400252, 0.21537135905869628, 0.2121115952892148, 0.21060100983342397, 0.2072209357891394, 0.204812233214793, 0.2011316089850405, 0.20099557717533215, 0.19931487075012663, 0.19785335708571516, 0.19647406349363533, 0.19549906812608242, 0.19362455144848512, 0.19428088758950648, 0.19177573158041292, 0.19100453413051108, 0.18971571577307972, 0.18801698768916336, 0.1885253072756788, 0.18778718424879987, 0.18730673347802265, 0.18563239033455434], "val_losses": [0.2840123490794845, 0.26578521922878595, 0.24862027978119644, 0.23054044758496078, 0.2252587646893833, 0.23004753045413806, 0.21810826723990234, 0.2193251093444617, 0.21373958173005478, 0.21827553083067355, 0.21914904046317804, 0.20843403721633164, 0.20505867833676544, 0.2094738062309182, 0.2070318130047425, 0.2056870019954184, 0.2021561345976332, 0.20147370579450027, 0.20892406416975934, 0.19772525650003683, 0.19792746298986932, 0.19928176733462707, 0.1982687348904817, 0.197732489394105, 0.19320069091475528, 0.19794066639050192, 0.20268675393384436, 0.2049051552363064], "train_ious": [0.4423597292650652, 0.48579278707072326, 0.5049672142696983, 0.5174075363446837, 0.5280272655890905, 0.5385059501597846, 0.5435592406361862, 0.5485876559185376, 0.5559001346591158, 0.5580551421836664, 0.5634386651757833, 0.567820724801741, 0.5750587631178938, 0.5745407069182912, 0.5785383833707239, 0.5810467234232286, 0.5830903643391271, 0.5847110705099243, 0.5886774500427038, 0.5877823167736981, 0.5917899439624256, 0.5924194606857887, 0.5952426893771562, 0.5983064265354819, 0.5965611615042757, 0.5987398861974907, 0.5998056877566418, 0.6027915971218678], "val_ious": [0.41916965574458015, 0.4728341095041539, 0.4965364097253136, 0.5275182692684989, 0.5354232303258301, 0.5313781283903815, 0.5490268434303394, 0.544964962463448, 0.5535144751918489, 0.5393270635302517, 0.5431386951519097, 0.5599994494215303, 0.5648795713980992, 0.5543264780139578, 0.5673396090666454, 0.5688443043525666, 0.572508724487346, 0.5766005721213162, 0.5698607350173205, 0.5812140150346617, 0.5792216166206028, 0.5751310720823811, 0.5830963966639143, 0.5824288131966109, 0.5894696680100067, 0.5794997260622357, 0.5744936764240264, 0.5638278400984362], "training_time": 585.0036020278931, "avg_gradient": 0.002650265712137974, "memory_usage": 1065.81640625}