{"train_losses": [0.2820747493887725, 0.25660284171285835, 0.24424116904644863, 0.23495806664552377, 0.22812731288697408, 0.22317786279903806, 0.2181776721516381, 0.21491858614203724, 0.21214218907382176, 0.21029740410006564, 0.2084394787316737, 0.20429308906845425, 0.20300003189755522, 0.20105362221922563, 0.2002259391643431, 0.1984802530673535, 0.1971173186826965, 0.19614929430510686], "val_losses": [0.2683592574751895, 0.25815299639235373, 0.2537479403874148, 0.24107951541309772, 0.22522985157759293, 0.2193469732351925, 0.2210059084970018, 0.21611179443805115, 0.2104707583785057, 0.20919904793086258, 0.21115460700314978, 0.204801630390727, 0.20584715416897897, 0.2056594264248143, 0.19957147344298984, 0.20338293780451236, 0.20194694561802823, 0.21543388781340225], "train_ious": [0.43541603812111007, 0.4774839445624664, 0.4994762726937947, 0.5150297435027533, 0.5264640991724491, 0.5357545273297506, 0.5440380815416578, 0.5499333213960776, 0.5542748010838807, 0.5592805434126352, 0.5619386566829854, 0.5694082092115844, 0.5710103071794129, 0.5747845660949097, 0.5761014398025429, 0.5796982831983033, 0.5825486009859521, 0.5840454272709893], "val_ious": [0.45390579395968006, 0.4879087641619254, 0.49225051614685333, 0.5165176001795825, 0.5387719600744869, 0.5480924974317135, 0.5378607777149782, 0.5496794192687324, 0.561657231355059, 0.558682865206746, 0.5593823328398276, 0.5637533051380214, 0.5638714819282724, 0.5699783328218734, 0.580584910036861, 0.5750491213107454, 0.5754119006619938, 0.5458182634218879], "training_time": 374.9278676509857, "avg_gradient": 0.004816933846225893, "memory_usage": 1065.81640625}