{"train_losses": [0.274543361576355, 0.2504982354686312, 0.2382556629245696, 0.2295194810013408, 0.2243268786241179, 0.21977117811532124, 0.21776308953438117, 0.21248898396025534, 0.21055492710160173, 0.20772367642949457, 0.20641986151104388, 0.2020116081542295, 0.20257579559541267, 0.20007591897054858, 0.19871700895221336, 0.19676895795956903, 0.19659633950694747, 0.19391299063420814, 0.1925280874838], "val_losses": [0.3059961057227591, 0.2528263576652693, 0.2428597522818524, 0.23274852043908575, 0.2560370344182719, 0.2270051027121751, 0.22605603738971378, 0.21510349214076996, 0.2151599043737287, 0.2135631571645322, 0.21101690504861914, 0.2088071328142415, 0.20997044022964395, 0.20680503255647162, 0.2085086486261824, 0.20365923578324524, 0.20591900594856427, 0.2003908844097801, 0.21688458615023157], "train_ious": [0.44689737157761206, 0.4877889012458966, 0.5103765973092422, 0.5251947037767668, 0.5336243504577357, 0.5408319621144431, 0.5452424701897133, 0.5540837177709825, 0.5580990361994588, 0.564070288847754, 0.565084194521541, 0.5723591542978216, 0.5722956346428909, 0.5769995585407901, 0.5784804485738276, 0.581607590227023, 0.5831877756593882, 0.5875988317032654, 0.5903672180206014], "val_ious": [0.3979092787789261, 0.4818259084570236, 0.5011069770308508, 0.5156781321418458, 0.47873300691877574, 0.5267532495916752, 0.5279561493923698, 0.5480164531348408, 0.5505684877651326, 0.5524220302485038, 0.5598415278870126, 0.5615610834481061, 0.560005796344384, 0.5677029736663985, 0.5652996496013977, 0.570129151361576, 0.566110946777938, 0.5773890985958818, 0.547360392368358], "training_time": 397.83536648750305, "avg_gradient": 0.005206608128606878, "memory_usage": 1065.81640625}