{"train_losses": [0.281581677172495, 0.25534458968626417, 0.2435939343565184, 0.23291714278900105, 0.22573468469731187, 0.22047606029588243, 0.2186469070451415, 0.21509976701244063, 0.21284612673132317, 0.20850474176847417, 0.20714357608686323, 0.2046266951314781, 0.204297323508755, 0.20218391514018827, 0.1996925295047138, 0.19856138324931913, 0.1980438135240389, 0.19663726627502753, 0.19514745166120323, 0.19097381603458655, 0.1924931422361861, 0.19176275809497936, 0.19016358653164428, 0.1883008166661729], "val_losses": [0.26573907551558124, 0.2568442248131918, 0.23795194049244342, 0.23214424369127853, 0.2233162739354631, 0.2386158539549164, 0.22808936497439508, 0.21641096861466116, 0.21051060473141464, 0.2165507061973862, 0.21784017623766608, 0.20455784739359564, 0.20334290713071823, 0.2026410844662915, 0.20565332634293515, 0.20809609280980151, 0.19898129027822745, 0.20499753563300424, 0.20236171782016754, 0.19727780184020166, 0.19513052410405615, 0.2035615453901498, 0.19605269088693286, 0.20925516505604205], "train_ious": [0.437171156970325, 0.47979918608199, 0.5011051073670388, 0.5200219978240959, 0.5317512382955653, 0.5408613631312832, 0.543496915854622, 0.5499293170869349, 0.554730126472271, 0.5616839989155963, 0.5641545379615348, 0.5682352712998788, 0.5694006182037402, 0.5733372305614358, 0.576577383403977, 0.5792217917632365, 0.5807214392268139, 0.583334280150956, 0.5850843787193298, 0.5931839894881279, 0.5907684940898765, 0.5920298429394977, 0.5944059966806916, 0.5974439747523571], "val_ious": [0.455644997349684, 0.47681160271167755, 0.5081123099594876, 0.5215779793435249, 0.5392997488379477, 0.5013327984058337, 0.5339402992656265, 0.5523400320738986, 0.5572131735043249, 0.5487109275831693, 0.5433005423865457, 0.5694490405528442, 0.5723778300959129, 0.5709945475277695, 0.5647456965584687, 0.5654531661151111, 0.5799663388642713, 0.5691605907851371, 0.5781991032586583, 0.5830265631278355, 0.5860162053419196, 0.575620095582976, 0.5837691888429114, 0.561731880341751], "training_time": 500.96493697166443, "avg_gradient": 0.004213562358426468, "memory_usage": 1065.81640625}