{"train_losses": [0.27771254944736545, 0.25878531777340436, 0.24528273195028305, 0.2352219521999359, 0.22824726334732512, 0.22473432803931442, 0.21988345034744428, 0.21631307576013648, 0.21391350646381793, 0.21054503742767416, 0.20840339216849077, 0.2064776099894358, 0.2032567234304936, 0.20136943548593833, 0.19911836103900618, 0.1978068381709897, 0.19730566093779128, 0.1971417763472899, 0.1940119916006275, 0.1947511756873649, 0.19201591052114964, 0.19153080977823422, 0.189843505135049, 0.1896673468467982, 0.18800312248261078, 0.1880207845698232, 0.18596751275269882, 0.1864221732577552, 0.18518322244610474, 0.18344833952901157, 0.1830819438657035, 0.18208220115174417, 0.18075345067874246, 0.18124165402158446], "val_losses": [0.26849721242552216, 0.2468834853042727, 0.23244279493456302, 0.23447170724039493, 0.22495460315890933, 0.22002277814823648, 0.21794422068025754, 0.22302663974140002, 0.21019952290731928, 0.20785097324329874, 0.20951338209535764, 0.20316727394643036, 0.2017798271516095, 0.2057832942708679, 0.1986500471830368, 0.2003086040849271, 0.20176951522412506, 0.19793394823437152, 0.1942120968647625, 0.1944462942040485, 0.20203492077796356, 0.19519696773394293, 0.1978647517769233, 0.19106867812249972, 0.19149349014396252, 0.19952716548805652, 0.18995105604762616, 0.18993217141731925, 0.19301054043614346, 0.18884521042523178, 0.18888454365989435, 0.18721664016661438, 0.1885183615529019, 0.19217514408671338], "train_ious": [0.44009231344756217, 0.4739659389453951, 0.4976341219591923, 0.5156130012448716, 0.527745555492415, 0.5335581212749946, 0.5419814604186063, 0.5484065002883258, 0.5528799233067296, 0.5588612743531881, 0.5625398785307788, 0.5650335282519244, 0.5715637713994669, 0.5745013711461123, 0.5789155808371911, 0.5807619616929172, 0.5821025410964005, 0.5817440449111703, 0.5879175260231114, 0.5866588918303236, 0.5913983478710272, 0.5923374173217927, 0.5946852300802001, 0.5952206384120643, 0.5986625061950823, 0.5983533532075258, 0.6016327376490921, 0.6014123204285683, 0.6030844246995622, 0.6071740138357962, 0.6068061495172804, 0.6090865835439464, 0.6112871037229248, 0.6106339392886647], "val_ious": [0.46189956939306837, 0.4932802011785299, 0.5176424652985905, 0.5149559068723003, 0.533983952757241, 0.5375235393859337, 0.5434051143086476, 0.5402428211941236, 0.5616550540578538, 0.5609941978169524, 0.5653493104205616, 0.5657480374194573, 0.5741391348234121, 0.5639105586038121, 0.5791771055563637, 0.5774877149125803, 0.5771700104941493, 0.5805561117072037, 0.5884070508721946, 0.5862178411604703, 0.574638507720353, 0.5864066691070363, 0.5861935092919115, 0.589686114071072, 0.5924945052551187, 0.5829249402319177, 0.5978521117265674, 0.5972116706163988, 0.5926172992457515, 0.5979077785775282, 0.600106256811515, 0.59950157503287, 0.5989931256010913, 0.5850440196800922], "training_time": 707.1567525863647, "avg_gradient": 0.003185767247079861, "memory_usage": 1065.81640625}