{"train_losses": [0.28312397497179714, 0.2551084514707327, 0.24660444575483384, 0.23741401343241983, 0.231334807837139, 0.2267903543036917, 0.22370617107852644, 0.21974107801266338, 0.21720018764228924, 0.21374210253681825, 0.21082349445508874, 0.20976309235329213, 0.20730632341102415, 0.20617334933384604, 0.20364435057601202, 0.20152122964677605, 0.20096912664239822, 0.19946443905001102, 0.1979223279201466, 0.19763440112380878, 0.19516313140806946, 0.19434737989112086, 0.19360459855069284, 0.19125515635570753, 0.19129395225773688, 0.18980014923474062, 0.18811262690502664, 0.18650720997349077, 0.18720325455069542, 0.18652397232211154, 0.1871506732929012], "val_losses": [0.29015225172042847, 0.25476661389288696, 0.24572681311679923, 0.23770150574653046, 0.23033665088207825, 0.22899070382118225, 0.22318590076073355, 0.21885919506135193, 0.22530767418768094, 0.2174849024285441, 0.21453436593646588, 0.20695964506138925, 0.20905024266761282, 0.20905219407185263, 0.20642780577358993, 0.2049339050832002, 0.20375649469054263, 0.203676990840746, 0.20562147673057474, 0.2008689016751621, 0.20309125696835312, 0.1976900631966798, 0.19798227334799973, 0.19852060403512872, 0.2016271138968675, 0.19540542623271112, 0.19573181446479715, 0.19573310989400614, 0.1994031042508457, 0.1934784605451252, 0.20929457895133807], "train_ious": [0.4365835322903983, 0.47966650336224953, 0.49554911890215597, 0.5122842591903779, 0.5221601618804792, 0.5310114259305208, 0.5355576845290867, 0.5428883322933011, 0.5464424885323512, 0.553209349540049, 0.5579982450420875, 0.5602774964510533, 0.5642584245382007, 0.5660996689744617, 0.5707736533081185, 0.574164700302957, 0.5760949826866821, 0.5787769856768241, 0.5812288427698442, 0.5815354283845078, 0.5857555607630719, 0.5870962990042955, 0.5883855139431747, 0.5933386008052721, 0.5923754984809869, 0.5956259511843106, 0.5982838147252363, 0.6014376068892684, 0.5994083684315719, 0.6013694894702538, 0.5992581607854883], "val_ious": [0.415660517047281, 0.4932128833471864, 0.49307311423446815, 0.510981771717037, 0.5251288771413375, 0.5197603685268457, 0.5425354651566866, 0.5415591843750166, 0.5304293692975804, 0.5390953147324963, 0.5517197093669917, 0.5609067378268723, 0.5621732786513755, 0.5610625851845397, 0.5624674727087435, 0.5708650445592575, 0.5693744284951169, 0.5672143324129822, 0.5628295901460924, 0.5718400247287059, 0.5720612827850428, 0.5813806836587795, 0.5849353029676105, 0.5808397034804027, 0.5698736253855885, 0.5823747621498248, 0.5850668841082118, 0.5881715537845223, 0.580196847734244, 0.5916033348311548, 0.5626923215130101], "training_time": 648.6356375217438, "avg_gradient": 0.003618655710274842, "memory_usage": 1065.81640625}