{"train_losses": [0.27835944141058816, 0.25320816088629805, 0.2411377263943786, 0.2312285083791484, 0.22584865606673385, 0.22072074756674145, 0.2176805572665256, 0.2139838216421397, 0.21155125194269678, 0.20834282194466694, 0.2054878768875547, 0.2048767417183389, 0.20091604311829028, 0.19885871923812057, 0.19858907236029272, 0.1961412502695685, 0.19463539115436698, 0.1929836285341045, 0.19241777272975963, 0.19074369230024193, 0.19017901142006335, 0.1880766445689875, 0.1875645716715118, 0.18690361187833807, 0.18637179089305195, 0.1833222365897635, 0.18267300619703272, 0.18320776894688606, 0.18072051797872005, 0.18027726058726726, 0.1794391270402981, 0.17873181062548057, 0.17704686320022398, 0.17641127781699534, 0.17715453477981297, 0.17570160118782002, 0.17667669997267102, 0.17482784244677294], "val_losses": [0.2674302021446435, 0.24526992634586667, 0.23515331745147705, 0.2280788800638655, 0.23567976964556653, 0.22406217391076294, 0.22839792493892752, 0.21584298170131186, 0.20742940092864243, 0.2092104489388673, 0.2080943820917088, 0.20422345950551654, 0.2041454159695169, 0.20585596626219543, 0.20580511216236197, 0.20737541758495828, 0.19635095836027808, 0.20410461399866187, 0.19439747443665628, 0.19453193344499753, 0.1982334217299586, 0.19387393833502478, 0.19699262665665668, 0.19854046112817267, 0.19338058000025543, 0.1941419930561729, 0.19907110864701477, 0.19197412288707236, 0.19573771402887677, 0.18877715487842975, 0.19191268701916156, 0.1920756555121878, 0.18828263230945752, 0.19031375387440558, 0.18667151843724045, 0.18763827921255774, 0.1948878204692965, 0.20404962191115256], "train_ious": [0.4416117362840019, 0.4830661935164876, 0.5059354689944048, 0.5221473580847186, 0.5319813107936708, 0.5406088778290196, 0.5458792407011639, 0.5524288094939963, 0.5571891281051914, 0.5627139664214592, 0.5678169581553211, 0.569058281194041, 0.5755043057319912, 0.5793356219765502, 0.5803386583600354, 0.58480461038973, 0.5860553205661153, 0.5898283142866433, 0.5898610464688661, 0.593648950960757, 0.5948051458791551, 0.5986199692107632, 0.5997074607597744, 0.600821471138709, 0.6015492644754874, 0.6063028991870258, 0.608066068881232, 0.6071382326924283, 0.6109096426786719, 0.6119667039509273, 0.6138132418087431, 0.6151091668052948, 0.6178069995797201, 0.6192281194355178, 0.6178044806895909, 0.6202946996343311, 0.6192797130324702, 0.6217297701623989], "val_ious": [0.4544554350600727, 0.5028696849510291, 0.5204443360368409, 0.5315574019931365, 0.5273235147629959, 0.5295338119933571, 0.5327364488140394, 0.5534204863335775, 0.5665672024091085, 0.5576232476294904, 0.5607659052247588, 0.5731000861395962, 0.5717121310856031, 0.5700522801582363, 0.5676636036107506, 0.5629295037276503, 0.5847668567861337, 0.5727626980430838, 0.588147941922796, 0.5887871550908987, 0.5833997560152108, 0.5887208004360612, 0.5844929559507233, 0.5821063792791921, 0.592991851594137, 0.587313913564751, 0.5848805876313776, 0.5935133727996246, 0.5887873723455098, 0.600881965479989, 0.5948791378650115, 0.59749800182771, 0.5983476109694746, 0.5926481599825018, 0.6056446189033812, 0.6021085463572241, 0.5953097164198973, 0.5738581336926724], "training_time": 791.329662322998, "avg_gradient": 0.00491811186328408, "memory_usage": 1065.81640625}