{"train_losses": [0.285842491718738, 0.25801762509281223, 0.24492246115013308, 0.23530438955387342, 0.23076609343938206, 0.22459972366366698, 0.2215218697067188, 0.21933475679353528, 0.2148580900190965, 0.21292078284465749, 0.2096191676252562, 0.20747261332428973, 0.20462796237805617, 0.20402126160004866, 0.20306613377254942, 0.2013138781261185, 0.19869870222781016, 0.197366155360056, 0.19638456590473652, 0.19697894844348016, 0.1945695219480473, 0.19320121642364108, 0.19087686284404734, 0.1916588811284822, 0.19023361688722734, 0.18854416177972502, 0.1872316781917344, 0.18695177874811317, 0.1864061267317637, 0.18459050049600395, 0.18449083310754402, 0.18413805864427402, 0.18170204693856445, 0.1828904609479334, 0.1801608181356088, 0.18102698481601218, 0.18080751524995203], "val_losses": [0.25793610092090524, 0.24976963873790659, 0.24329049788091495, 0.2311488513065421, 0.2393477646552998, 0.22120483284411224, 0.2248256799319516, 0.22053717919017957, 0.21690614035596018, 0.21497249246939368, 0.20980209760043933, 0.20733506815588992, 0.20555761164945105, 0.20247682734676029, 0.21418241897354956, 0.20480004665644272, 0.20212678740853848, 0.19789362407248953, 0.20132161514914554, 0.20953500562387964, 0.19742736317541287, 0.1944074374826058, 0.19569748996392541, 0.19525078327759451, 0.1931148485645004, 0.19436207899580832, 0.19488844178293063, 0.19559458286865897, 0.19489842653274536, 0.19517995287542758, 0.19191634687392609, 0.19325937946205554, 0.19753570239181104, 0.1958601766306421, 0.1898414754997129, 0.1898560880318932, 0.19642495234375415], "train_ious": [0.4311619193016456, 0.47458745361022325, 0.4981227997096551, 0.5152455931934325, 0.5233158090732233, 0.5342716114946466, 0.5396940935727048, 0.5430509888607522, 0.5512455072577881, 0.5547829298977404, 0.5598195823098436, 0.56407194978733, 0.5686194686678008, 0.5700524366744186, 0.5723792363120161, 0.5745119627403179, 0.5787428494920764, 0.5817506524423754, 0.5829282287994156, 0.5820552652728725, 0.5865514266534129, 0.5888615200377029, 0.5933105033160986, 0.5915497387556928, 0.5943877850321756, 0.5970098709390647, 0.5994415211936701, 0.6005591970422995, 0.6013105797810836, 0.6041651636470057, 0.6044010063228401, 0.6053404524058537, 0.6089861760644812, 0.6069288681382721, 0.6115661727237535, 0.6101197699705757, 0.6105976454049779], "val_ious": [0.47931191983862187, 0.48345097823851346, 0.5092619260152182, 0.5250034632458205, 0.5023029553501501, 0.541667523915353, 0.5400748563849408, 0.5375335318022882, 0.5463345739720523, 0.5546614154093507, 0.5577912674002026, 0.568619837363561, 0.5659481982390087, 0.577342173975447, 0.5571324097505513, 0.5670538881550665, 0.5694170797216721, 0.5797714042490808, 0.5773332928833753, 0.5672776455032652, 0.5815020555603332, 0.5841154678576235, 0.5807859856581342, 0.5859346668357437, 0.5880301521308179, 0.5902511879153873, 0.5833571993786356, 0.5871816141449887, 0.587764629635258, 0.5896866982397826, 0.5960954879073127, 0.588586820424467, 0.5858243697363396, 0.5874372219693835, 0.5980868307144744, 0.5949540393076082, 0.5800282473581424], "training_time": 770.8729176521301, "avg_gradient": 0.0036957914489330087, "memory_usage": 1065.81640625}