{"train_losses": [0.28220598739774333, 0.2596287435001653, 0.24702501620935358, 0.23933818280372932, 0.23068853184256866, 0.22625102944996045, 0.22128090149034624, 0.21894720536859139, 0.21578871110535186, 0.21237591986099016, 0.20897757480649845, 0.20649337995311487, 0.20565659164086633, 0.2032069061761317, 0.20340628865296426, 0.19959373261941515, 0.19813416250374005, 0.1976718883961439, 0.19493299455422422, 0.19454864274872385, 0.19333080040371936, 0.19152252181716586, 0.19119996852848842, 0.1893635392189026, 0.18814711353701094, 0.18865862197202185, 0.18709992147658183, 0.18537020561811718, 0.18455205801064553, 0.18349116093114667, 0.1837191843306241, 0.18350115458926428, 0.1809111392206472, 0.18124373540606187], "val_losses": [0.2654321456085081, 0.253922907554585, 0.26047348684590793, 0.2400938159097796, 0.22631209214096484, 0.22727850079536438, 0.2328906370245892, 0.2197549339869748, 0.21653981247673865, 0.22344257455805075, 0.2105720610074375, 0.2073747117234313, 0.20618829779002978, 0.20284630099068518, 0.20041117104499237, 0.20319739081289456, 0.20218009404514148, 0.19999422521694846, 0.1984178167970284, 0.20341151078110156, 0.20080684805693833, 0.20343641969172852, 0.1954480613703313, 0.19698285732580267, 0.19897240529889645, 0.19293682018051977, 0.19645949453115463, 0.19228526917488678, 0.19156263217977856, 0.1953988289055617, 0.19402599172747653, 0.19682687261830206, 0.1925521612815235, 0.19784609293160232], "train_ious": [0.43331009536927584, 0.47154544129211845, 0.49413097649812693, 0.508300814156731, 0.5234382161465674, 0.5313414304476718, 0.5394255009250364, 0.5438898577746274, 0.5493379165350958, 0.5556022156353879, 0.5604621042106033, 0.5663288189233213, 0.5673842532155307, 0.5709831004125483, 0.5710327694381491, 0.5782869466836901, 0.5809669301885625, 0.581715647239184, 0.5861010923441772, 0.5868881867415664, 0.5893096631743768, 0.5920126955362328, 0.5926074680426847, 0.5961511281413447, 0.5986368786813555, 0.5968661461079465, 0.6007666672593441, 0.6032797529537607, 0.6046984709151415, 0.6065724731787391, 0.605782607165368, 0.6064920634895128, 0.6110399671546795, 0.6108136387622877], "val_ious": [0.4576490868044935, 0.48140954075084197, 0.4801859542511511, 0.507384693061096, 0.5330677462228831, 0.5302534185457922, 0.5233102987209955, 0.5398920191370923, 0.5486739256243773, 0.5347698436699051, 0.5596755883399991, 0.570044497648875, 0.5650224975053815, 0.5733946792889332, 0.5781286613664766, 0.5742577577846637, 0.5735103878853978, 0.5776914161616479, 0.5798587799072266, 0.579073527800864, 0.5775847836681035, 0.5775470815706943, 0.5892804683982462, 0.5812726472167001, 0.5852947714536086, 0.590242823396904, 0.5869214893251226, 0.5900918364092924, 0.5944631937621295, 0.5902569687020952, 0.5918743152549301, 0.5876707963753438, 0.5913151556598966, 0.5801544625690018], "training_time": 711.3325214385986, "avg_gradient": 0.006367832038978779, "memory_usage": 1065.81640625}