{"train_losses": [0.2801365744646477, 0.2551925157237312, 0.2444755764597136, 0.23556438161303167, 0.2294538306153339, 0.22537500046841477, 0.22031219012063483, 0.2166615812026936, 0.21399845020926517, 0.210772892460227, 0.20807928802526515, 0.20721238268458325, 0.20362930267077425, 0.20236084456353085, 0.20213273694009884, 0.19842155285827492, 0.19701647993339144, 0.19509669611959354, 0.19443971558433512, 0.1938962206730376, 0.19215248517044212, 0.19116112913774408, 0.1897465763208659, 0.1895091357924368, 0.18808700937939726, 0.1863728182633286], "val_losses": [0.2613575889364533, 0.25113351286753366, 0.24423283435728238, 0.2404198478097501, 0.22330402226551718, 0.2157779183724652, 0.23409692716339361, 0.25258320634779724, 0.21774003525143085, 0.20888059327135916, 0.2027949778282124, 0.20305827583955682, 0.20571409360222195, 0.20824897030125494, 0.20001187823388888, 0.1945796424280042, 0.20178172640178516, 0.20103046913509784, 0.19714558837206467, 0.19986728740775067, 0.1921895026512768, 0.19266376028890195, 0.203614741563797, 0.1964447819020437, 0.19357402525518252, 0.1973553737220557], "train_ious": [0.4370534822641725, 0.4800674199410106, 0.4984367496023574, 0.514444524773221, 0.5246138479560615, 0.5321590167240818, 0.5407491892414249, 0.5473956913295867, 0.5519805288185242, 0.5568105969308078, 0.5616004408161709, 0.5635898472822229, 0.5695737899429557, 0.5724657920823579, 0.5721102108558017, 0.5782391505612845, 0.5812950956540696, 0.5854839168057066, 0.5862012002887067, 0.5869739197626496, 0.5898541090605048, 0.5920508181595285, 0.5942878310123217, 0.5949338332790396, 0.5978446261066456, 0.6001004758088484], "val_ious": [0.465137391310671, 0.4882916148374046, 0.5059104346926661, 0.502460750548736, 0.534667388792487, 0.5523534086735353, 0.5215239738640579, 0.4980766157741133, 0.5361011603820149, 0.5644121800643811, 0.5739332366248836, 0.567205144227415, 0.5609100929636884, 0.5562317027993823, 0.5800921668608983, 0.587212474881739, 0.5787331127170202, 0.5794657105984895, 0.587073994719464, 0.5780292995598003, 0.5907333948905916, 0.5896096501661383, 0.5768063413924065, 0.5803514513848483, 0.5922077585389648, 0.5782140294710794], "training_time": 543.2795453071594, "avg_gradient": 0.004822693450605159, "memory_usage": 1065.81640625}