{"train_losses": [0.2839625676203033, 0.2582810041697129, 0.24645438280118548, 0.23765180324730667, 0.22988962657425716, 0.22508310291754163, 0.2218727709968453, 0.21750715852755567, 0.2146112062036991, 0.2121140081435442, 0.21033975741137628, 0.20801343258632266, 0.20452347940400892, 0.20273794468654238, 0.2019357632683671, 0.19966683463881846, 0.19880804006496203, 0.19790410938794198, 0.19636640527650065, 0.19419909827411175, 0.19514058254983113, 0.19296605860733468, 0.19147733849999699, 0.19057092256844044, 0.18866821734801584, 0.18977603777919128], "val_losses": [0.2744655965462975, 0.26027831111265265, 0.2534007132053375, 0.23103308094584424, 0.22011878600587015, 0.21662755018990973, 0.22143484004165814, 0.20840405608000961, 0.21878499246161917, 0.20092294883468878, 0.20435064124024432, 0.19761899469987207, 0.2005072462817897, 0.19601670263902002, 0.1978724608602731, 0.19715737616238388, 0.19518623209517935, 0.19878337759038675, 0.19707959112913712, 0.19263750509075497, 0.19599378497704215, 0.19537427146797595, 0.1968643610244212, 0.18731775944647583, 0.1949533492974613, 0.19859687303719314], "train_ious": [0.4320418587548357, 0.4753616494599026, 0.4952508397400383, 0.511441540809861, 0.5252999301351929, 0.533520473194295, 0.5392784405823636, 0.5465344615766534, 0.5515946594701298, 0.5564189795134726, 0.5583732930700418, 0.5635295927092648, 0.5696820895039084, 0.5726666046657426, 0.5738282825635828, 0.5784177983152692, 0.5794446982875249, 0.582328083452539, 0.5840307815351347, 0.587368750971728, 0.5868077780781451, 0.5895306189423021, 0.5927823343570678, 0.5938288040891074, 0.5983226393767889, 0.5954997152953908], "val_ious": [0.43412446813738864, 0.48107394176548823, 0.49270536199859943, 0.5259198386600052, 0.5396423659462861, 0.5505014601824939, 0.5389570637025694, 0.5617597230534621, 0.5520252265791963, 0.5734348523875941, 0.5713767366132875, 0.5809864116751629, 0.5760924042998881, 0.5846588605124017, 0.5791454546261525, 0.5869698779306549, 0.5846704514562219, 0.584234603073286, 0.584687682165616, 0.5885807502528894, 0.5774463045856227, 0.5876999955246415, 0.5865492948155471, 0.5979235524284665, 0.5877539945253426, 0.5806036574253137], "training_time": 539.152090549469, "avg_gradient": 0.0035344334509657097, "memory_usage": 1065.81640625}