{"train_losses": [0.2832885499557723, 0.2546974231043588, 0.2431001250186692, 0.23434358065866906, 0.22948306701753451, 0.2224468635800092, 0.219598559986638, 0.21730543122343396, 0.21335599968290847, 0.2110108979370283, 0.2076408891412227, 0.20540921956948613, 0.2040284016048131, 0.20236555940431097, 0.20048205522091492, 0.19907670816325623, 0.1970575706952292, 0.19592398235007472, 0.19870602728232092, 0.19372937002259752, 0.1922402770622917, 0.19129247048302836, 0.18971978994491306, 0.1894671352499205], "val_losses": [0.2795055272138637, 0.25676212718953256, 0.2509860882292623, 0.2344159182647, 0.22981887051592703, 0.2204970072792924, 0.23017950356006622, 0.2266190858638805, 0.21998830431181451, 0.21302531724390777, 0.21174707652434058, 0.21061091448949731, 0.213502225668534, 0.20230947046176248, 0.2045671706614287, 0.2017727202695349, 0.19864019557185794, 0.20273170263870902, 0.19805538362782935, 0.19812611522881882, 0.19790857220473496, 0.19611837585335193, 0.19416167392678882, 0.20556177069311557], "train_ious": [0.43384582025295904, 0.4812735862004151, 0.5029727566339399, 0.516967788743584, 0.5259328363598259, 0.5373625218922242, 0.5431125880745445, 0.5473355737555284, 0.5534625074731698, 0.5581180573697537, 0.5638637225804987, 0.5678844887601293, 0.5708933690751807, 0.574047778935536, 0.5766248388782788, 0.5794813515807403, 0.5824455860732257, 0.585253636960102, 0.5799676167468233, 0.5884462903807129, 0.5909390265958895, 0.5929136302160178, 0.5959808307605376, 0.5962834944003734], "val_ious": [0.4563158002236615, 0.4759640577046766, 0.48059411973193067, 0.5197399019979049, 0.5178863424537837, 0.5448414171519488, 0.5289165200530619, 0.5440701114526693, 0.5480344479066737, 0.5567949641010036, 0.5587321949609811, 0.5594241193671158, 0.555581183537193, 0.5750943852075632, 0.5740898996591569, 0.5713506461917489, 0.5799651677193849, 0.5778511281030766, 0.5860049264586491, 0.5827019875464233, 0.5830143124297043, 0.5843271306459452, 0.5875493402498355, 0.5689978631942169], "training_time": 501.07356548309326, "avg_gradient": 0.006937217099084921, "memory_usage": 1065.81640625}