{"train_losses": [0.2797568770044524, 0.25608827157512953, 0.24443848617374897, 0.2358775116989146, 0.22918310810042464, 0.22477239240770755, 0.2205255104471808, 0.21733626423646574, 0.2137297060664581, 0.2115109394425931, 0.20818749782831772, 0.2064249204552692, 0.2043608333915472, 0.20216923660558203, 0.20113499187256978, 0.19946354279375594, 0.19902147174529408, 0.1957570055256719, 0.19521996686639992, 0.19373191593457822, 0.19144033179011033, 0.19115305740548216, 0.19339468346341795, 0.18903347598793713, 0.1879506324944289, 0.18745452117012895, 0.18674199631356675, 0.18594129901865256, 0.18508635347952013, 0.184578535673411, 0.18298561692885731, 0.18220641569274923], "val_losses": [0.26468823364247446, 0.24754496793384137, 0.24368629766547162, 0.23451043794984403, 0.22723472053590027, 0.2270726010851238, 0.21403007630420767, 0.2166396259613659, 0.218947130376878, 0.2177629869269288, 0.20771224310864572, 0.21195132414931836, 0.20535163484189822, 0.20559892771036728, 0.2080241600456445, 0.2054338286752286, 0.1990491903346518, 0.19861442206994348, 0.21603251637324042, 0.1966962189130161, 0.20305798461903696, 0.19275433894084848, 0.19571784916131393, 0.19297389459350836, 0.1937790027131205, 0.19303057375161545, 0.1925084574714951, 0.19409239486507748, 0.19233134129773016, 0.19160754654718481, 0.19248144231412723, 0.20424131627963937], "train_ious": [0.4367253683790889, 0.47808911330134085, 0.4995358229979225, 0.5145155921092502, 0.5257182773202658, 0.5338193078295908, 0.540903554500445, 0.5447706346926481, 0.5525063548399056, 0.5557652162522942, 0.5621624052308607, 0.5656003276884987, 0.5692182091483171, 0.5732340326775675, 0.575302071383466, 0.5776229565558229, 0.5788525376954804, 0.5840956551981143, 0.5853598226347699, 0.5879425256904486, 0.5919058279174821, 0.5923139320119563, 0.5885804456699157, 0.5966201604924338, 0.5982507080703542, 0.5993765238402549, 0.6000822289050491, 0.6015122370875399, 0.6031231466626776, 0.6037681688541089, 0.6069843410581778, 0.6080818935904815], "val_ious": [0.46793557919453893, 0.4919088221546533, 0.49644986108161404, 0.5152874544694802, 0.5323395689112553, 0.5302422881342362, 0.5520336173366808, 0.5461263670653536, 0.5431800043021423, 0.5451655392197595, 0.5644591983029807, 0.5577102979456169, 0.571605194090069, 0.5717042375733888, 0.5660076519285423, 0.5696996873703556, 0.5739885996217312, 0.5771309677241504, 0.5624226521754611, 0.5848867351162259, 0.5722196333218312, 0.5906011261369871, 0.5878012795811116, 0.5903161904518154, 0.586596306035484, 0.5894364252470543, 0.5907135923271594, 0.5906660582708276, 0.5957265355880711, 0.5929137109846309, 0.5937412897313851, 0.5757081430891287], "training_time": 665.7641401290894, "avg_gradient": 0.004061354007305701, "memory_usage": 1065.81640625}