{"train_losses": [0.2790278891182464, 0.2521386574143949, 0.23954970106158568, 0.23441253181384958, 0.22617933996345685, 0.22164948900108752, 0.21931021563384845, 0.21466246393063795, 0.2116888158995172, 0.20907972437208114, 0.206121482602928, 0.20513033874980782, 0.20082182979778104, 0.20102680612193502, 0.19935734011232853, 0.1971253935733567, 0.1956174127433611, 0.19424968180449112, 0.19549807711787845, 0.19235980057198068, 0.19188670044683892, 0.1900535632410775, 0.18800324193485404, 0.18713451079700305, 0.18694448714023051, 0.186392219008311, 0.18437563417398412, 0.18443740475112977, 0.183884192744027, 0.18257359625852626, 0.18257368501761687, 0.18048996713174426, 0.18010377916304962, 0.1795283132435187, 0.17708911017879195, 0.17768994354359482, 0.1767982019354468, 0.17630476310201312, 0.17527761018794516, 0.17573166177000688, 0.17459998158333095], "val_losses": [0.267483691158502, 0.2582936549316282, 0.24360673907010452, 0.23449357307475546, 0.22854574057071106, 0.2315099339770234, 0.22153720907543017, 0.217864820814651, 0.21485333112270935, 0.2087388524542684, 0.216666544261186, 0.20652627005525256, 0.20475249478350516, 0.20610254452280377, 0.2024215592638306, 0.2010915172488793, 0.1976900486194569, 0.21001437500767087, 0.19776237917983014, 0.19714789481266684, 0.19767591713563257, 0.1987155465328175, 0.19626451218905655, 0.19654102850219476, 0.19603920468817587, 0.1963038587051889, 0.1971035845901655, 0.1974560663751934, 0.19537618885869565, 0.19264376746571582, 0.19278637449378552, 0.19504586283279501, 0.19377567359934683, 0.1907698184899662, 0.19320858043173086, 0.19148261618355047, 0.19275010765894598, 0.19371452474075815, 0.19247099821982178, 0.18917036024124725, 0.1965166612163834], "train_ious": [0.44183495740635687, 0.4855163301192764, 0.5081283128887848, 0.5175267611562774, 0.5309295551986367, 0.5386979343720537, 0.5432188908529022, 0.5515066081037123, 0.5567128602145379, 0.5604987183072864, 0.5659207985129044, 0.56752904423553, 0.5755029397382253, 0.5752937667395754, 0.5779019666538724, 0.5818623927948265, 0.5840574344755084, 0.5863556254493154, 0.5846778776874577, 0.5905678360790444, 0.5909493674078711, 0.5940034672401954, 0.5974567005059859, 0.5996372541007791, 0.5995161300660046, 0.6006824115588181, 0.6047319522586425, 0.6041796591294851, 0.6051367573116133, 0.607929956599854, 0.6073193825457409, 0.6109720444225747, 0.6115864502347034, 0.612257662890614, 0.6166062667102052, 0.6160788500978462, 0.6173595459996788, 0.6188264741305857, 0.6202983510127099, 0.6195126954952016, 0.6216115950998191], "val_ious": [0.45699915289878845, 0.4733990684583568, 0.49688999797554984, 0.5202066455630288, 0.5244338612841523, 0.523891536006029, 0.5444907973641936, 0.5509375343504158, 0.552659217538177, 0.5614153281718061, 0.5517115693377412, 0.5674972683191298, 0.5716643379866212, 0.5639223409951597, 0.5722495957777121, 0.576957340689673, 0.5819203821213351, 0.5628281488366749, 0.5793393152779427, 0.5791566861064537, 0.5816541791394136, 0.5828728174817733, 0.5875848741203112, 0.587096932357636, 0.5877997432497964, 0.5895506046388462, 0.5856714084528494, 0.5868495342092238, 0.582898930578992, 0.594195543207984, 0.5945269761310107, 0.5895571468964868, 0.5922737374253895, 0.6001032783069471, 0.5908407592687055, 0.5971091646647108, 0.5946270333252093, 0.5957370711409528, 0.5976396764534107, 0.5962957886682039, 0.590652012090752], "training_time": 851.5282866954803, "avg_gradient": 0.004379103168440285, "memory_usage": 1065.81640625}