{"train_losses": [0.28169362821980665, 0.25393323268255463, 0.2441205986492012, 0.23433822344826616, 0.2294081607428582, 0.22336875371958897, 0.2203605828563804, 0.21749814510669396, 0.2133236213222794, 0.21030481613200644, 0.20848552137613297, 0.20714792479639468, 0.20412932198656641, 0.20293777071587418, 0.20111815299352873, 0.19824898939417757, 0.1965961745413749, 0.19641744442608045, 0.19577417498373467, 0.19207803321921307, 0.19328088013698225, 0.19147197683544262, 0.19037312018158642, 0.18803728663403055, 0.1880573420582906, 0.18706396635135877, 0.18700239199983038, 0.18642541976726573, 0.1852811395150164, 0.18263700912180153], "val_losses": [0.27050951479569724, 0.24378167999827344, 0.250479844601258, 0.22947637866372647, 0.22307349741458893, 0.21899251186329385, 0.22695397456055103, 0.22984314515538837, 0.2094200632494429, 0.21362162187047626, 0.2239740915272547, 0.21542876051819843, 0.20486178378696027, 0.21449992805719376, 0.19969357323387396, 0.1987163479561391, 0.2072506501622822, 0.2120540637684905, 0.19486347229584403, 0.1948307943732842, 0.19607921722142593, 0.19483016884845236, 0.19234651521496152, 0.19594128980584766, 0.19377535808345545, 0.1928468009699946, 0.19295371485793072, 0.1934283845450567, 0.19427108181559521, 0.19950709491968155], "train_ious": [0.43492353545582796, 0.4807406953549468, 0.5001235782722196, 0.5164451216873918, 0.525858732453291, 0.5356942416857117, 0.5416309737424918, 0.546102890069934, 0.5538751299398533, 0.5595279330846624, 0.561663662933785, 0.5649371516445408, 0.570339524011681, 0.5728983186401316, 0.5757748570455157, 0.5802239497070729, 0.5835302779316042, 0.5841269415897735, 0.5856015595836919, 0.5916065650897611, 0.5894368271464888, 0.5925656779520754, 0.5948523352651492, 0.5984322239739307, 0.5986113112581816, 0.6009082282906857, 0.6008124943228735, 0.6009638370487136, 0.603298946297255, 0.6078420757599495], "val_ious": [0.4584245352425437, 0.5043097076856571, 0.49613964060942345, 0.5253003429675448, 0.528407839977223, 0.545504044579423, 0.5272741272397663, 0.5367193831049877, 0.564514641744503, 0.5518069046994913, 0.54609516284604, 0.5551389699828798, 0.5680227868150974, 0.5539618179849958, 0.5797320738218833, 0.5826620321342911, 0.5681235988934834, 0.5516842178244523, 0.5871170685775039, 0.5885804787926051, 0.5870195013889369, 0.587559869107993, 0.5916432200566583, 0.5800091902846874, 0.5932755928108656, 0.5942921351263486, 0.5903042010639026, 0.5937539466481278, 0.5896747481563815, 0.5756271901553958], "training_time": 623.7034814357758, "avg_gradient": 0.006468351793806605, "memory_usage": 1065.81640625}