{"train_losses": [0.28501257235589234, 0.26006749814943125, 0.24536904506385326, 0.23726739467162153, 0.23082638766778552, 0.22469105871151324, 0.2202029964360206, 0.21945529479695403, 0.2149868788116652, 0.21111527263470317, 0.21031269455409568, 0.20736014664821004, 0.2050259767667107, 0.20250859646045644, 0.20178665836220203, 0.19884459285632425, 0.1971033473053704, 0.19511943205219248, 0.1955686116024204, 0.1938761716465587, 0.1924702335634957, 0.1912388203908568, 0.18847422609510628, 0.18942574824651945, 0.18761731457451117, 0.18794216806797878], "val_losses": [0.26687872668971185, 0.2550371587276459, 0.24355791347182315, 0.23265205647634424, 0.2311100250352984, 0.24397630438856457, 0.21936161395000375, 0.2164880192798117, 0.2148704697256503, 0.2134798033081967, 0.21310754347106683, 0.21162745486135068, 0.2150348577162494, 0.20919765272866125, 0.21061606640401093, 0.20641658973434698, 0.20400762428408084, 0.20415907158799793, 0.20172195784423663, 0.20165177888196448, 0.19979631414879923, 0.2014457690327064, 0.20121892023345697, 0.20061336133791052, 0.1969756027278693, 0.2098565888793572], "train_ious": [0.42739574481442927, 0.4719945196656214, 0.49790507390339306, 0.5124968654759553, 0.5232109913359517, 0.534254958340223, 0.5421627261878355, 0.5438905405555511, 0.5522345618169378, 0.5587758235093475, 0.5604172736082389, 0.5651208817742874, 0.570186958634767, 0.574028055521025, 0.5753163421607533, 0.5801020447110783, 0.5827692098159724, 0.5870132331830866, 0.5865171487996543, 0.5893197573613432, 0.5916121718136297, 0.5936706647600815, 0.5981491333332618, 0.5967973628337833, 0.5999514034044914, 0.5989640486305173], "val_ious": [0.4586271582090337, 0.47689199728378356, 0.4995464270097623, 0.517843324529088, 0.523130636824214, 0.516626928811488, 0.5379668520628542, 0.5490780644442724, 0.5524966461934906, 0.5532312365113825, 0.5511428261364716, 0.5598249126603637, 0.5532544283331304, 0.5644339547641034, 0.5605565678814184, 0.5682007160739623, 0.5721787667792776, 0.5705251536075621, 0.572628372821255, 0.5766061429960139, 0.5799521255320397, 0.571743433242259, 0.573181020176929, 0.5769471884637639, 0.5819656959046489, 0.5582942157119944], "training_time": 543.4123764038086, "avg_gradient": 0.0029358010730231314, "memory_usage": 1065.81640625}