{"train_losses": [0.2802241934544366, 0.25461331560559897, 0.2415208811669246, 0.23367150362742983, 0.22780733264010886, 0.22364751694966917, 0.21884039117266302, 0.21416718269819798, 0.21114419092950615, 0.20953617730866309, 0.20731760164641816, 0.2065191830953826, 0.202082641908656, 0.20165381993612516, 0.20003184336035149, 0.19919189664980638, 0.1956862697134847, 0.19591972053698872, 0.19461566460845264, 0.1924690105344938, 0.1932595296074515, 0.1907107147347668, 0.18944609634902165, 0.19046446600038072, 0.18883677644898061, 0.1875107382302699, 0.1880484280054984, 0.18532425821151421, 0.18512794326828874, 0.18371432031626286], "val_losses": [0.28269088916156604, 0.2521816365744757, 0.23549576200868771, 0.24246471861134405, 0.23553347943917566, 0.26208425669566443, 0.22445425391197205, 0.22107415095619534, 0.216791029209676, 0.21173535676106162, 0.2161579083489335, 0.20948709806670313, 0.2055118242683618, 0.21146353237006976, 0.20433652077032172, 0.20324700196152148, 0.2048539584097655, 0.19874060737050098, 0.19761046119358228, 0.19634798460680505, 0.19921766156735626, 0.19755651963793713, 0.19614761970613315, 0.1992321354539498, 0.19829796254634857, 0.19628443245006644, 0.19538653901089792, 0.19456555402797202, 0.19196051326782806, 0.20010453527388367], "train_ious": [0.4347502030972121, 0.47987794249817955, 0.5039096775640176, 0.5183903713157209, 0.5289966563923634, 0.5365587782816609, 0.5431838982023188, 0.5519329127248217, 0.557267308343148, 0.5601416534703713, 0.5644922951317353, 0.5653494147826795, 0.5734384411379049, 0.573543842773939, 0.5767219731233257, 0.5784766593057176, 0.5844358865009698, 0.5843886996524923, 0.5856534547671892, 0.590164448310068, 0.5890853086459465, 0.5929471611760665, 0.595926350225573, 0.5933719209354859, 0.596028664081857, 0.5983251875293426, 0.5985718413755512, 0.601980531183274, 0.602729489999837, 0.6054846894373928], "val_ious": [0.4424918128744416, 0.486046740434308, 0.5123415682194888, 0.5054223244820816, 0.5246164884040321, 0.4984022805440254, 0.5344235438151635, 0.5427618916483893, 0.548433600452499, 0.5526079947965732, 0.5547384094932802, 0.560177846879199, 0.5700596106657083, 0.5604398950286533, 0.5691502133141393, 0.5751510793748109, 0.5652722986280054, 0.5838641105354695, 0.5857370389976362, 0.5842438916797223, 0.5790936022564983, 0.5816826535307842, 0.580261689597282, 0.5832925194847413, 0.5868101955755898, 0.581488864361376, 0.5868782424840373, 0.5884319457454958, 0.5920294037331706, 0.5765139076156892], "training_time": 624.7437007427216, "avg_gradient": 0.004501660505026198, "memory_usage": 1065.81640625}