{"train_losses": [0.27941199230111163, 0.2572256918672634, 0.24443998406438724, 0.2365148251309343, 0.23039534987638827, 0.22528653859120348, 0.22118983061417288, 0.21732784759091295, 0.2145498570702646, 0.21158858971751254, 0.2090624085748973, 0.20551832992097605, 0.20494280285809352, 0.20337866878379945, 0.20118949967234032, 0.20084419733156328, 0.19822221216948135, 0.19716730406102928, 0.19719873417330824, 0.19562183855020482, 0.1938619161753551, 0.1916657035117564, 0.19249040479569332, 0.19238706791530485, 0.1902611215153466, 0.18876887380104998, 0.18741176220709863, 0.1875407997842716, 0.1864134646628214, 0.18648938113904517, 0.18649776530978474, 0.1830314588125633, 0.18262169817867485], "val_losses": [0.2553542097625525, 0.2481356198373048, 0.24223145032706467, 0.24394434884838437, 0.23675216863984647, 0.23123476103596066, 0.21738221431555954, 0.2159011817496756, 0.20994544450355612, 0.21113762907359912, 0.20689458400011063, 0.2063392556231955, 0.20684417045634726, 0.20731423795223236, 0.20334064539359964, 0.2026504258746686, 0.20384861302116644, 0.20231640792411307, 0.19891624573780142, 0.20528325827225394, 0.19506512873846552, 0.1995899515307468, 0.19380059773507324, 0.19531143683454263, 0.19342056694238083, 0.19416789483764899, 0.19020409655311835, 0.19174331556195798, 0.19248579798833185, 0.19010395459506824, 0.19259128589992938, 0.18820955053619717, 0.19514819947273834], "train_ious": [0.4391681043890077, 0.4770135782335113, 0.499681332162109, 0.5129634627019583, 0.5243227871647782, 0.532708227094533, 0.5393715362347992, 0.5464970068601162, 0.5519736542541911, 0.5577051804225512, 0.561997997156088, 0.5677505484849646, 0.5687718497778192, 0.5721731127064299, 0.5747223632491153, 0.5763760894752932, 0.5808348241059675, 0.5824785303270473, 0.5826721694050491, 0.5856035971015262, 0.5883697126114713, 0.5921161941968014, 0.5904775361220044, 0.5907362118039444, 0.5954445252275985, 0.5966914384153444, 0.5997076621953991, 0.5992647172424242, 0.6013456646191039, 0.6018355161599488, 0.6018516776570376, 0.6072084718532319, 0.6077486707464509], "val_ious": [0.4749082093653472, 0.4949464713749679, 0.5099793200691543, 0.5054938227370165, 0.5165295071791912, 0.5232767451932464, 0.5453880024345024, 0.5446604553988014, 0.5591680426960406, 0.5555348173863646, 0.5610173657752465, 0.5658894785936327, 0.5635002604213314, 0.5688839155262795, 0.5756561872751816, 0.565366114611211, 0.5679652643376503, 0.5662604870571605, 0.5824843705564305, 0.5732713188382162, 0.5887107911749163, 0.5748429911724035, 0.5930516128090845, 0.5850933094819388, 0.5895556479260542, 0.5873873976693638, 0.5910835663477577, 0.5936553886403209, 0.5867228464803833, 0.5947249410808949, 0.5911146953054096, 0.5986725148083507, 0.5863412011792695], "training_time": 687.882666349411, "avg_gradient": 0.004757424412179537, "memory_usage": 1065.81640625}