{"train_losses": [0.27988633035641647, 0.25505937668292417, 0.24005379641185637, 0.23290157196638378, 0.22744801486639873, 0.22119804479829644, 0.21769691307259642, 0.21495785539888818, 0.21310369257369768, 0.20935203677610212, 0.20776688647658928, 0.2051122595920511, 0.20295280371995075, 0.2009712555648192, 0.20175265545106452, 0.19832192701490028, 0.19816455074950404, 0.19718490954002607, 0.19549219634221948, 0.1921650845071544, 0.19251416907038377, 0.1927287623124278, 0.19210537579720435, 0.18921023275217283, 0.1881309291752784, 0.18727213978443458, 0.18684019286023534, 0.18583757746154847, 0.1847273860450672, 0.18354362233177476, 0.1847880944285704, 0.18097266749195431, 0.18056216835975647, 0.18080128057171468, 0.1819349148351213], "val_losses": [0.2756119911437449, 0.25114973666875257, 0.2442261618764504, 0.24048203780599262, 0.2277550405782202, 0.2293452361355657, 0.22249106900847476, 0.21811062842607498, 0.2136885021691737, 0.217159494433714, 0.21016570018685382, 0.21183301087306894, 0.20310071758601977, 0.2037108715461648, 0.21026960306841394, 0.20667143457609674, 0.20005945699370425, 0.20389836184356525, 0.20102223559566165, 0.20449286180993784, 0.19558366906383765, 0.1993053348168083, 0.2006150924641153, 0.19621862471103668, 0.19749154150485992, 0.19469232371319894, 0.19713169692651086, 0.19544529007828754, 0.19438151853240054, 0.19235955373100613, 0.19270191762758337, 0.19109309173148611, 0.1920991546433905, 0.19336709477331326, 0.2000301626065503], "train_ious": [0.4388539834636385, 0.47860273829512834, 0.5062828887577939, 0.5196022112192452, 0.5294228827013917, 0.5396152659440815, 0.5449882808100915, 0.5501605316294711, 0.5547197737285624, 0.5597800894275955, 0.5627647687181616, 0.5676642235206519, 0.571925954758257, 0.575722884548747, 0.5744480485285536, 0.5798758463259194, 0.5804782427739404, 0.5824280652770962, 0.5846182697493095, 0.5908343997662484, 0.5899618970419184, 0.5891814922401009, 0.5906980679626911, 0.5963811376064586, 0.5982102502299392, 0.5986799832055534, 0.6002966274061928, 0.6016822375789064, 0.6037540780245392, 0.6056229579059971, 0.6034459917657615, 0.6100386369271557, 0.6111223274922885, 0.6102353552005428, 0.6089549115386566], "val_ious": [0.43929072642239964, 0.4916350031676501, 0.5109039380930472, 0.5085967011425805, 0.5326127170220667, 0.5252561108141706, 0.5370707204160482, 0.5468817663149557, 0.5571155975694241, 0.5484087590290153, 0.5592305630013563, 0.5599677169668501, 0.5684917253860529, 0.5661964053693025, 0.5619848644819813, 0.5683860450551129, 0.5783729890118474, 0.574596508257631, 0.5710986576218536, 0.5734111275793851, 0.584834211330483, 0.5830809741780377, 0.576739059842151, 0.5870282930740413, 0.5831801824379658, 0.5840307741925337, 0.5838444779316585, 0.5884996434484704, 0.5909519338089487, 0.5901376417149667, 0.5909762775552446, 0.5971327437006909, 0.5925863367923793, 0.5925086946159169, 0.5811174468717712], "training_time": 727.3136668205261, "avg_gradient": 0.007636732925896846, "memory_usage": 1065.81640625}