{"train_losses": [0.27919069637099037, 0.2548448656402204, 0.24292181488936362, 0.23306221199100433, 0.23014232459599557, 0.22322405283541782, 0.21967390212027924, 0.2174128702963176, 0.21245314974499785, 0.21156820063681706, 0.20835714017891366, 0.20510155464644017, 0.20252652199048063, 0.20188572954224504, 0.2005850119597238, 0.19902195749075516, 0.1966464769743059, 0.19614737545666489, 0.19486612429761369, 0.19290382018231828, 0.19316238610316877, 0.19088551539765752, 0.19059330767587476, 0.18815134093165398, 0.1872762406811766, 0.18597863347310087, 0.1855695938448543, 0.18544717133045197, 0.18370841249175693, 0.183569410815835, 0.18227576423922312, 0.1817196658610002, 0.18112048863068872, 0.1791360157987346, 0.1789919865196166, 0.17789464630186558, 0.17706464854595455, 0.17748983431121576, 0.17535193458847378, 0.17410338038335677, 0.17415939012299414, 0.1742386634097151, 0.17299770806794582], "val_losses": [0.2802540002309758, 0.25398459479860636, 0.24119651317596436, 0.22908122124879257, 0.2308628452212914, 0.22157814256522967, 0.21532883171154105, 0.21653507941442987, 0.22129457314377246, 0.21296415542778763, 0.20962547964375952, 0.20756524444922156, 0.204407613562501, 0.20272442374540411, 0.20060302155173343, 0.20226454216500986, 0.20540883651246195, 0.19886943633141724, 0.19928475080624872, 0.19966008643741193, 0.19994348287582397, 0.20044706988593805, 0.1998495051394338, 0.1946527089761651, 0.1941051308227622, 0.19107498941214188, 0.19038091049246167, 0.1926119677398516, 0.1910445576776629, 0.19070092459087787, 0.19193123993666275, 0.19072059703909833, 0.19195209508356842, 0.19687721651533377, 0.18865654682335647, 0.19006976388070895, 0.18998864001553992, 0.1869745047196098, 0.18736082639383234, 0.18720223787038223, 0.188427641339924, 0.18733266319917596, 0.2005487158894539], "train_ious": [0.43992334238482955, 0.479232960421106, 0.501567766610263, 0.5187959657523081, 0.5236218222889347, 0.5357205335968647, 0.5416015374163786, 0.5455920975655318, 0.5544578122595946, 0.5555839399280756, 0.5616709696047978, 0.567526191311038, 0.5719818287677522, 0.5728364174888615, 0.5743444852422982, 0.5784205728466961, 0.5820405439514182, 0.5832915979343049, 0.5856405447466652, 0.5896658274898493, 0.5885991388796896, 0.5924527544690216, 0.5939309726590697, 0.5975937384410185, 0.5991508622208369, 0.6014930895813138, 0.602491424513468, 0.6022604832938617, 0.6059266163063223, 0.605943419687126, 0.6083623635704101, 0.6087303839731905, 0.6099423461094282, 0.6133111058261944, 0.613756589591503, 0.6155700892533948, 0.6169441411460655, 0.6164889939777225, 0.6201252534553624, 0.6224462724682212, 0.6224728453418481, 0.6224713551717391, 0.6246560673242894], "val_ious": [0.4387649178936862, 0.4780378017736517, 0.5028921131422553, 0.5307154539918556, 0.5283452849025313, 0.5379706598494364, 0.549029450269713, 0.5353674011817877, 0.5288226545072984, 0.5569058371626813, 0.5669567178988801, 0.566703344600788, 0.5681989944499471, 0.5727907008882883, 0.5814521064360936, 0.5784273328988447, 0.5721426930116572, 0.5771902501583098, 0.5793753706890603, 0.5756631197704786, 0.5788532046304233, 0.5820697887220245, 0.5745709084946177, 0.5864256829887197, 0.5924876187590585, 0.5958273089018419, 0.5961117705573206, 0.5904097243927529, 0.5940254667530889, 0.596055898761404, 0.5967134829016699, 0.5975359732258148, 0.5976285904214003, 0.5925157289358155, 0.6047362112912579, 0.6003367497005327, 0.601621093093485, 0.6063231694093648, 0.6086496591999911, 0.6053596760915674, 0.6059075270010077, 0.6088813292807427, 0.5877345424631368], "training_time": 887.8917181491852, "avg_gradient": 0.009834406462992128, "memory_usage": 1063.81640625}