{"train_losses": [0.2786585536340009, 0.2563144481214492, 0.24418944727791392, 0.23366342962759992, 0.22632813882892547, 0.22197943723396116, 0.21923879736467547, 0.21569235388027586, 0.21109226167849873, 0.2092455595569766, 0.20759919472038746, 0.2044962313350128, 0.2020352844796751, 0.20068712330058866, 0.1998492147287597, 0.1994395452025144, 0.19715737397580044, 0.19476146663984525, 0.19358082698739093, 0.19366326830957248, 0.19137989357113838, 0.19136410781546778, 0.1905056414720805, 0.18820084323701652, 0.18777261666305686], "val_losses": [0.27009857478349103, 0.261351065143295, 0.24140313656433768, 0.2418775995788367, 0.2289447518794433, 0.22173863487399142, 0.21866176342186722, 0.22268831503132117, 0.210776691203532, 0.20807118908218716, 0.2104855555555095, 0.2067673442804295, 0.20468571425780005, 0.20581267255803812, 0.20108892801015274, 0.20269211867581244, 0.20028356689473856, 0.19899029997379883, 0.20159784056570218, 0.19930837854095126, 0.19799295910026715, 0.20962123086918955, 0.19345688819885254, 0.19764830625575522, 0.2051243584441102], "train_ious": [0.4374670398268052, 0.477774294876102, 0.4993056620646648, 0.5177186521553042, 0.5315000617579705, 0.5374896014514173, 0.543268422285716, 0.5496162241999655, 0.5570251493026381, 0.5609829439309193, 0.5639842393929542, 0.5692832314989706, 0.573729611015406, 0.5755737703563513, 0.5770275629247014, 0.5783969589873501, 0.5824050017349097, 0.5855452805433582, 0.5885570049825788, 0.5880437895547654, 0.5913499828050104, 0.5920307251854219, 0.5941877947661323, 0.5979384238953179, 0.5984953231029752], "val_ious": [0.450599659666203, 0.4754640706207442, 0.4987320356826851, 0.5110968596477441, 0.5269578457742498, 0.5359453770561494, 0.5480450441439946, 0.5460952522530073, 0.5563447555338125, 0.5642546456361164, 0.5509874263535374, 0.5666770594923393, 0.5736098162074018, 0.5708291707695394, 0.5755782228881035, 0.5682630301385688, 0.5775456927392792, 0.5818101692458858, 0.5772805594015812, 0.5777448141488476, 0.5785651118427083, 0.5704544475976973, 0.5918527774620747, 0.5856463658636896, 0.5699423363675242], "training_time": 522.3902363777161, "avg_gradient": 0.004138752132497699, "memory_usage": 1065.81640625}