{
  "train_losses": [
    0.27982289943358174, 0.2542438226063614, 0.2424473913953356,
    0.23365365211730418, 0.22743592111636762, 0.22237743996083736,
    0.21893344422721345, 0.21607544710454735, 0.21331674322161986,
    0.21089374978581202, 0.20813736821646275, 0.20675749607060268,
    0.20339450199642908, 0.2026272484951693, 0.200336255133152,
    0.19935964298960956, 0.1971374475599631, 0.1966600982553285,
    0.19499521921186344, 0.19375970805792705, 0.1931380219757557,
    0.1913955773672332, 0.1910498905117097, 0.18937598622363547,
    0.18883269863284152, 0.18751266687784507, 0.1860539936663016,
    0.1851022354448619, 0.1837987984004228, 0.183682260710908,
    0.18358635983389357, 0.18205597405524357, 0.18051139953667703,
    0.18249242339769137, 0.17937738853304283, 0.18105112745062166,
    0.17831747574002846, 0.17858326362202998, 0.17826233958096607,
    0.17738446536595406, 0.17641373237837915, 0.17584813224232715,
    0.17864875220086263
  ],
  "val_losses": [
    0.28164545608603436, 0.2544348871578341, 0.2395162507891655,
    0.23184387029513068, 0.22781881366087042, 0.22423577794562216,
    0.22423730239919995, 0.21865419233622757, 0.21313010674455893,
    0.20862599818602853, 0.2128278962943865, 0.20923642036707504,
    0.20335503570411517, 0.2092016196769217, 0.20424445459376211,
    0.2021486490317013, 0.19981554474519647, 0.1985753198032794,
    0.20969305511402048, 0.2029012266708457, 0.20446469958709634,
    0.19870899617671967, 0.19769259283076163, 0.19784451340851578,
    0.19345953639434732, 0.1936330422759056, 0.19072013153978015,
    0.19338000824917917, 0.1985075729696647, 0.1900227251260177,
    0.20051327930844348, 0.18860076108704443, 0.19158686891846036,
    0.19334414212600046, 0.19051838569019153, 0.18918162033609723,
    0.19096714679313742, 0.19202110398074854, 0.1880588126571282,
    0.18812850538803183, 0.19058211990024732, 0.18761520217294278,
    0.19200159803680752
  ],
  "train_ious": [
    0.4385334148368649, 0.48029448202662733, 0.5016042830125577,
    0.5172769422170479, 0.5285023918672315, 0.5371341681836739,
    0.5431707135631122, 0.5480411571005114, 0.5536906010052863,
    0.557649149356977, 0.5622283752629723, 0.5641805196207931,
    0.5701087488644366, 0.5726595085816106, 0.5749139771729274,
    0.5774835621317231, 0.5816600703890772, 0.5821402154430964,
    0.5851331405557584, 0.587775374290304, 0.5890261076282767,
    0.5920217678058837, 0.592227524875299, 0.5954570095932136,
    0.5967387857212535, 0.5984806058307491, 0.6008897344379321,
    0.6028281053447203, 0.6048482842203502, 0.6054691363503966,
    0.6059428441027798, 0.6086555137366488, 0.6108855818384799,
    0.6072438023984433, 0.6128099548319978, 0.6102225602860901,
    0.6146245429265325, 0.6140533465946065, 0.614774553348189,
    0.6166926496594715, 0.617940447738637, 0.6190604757571564,
    0.6144423529073811
  ],
  "val_ious": [
    0.43337752302919613, 0.4850974972697271, 0.5066125792437706,
    0.522871114205623, 0.5306177833589953, 0.5352037549018861,
    0.5441909963669984, 0.5458593967816103, 0.5566703409388447,
    0.5605619040088378, 0.5449859051816704, 0.5591273936240571,
    0.5684308567340824, 0.562375447564367, 0.5630160766667216,
    0.5763537450761037, 0.5810913173616796, 0.5806544757839562,
    0.5576373878596486, 0.5756510216472807, 0.5684712773215943,
    0.581149864455928, 0.5871297041143194, 0.5804438133170641,
    0.5891578625077787, 0.5895911925944729, 0.5954560374004253,
    0.5902964744878851, 0.5872765865878781, 0.5978806010190993,
    0.5743440612070801, 0.5990429138359817, 0.594937260600104,
    0.589855546536653, 0.5973866838907851, 0.5997797021831291,
    0.5971318975738857, 0.5910557046316675, 0.6036906231572664,
    0.6005953381890837, 0.5981364295534464, 0.6038161101548568,
    0.5910665889581044
  ],
  "training_time": 897.3969376087189,
  "avg_gradient": 0.0033659453097806915,
  "memory_usage": 1065.81640625
}
