{
  "train_losses": [
    0.2766510416632113, 0.25018855751208635, 0.24066431796097237,
    0.23411699060512625, 0.225418866733494, 0.22012588349373444,
    0.21761144640976968, 0.21384298048265601, 0.21082415237374927,
    0.20756722824729007, 0.2068075395958579, 0.20433794788044432,
    0.20192752640856348, 0.20237194584763568, 0.19897850440896075,
    0.19751123832943646, 0.19519274592723534, 0.19480755674126354,
    0.19270759861430395, 0.1916623999081228, 0.1909195361254008,
    0.18961387832203638, 0.18903531207014684, 0.18832421885884326,
    0.18550995380982108, 0.18539400771260262
  ],
  "val_losses": [
    0.257739359917848, 0.2521815128300501, 0.23676078831372055,
    0.23423117755547815, 0.22636556754941525, 0.21776541516832684,
    0.21792928097040756, 0.21453796359507935, 0.20838320644005484,
    0.22033648937940598, 0.20934738186390503, 0.20696244194455768,
    0.20735380442246146, 0.20743380551752838, 0.1982736020632412,
    0.19731248396894205, 0.2033852970470553, 0.20869981627101483,
    0.19746368022068686, 0.19680581241846085, 0.20351870908685352,
    0.19492815596901852, 0.19693661124809927, 0.19574784422698227,
    0.19225153132625247, 0.2055487192195395
  ],
  "train_ious": [
    0.44133335828403175, 0.48826830024304596, 0.507176363111838,
    0.5172622441651596, 0.5319348456257061, 0.5420162901822212,
    0.5468471766975912, 0.5524478941022052, 0.5575939404467739,
    0.5633674762009278, 0.5646445845672187, 0.5694217343909158,
    0.5731775510408308, 0.5724783092197301, 0.5783686201641529,
    0.5810767271272512, 0.5853216686434503, 0.5852123113430064,
    0.5899609126474542, 0.591870849871117, 0.5934980727624203,
    0.5947563270835775, 0.5963365976037319, 0.5977527420913826,
    0.6025689610320588, 0.6026547024755377
  ],
  "val_ious": [
    0.4717490111572153, 0.4940762279042298, 0.5131334771496663,
    0.5229399956870769, 0.5287290785623634, 0.5495555163293645,
    0.5430833034325336, 0.5507342070341112, 0.5601796170939569,
    0.5375665213534797, 0.5582833192918613, 0.5650170467038086,
    0.5562167182780696, 0.5642603639027347, 0.5798814000858775,
    0.5807764512905176, 0.5669721725626268, 0.5630449380563654,
    0.5838910580977149, 0.578292844520099, 0.5775829028824103,
    0.5893453923256502, 0.5802230593087015, 0.5834923017284143,
    0.5909361973188927, 0.5628294605707777
  ],
  "training_time": 543.3065400123596,
  "avg_gradient": 0.0043473362775853,
  "memory_usage": 1065.81640625
}
