{"train_losses": [0.27658424534551473, 0.24979279238892638, 0.24140886654672417, 0.23666223932219588, 0.22698061467836733, 0.22235976783153805, 0.22048180323580038, 0.21539910251031752, 0.21234031718062318, 0.2092721570769082, 0.20817638342471226, 0.205247201592378, 0.20330013027009758, 0.20086134702939054, 0.19976513913792113, 0.1976200275770996, 0.19620670540177304, 0.19493464550570302, 0.19383749430594238, 0.193168123698105, 0.19142942721753017, 0.19126260985174906, 0.18910507347596728, 0.18763989428787128, 0.18670911592957767, 0.1866683191417352, 0.18675579219732596, 0.1848921730466511, 0.1838550825157891, 0.18460032740688842, 0.18107198065389757, 0.18104988004526365, 0.18125146433063175, 0.18125294302792652, 0.17943254323757213, 0.17606259275065816], "val_losses": [0.264460354719473, 0.24961362131263898, 0.27024584814258246, 0.24322760007951572, 0.23297263876251553, 0.21893611355968143, 0.22681569664374643, 0.21356355204530383, 0.21211923075758893, 0.2166581714282865, 0.20498400797014651, 0.20380872844353967, 0.20351378522489383, 0.21554500480060992, 0.20131067510532297, 0.1969129789782607, 0.20194811471130536, 0.20262004273093265, 0.2007798565470654, 0.1935207788711009, 0.19444062139676965, 0.1962646932705589, 0.19884972889786182, 0.21240713382544724, 0.19739962142446768, 0.19178209421427353, 0.19352403023968573, 0.19154604880706125, 0.19064779871183893, 0.19011447351911795, 0.19287536034117575, 0.19537858438232672, 0.1936105839584185, 0.1879793327787648, 0.18766013856815256, 0.19146232015412787], "train_ious": [0.44682977486239844, 0.4896857716629037, 0.5033557551332574, 0.5133167029075002, 0.5294606817373332, 0.5379828744014535, 0.5398710468864959, 0.5499686089384814, 0.5558112127625422, 0.561017405781625, 0.5626132802470873, 0.5683604394072205, 0.572049790561415, 0.5765187406129598, 0.578230514150599, 0.5821942274013293, 0.5847700163722037, 0.5861546630444733, 0.5884517561374365, 0.5900186483842736, 0.5934743200415286, 0.5933693245701168, 0.5969660493774687, 0.5990209575148595, 0.6009023868195388, 0.601045840082393, 0.6015242411606551, 0.604352730447831, 0.6059140185083168, 0.6056328660983971, 0.6107165936542591, 0.6102975413635159, 0.6105040267541787, 0.6102571180225285, 0.6134519337312035, 0.6193605441654072], "val_ious": [0.46588284684264125, 0.4897724988235945, 0.4801001866226611, 0.5163538897598999, 0.523273124642994, 0.5430460939372795, 0.5282603492555411, 0.5492938484834589, 0.5530271653247916, 0.5488125993937684, 0.5658870771311332, 0.5699097330587497, 0.5683404744967171, 0.5510772928811504, 0.5754716227883878, 0.5810950743979302, 0.574905750760134, 0.5725294576174972, 0.5794199711602669, 0.588151953358581, 0.5862703174352647, 0.583561446139778, 0.5799672072348387, 0.5605653079523555, 0.582708617915278, 0.5946163761874905, 0.5881472445916439, 0.5877874260363373, 0.5929246149633244, 0.5934287296689076, 0.5922494839498962, 0.5877332182034203, 0.5935145728829978, 0.6021603304838787, 0.6017087166723999, 0.5890164770509885], "training_time": 748.3144896030426, "avg_gradient": 0.004836273841100577, "memory_usage": 1065.81640625}