{"train_losses": [0.2790788693920426, 0.2540265816547301, 0.24409452299384968, 0.2347627382563508, 0.22484204626601675, 0.22241797832691151, 0.21732494162152644, 0.21356482277421848, 0.21114738488002963, 0.20833437355316203, 0.20615789018895314, 0.2050925034057835, 0.2018252907563811, 0.20003760022961575, 0.2000911869108677, 0.1981424690912599, 0.1962527366274077, 0.19515826852749224, 0.19458675157764685, 0.19266101061973884], "val_losses": [0.263150457130826, 0.2576593442455582, 0.24165618160496588, 0.23220963419779486, 0.22273648433063342, 0.22003272499727167, 0.2281747029527374, 0.22161977155053098, 0.21078841420619385, 0.2129392947839654, 0.2035229996494625, 0.2142762966130091, 0.20302421340475912, 0.21036176351101502, 0.2009459189746691, 0.2066173721914706, 0.19935058769972427, 0.19969725641219513, 0.20224435530278995, 0.21419703928024872], "train_ious": [0.4390316083757343, 0.48123690259197494, 0.5007030543587774, 0.5160437210908402, 0.5333622387893822, 0.5376241071608622, 0.5465573921151785, 0.5528398198278051, 0.5571010177820052, 0.5623493776049303, 0.5665032216280269, 0.5681954555861328, 0.5736636457073947, 0.5771771256906398, 0.577188412402419, 0.5804809537054831, 0.5839314884573653, 0.5865065594730173, 0.5871216997072316, 0.5897221212693747], "val_ious": [0.46717720198026597, 0.46583690580682474, 0.48973285050495813, 0.5241313273276109, 0.5312593836283339, 0.5437638184082682, 0.5331964804858402, 0.5436043366789818, 0.5584722283309783, 0.5556307388604549, 0.5687359033719354, 0.5505000556940617, 0.5670799142208652, 0.551863036185935, 0.5752199922782788, 0.5655068122390389, 0.5725817784019138, 0.576897379712782, 0.5692076415255449, 0.5510106317806935], "training_time": 417.8410804271698, "avg_gradient": 0.004291922021834601, "memory_usage": 1065.81640625}