{"train_losses": [0.2826455774028664, 0.25788740457400033, 0.24482232024488243, 0.23547566682100296, 0.2278852244110211, 0.2226476667691832, 0.21891437543799047, 0.21529353733943857, 0.2113686163464318, 0.20976653678909593, 0.20760721186904804, 0.20522551376210607, 0.20366187426059143, 0.20135941105368343, 0.19840173560964025, 0.1989970076829195, 0.19758648878854254, 0.19701737384109394, 0.19472912213076715, 0.19401932783100917, 0.19222170875772185, 0.19094517462603425, 0.18881376695049845, 0.18937649488773034, 0.18992693641263506, 0.1867205789717643, 0.18617890321690103, 0.18526793506158434, 0.183595706668237, 0.18200220896498018, 0.18141395047954892, 0.18126137991962227, 0.18187012329049732, 0.18034642594663994], "val_losses": [0.2852424525696298, 0.2553311994542246, 0.24422764778137207, 0.23353296356356662, 0.23155953184418057, 0.22643260171879892, 0.2322785799270091, 0.2174345873620199, 0.21118840251279913, 0.22160519691913025, 0.21166492804237033, 0.21403070085722467, 0.21489219205534976, 0.21260489102291025, 0.20207178236349768, 0.2036632127735926, 0.20587001708538635, 0.20051544386407602, 0.20068275636952856, 0.20340060993381168, 0.20289673850588177, 0.19862040099890335, 0.20397454694561337, 0.1941012642953707, 0.19603005116400513, 0.1932100073798843, 0.19424813532310983, 0.19503988260808197, 0.19394064143947934, 0.19340705644825232, 0.19397846220628076, 0.1942492302345193, 0.19602549238049466, 0.199195032534392], "train_ious": [0.43494316089250445, 0.4757103809573946, 0.4986240147626489, 0.514108620206083, 0.5276934881627129, 0.5368981446962857, 0.5434678331341429, 0.5498859660996908, 0.5565426869560842, 0.5594549094313296, 0.5634193348063935, 0.5679885925644118, 0.5707912200494953, 0.5745796051578247, 0.579147593104753, 0.5785659706570958, 0.581216349603905, 0.5822241995213685, 0.5860634079553947, 0.587265897380269, 0.5909740509654302, 0.5933593238933359, 0.5974345744951909, 0.596124412842851, 0.595292094609012, 0.6008349473493687, 0.6015384515774425, 0.6033960375124997, 0.6058226225060828, 0.6086327901137052, 0.6098578844921311, 0.6096274213514465, 0.60937572988695, 0.612208854029144], "val_ious": [0.43756174155767413, 0.48004546200019726, 0.49766710670529946, 0.5206311134540517, 0.5211317232553508, 0.5329548777013585, 0.519800880033037, 0.547675625137661, 0.5586019906660783, 0.545338315592296, 0.5559934967237968, 0.5553060297084891, 0.5486288856768953, 0.5548865701193394, 0.5765855839287025, 0.573253473077995, 0.5673101097345351, 0.5739934666865113, 0.5759531831827718, 0.5643977821953055, 0.573216970200124, 0.582390176429265, 0.5779554090206175, 0.5889105777377669, 0.5877645663593125, 0.5888601530721222, 0.5923459424056869, 0.5867151890112003, 0.5875642245662384, 0.5883391071920809, 0.5917003243297769, 0.5919285602327704, 0.5918693730364675, 0.5819828521082366], "training_time": 710.543484210968, "avg_gradient": 0.011692621970582066, "memory_usage": 1065.81640625}