{"train_losses": [0.2763125595191251, 0.2507875720443933, 0.23913029937640481, 0.23153972212711108, 0.22586774461619233, 0.22131063562372458, 0.2159287105921818, 0.21447883449170901, 0.211385783455942, 0.20961536750521348, 0.2079476546496153, 0.20332303408371366, 0.20249957461719928, 0.20059591855691827, 0.19941206284515237, 0.19759871940249982, 0.1975477284387402, 0.19522425135516602, 0.19455975099750186, 0.19310858610855497, 0.19268184147127296, 0.19159950429330702, 0.19006425944035468, 0.18799267231446246, 0.18789578577422578, 0.18547629192471504, 0.18530973759682282, 0.18459281220060328, 0.18424407368444878, 0.18272828002986702, 0.18091874577752923, 0.181152048399267, 0.17983951711136362, 0.17908375718347405, 0.17904111370444298, 0.18027889177851056, 0.17602676096493783, 0.1757515238031097, 0.1761411580702533, 0.17564883488027946], "val_losses": [0.28084085752134735, 0.24053201986395795, 0.23992088080748267, 0.245719733769479, 0.22219272119843442, 0.21871145166780637, 0.21299380420342737, 0.21664624078118283, 0.2257110829586568, 0.2067260032762652, 0.21080770635086557, 0.20624687295892966, 0.20219366965086563, 0.2116377130150795, 0.20439598644557205, 0.19695238056390182, 0.19980439414148746, 0.2002298669970554, 0.19689170497915018, 0.19837457233149072, 0.19658814403026, 0.19824692606925964, 0.19685581423666165, 0.19090534455102423, 0.1945939605002818, 0.1915738018958465, 0.19760336046633514, 0.19540697724922843, 0.1894142686024956, 0.19036409841931384, 0.191416228271049, 0.18766172457000482, 0.1898871219676474, 0.18748911049055017, 0.1899183029713838, 0.18621690798064935, 0.18873548637265744, 0.18764524420966272, 0.18797366547843683, 0.19171684267728226], "train_ious": [0.44755464565494785, 0.49016545874916967, 0.5092856374339778, 0.5232216800576539, 0.5322554799579623, 0.5399052255071591, 0.548965072394281, 0.5515511596332426, 0.5574594799267211, 0.5604923799687966, 0.5632645642735816, 0.5711144406510437, 0.5729769547132474, 0.5764182265038076, 0.578066117575635, 0.5809479260790177, 0.5812789636353652, 0.585468389849732, 0.5871695413429665, 0.5889542543369791, 0.5903288108175214, 0.5915570612186971, 0.5948780466249021, 0.5985733642634272, 0.5985498336562213, 0.6023927046984866, 0.6030255535590472, 0.603654565046663, 0.6048167785224708, 0.6077850473423801, 0.6104961342677692, 0.6103310641171277, 0.6126923672854898, 0.613611167863659, 0.6139519095852757, 0.6121519610177779, 0.6190456393296302, 0.6199219478969128, 0.6191469815870125, 0.6197386555697609], "val_ious": [0.4351626372207767, 0.49521812019140826, 0.5066362161567245, 0.5016733613135159, 0.5360850042838983, 0.5454025270714277, 0.5553154699180436, 0.5442870225811351, 0.5252147716456563, 0.5612855426211288, 0.5600282871636791, 0.5600036350281341, 0.5710106807342475, 0.5630156477724296, 0.5729979226986566, 0.5790874113639196, 0.5722762981186742, 0.5800103169420491, 0.5795655827159468, 0.5813070697628935, 0.584213092059329, 0.5799416871606442, 0.5775277705296226, 0.5917967054722965, 0.5919227878684583, 0.5929075287304062, 0.5865290404661844, 0.5885118924189305, 0.5988267355639001, 0.5976345934297727, 0.5970445849757262, 0.6011700485495554, 0.6006691596214321, 0.6034763803084692, 0.5966469885214517, 0.6032510516436205, 0.6017550499974818, 0.603179382889167, 0.6023430074902548, 0.5900378363287968], "training_time": 833.4021103382111, "avg_gradient": 0.014313004280599926, "memory_usage": 1065.81640625}