{"train_losses": [0.27885236421033094, 0.25272298523265385, 0.24359027004760245, 0.23465329675894717, 0.22843396712256514, 0.2234707132143819, 0.2201467183135126, 0.21534673440391602, 0.21414091697205667, 0.21218381822109222, 0.20741235262349897, 0.20630475676254087, 0.20501814709733363, 0.20272955598066683, 0.20051598532692247, 0.1990053916916899, 0.19740682386833688, 0.19695196478911067, 0.1957110589289147, 0.19458625408942284, 0.19363520796532216, 0.19333910383284092, 0.19132722395917642, 0.19028525337900803, 0.18870528244777865, 0.18789917149621507, 0.18594530103323254, 0.18472624902168047, 0.18625159788390863, 0.18287718717170798, 0.18339871712352918, 0.1828212991518819, 0.18263371491237826, 0.18199093988084275, 0.17971318401396275, 0.17985151351793952, 0.17799461600573166, 0.17849216229565765, 0.1774985771626234, 0.17787130363285542], "val_losses": [0.2562786735918211, 0.2687033366249955, 0.2521224089938661, 0.2258806905668715, 0.22844664104606793, 0.22489328585241153, 0.21570817057205283, 0.2109056963868763, 0.21056021749973297, 0.20834224444368613, 0.2094425471580547, 0.21192614604597507, 0.20813086823276852, 0.20147357589524725, 0.20104206256244495, 0.20134687067373938, 0.20111859136301538, 0.1986153776878896, 0.19804616563993951, 0.19822719596002414, 0.1926560599518859, 0.19319839095291885, 0.195761162949645, 0.19778061139842737, 0.1981601112562677, 0.1959087359516517, 0.18940962365140085, 0.19274907559156418, 0.19420232137908106, 0.18824742118949475, 0.19194428979054742, 0.18724302072887836, 0.19031828058802563, 0.19043496089137119, 0.19829487347084543, 0.18980085072310074, 0.18681831139585245, 0.185792104381582, 0.18698414641877878, 0.1924665330544762], "train_ious": [0.43948083822412976, 0.4846921827968053, 0.5009704652255863, 0.5169351339556165, 0.5265920415142742, 0.5359150352145451, 0.5412748490554701, 0.5490673081274481, 0.5525096580386163, 0.5557743454810935, 0.5637999559766141, 0.5658326151686301, 0.5682553401135879, 0.5718071192934893, 0.5761946750723795, 0.5789822932278763, 0.581873225723056, 0.5821097324183884, 0.5845060801484445, 0.586601542227942, 0.5879524305354857, 0.5881827415871446, 0.5922815236600412, 0.5946881152365513, 0.597225980536229, 0.5984460573805418, 0.6016079128544399, 0.6033796382447084, 0.601583141617585, 0.6069351270039016, 0.6065716167938883, 0.607636390172917, 0.6072428342008938, 0.6076363110779853, 0.6124560211015783, 0.612197151164646, 0.6160149614772072, 0.6145481983388683, 0.616531326988901, 0.6160072910504928], "val_ious": [0.4777161911993787, 0.45901124136171484, 0.496363740792309, 0.5310819173852603, 0.5178485347524935, 0.5335922331913657, 0.540221090334049, 0.5501915522027707, 0.5514052842838177, 0.5591537257035574, 0.5620111032672551, 0.5621497393518254, 0.5661735597296039, 0.57447533439035, 0.574249711157619, 0.5751498615828115, 0.5763561319613804, 0.5761213531528694, 0.5732687623172568, 0.5819005171457925, 0.5902760272872623, 0.59067336415899, 0.5865883855284123, 0.5851854338594104, 0.5823873499597327, 0.5824659715096155, 0.5973031633142114, 0.5908643840879634, 0.5911307464475217, 0.5989671833273293, 0.5940056279085685, 0.6011945212232894, 0.5984485421491705, 0.5971576759348747, 0.5857444761887839, 0.5986191701629886, 0.6025636079518693, 0.6029325386752254, 0.6009243957806324, 0.587834654510885], "training_time": 833.42436170578, "avg_gradient": 0.0035221756907392477, "memory_usage": 1065.81640625}