{"train_losses": [0.2764968160215927, 0.25299986848688644, 0.2408933711602636, 0.23072177236494812, 0.22583939855837304, 0.2231039632435726, 0.2176784423544355, 0.21450832672417164, 0.2114477147064779, 0.2086428624132405, 0.20685167926485123, 0.2059804832805758, 0.20314807355727837, 0.2007559461762076, 0.20095892363916273, 0.19827012466671673, 0.19585310530079447, 0.19512449026755666, 0.19238188295908595, 0.19196150840624518, 0.19249719664778397, 0.1913364326338405, 0.18904226459562778, 0.18817163866175257, 0.18859614909667036, 0.1872796538569357, 0.1841472277984671, 0.1832793798783551], "val_losses": [0.2700750128082607, 0.24608549961577292, 0.26284303386574204, 0.22703082406002542, 0.22510458690964658, 0.22355898696443308, 0.21729359678600146, 0.2156099388780801, 0.22464872864277466, 0.20953619836465173, 0.21014427264099536, 0.20880622611097668, 0.21261517703533173, 0.20641047831462778, 0.2034092312273772, 0.20215348089518753, 0.2003721834524818, 0.2010387104490529, 0.20519534854785257, 0.19702084330113037, 0.2006870624811753, 0.19426871091127396, 0.20798146983851556, 0.19540820853865665, 0.19655187298422275, 0.192799119197804, 0.19534887956536334, 0.19966007315594217], "train_ious": [0.44283746868587887, 0.48300961210675863, 0.5057709254594385, 0.5220225882325054, 0.5316720950700669, 0.535990215217074, 0.5458892536066147, 0.5516692117342483, 0.5570612758182097, 0.5607815541434978, 0.5646164437782939, 0.5655397113034691, 0.5710421567377836, 0.5757172235112257, 0.5753069879028245, 0.5800614973017267, 0.5843112668481423, 0.5862085299863332, 0.5907969706948255, 0.591492969434762, 0.5908769905783131, 0.5931099496133949, 0.5971698618453483, 0.5984786255960016, 0.5974043193610679, 0.6001699580338554, 0.6052596755325798, 0.6068166111042538], "val_ious": [0.44742873116679827, 0.49605100871860114, 0.4481240804644598, 0.5291567810851595, 0.5346609071113059, 0.5355177312225535, 0.5408514204664508, 0.5510139355193012, 0.5417521246101548, 0.5598966779484263, 0.5607923139696536, 0.5633514989977297, 0.5490976487812791, 0.570305025232011, 0.5687804278256238, 0.5747458057990973, 0.5786257334377456, 0.5778379876544509, 0.5705763656592023, 0.5855323594549428, 0.5822904688724572, 0.5870588164830555, 0.5645215139872787, 0.5880155543918196, 0.5841853091682212, 0.5926263207110807, 0.5870917264534081, 0.5754931620929551], "training_time": 584.598760843277, "avg_gradient": 0.0066763401099581695, "memory_usage": 1065.81640625}