{"train_losses": [0.27592201085518236, 0.2522819421213606, 0.24107804157487725, 0.2320725082055382, 0.22494780053587063, 0.22040197423294836, 0.2153763730564843, 0.21406163688263166, 0.20962644991991314, 0.20878165660668974, 0.20653324363672215, 0.2060618032903775, 0.20215714852447095, 0.19988695321523625, 0.19988554845685544, 0.19847856761644717, 0.19570884594450827, 0.19507079668667004, 0.1946717258542776, 0.19390409536983655, 0.19120562724445178, 0.19007189215525336, 0.19016186722918696, 0.18844168042035206, 0.18709773456920747, 0.18586883953084116, 0.18365225568413734, 0.18446250680996024, 0.18473732382383035, 0.18250749009134976, 0.18191589471762595, 0.18199136723642764], "val_losses": [0.2628424387911092, 0.2468706009828526, 0.2537726008373758, 0.23203985425441162, 0.2246915513406629, 0.2164269297019295, 0.2153431825015856, 0.21651326735382495, 0.2268995357596356, 0.20945213313983835, 0.21094014819549478, 0.20382480226133182, 0.20168446231147516, 0.20426071759151376, 0.19968714986158453, 0.2051113464910051, 0.20354578514461932, 0.20015338678722797, 0.20716879160507864, 0.20240288292584213, 0.19712817830883939, 0.19806215264227078, 0.20358954791141592, 0.19392480215300684, 0.19760700023692587, 0.19473729606555856, 0.19339811251215314, 0.19589176774024963, 0.19454434028138284, 0.19144860298737235, 0.19273374877546146, 0.20541866771552875], "train_ious": [0.4439727799912942, 0.48429277906383306, 0.5053660691972226, 0.5202003019875371, 0.5330969532546789, 0.5397551163923052, 0.5489338225266639, 0.5517750331673065, 0.5589991085825188, 0.5607898287421123, 0.5650792019846643, 0.5650341309391068, 0.5729005584574262, 0.576823667987533, 0.5766422477537309, 0.5791573022910645, 0.5841300103651441, 0.5854896799917674, 0.5858327434870644, 0.5874140789003477, 0.5920604826423572, 0.5942668913175226, 0.5939694819027097, 0.5972726104268128, 0.5992993232456671, 0.6023308952217521, 0.6057034172117707, 0.603977909176678, 0.6037549122736074, 0.6080636077600979, 0.607817045966352, 0.6086863685885201], "val_ious": [0.45967066018045816, 0.5006423345294551, 0.483304481467475, 0.522448756340621, 0.5321826605477195, 0.5460474449007409, 0.5512037180040196, 0.5493905092926993, 0.5184482092010803, 0.5641777001429297, 0.5610819569100505, 0.5647644958850266, 0.5749374828908753, 0.5646928933219634, 0.574526246043219, 0.56869328432325, 0.5722989815732705, 0.5771483161311218, 0.567755300713622, 0.5699261232562688, 0.583088134293971, 0.581777817097263, 0.5756899386212445, 0.588004495786584, 0.58094730541326, 0.5839682927598122, 0.5895993636138197, 0.5859687835841939, 0.586195576450099, 0.5932944561692252, 0.5915397533040117, 0.5748324737600659], "training_time": 666.5343379974365, "avg_gradient": 0.004906156089881608, "memory_usage": 1065.81640625}