{"train_losses": [0.2790531300656173, 0.252719585419349, 0.23903846700230372, 0.23218816567374312, 0.22448911323495532, 0.22097383812069893, 0.21634844172260034, 0.21415812352105326, 0.21082076567994512, 0.20980802113595215, 0.20798223441385705, 0.2042413096389045, 0.20233828477237537, 0.20168483816087246, 0.19968371490097564, 0.19853967638767284, 0.19612429347699104, 0.19486783315306125, 0.1934062304866055, 0.19363022862893084, 0.19219714484137038, 0.19170793251174947, 0.18981248650537885, 0.18868654059327167], "val_losses": [0.25693143709846167, 0.24098617065212, 0.2539909569465596, 0.22626867857964142, 0.22310151937215225, 0.21796318953451904, 0.21914011207611664, 0.2104259288829306, 0.20209765725809595, 0.2083262315262919, 0.20508096820634344, 0.20461457319881604, 0.20246566508127295, 0.19771916386873825, 0.20108832548493924, 0.19809303076370902, 0.19628587721482568, 0.19577142045549725, 0.19813544853873874, 0.19788368564584982, 0.19070477265378702, 0.19116475076779074, 0.1949427587830502, 0.19957133252983508], "train_ious": [0.44186565807710076, 0.4842880815807459, 0.5085135265860871, 0.5213628829713319, 0.5340042481657818, 0.5407905074079402, 0.5484582228397111, 0.5524235856111932, 0.55811138054275, 0.560680681137719, 0.563160645249097, 0.5692654214259509, 0.5732744516993781, 0.5746541510241622, 0.5776564705631008, 0.5798209110355895, 0.5841322783650696, 0.5865507441694322, 0.5893676584397537, 0.5880953123712023, 0.5907339942304121, 0.5918504031564015, 0.5948356820837308, 0.5972799178266874], "val_ious": [0.4751012905136398, 0.4981004470500393, 0.47586288000794436, 0.530183819325074, 0.5399559368041977, 0.5460705357617226, 0.5463522858377814, 0.5514103988374487, 0.5722260209529297, 0.5656522419573603, 0.5693117524834649, 0.5649629734132601, 0.5701932064864946, 0.5832621528618578, 0.5734924423521843, 0.5834351032972335, 0.5866546328516974, 0.5832292109295943, 0.5770592477874479, 0.5840342720781547, 0.5950100376554156, 0.5944685527811879, 0.5883737616780875, 0.5711702091106471], "training_time": 499.83417201042175, "avg_gradient": 0.0035227652766991317, "memory_usage": 1065.81640625}