{"train_losses": [0.2798511535739121, 0.254402870717256, 0.24235184814618982, 0.23372217235357864, 0.22809403397790765, 0.22229244300852652, 0.2162697302258533, 0.21416629486433839, 0.21154179383555186, 0.20806974601810393, 0.2062777126126963, 0.20308800592370654, 0.20310774477927582, 0.20048538563044174, 0.19888152757092661, 0.19771196110093076, 0.19547604745172936, 0.19695955166674178, 0.19361174203779385, 0.19161713139518446, 0.19024935567184634, 0.18977994998188122, 0.18847255230597829], "val_losses": [0.26688284880441165, 0.2497673909301343, 0.24673717987278235, 0.23308156495508942, 0.22768667372672455, 0.22255866585866266, 0.2150805576340012, 0.21515330251144327, 0.21187750055738117, 0.21919333772814792, 0.20955194273720618, 0.2030346759635469, 0.20594652321027673, 0.20720383751651514, 0.20408384599115537, 0.20278359722831976, 0.20404517035121503, 0.2027606915520585, 0.20160282759562784, 0.1981003793037456, 0.20302330119454343, 0.19893323079399441, 0.2326042946913968], "train_ious": [0.4387006599243488, 0.48149816035900417, 0.5024310640612807, 0.5176911323830701, 0.5274667900757516, 0.5375353905871725, 0.548057163350176, 0.5516428194562162, 0.5573004648575319, 0.5631501458153345, 0.5664746131262054, 0.5714464036990767, 0.5719952418914308, 0.5761246985985317, 0.5787760596452415, 0.5813111289255862, 0.5843419765216715, 0.582804126530022, 0.5885807226641452, 0.5923911469138187, 0.594163124544033, 0.5948364604534448, 0.5975261110326519], "val_ious": [0.465158544048883, 0.499552948643332, 0.4979711557212083, 0.5176652412915577, 0.5338716442170351, 0.5316748748654905, 0.5505777353393857, 0.5453072994731475, 0.5558301018200059, 0.5484945863701294, 0.5628807320111039, 0.573267387955085, 0.5651572165281877, 0.5723712971245032, 0.5752211703338486, 0.575048836245053, 0.5718560326790463, 0.5709140192771303, 0.5777256171340527, 0.5803114396074543, 0.5773952791224355, 0.5758101311714753, 0.5346963098947551], "training_time": 480.863356590271, "avg_gradient": 0.00496950975410385, "memory_usage": 1065.81640625}