{"train_losses": [0.27895787074837997, 0.2521081790328026, 0.2399146828962409, 0.2334462460940299, 0.2264346379948699, 0.22236039910627448, 0.21668424392523972, 0.21373477132748003, 0.21266252490813317, 0.20849111392770125, 0.20716984067922053, 0.20469534858737304, 0.2033436842586683, 0.2016167901456356, 0.19924847773559715, 0.19828004276622896, 0.1957782842218876, 0.19495911288844503, 0.19525014155584833, 0.19239124210308428, 0.19202584271197734, 0.18964074519665344, 0.18830088582699714, 0.1874454036840926, 0.18748780315660912, 0.18609630608040353, 0.18629362660905588, 0.1834898130239352, 0.18422195736480795, 0.18292778868066228], "val_losses": [0.2541388396335685, 0.26601603886355524, 0.2324750261462253, 0.232990098712237, 0.23592844767415005, 0.2264917081464892, 0.22196716037781342, 0.22271778531696484, 0.21289377270833307, 0.20788284974253696, 0.2079342966494353, 0.20992069853388745, 0.20738888531923294, 0.2037154044146123, 0.21084208592124606, 0.19993445374395535, 0.2095137377795966, 0.21072278430928354, 0.20424360360788263, 0.19861191932273947, 0.20219785817291425, 0.19485137449658435, 0.19734137894018836, 0.19569440347992856, 0.20858902905298315, 0.19690433986808942, 0.19911895141653393, 0.19749787773775018, 0.20106903010088464, 0.19930842810350916], "train_ious": [0.44454982254883624, 0.48586142576043156, 0.5071872508126323, 0.5186454263664243, 0.5301852485677903, 0.537065050875147, 0.5473114127374212, 0.5524243492687092, 0.5547780707694483, 0.5621502090893363, 0.5644476902873621, 0.5691004933762376, 0.5704676570451779, 0.5744186781778717, 0.5784302663220011, 0.5809870711595253, 0.5845469921503377, 0.5862334562276587, 0.5850324736017247, 0.5902712221486847, 0.5911100409061152, 0.5955149588053644, 0.5972511076732824, 0.5992565650654881, 0.5992329522319465, 0.6015282947084181, 0.6011418874065079, 0.6057320226361785, 0.6048408274849256, 0.6070872992277146], "val_ious": [0.4808901217968569, 0.4754779214660328, 0.5123105054532272, 0.5088576310570688, 0.5062906865192497, 0.5313343459713288, 0.5417912164028141, 0.5446663047524468, 0.5524220883414365, 0.557917029745337, 0.5608908978925236, 0.559857171298801, 0.5644826202288917, 0.5701457316028901, 0.5637074240307878, 0.574730704660001, 0.5636990526016208, 0.559252101334109, 0.5720249021398847, 0.5839065391084423, 0.575804819231448, 0.5871366344500278, 0.5832481595917024, 0.5836061027602873, 0.5658969103858091, 0.5841879857623058, 0.5831900871750237, 0.584430576234624, 0.5833848107984102, 0.5818044024965039], "training_time": 625.9084222316742, "avg_gradient": 0.004387055708523947, "memory_usage": 1065.81640625}