{"train_losses": [0.28001660934608913, 0.2559678935162399, 0.24345309352097305, 0.23382074515456738, 0.2266025187690621, 0.22270171911172246, 0.2183454739658729, 0.21548092616317066, 0.2119491322209006, 0.20980641310629639, 0.20615230111972146, 0.20550968125462532, 0.20413676657430505, 0.20144704769810903, 0.20002814503791538, 0.1979127660717653, 0.19717608076398788, 0.19602650873686955, 0.19424149920435055, 0.19421421258669833, 0.1913226165039384, 0.19051911349853742, 0.18978281521602816, 0.18748450287334298, 0.1889683843144904, 0.18681876442354658, 0.18557728081941605, 0.1862254378426334, 0.1831887462378844, 0.18394437796719695, 0.1831340863490882], "val_losses": [0.27103159252716147, 0.2543604736742766, 0.24585976613604504, 0.2293188367848811, 0.23166649399892145, 0.2196829966876818, 0.22869963587626166, 0.2204400356049123, 0.21493684727212656, 0.2103251050347867, 0.2123654027995856, 0.2184767182106557, 0.2123122289776802, 0.20767156067101852, 0.20123254572567734, 0.20080634660047034, 0.2027980659319007, 0.19990142013715662, 0.19744891446569693, 0.19777784626121106, 0.1985117595480836, 0.20634006838435712, 0.19453638370918191, 0.19431817531585693, 0.19881371084762656, 0.1964135668847872, 0.1965179738143216, 0.19469218344792075, 0.19295983631973682, 0.19286579509144244, 0.1979856222220089], "train_ious": [0.4374428171381032, 0.47900605409581604, 0.5007981440673276, 0.5163823737614395, 0.528945619105429, 0.5357589559440598, 0.5435580755921378, 0.5488404719887865, 0.5544909345714943, 0.5589662619151068, 0.565142453364704, 0.5668972662069657, 0.5694246819593769, 0.5731271193835187, 0.5762975981486015, 0.5802936354193136, 0.5813795600248419, 0.5830800077081589, 0.5858017415132211, 0.58721481177254, 0.5916361187895138, 0.5939448117346003, 0.5945663461326689, 0.5984327209492526, 0.5961667291712069, 0.5995120175614735, 0.6018701350667337, 0.601198214929605, 0.6068016438056594, 0.6046182220072851, 0.6064954002698262], "val_ious": [0.46007651900467667, 0.48767345841380133, 0.4868037289251452, 0.5262883384374606, 0.5195939205047013, 0.5445489017427831, 0.5360341468367024, 0.5274532140381094, 0.5503057630165763, 0.5603395007226779, 0.5561702700628752, 0.5569565417110056, 0.5596343086681504, 0.5645409336556555, 0.5732010944166047, 0.5813789816870207, 0.5756363562051799, 0.5781619214061375, 0.580483785573987, 0.5864198860050974, 0.5844737677902415, 0.5713603349699491, 0.5902018670154655, 0.5899005214805189, 0.585615906594456, 0.5842643114535706, 0.5879211587750394, 0.5879553474377895, 0.5904080088155856, 0.5937939351019649, 0.5840803430132245], "training_time": 645.2997417449951, "avg_gradient": 0.003571853818052059, "memory_usage": 1065.81640625}