{"train_losses": [0.2829804584869872, 0.25463734421393147, 0.24428809304600177, 0.23532301892081034, 0.22950888522293256, 0.22624418682054334, 0.22081699748725994, 0.21687294899121576, 0.2144883510697147, 0.21208905250481938, 0.20884425217366737, 0.2063294479056545, 0.20585540285253007, 0.20607138417013313, 0.20191292748179124, 0.19989394420838874, 0.199283920471435, 0.1977760475128889, 0.1969877972227076, 0.1947325895661893, 0.19409977855241817, 0.19239503501550012, 0.19049063673161942, 0.1922020912980256, 0.18858096910559613, 0.18865946963753388, 0.18749771518227848], "val_losses": [0.29245814292327216, 0.24925013761157574, 0.25823192784319754, 0.23477398863305216, 0.2357755811965984, 0.22007528562908588, 0.22035409315772678, 0.2142130139729251, 0.22176082756208337, 0.21909614004518674, 0.20999324904835742, 0.21496698227913483, 0.21863074859847192, 0.2065914046505223, 0.21700332670108133, 0.20363928604385126, 0.20443654384302057, 0.19922027218600977, 0.1991764569412107, 0.19865472971097284, 0.20014108134352643, 0.19439242261907327, 0.19571922719478607, 0.19570627290269602, 0.19511425819085992, 0.193242693076963, 0.203572613713534], "train_ious": [0.43698703283714024, 0.4804544716641522, 0.4993964649898847, 0.5155813915628026, 0.5253539735424348, 0.5321512842631861, 0.5412716193367607, 0.5474664197181881, 0.5512593703317471, 0.5561328649898801, 0.5612930896813458, 0.5661645285191308, 0.5673479038304174, 0.5672255073930477, 0.5731045186411644, 0.5780366603015125, 0.5783507972415809, 0.5819370065262355, 0.5827023721691489, 0.5864113076873446, 0.5881010671888572, 0.5907307720702628, 0.5941716419073986, 0.591428859402304, 0.5978851002519545, 0.5967091747924039, 0.5998165636066944], "val_ious": [0.4275889014420301, 0.4885588166290435, 0.474522708982661, 0.5022225815100946, 0.5022444404337716, 0.5387564590875653, 0.5398349050378454, 0.5511599224114763, 0.5419693319261938, 0.5477667558884276, 0.5589603786019312, 0.5483390758003014, 0.5516611864601355, 0.5528990898443304, 0.5533272416695306, 0.5677455022283223, 0.5706284717805142, 0.5761036177476248, 0.5763208434201668, 0.5773477765960972, 0.57774795635023, 0.5838211466004884, 0.5806624211262966, 0.5824651497861613, 0.5821730144645858, 0.5893909905267799, 0.5663771182298661], "training_time": 561.5575037002563, "avg_gradient": 0.0045657329424475335, "memory_usage": 1065.81640625}