{"train_losses": [0.27992852129366086, 0.2560477637402389, 0.24588800075909364, 0.23613961899410124, 0.22939022152644137, 0.2247204280903806, 0.22130058438557645, 0.21704229995932267, 0.2136367320528497, 0.20987846524171208, 0.20926638951768045, 0.20715532136028228, 0.2054360678176517, 0.20369384850820768, 0.20277279720682165, 0.2004831472168798, 0.1981903764054827, 0.19619851275954558, 0.19508348259588945, 0.19637370190542677, 0.19174462654020474, 0.19195307734543862, 0.19122864743289741, 0.19063306203031022, 0.18908500339349973], "val_losses": [0.2762867439052333, 0.2522936136178348, 0.23676457612410837, 0.2532639966710754, 0.23657077518494232, 0.24445885031119638, 0.21495923270349918, 0.221572853948759, 0.21806670822527097, 0.21130366461432498, 0.20811440633690875, 0.20419001611678497, 0.2091690467103668, 0.2102653387448062, 0.20139677336682443, 0.20708474192930304, 0.20220664888620377, 0.19934274580167688, 0.20101623917403427, 0.19825750006281811, 0.19537203596985858, 0.19827525123305942, 0.19723643913217212, 0.19523757598970248, 0.20255294506964477], "train_ious": [0.43509415239838056, 0.47845992116608466, 0.4973266760994128, 0.5148157271408086, 0.5258020460065727, 0.5342981151534595, 0.5394688159821256, 0.5473033617642048, 0.5536703395832708, 0.5592468692448692, 0.5614366208513579, 0.5641947091705556, 0.5671411349937534, 0.5707897894840313, 0.5730923488736154, 0.576737740603478, 0.5810041306675346, 0.5838086195829982, 0.5857550430557003, 0.5840436768164669, 0.5921971033988658, 0.5915653337926968, 0.5929559159861956, 0.594171420927497, 0.5959913751137432], "val_ious": [0.4600289514747219, 0.4860733653540195, 0.509217758325563, 0.47970714959977323, 0.5226598664902258, 0.4915277973033382, 0.5483896916975144, 0.5406386845785638, 0.5484318305616792, 0.5566059441670127, 0.5646487819975701, 0.5672600638607274, 0.5598544975121817, 0.5532620259817095, 0.5770915224068407, 0.5601291346593181, 0.5654490279114764, 0.5760551632746407, 0.5795000737559968, 0.5797582428524459, 0.5876025987276132, 0.5822357446819112, 0.5854680643997331, 0.5839168548152067, 0.5765465253937071], "training_time": 520.3632702827454, "avg_gradient": 0.005352475059523233, "memory_usage": 1065.81640625}