{"train_losses": [0.27469596363928006, 0.25107856305397075, 0.23952979732142843, 0.2315272249929283, 0.22579823944555677, 0.22158967760270057, 0.2163662466665973, 0.21235278030128582, 0.2091056272873412, 0.20786101168588453, 0.2048118293447339, 0.20311060231988845, 0.2020436991006136, 0.2003361764971329, 0.2002531205020521, 0.19832033291459084, 0.1955468985049621, 0.19431543406908927, 0.19334168197668117, 0.19270116544288138, 0.19065007591701072, 0.18918167613446712, 0.18860715417110402, 0.18750893543271915, 0.18603039743459743, 0.1855427516705316, 0.185745009423598, 0.18349007095979608, 0.18277338560184705, 0.18145019520560038, 0.1811978481709957, 0.1838092005447201, 0.18079537193736303, 0.1782179911337469, 0.1775663076373546, 0.17815070105311664, 0.17708758572521416, 0.17695812200722488, 0.17703449062031248, 0.17564051047615384], "val_losses": [0.25960168145273044, 0.2431452591782031, 0.22797892275063888, 0.23116537734218265, 0.22153089454640512, 0.21956633841213974, 0.21348738605561463, 0.2090463077892428, 0.2173097496447356, 0.21721597242614496, 0.20641497263441916, 0.2049860808512439, 0.20698576582514722, 0.20205518894869348, 0.2041246333847875, 0.19725977337878683, 0.1959562894442807, 0.19240629608216492, 0.1944452835165936, 0.19920770402835764, 0.19125202362952026, 0.19847664107447086, 0.19590926267530606, 0.19258803226377652, 0.1896931820589563, 0.19142651590316193, 0.1915506535898084, 0.19032586981420932, 0.1872961683117825, 0.18958762126124423, 0.18685229155032532, 0.18916552449050156, 0.1874991794643195, 0.18700833262308783, 0.18928227606027023, 0.18563090685916983, 0.1862885524397311, 0.18580753582975137, 0.18705523791520492, 0.18878335959237555], "train_ious": [0.4453538307663651, 0.487788543537043, 0.5086245227173186, 0.5226932259249517, 0.5311265995968941, 0.5399353383513897, 0.5484365307982416, 0.5547274744435063, 0.5614732782477916, 0.5631167958288089, 0.5687880370819912, 0.5711351221670278, 0.5737646902654915, 0.5767603202898435, 0.5770589154267656, 0.5803158977001474, 0.585223101565371, 0.5872955460479291, 0.5889899488268555, 0.5905834275527279, 0.5937150057567201, 0.5962551931540172, 0.5978052754333054, 0.599449867247671, 0.6018786261371083, 0.6026680676833442, 0.602208989361922, 0.6069194359731849, 0.6070486777934474, 0.6097655741740833, 0.6097913288335868, 0.6066077684146769, 0.6105348458648594, 0.6150452988087267, 0.617020277063484, 0.6153641587690168, 0.6173048058281779, 0.6172990423181784, 0.6171344549435637, 0.6202741210767326], "val_ious": [0.4747406733424765, 0.49745890271404514, 0.5264466886503109, 0.5281317225400953, 0.5428941554349401, 0.5381649353581927, 0.5512874452532202, 0.5626035172870193, 0.5545759620009989, 0.5518678852181503, 0.5667448642029278, 0.56567928324575, 0.5671340112668881, 0.5764452050561492, 0.5721241773470588, 0.5769831188347028, 0.5848431764305502, 0.5898636750121047, 0.5913085453752159, 0.5798089884329535, 0.5940920887649924, 0.573027187715406, 0.5906679181085117, 0.5946522193110507, 0.5983302945244141, 0.5937736038712489, 0.5935379962126413, 0.5979864996844444, 0.6009459614321804, 0.6000184120907299, 0.6057522676993107, 0.5972776443198108, 0.5994015256131904, 0.6007652714632559, 0.6035084320583206, 0.6071514511022013, 0.6072287442891495, 0.6054913844319355, 0.6044427672590036, 0.5997669696807862], "training_time": 854.1986920833588, "avg_gradient": 0.003491518847865339, "memory_usage": 1063.81640625}