{"train_losses": [0.27627513824921585, 0.25221924799615925, 0.239088814948564, 0.23053737754083198, 0.2231917499524096, 0.2195804635791675, 0.21647798674909965, 0.21317342838839345, 0.2095185886744572, 0.20811101308335428, 0.20584219329707001, 0.20369062386453152, 0.201960530941901, 0.20079065721644007, 0.19960850007508113, 0.19567601601390736, 0.197427566608657, 0.1944913512662701, 0.19531693997914376, 0.19178577034693697, 0.19019128787128822, 0.18987512126888917, 0.18842789968070778, 0.18826819267933784, 0.1861159009454043, 0.18657873749085094, 0.18546678579371909, 0.18305976219151332, 0.18441653470306293, 0.18141216817109482, 0.1807022408136855, 0.18188985388564027, 0.1800552353100932, 0.17989308872948523], "val_losses": [0.27134279453236126, 0.24764483227677966, 0.236928328871727, 0.22631318089754685, 0.21971453337565713, 0.2176074858592904, 0.21863546546386636, 0.2136998030802478, 0.2105941144020661, 0.20838311282188995, 0.21005166807900305, 0.21198649056579755, 0.2150242817790612, 0.20568714679583258, 0.2050526543803837, 0.20404528210992398, 0.2048007554334143, 0.20131637933461563, 0.2014588496607283, 0.20093345771665158, 0.19524803498516913, 0.19938648524491684, 0.20147215477798297, 0.19432617756335632, 0.19585090584081152, 0.1989425453154937, 0.20040357274853665, 0.19050278482229813, 0.19589880303196286, 0.19028354662915933, 0.19320179230493048, 0.1916733043997184, 0.19086751406607422, 0.1981084447192109], "train_ious": [0.442371173599816, 0.48427596771954634, 0.5074477155517408, 0.5239679833091252, 0.5355540034293699, 0.5421133758365244, 0.547798060798559, 0.55393524289779, 0.5601521126817965, 0.5623342217742534, 0.5666858450496111, 0.5708612428735134, 0.5737917969624206, 0.5753655518958533, 0.5775947826712027, 0.5847289390538053, 0.5816644005801366, 0.5869540174802141, 0.5858389736301653, 0.5920239996327006, 0.5946798351579816, 0.5950334094788715, 0.597891037176916, 0.5986916712228803, 0.6018930822070956, 0.6005869838746561, 0.6023437709588072, 0.6065154565309269, 0.6050780726515731, 0.6103711989910707, 0.6117882435412509, 0.6093832094600239, 0.6121630414888477, 0.61267466697356], "val_ious": [0.472459242719671, 0.49009384657593735, 0.5109050064415173, 0.5331524776807732, 0.5431092439786248, 0.5438044565743293, 0.5417536755186925, 0.5542299743147862, 0.5559430310259693, 0.5582363717797874, 0.5510221180924469, 0.5540553493344266, 0.542687234779199, 0.5667416598053946, 0.5706376370744429, 0.573878987327866, 0.5700972088869067, 0.5759542884602062, 0.564404261500939, 0.5764882981345276, 0.587690845347833, 0.5729564404573995, 0.5687462344117787, 0.5890399262956951, 0.5783854908701301, 0.5861506509608114, 0.5740859797899274, 0.5901435978602673, 0.5765139447606128, 0.5921521590671679, 0.5929647928130799, 0.5902290424143057, 0.5945895698623381, 0.5831313057654146], "training_time": 708.0246734619141, "avg_gradient": 0.004231186900980684, "memory_usage": 1065.81640625}