{"train_losses": [0.27780209198270156, 0.2551108625434015, 0.2425341679836097, 0.2324546065343463, 0.22879544823713924, 0.2220638199182956, 0.21825251825477765, 0.21431982452454773, 0.2111059145435043, 0.20793352462351322, 0.2065118286434723, 0.2053948807651582, 0.20126311351423679, 0.2010028204354255, 0.19927181748916273, 0.198699782319043, 0.19629976817447206, 0.19447650274504785, 0.19266167007710622, 0.19194944818382678, 0.1897038255372773, 0.18920208999644156, 0.18799789355176946, 0.1864253165929214, 0.185974830923521, 0.18582161329686642, 0.18642955872675646, 0.18263155505385087, 0.18356936781302743, 0.1816358843251415, 0.1836211437602406, 0.1793088269946368, 0.17886462807655334, 0.17854586802423, 0.1779320969691743, 0.1781973289730756, 0.1762840561568737, 0.1773512663886599], "val_losses": [0.26460065174361935, 0.2469719726106395, 0.2429371596030567, 0.23558194028294605, 0.24023373230643894, 0.22914085213256918, 0.22183176777932956, 0.21929517744675928, 0.21104066235863644, 0.2114116730897323, 0.2047090721519097, 0.226695300768251, 0.20589351880809534, 0.20951249806777292, 0.20275928922321484, 0.21315282971962637, 0.19932102995074313, 0.19923486560583115, 0.20749552969051444, 0.19825113014034604, 0.19970421007146005, 0.19832824786072192, 0.20027745029200678, 0.1927837055662404, 0.19581422339315, 0.1966899899036988, 0.19778200303730759, 0.19326022396916928, 0.19500120729207993, 0.19998660521662753, 0.19472079173378323, 0.19196457448212997, 0.1920555755496025, 0.19054170309201532, 0.19160909497219583, 0.1952906085745148, 0.1938231169529583, 0.19430760618137277], "train_ious": [0.4408546767561978, 0.47928545896665753, 0.5022158502074692, 0.520058290493013, 0.5270960578775926, 0.5380696150055834, 0.544270848288484, 0.5517993816646977, 0.5573591389085937, 0.5614250188396459, 0.5646490394745185, 0.5672532168311488, 0.5740120728378714, 0.5750725162957895, 0.5778435085346733, 0.578813062413879, 0.5832446899427018, 0.5869288455856885, 0.5895175204436849, 0.591599664286427, 0.5952102636945419, 0.5956953966423221, 0.5981712908740493, 0.6007718817479372, 0.6017246726306452, 0.6016739575543265, 0.6008323353809725, 0.6075224012568374, 0.6057054421500019, 0.6094848364051704, 0.6055764452270841, 0.6130340171141035, 0.613408508454112, 0.6149599629359832, 0.6151391706712868, 0.615494029353494, 0.6181307074384415, 0.6164654284931609], "val_ious": [0.46226607036331435, 0.49344547956750007, 0.5090180753149848, 0.5227338485959646, 0.5107953395100606, 0.5270281654337177, 0.5350701664237009, 0.5441690271963244, 0.5571906743706135, 0.5613746189552805, 0.5683217741872955, 0.5288998067810915, 0.5653778176376786, 0.5683200251365053, 0.5725097351748012, 0.5629654865765917, 0.5807586759328842, 0.5819149531316067, 0.5608076765269471, 0.5842900513738826, 0.5815171806708627, 0.5833611693503198, 0.5816673420477604, 0.5932760141465975, 0.5896683071834452, 0.5891419351100922, 0.5829236487979476, 0.5938354797553325, 0.590913843633472, 0.5873303581839023, 0.588980523356493, 0.5942936580682145, 0.595569115618001, 0.60050961850346, 0.5963893489561218, 0.5938522886970768, 0.5941927050766737, 0.5938304982323577], "training_time": 794.4145164489746, "avg_gradient": 0.0037957057243464686, "memory_usage": 1065.81640625}