{"train_losses": [0.2790424541934677, 0.2548303445396216, 0.24052701493644196, 0.23353691488180472, 0.22840848103489564, 0.22158640323449735, 0.219053292485035, 0.21503835082378076, 0.21321756238846676, 0.2089214484490778, 0.20654678652467934, 0.20545828204763972, 0.20366038398250288, 0.20160958486730637, 0.19896717458639457, 0.1984322398253109, 0.19630954204046208, 0.1958253170647051, 0.19447276384934134, 0.19311744986992815], "val_losses": [0.2615413364508878, 0.24865259068167728, 0.2339034009238948, 0.23673198210156482, 0.22359911546758984, 0.22867821837249008, 0.21897874448610388, 0.21479109415541525, 0.21399139450943988, 0.21134140342473984, 0.21074253968570544, 0.21080689261788907, 0.20294708078322204, 0.20262464783761813, 0.20166361688271814, 0.19675292366224786, 0.1994039105332416, 0.20350234145703522, 0.1974257036395695, 0.21139727468075958], "train_ious": [0.4410780767599743, 0.4815158020381046, 0.5064319692066183, 0.5190282774468261, 0.5291175687604625, 0.5386627925208946, 0.5436924753197725, 0.5507205223691638, 0.5536173768881439, 0.5616065256189611, 0.5658374520261645, 0.568697669421849, 0.5710569882522456, 0.574666903934617, 0.579079782131358, 0.5800286493655566, 0.5843291596873946, 0.5857909497251546, 0.5874538059359875, 0.5900238281574804], "val_ious": [0.4719383214478907, 0.49639896292617364, 0.5125385216180831, 0.5198566494644551, 0.5342669810937799, 0.5308841076018155, 0.5430104842652447, 0.5527837520492248, 0.5520144851095435, 0.5591337521007098, 0.5545852352743562, 0.5561224600111229, 0.5690971065474593, 0.5621024204984956, 0.5777096230050792, 0.5806691324797227, 0.5781301815008771, 0.5745623813591143, 0.5803477949854255, 0.5581047938785691], "training_time": 416.79797863960266, "avg_gradient": 0.009193783455329799, "memory_usage": 1065.81640625}