{"train_losses": [0.2772967837265004, 0.254537738940638, 0.24207256726272727, 0.2352145064784133, 0.22707294923779758, 0.2218785586402468, 0.22401557822266352, 0.2176581343392963, 0.2140136728792087, 0.21089742842899717, 0.20769159123301506, 0.20599109566082124, 0.2045067062844401, 0.20261682100270106, 0.2018554639881072, 0.19885564336310263, 0.19704080939940785, 0.19800229232920252, 0.19500853696271128, 0.19501569057288376, 0.19295692622013713, 0.19064847477104352, 0.19113200562803642, 0.18958101008573305, 0.18736430346641852, 0.18840091505452342, 0.18629099955053433, 0.1853882896349482, 0.18406911996071754, 0.1834715245210606, 0.18221164316586827, 0.18289100265373354, 0.18242018499776072, 0.17965399303837962, 0.17982213110055612], "val_losses": [0.274310281743174, 0.24712089092835135, 0.24738809466362, 0.22891321065633194, 0.22504640856514807, 0.2363939690201179, 0.23400066469026648, 0.23309897307468497, 0.21581516090942465, 0.20909545991731726, 0.20840752740269122, 0.21268748394821002, 0.21311193639817444, 0.2100380500373633, 0.21281676350728326, 0.20349874023510062, 0.2029374873508578, 0.1981804497216059, 0.20103401690721512, 0.20270501271538113, 0.19450520821239636, 0.19642259018576663, 0.2046941920467045, 0.19720251437114633, 0.193328309642232, 0.19889365525349326, 0.20483589010394138, 0.19382500583710877, 0.19610678858083228, 0.1923358929545983, 0.19024006342110428, 0.19900384739689206, 0.19529232058836066, 0.1909998156454252, 0.1935490363317987], "train_ious": [0.4428037031675163, 0.4817240132099907, 0.503359738494391, 0.5164332579875337, 0.5294468364259902, 0.539221485239872, 0.5365402084923737, 0.5462540076316695, 0.552326299088157, 0.5580697539060013, 0.5632159560918809, 0.5667787506852461, 0.5694178175990995, 0.5728050186906175, 0.5745381885140701, 0.5793159812472869, 0.5822184538009805, 0.5809500638017621, 0.5856105913070665, 0.586584810761438, 0.5893926398585674, 0.5937074141009997, 0.592133724279162, 0.594790025897648, 0.5985215991951418, 0.5980451672297454, 0.601120592351409, 0.6027445671674998, 0.6046263625224433, 0.6065940348350481, 0.6087841416938581, 0.6065771713636925, 0.6077529739966426, 0.6126508576714472, 0.6123926504582599], "val_ious": [0.4552431836508322, 0.49705930648074637, 0.4910911601306736, 0.5274455282783164, 0.529495920823968, 0.5229104064081027, 0.5271076676638231, 0.5263176885419997, 0.5520210924787797, 0.5626567779243857, 0.5631267832241198, 0.5545976727768995, 0.5505139799653622, 0.5620491297348685, 0.5599038041588189, 0.5696175089780835, 0.5715634742940681, 0.5825540017390598, 0.5723244331885077, 0.5724635018386701, 0.5882411290338074, 0.5879275595796283, 0.5719399566667669, 0.58165044348309, 0.5923134215931962, 0.5879202968832375, 0.5720613356949626, 0.5868581760188809, 0.5874248382405958, 0.5923517793416977, 0.5967096412095468, 0.5879817358825519, 0.5796363420676494, 0.59851523110832, 0.592024396295133], "training_time": 725.2238030433655, "avg_gradient": 0.011244731994795091, "memory_usage": 1065.81640625}