{
  "train_losses": [
    0.28070825832369534, 0.2559559384117956, 0.24393757205942404,
    0.2339508213588725, 0.2275019194120946, 0.2226868938330723,
    0.21787061234531196, 0.21520617069757503, 0.21103096599488155,
    0.20871333907479825, 0.20633141615468523, 0.20281675806188065,
    0.20089702267685663, 0.20159223157426584, 0.1982128248428521,
    0.19674504232471404, 0.19425560898430969, 0.19389168731868267,
    0.19209682236870992, 0.1909139539398577, 0.19139260596231275,
    0.18807478127596172, 0.1871982002225907, 0.18730103394583517,
    0.18634265944685624, 0.1843563949122377, 0.18364892122538193,
    0.18315457172043945, 0.18230935890713465
  ],
  "val_losses": [
    0.2857332650734031, 0.2539013118847557, 0.24452348798513412,
    0.23740758001804352, 0.23279616107111392, 0.24261969554683435,
    0.22818357367878375, 0.21992121118566263, 0.21791928553062936,
    0.21378127517907516, 0.21092808311400207, 0.20996319308229114,
    0.20810138693322305, 0.21850740682819617, 0.20778137769388116,
    0.20627096230569092, 0.20631274095048074, 0.20787360681139905,
    0.20212276150350986, 0.20432139868321625, 0.2058236177848733,
    0.20247512667075449, 0.20280927937963736, 0.20559459212033646,
    0.19774336205876392, 0.19664858735125998, 0.19829879150442456,
    0.1989989792523177, 0.20736352095137472
  ],
  "train_ious": [
    0.4394507288824822, 0.47899543955598206, 0.49994657993100694,
    0.5170460456199402, 0.5274974573133647, 0.5368054415760699,
    0.5453175629988529, 0.5500363022952837, 0.5568811630803178,
    0.5610945189938595, 0.5652446304110513, 0.5717517695781111,
    0.5754301475118034, 0.5739205719876111, 0.5794707703525606,
    0.5827832182572373, 0.5868635995016583, 0.5876714449537835,
    0.5911426499917888, 0.592767157038485, 0.5928443120117639,
    0.5980769040575924, 0.5992991951280748, 0.5992106045933733,
    0.6007225034029586, 0.604245558920978, 0.6056571972650895,
    0.6065409552791844, 0.6087171976872978
  ],
  "val_ious": [
    0.4502279289822647, 0.4808542856919593, 0.5030081994507624,
    0.5075849604563437, 0.5184290574296663, 0.5103856720354244,
    0.5328742352084838, 0.5402752599422483, 0.5466617974250213,
    0.5516382648029189, 0.5566144283267035, 0.5609303896409877,
    0.5606477588847064, 0.5465619289788648, 0.5617707512084988,
    0.5695085054722384, 0.5737946830365968, 0.5647682379121367,
    0.5785374922164972, 0.5761425749979159, 0.5675245754528736,
    0.5763418989768927, 0.5804154782191566, 0.5734228474506434,
    0.5814884186222934, 0.5863864367854766, 0.584053030912427,
    0.5831168127664621, 0.5702477693557738
  ],
  "training_time": 605.4971032142639,
  "avg_gradient": 0.0034814892578642776,
  "memory_usage": 1065.81640625
}
