{"train_losses": [0.28172485360308835, 0.2566925587699465, 0.24276333585705445, 0.23498785528151886, 0.23049914415763773, 0.22524048185542875, 0.2210686281323433, 0.21779431896689144, 0.21474341489374638, 0.211439268015649, 0.20919349384696587, 0.20754681227971677, 0.20498493815893712, 0.20402930757921675, 0.20128994718517945, 0.20006346718772597, 0.1984876896376195, 0.1954004045413888, 0.19445038157636704, 0.19316395202084727, 0.1929584585292184, 0.1921674852947826, 0.18986916793105396, 0.1899114218742951, 0.1881490187800449, 0.1870324128995771, 0.18563787574353424, 0.18633669776761014, 0.18460587436414283, 0.18328602417655612, 0.1812562730325305, 0.18145326120050057, 0.18090476929817512, 0.1797500443847283, 0.18005735678193363], "val_losses": [0.2725892617650654, 0.2463665643463964, 0.23905927234369775, 0.23680695081534592, 0.2249196735413178, 0.229527213651201, 0.23725094322277152, 0.2263718843460083, 0.21746960023175116, 0.2119209361465081, 0.21273381457380627, 0.22238336827443994, 0.2104215012944263, 0.20172113698461783, 0.20669547403636185, 0.2023319339622622, 0.20040274832559668, 0.20374708914238474, 0.19810527530701263, 0.209594016165837, 0.20252558945313745, 0.20066016232189926, 0.19819842894440112, 0.19270775629126508, 0.19222724340532138, 0.1986263021826744, 0.19730975381706073, 0.1996994180523831, 0.19865273360324942, 0.1924091632599416, 0.19144440831049628, 0.1925353291242019, 0.1919297371869502, 0.19113553639339365, 0.19711381456126337], "train_ious": [0.43630697899430576, 0.47819060745878483, 0.50201528046982, 0.5174396640850581, 0.5250629267884771, 0.5335249585247991, 0.5402471998139567, 0.5467694625528398, 0.5522061935153559, 0.5577125409483049, 0.5619567229911901, 0.5649248706041906, 0.5693671361583733, 0.5708732971030733, 0.5760724081293401, 0.577594342924978, 0.580863793313071, 0.5863883279911853, 0.5876178916921652, 0.5900764657535416, 0.5896348820432376, 0.5922714119264181, 0.5960803738106855, 0.5959879496823187, 0.5986585777414881, 0.6010037982377451, 0.6031508438181181, 0.6021702524976459, 0.6044916135353455, 0.607295002842295, 0.610781498145366, 0.6107542838199413, 0.6119467588546482, 0.6134562408146657, 0.6131047723625881], "val_ious": [0.44106990433689475, 0.48759844370078353, 0.5072633102536201, 0.5130757919472198, 0.5322977768770162, 0.5306777897952256, 0.5190414519629618, 0.5359746734949126, 0.5431061621377431, 0.5489338767053423, 0.5509491616833035, 0.5458035678535268, 0.5576207484456076, 0.5729225249826044, 0.5596674637518066, 0.5743238113928533, 0.576171919271566, 0.570391835293908, 0.5795102588076524, 0.5634707981261653, 0.5763920707547145, 0.5809376166350598, 0.5745367651832276, 0.5908494401669158, 0.5913048878959988, 0.5788977433373963, 0.5861177565394968, 0.5777768557486328, 0.5797244472348171, 0.5950996033523392, 0.5935919772887575, 0.593046132421148, 0.5930479775736296, 0.5981097830378491, 0.5767852197522702], "training_time": 731.6563651561737, "avg_gradient": 0.004179945576039174, "memory_usage": 1065.81640625}