{"train_losses": [0.2771857433506976, 0.25423359214935615, 0.24074205310772295, 0.23166689155218395, 0.2256012315173512, 0.22132996453539186, 0.2168663499633903, 0.21354197986100032, 0.21049270730303682, 0.20836309586530147, 0.20628811038382674, 0.2030932564774285, 0.20136445177638013, 0.20251989988205227, 0.19833551217680392, 0.1966873975875585, 0.1950051897893781, 0.1941485292399707, 0.1918591618861841, 0.19117184712187105, 0.19025177702955579, 0.18918963562211263, 0.18714460762946503, 0.18692491252137267, 0.18477140205061954, 0.18351981602609158, 0.18650894936012186, 0.18368387602917527, 0.18209193201492663, 0.18091022223234177, 0.18207675064711468, 0.18120927574193996, 0.17883435693448005], "val_losses": [0.259896580291831, 0.2469980353894441, 0.23274122210948364, 0.22784187126418817, 0.22382144629955292, 0.22277662773495135, 0.21314042677050052, 0.2133208260588024, 0.21001106824563898, 0.20920657107363577, 0.20676653346289758, 0.20074529071216998, 0.2050208608093469, 0.20283264958340189, 0.19887391024309656, 0.19802780060664468, 0.19864447771207147, 0.20069292414447534, 0.19698799531096997, 0.19552729667528815, 0.2049285607493442, 0.19821835017722586, 0.19456406326397604, 0.1943066421410312, 0.1940085191441619, 0.19049415834572003, 0.19916555965724198, 0.19857627088608948, 0.19119018057118292, 0.19237353393565054, 0.1938911015572755, 0.1919684753469799, 0.19780760226042374], "train_ious": [0.44187056626854604, 0.48170802391309697, 0.5052168312334063, 0.5215731568202591, 0.5321943421942601, 0.5402679388289868, 0.546573189775581, 0.5532062688599465, 0.5584630020556673, 0.5616684865908345, 0.5657779532822147, 0.5712309732385306, 0.5747938452531464, 0.5730065856722819, 0.5797599584836026, 0.5833995580889176, 0.5865492673887721, 0.5873597021876037, 0.5918201102834679, 0.5929399796262167, 0.59456516413585, 0.5960524165867893, 0.5996603233658753, 0.6003936607984529, 0.6045677135496037, 0.6056663954927439, 0.600764704787213, 0.6059591041850874, 0.608230932737174, 0.6111031611436517, 0.6090229789092055, 0.6103410694910135, 0.6142829853663412], "val_ious": [0.4763506317268246, 0.4978787632308145, 0.5183240752937135, 0.5316384057851805, 0.5295321316174838, 0.5338121818891468, 0.5549173784860665, 0.5443329061718956, 0.5597831693248473, 0.5546671214742936, 0.5652804359577704, 0.5793776214122773, 0.5685861348242, 0.5666390689818754, 0.5793770286052125, 0.5830941731515137, 0.5826711309128914, 0.5763171384300013, 0.5809120624393657, 0.5863430852043457, 0.5707918126945909, 0.5849688463452933, 0.5887058271446091, 0.5904808880194374, 0.5920671954535055, 0.5987653386765632, 0.585125530327576, 0.587752300112144, 0.599623636491057, 0.5901236817024756, 0.5924946579380312, 0.5942220966453138, 0.5872104103150575], "training_time": 688.4518518447876, "avg_gradient": 0.003387082166859394, "memory_usage": 1065.81640625}