{"train_losses": [0.278295358966874, 0.2513780288560235, 0.23957190435865652, 0.2320190102023923, 0.2252800000588531, 0.22144674728422062, 0.2164292684553758, 0.21455264958026615, 0.21011600870153177, 0.20938901708501836, 0.2068825979595599, 0.20452185930765193, 0.20187093187933383, 0.20141980505507925, 0.19976605499244254, 0.19724540768758111, 0.19520197752053323, 0.19545723692230557, 0.19228785298764706, 0.19142439694184324, 0.1915338905123265, 0.18991085417244746, 0.18842715891483036, 0.18721872082223062, 0.18699329095366207, 0.18599116713132546, 0.18523794064379256, 0.18424717984769656, 0.1824951558171407, 0.18109061658058478, 0.18325162768040015, 0.18072571654034697, 0.17911089705708233], "val_losses": [0.26217806857565173, 0.25933920041374536, 0.2425220699413963, 0.22978334258431973, 0.2347630187869072, 0.21967292350271475, 0.2224567127616509, 0.22791463428217432, 0.2129327262873235, 0.2114528518008149, 0.2143523463088533, 0.21411874825539795, 0.20420139315335648, 0.20662094004776166, 0.2104901820421219, 0.2106129938493604, 0.21144038665553797, 0.20860508505416953, 0.20126707722311435, 0.20922718585833258, 0.20091887045165766, 0.20447114433931268, 0.19665578299242517, 0.20487731274055399, 0.2094436896883923, 0.19705386945734854, 0.20801684519518976, 0.20050050415422604, 0.19647722140602444, 0.20004336795081262, 0.2035121778431146, 0.1954567001565643, 0.22927564512128415], "train_ious": [0.4410766148872239, 0.4861207350386658, 0.5082835816926714, 0.5218502908027257, 0.5323962460987378, 0.5400696717256654, 0.5474285657747072, 0.5513233033049362, 0.5587059978017772, 0.5608982756409955, 0.5651521928122508, 0.568916188094063, 0.5737687233781466, 0.5747482167637865, 0.577859463143176, 0.581870770000893, 0.5854379850291257, 0.5851456552096036, 0.5911618856092291, 0.5927795220328416, 0.5925095000344768, 0.5957479657794255, 0.5982925593313099, 0.6003046686342665, 0.6002274679856893, 0.6024693750060985, 0.6041376586409585, 0.6054559112998884, 0.608178019253672, 0.6112765466821367, 0.6071655254109184, 0.6114300492125142, 0.6149875171806503], "val_ious": [0.4687229248060696, 0.48408043373754045, 0.5069582437475524, 0.5208008503136429, 0.5261691305516422, 0.5385832331966663, 0.5422976614124532, 0.5407595824504244, 0.5557015466949213, 0.5570865286433179, 0.553175838313241, 0.5552136444527169, 0.569915803230327, 0.5631730322172678, 0.5628053329992986, 0.5566709417363871, 0.5625000155490378, 0.5593478974440823, 0.577420386499253, 0.5648550939732704, 0.5769471796094505, 0.57133912500264, 0.5850549942773321, 0.574573857628781, 0.5742416349442109, 0.5849215826694516, 0.5704106917415842, 0.5807165609321734, 0.5864140490690868, 0.5799634378889332, 0.5789394039606702, 0.5854091447764549, 0.5318372469881306], "training_time": 688.1756525039673, "avg_gradient": 0.009239147357063332, "memory_usage": 1065.81640625}