{"train_losses": [0.278483709320426, 0.2523976828417052, 0.23874888820168766, 0.23250053620532804, 0.22637185940276022, 0.220654155249181, 0.2179674385520427, 0.2137428007857955, 0.21158790669363478, 0.20891476641206638, 0.20676303784484448, 0.20617940819457822, 0.2040571222162765, 0.20108924158241437, 0.19869481942251974, 0.19746668563912745, 0.19565404992064703, 0.1946117955705394, 0.19476809700869996, 0.1921286635586749, 0.1913985952572978, 0.19296542757555193, 0.18916054944629254, 0.18870547535302845, 0.1885454973772816, 0.18788540590068567, 0.18547815950992314, 0.18344934057930243, 0.18344261140927023, 0.18240891923399075, 0.1816764199377402, 0.18068973801058272], "val_losses": [0.26559968033562537, 0.2499176211979078, 0.23705520804809488, 0.2339100280533666, 0.23645378390084143, 0.2251663684197094, 0.21905177442923837, 0.2136923690205035, 0.2199119591842527, 0.2170394597494084, 0.21867218257292456, 0.20526088515053625, 0.2151550326658332, 0.21200838263915933, 0.20920503463434137, 0.2023461577684983, 0.20396904776925626, 0.19910711179608884, 0.2008604867302853, 0.1969619364194248, 0.20557968577613, 0.2006569478822791, 0.20493061581383581, 0.19864451755648074, 0.2041750760829967, 0.19933814749769543, 0.1941371453197106, 0.1957108064190201, 0.19426402546789334, 0.19591764587423074, 0.1916410343154617, 0.20083502777244733], "train_ious": [0.4410978344039638, 0.4839800561953712, 0.5087797505700066, 0.51925763177375, 0.5299339867534409, 0.5381526520502738, 0.5443931915189907, 0.5517858495206938, 0.5563296803367741, 0.5609566334473048, 0.5653789412716163, 0.5656096129205779, 0.5698430189943829, 0.5745860519616501, 0.5790247331386894, 0.5811605119834781, 0.5850059009440562, 0.5863378725514028, 0.5864991477110252, 0.5907894500895686, 0.5915456001741298, 0.5894850408253463, 0.5957962015400764, 0.596728391729403, 0.5964418923941213, 0.5978285683237988, 0.6018960873285925, 0.6054053253129766, 0.6057124389470484, 0.6077600932963515, 0.6085076797483626, 0.6112749594925103], "val_ious": [0.4695304053417151, 0.4969371192265248, 0.517539894235307, 0.5143192041179409, 0.511214187071807, 0.5362459805564603, 0.5419963837965674, 0.5547174681787905, 0.5412404718606367, 0.5521083720352337, 0.5472566776949427, 0.5661145677601082, 0.5516846516857974, 0.5561343686304231, 0.5685975415551143, 0.5750399650870889, 0.5721624236607898, 0.5801173893437872, 0.5776065395794052, 0.5833132670841354, 0.5708471664052077, 0.57455769656361, 0.5713128415138825, 0.5760925960713537, 0.5694787448299103, 0.5831324503473613, 0.5919306582730749, 0.5826817005872725, 0.589530522192734, 0.5866847578166189, 0.5935806433359782, 0.5740379891965701], "training_time": 665.468985080719, "avg_gradient": 0.004791766466695605, "memory_usage": 1065.81640625}