{"train_losses": [0.2836484843460114, 0.2581247113159169, 0.244694199817984, 0.23688301452152108, 0.23126866093472295, 0.2251702372956535, 0.22116920894578748, 0.21699075206466342, 0.21424765811990137, 0.21175286862189355, 0.20890090614557266, 0.20850637757583804, 0.20498681117011153, 0.20391797468714093, 0.2010348329887442, 0.2008823226813389, 0.19849215034881365, 0.19711124613557174, 0.19652749938161476, 0.19500968702461408, 0.1929717686675165, 0.1940381586065759], "val_losses": [0.2673903191867082, 0.2492862709838411, 0.2471571133836456, 0.2328506623921187, 0.22733696744493817, 0.22220263759727063, 0.22234741339217062, 0.21107155278972958, 0.2226342089150263, 0.21821261845205142, 0.23045350999935812, 0.20781488748996155, 0.20304234585036401, 0.20276521923749344, 0.20907711723576422, 0.2065776359775792, 0.20126224114843036, 0.20180397901846014, 0.20047049839859424, 0.20219930455736493, 0.20757417672354242, 0.2106941089681957], "train_ious": [0.435192488228389, 0.47450788000571537, 0.49826861594034283, 0.512451343238354, 0.5224016954501467, 0.5326351950727941, 0.5402315342663853, 0.546750676480756, 0.5523204045181259, 0.5563732964945012, 0.5612028849081717, 0.5621684937589412, 0.5678766039942481, 0.5706304649188038, 0.5758543851906841, 0.5756179641770282, 0.5795446232609126, 0.5817526680943758, 0.5830845319382519, 0.5864080619336901, 0.5890610831911149, 0.5879713599772555], "val_ious": [0.4602481456122537, 0.49531294481045957, 0.4983922870478768, 0.5170599055894908, 0.529760006437267, 0.5320296668704005, 0.5414258536437284, 0.5574758625116901, 0.5347734289108842, 0.5389891776485721, 0.5317042074773622, 0.5650913693766663, 0.575053907174995, 0.5711484171342159, 0.5624165059863656, 0.5632510656032009, 0.5775320562331574, 0.5785534794347873, 0.5716381334308265, 0.5780392615259557, 0.5641807466745378, 0.5519000101780546], "training_time": 458.95027899742126, "avg_gradient": 0.007523986907827028, "memory_usage": 1065.81640625}