{
  "train_losses": [
    0.27824025115241174, 0.25448131383113237, 0.2418098001052504,
    0.23285377892139164, 0.2288226918519839, 0.2249413529491943,
    0.21961987285834292, 0.21588330869765385, 0.2124501133094663,
    0.20981036839277847, 0.2068207725558592, 0.2052452944866989,
    0.20303629395430503, 0.20219502168829026, 0.2011239974880996,
    0.19931575834103252, 0.19623565657631212, 0.19590749542998231,
    0.19414571065293706, 0.19310073076706866, 0.19316324891279574,
    0.19195482523544974, 0.19015234449635382, 0.18857954142858152,
    0.18873356890095316, 0.18826086187492247, 0.18689375419331633,
    0.18526957143584025, 0.1856325578916332, 0.1837241018757872,
    0.18234696895208047, 0.18244734195911366, 0.1808507499973411,
    0.1807129292384438, 0.1792134903371334, 0.17930387948518214,
    0.17861545968638814, 0.17862729744418807, 0.17887484104089116
  ],
  "val_losses": [
    0.2734822825245235, 0.24866898098717566, 0.23586474974518237,
    0.2340604193184687, 0.232966852252898, 0.21934636196364526,
    0.24015395505272824, 0.21793742769438287, 0.21070201403420905,
    0.21959725216678952, 0.20698215715263202, 0.21133836099635,
    0.20425969070714453, 0.20182324265656265, 0.20091204118469488,
    0.20812307881272357, 0.20457663613816965, 0.19763523761344992,
    0.20203552395105362, 0.19866996290891067, 0.20560760698888614,
    0.20419584506231805, 0.19222969302664633, 0.19608138177705847,
    0.19407738226911295, 0.1920918848203576, 0.19335034522025482,
    0.19336529821157455, 0.19230902745671893, 0.19467108631911484,
    0.19228538838417633, 0.1913848480452662, 0.19331658242837244,
    0.19224813386150028, 0.18948978541985803, 0.19068934347318567,
    0.1886921298244725, 0.19634073454400766, 0.19501945408790008
  ],
  "train_ious": [
    0.4418338056572752, 0.4803049237723798, 0.503387517309275,
    0.5186652369743239, 0.5274515999616055, 0.5330612756635831,
    0.5430684173074749, 0.5490877876409155, 0.5547902715270938,
    0.5600426860045697, 0.5651566407278827, 0.567986829260337,
    0.5712364390762384, 0.5733030405489435, 0.5750939012977523,
    0.5781476507368293, 0.583984990482745, 0.5836052054512331,
    0.5873713905288692, 0.5886184766456702, 0.5884314364065294,
    0.5919548902606624, 0.5943374959347038, 0.5973940565642242,
    0.5962604286446086, 0.5978031920782036, 0.6005732818250208,
    0.603202212277962, 0.6025207820685877, 0.6058654391031335,
    0.6078696255774603, 0.6080542515045491, 0.6104262503592865,
    0.6105068472848422, 0.6130293317787027, 0.6133477228923119,
    0.6146394831222899, 0.6155100703995294, 0.6139369339722655
  ],
  "val_ious": [
    0.4338601443214694, 0.4872181973811508, 0.5117613563071126,
    0.5098555467051008, 0.5221185178860376, 0.5426323586615963,
    0.5140589212161907, 0.5448648098154344, 0.554067786405052,
    0.545483390274255, 0.5572186872579049, 0.5595598264016968,
    0.5678176078675448, 0.5717885351699331, 0.5690878729025524,
    0.5682427369166111, 0.5702795619549959, 0.5820932701446008,
    0.5768357865188433, 0.5813947304867316, 0.5682711132626602,
    0.5705593198105909, 0.5895531065222145, 0.5833455224831898,
    0.5886279394229255, 0.5890027027631151, 0.5888127444878869,
    0.5900806490925775, 0.5917256539282593, 0.5870102726031042,
    0.5869184427935142, 0.5922767787739851, 0.5915355840023013,
    0.5918905691824098, 0.5996693366247675, 0.5988357993571654,
    0.6012626046287839, 0.5924975021161896, 0.5881283782098606
  ],
  "training_time": 814.762167930603,
  "avg_gradient": 0.004861422334610482,
  "memory_usage": 1065.81640625
}
