{"train_losses": [0.27607523083038954, 0.25402458959623525, 0.24249944884492003, 0.23531515774843487, 0.22832438317329987, 0.22141497906135477, 0.21953680852185126, 0.21528695418458918, 0.2127773164892974, 0.20957054805172526, 0.20829545301587685, 0.20563053064372228, 0.20307364484862142, 0.20154919183772543, 0.1993837573606035, 0.19760021850790666, 0.19690540076597876, 0.1955592391769523, 0.1940671502734008, 0.19303581021402194, 0.19209387623097585, 0.19060733598535476, 0.18857355593987132, 0.18778758058729378, 0.18692130352491917, 0.18519642738544423, 0.18612587816365386, 0.18473136935221113, 0.1828984998004592, 0.18251911218723524, 0.18120697213579778, 0.18228504005009713], "val_losses": [0.2672101910347524, 0.25114736544049304, 0.2410412246118421, 0.2315170538166295, 0.22731530925501947, 0.22346242160900778, 0.23112449373887933, 0.21975788765627405, 0.21800010100654935, 0.2216462709981462, 0.21405815786641577, 0.20692779998416486, 0.20383809020985727, 0.20523379483948584, 0.20258211279692856, 0.2022760957479477, 0.19974146945321042, 0.20078514645928922, 0.1968578683293384, 0.19575416329114334, 0.20300411368193833, 0.19465248740237692, 0.19621881648250247, 0.19334948645985645, 0.19336912813393967, 0.19776033707287, 0.19388995740724646, 0.1934216246008873, 0.1889156083697858, 0.19517048869443976, 0.194214159703773, 0.20180250704288483], "train_ious": [0.4440798838960305, 0.4820307000013798, 0.5015939436852933, 0.5147110250495048, 0.5270264083924501, 0.5389300011422324, 0.5416303566400554, 0.5508120792607467, 0.5539209645349479, 0.5594038011479207, 0.5620613140796407, 0.5673852358823236, 0.5713135055873704, 0.5743398678799473, 0.5778122891442499, 0.5820269103067511, 0.5834998389625029, 0.5847217219247336, 0.587720834042715, 0.5895280809938044, 0.591272944719463, 0.5931498101655989, 0.5970553944184297, 0.5987707689620444, 0.5997032555009146, 0.6027671068474868, 0.6013331184352654, 0.6040586148915086, 0.6070728972554204, 0.6076017604141998, 0.6100660160291888, 0.6078648465159145], "val_ious": [0.4707991371768109, 0.48420017547365546, 0.4998147205814073, 0.5214521343941274, 0.5317237175245216, 0.5382559141819026, 0.525769074110017, 0.5394786975306013, 0.5455642055342164, 0.5497572834509007, 0.5518154547266338, 0.5626140943040019, 0.5728825747534849, 0.5689345563667407, 0.571063861682795, 0.5723914635786113, 0.5776615648165994, 0.5779498228128405, 0.5839850934951203, 0.5842339977406074, 0.5716041458257729, 0.5828021637339522, 0.584786145799402, 0.5882815854704898, 0.5877517148636389, 0.5798631783412851, 0.5873787223860838, 0.5838171785724339, 0.5966063444165216, 0.5875940668410149, 0.5908732068711433, 0.5814248304004256], "training_time": 668.3415694236755, "avg_gradient": 0.0042312851220146904, "memory_usage": 1065.81640625}