{"train_losses": [0.27837266554327117, 0.25514831912258396, 0.24192835317681666, 0.23288453686172547, 0.22720196786458077, 0.22318224940934908, 0.21865665742560572, 0.21589201470108135, 0.21289990421222604, 0.2110283240351988, 0.2073309437736221, 0.20657136015917943, 0.20326611140499945, 0.20174239187136941, 0.20074336028293424, 0.19989567031355007, 0.1964678124565145, 0.19503969067464705, 0.1946110013548447, 0.19330084720707458, 0.1923186220228672, 0.19048629887402058, 0.1907249276890703, 0.1898414760666049, 0.1876802861528552, 0.1879931779821282, 0.1867819404958383, 0.18519021967506927, 0.18518462121162726, 0.18257549226931905, 0.18289880875660025], "val_losses": [0.2847052508074304, 0.2521155379388643, 0.24168305844068527, 0.22828567967466687, 0.22827534474756406, 0.22403370070716608, 0.22749301143314526, 0.22143684392390045, 0.22153412712656934, 0.20981151027523953, 0.211903246200603, 0.20557093393543494, 0.20604113586570905, 0.2084464084195054, 0.2035329189637433, 0.20495511397071506, 0.19958189486161523, 0.20181192036556161, 0.1961221970293833, 0.2024808292803557, 0.20103805317826892, 0.19980011200127396, 0.20225288978089456, 0.1946903580556745, 0.19368294918018839, 0.19188492453616598, 0.1952087415949158, 0.1919958682163902, 0.19503128139869028, 0.1997507078492123, 0.2073321161062821], "train_ious": [0.4377948836646162, 0.4785652357706988, 0.5020803227696732, 0.5188600577791966, 0.5282968813418477, 0.5354189101228678, 0.5432684009597785, 0.549051243730861, 0.554301451837671, 0.5571365167211365, 0.5639280816135197, 0.565666198838448, 0.5703166309150233, 0.5736052745926208, 0.5755655048550039, 0.5775105691096493, 0.5829450252155464, 0.584839127741862, 0.5862058322282812, 0.5883454069279243, 0.5902606402726276, 0.5934557426126971, 0.5932016050362071, 0.5948404324767381, 0.5986744174598784, 0.597811866443658, 0.6001286094711311, 0.6025362392158614, 0.6032959698442959, 0.6075559523550499, 0.606727520948735], "val_ious": [0.4428387747510619, 0.48322142142316576, 0.5147931187049202, 0.5325292658762656, 0.5266085068384804, 0.5267026112347407, 0.5380300831967505, 0.5443827477486237, 0.5442698271810145, 0.5612017799546752, 0.559184900444487, 0.5668247545111005, 0.5674231115026752, 0.560296346311984, 0.5756331844174344, 0.5648377544206121, 0.5781140139569407, 0.5746141155992728, 0.583905433183131, 0.5792847869620806, 0.5772219336983087, 0.5829165130853654, 0.5732895924129346, 0.5893978930037956, 0.5911698030388873, 0.5954719844503679, 0.5941406991602717, 0.5950347565222478, 0.5910175285045652, 0.5864466124254725, 0.5660517947829288], "training_time": 649.3030471801758, "avg_gradient": 0.007346928955398269, "memory_usage": 1065.81640625}