{"train_losses": [0.28151812525871006, 0.25438766845542454, 0.24394111667314303, 0.23521633138475212, 0.2289880629952835, 0.2240269833608814, 0.2196002128817465, 0.21788570090480472, 0.2133342017946036, 0.21094795931940494, 0.20698629238683244, 0.20743102523619714, 0.20462035128603812, 0.2017407011564659, 0.20002491464433464, 0.19873665678112404], "val_losses": [0.26015476623307104, 0.27215754791446356, 0.25650831506304117, 0.23387711851493173, 0.22518947785315307, 0.22155911119087882, 0.22276459861060846, 0.22195354330798853, 0.21726937430060428, 0.22151841871116473, 0.20145988302386325, 0.21350077928408331, 0.2050875940400621, 0.21308156459227853, 0.20009542710107306, 0.24979503387990204], "train_ious": [0.438968758193263, 0.48257066390436615, 0.502538161730205, 0.5163753256741642, 0.5281180577973525, 0.5358112278677849, 0.5439117052254899, 0.5464974472272224, 0.5544388415966773, 0.5583212640460418, 0.5651916419898253, 0.5650847361733515, 0.5700036678733167, 0.575262919716213, 0.5776757864092572, 0.5808065457242552], "val_ious": [0.47189198941856203, 0.4627724808195363, 0.48095125327075744, 0.5117985537086708, 0.5288065152539724, 0.5362870794707449, 0.532350435960984, 0.5360261296880416, 0.551202853952629, 0.5428517357162809, 0.5731899841972019, 0.5620714458434479, 0.5676389664843462, 0.5503149574649505, 0.5761764328116953, 0.48751111922488694], "training_time": 333.5517690181732, "avg_gradient": 0.0022954344611377294, "memory_usage": 1065.81640625}