{"train_losses": [0.27918422950998595, 0.2549552727976571, 0.24215764066447382, 0.23256847003231879, 0.22540313377976418, 0.21990853070240954, 0.21922741587395253, 0.21426170100660427, 0.21203912422060966, 0.20918195548912752, 0.20726759926132535, 0.20474206421362318, 0.2025327370704516, 0.200626520520967, 0.20015982271212598, 0.19720836421069893, 0.19837609897165195, 0.19546321836178718, 0.19438034636170967, 0.19338581208949504, 0.19204309169688952, 0.18911846484179082, 0.18844323297557625, 0.18690684235290342, 0.1873017903417349, 0.18770717635102893, 0.18872452543481535, 0.18485893722137678, 0.18321238118021385, 0.18280858060588007, 0.18071037571391332, 0.18210527276539284, 0.1801636852324009, 0.1812557311647612, 0.17859150121069473, 0.1776340735833282, 0.1755295613699633, 0.17766572105819764, 0.1758579640932705, 0.17562052000152029, 0.17642667452278343, 0.17415419771619464, 0.17807683486329473, 0.1734925478534854, 0.1711181777164988], "val_losses": [0.3498416970605436, 0.2519510100069253, 0.2445530813673268, 0.2331762323560922, 0.22463900304358939, 0.26052647634692816, 0.21680709946414697, 0.21787193320367648, 0.22027292556088904, 0.23396048953999643, 0.2132374592449354, 0.20229217150936957, 0.20124774329040362, 0.2033576158725697, 0.1979874489100083, 0.20562206662219504, 0.20358177112496417, 0.2059519128954929, 0.19989720310853876, 0.19510938713084097, 0.19551501779452615, 0.1945043986906176, 0.19162108328031457, 0.19655585548152094, 0.20248293520315833, 0.1929217081355012, 0.19498747198478036, 0.19028143681909726, 0.19356510399476343, 0.19325878924649695, 0.1950144411429115, 0.192543296062428, 0.18786794012007507, 0.19274607657090478, 0.19247401149376578, 0.19080417117346887, 0.18731838011223337, 0.18697786201601443, 0.19090769699086313, 0.19361036530007486, 0.1918636621988338, 0.18640898168087006, 0.18783449705528177, 0.18840793001910913, 0.1915634919119918], "train_ious": [0.44236234921044215, 0.47986581208913215, 0.5025398872684742, 0.5199532225134151, 0.5321016189628753, 0.5423233857567326, 0.5427127942928801, 0.5516725630377944, 0.555514958673629, 0.5605949308129322, 0.5640245581018757, 0.5684832058091093, 0.5724085222497802, 0.5760312077683816, 0.576803931453522, 0.5811812379329964, 0.5798402993359424, 0.5850387548730855, 0.5873877732758074, 0.5887360614387022, 0.5915627379132353, 0.5964509515442709, 0.597748800410309, 0.6002253090449863, 0.5995936591340147, 0.5990393091047155, 0.597344227945027, 0.6035776532970475, 0.6066889339059162, 0.6075957276035048, 0.6112865231715253, 0.6094570437419241, 0.6122397870581219, 0.6108665769730789, 0.615314994223308, 0.6161513202756208, 0.6202238244746906, 0.6161141261134457, 0.6201848169599754, 0.620182231392549, 0.6189221050320327, 0.622735439921203, 0.6164186937005628, 0.6236188854428305, 0.6280570582527178], "val_ious": [0.40486053053451637, 0.4932352618678756, 0.4967955453456313, 0.5190772638804672, 0.5360126708080802, 0.4685930636697922, 0.5484987220902372, 0.5408709816958595, 0.5342291507168092, 0.5135444053921149, 0.5497432759274609, 0.5722586644300517, 0.5758602405371872, 0.5670554614153461, 0.5783274005288662, 0.5613767971163212, 0.5613364907710449, 0.5635738925657411, 0.5821023499188215, 0.5857400898484216, 0.5835792769988378, 0.5896182455446407, 0.5927361876204394, 0.5827517466268679, 0.5805201953735906, 0.5892145931720734, 0.5884587412727051, 0.5965612673241157, 0.590242013119269, 0.5929903616939768, 0.5888404727414035, 0.5907374503819839, 0.5968790503515714, 0.5947411449059196, 0.5974438203417736, 0.5979732287966686, 0.6016001433565996, 0.6043466718300528, 0.5955525656109271, 0.5940156112546509, 0.5952878354684167, 0.6073561533205752, 0.6021836419468339, 0.5995472261439196, 0.5959015400081441], "training_time": 936.2144429683685, "avg_gradient": 0.0033825828004837516, "memory_usage": 1065.81640625}