{"train_losses": [0.2799988699186107, 0.25627018438409205, 0.24499981072933777, 0.23658153933027518, 0.22990625570325748, 0.22491639795834603, 0.22065724894080474, 0.21676373125418372, 0.21440449438017348, 0.2107388732711906, 0.21008454530459383, 0.2082109300662642, 0.20547152691237305, 0.20414190383061118, 0.20188219991067183, 0.2006527278572321, 0.19809537259456905, 0.19727199880973154, 0.19645276714278304, 0.1944076882918244, 0.1937507877693228, 0.1908544170791688, 0.18974728364011514, 0.19009157723706702, 0.18914759159088135], "val_losses": [0.2748246037441751, 0.2533024102449417, 0.24515274782543597, 0.23846557574427646, 0.22875734774962717, 0.22434903972822687, 0.21780096286016962, 0.23395204576461212, 0.23392423015573752, 0.2102445023863212, 0.20502545976120493, 0.20793362415355185, 0.21342911085356836, 0.20729968178531397, 0.20202019778282745, 0.2019654253254766, 0.19887765140637106, 0.21546365838983786, 0.2026478849027468, 0.19930638470079587, 0.20268686212923215, 0.1926340774997421, 0.19537138517784036, 0.19277684520120206, 0.2064340801342674], "train_ious": [0.43538915059120953, 0.477577472726504, 0.4984861545372699, 0.5147818718105552, 0.5250773798080458, 0.5336632095547253, 0.5414733864043069, 0.5483788608748844, 0.5511791442345448, 0.5576660198739904, 0.5599629161474498, 0.5628974661231042, 0.5668102542775267, 0.5701466017551179, 0.5740749941787857, 0.5766451994254104, 0.5811318074339543, 0.5824725130653902, 0.5842918806533887, 0.586934591764989, 0.5893986015648084, 0.5937208036581674, 0.5955939634662606, 0.595240651103465, 0.5960867855751861], "val_ious": [0.4438502734553986, 0.47933369324259134, 0.5050083349148432, 0.5137624112160308, 0.5243202243810117, 0.5264624513793682, 0.5423120360659516, 0.5021113051452498, 0.5216403341163759, 0.5573305297588955, 0.568031914100267, 0.5613762004219968, 0.5555538060008613, 0.5616410050703131, 0.5732234314731932, 0.5746931038472962, 0.5721841233148093, 0.5457587439728819, 0.5714905076268791, 0.5782548172966294, 0.5759562014237695, 0.5887136280104734, 0.5848630971234777, 0.5905150399691816, 0.5709098208209744], "training_time": 523.0652410984039, "avg_gradient": 0.0035724089962691527, "memory_usage": 1065.81640625}