{"train_losses": [0.28124697425443196, 0.25669846829512843, 0.2431022697330817, 0.23583496378167815, 0.2285121161814617, 0.22250007643647815, 0.21863461739343146, 0.21785183591039284, 0.21346376828201438, 0.20809074669428493, 0.20791660654156105, 0.20566967283578022, 0.20416588765447555, 0.20101818272277064, 0.20030497330362382, 0.19812419994369798, 0.1980596724897623, 0.19590639023353223, 0.19458188570064047, 0.1942386915502341, 0.19316322882862194, 0.1898097606456798, 0.18985118425410727, 0.18831496361805045, 0.18817604163094706, 0.18725227119158144, 0.18577929505187532, 0.18459383649346622, 0.18493709526956081, 0.1834242415169011, 0.18208252986812073, 0.18252089935476365, 0.18169008114415666, 0.1795764779267104], "val_losses": [0.2924958519313646, 0.25626699788414914, 0.23794398618781049, 0.23361580365377924, 0.2351231377409852, 0.2250656809495843, 0.22026810244373654, 0.2158880143061928, 0.2139150584521501, 0.2097476805033891, 0.20779923932707828, 0.20709340047577154, 0.21381001854720322, 0.21128329505091129, 0.21269381467414938, 0.2041596158043198, 0.20040212312470312, 0.2114097725438035, 0.1996156945824623, 0.199246017181355, 0.20885738374098486, 0.20091545419848483, 0.20305247831603754, 0.19548887565084125, 0.19613099098205566, 0.19614878134882968, 0.1981958432689957, 0.1965175387652024, 0.19372972943212674, 0.19885795369096423, 0.20112067525801453, 0.19376469371111496, 0.19082811604375424, 0.21541904236959375], "train_ious": [0.43722859966784605, 0.47785857403515897, 0.5011387429591536, 0.5145481685581414, 0.5271888200085664, 0.5376223427230032, 0.5433643007300037, 0.5452011319660194, 0.5527611469067094, 0.5622124536961749, 0.563301678315021, 0.5672075368356013, 0.5697374807643715, 0.5756943064431352, 0.5759476227280883, 0.5801110925233884, 0.5807521190440311, 0.5841660540604938, 0.5863878604402576, 0.5874020907541979, 0.589255074066097, 0.5949213016724242, 0.594750119022269, 0.5982395773348602, 0.5978871291854245, 0.5996062020244807, 0.6016011132818201, 0.6039666970246944, 0.6024845309987448, 0.6063774102839874, 0.6082214618614623, 0.6074940286360792, 0.6094108585646189, 0.6126715780060359], "val_ious": [0.43341310149517615, 0.4825341598927112, 0.5057807318542313, 0.522991992101289, 0.5189743923104327, 0.5341975512927857, 0.5385023657826409, 0.5425924401784289, 0.5519235884581787, 0.5593734664329586, 0.5621738561253617, 0.5610194087460422, 0.5548514268104582, 0.5602259679117064, 0.5512516805227252, 0.5705063405676164, 0.5758905540341916, 0.5626345028479894, 0.5780904962532764, 0.5768149123675582, 0.5634055854617686, 0.5768294520136238, 0.5717536532792493, 0.5838276141363642, 0.5831317528002503, 0.5814933599769205, 0.5811118876588517, 0.5849793138711348, 0.5897755758917851, 0.580238962518996, 0.5744338927493579, 0.5911538285621699, 0.5940569993378461, 0.5640059035757313], "training_time": 707.0398082733154, "avg_gradient": 0.008344039663489441, "memory_usage": 1065.81640625}