{"train_losses": [0.27683374480060907, 0.25333325313809124, 0.24025072497518166, 0.23272725121806498, 0.22586633240723092, 0.22167493718797746, 0.21811290619813878, 0.21484401457659577, 0.2102745879927407, 0.21079444148294305, 0.2076394835729962, 0.20488991750323254, 0.2024143876750832, 0.20014373804240124, 0.19933703800906305, 0.19794238933726496, 0.196003296048097, 0.1948423000133556, 0.19395650494033875, 0.1925536287219628, 0.1916030694771072, 0.19002161401769388, 0.1889100431100182, 0.18916098514328833, 0.18767285314591034, 0.18548287038245928, 0.18608520204282325, 0.18556227251563384, 0.18300454577674036, 0.1846379351032817], "val_losses": [0.2577519125264624, 0.2451527960922407, 0.241158835913824, 0.24448812234660852, 0.22475498525992685, 0.21993553055369336, 0.22090792882701624, 0.22051236098227295, 0.2105611825118894, 0.21029559911593146, 0.2113317704719046, 0.2088506694721139, 0.20894279395756515, 0.20568576552297757, 0.20609088468810785, 0.2025211728785349, 0.2022957105351531, 0.19796508194311804, 0.19788684857928235, 0.19838540806718494, 0.19511543732622397, 0.20213732026193454, 0.19924967444461325, 0.19645240222630295, 0.19918593699517456, 0.1964350054445474, 0.19487691670656204, 0.19472310886434888, 0.1931074805881666, 0.19847276936406674], "train_ious": [0.442217541534616, 0.48220716538312636, 0.5065005531507557, 0.5190594229793203, 0.5308813713490964, 0.5379449744317412, 0.5446740612657603, 0.5503858278195065, 0.5578569322824481, 0.5578314331832573, 0.5633929007943123, 0.5681070635716121, 0.5715852658385814, 0.5757257891953855, 0.5777226295322179, 0.579778945316439, 0.5839729232416634, 0.5859147516497668, 0.588440374835678, 0.5896063297447088, 0.5917097266925417, 0.5949619819504629, 0.5960754407704743, 0.596156214080427, 0.5988434035384999, 0.6020962516034861, 0.6007519917211673, 0.6026838922306246, 0.6076527904125228, 0.6042014388502508], "val_ious": [0.4702060307929481, 0.49493178509283764, 0.5098326878919117, 0.4954814917367436, 0.5356759378227635, 0.5420603697066722, 0.5455367221780445, 0.5472448751114417, 0.5651563529087149, 0.5546413562867955, 0.5579847634054613, 0.5565100689081177, 0.5555226071805194, 0.5698061831619428, 0.571647204566693, 0.5759811468314433, 0.5769205086905024, 0.5852914832640387, 0.5854136974051379, 0.5875155368576881, 0.5896320852680483, 0.5830841276092805, 0.5766350860181061, 0.5859369365633398, 0.5817554275626722, 0.5881576818832452, 0.5847402014162231, 0.5889884013196697, 0.594809060079464, 0.5867405339427616], "training_time": 628.53222489357, "avg_gradient": 0.006100246635528038, "memory_usage": 1065.81640625}