{"train_losses": [0.2806535597242739, 0.2555070183361354, 0.24309874706618165, 0.23473490183444126, 0.22809225150748438, 0.22617818933466208, 0.21906191078217133, 0.21623925524561302, 0.21268389212048572, 0.21152075331496156, 0.20744228492612424, 0.20505240689153256, 0.20486516408298328, 0.20222089674485766, 0.20015876845497152, 0.1978953975536253, 0.19645846529823283, 0.19611538784659427, 0.19482208845084129, 0.19193942990639937, 0.1947640282628329, 0.19144071411827338, 0.1896226220642743, 0.18892634579020998, 0.18612029460137305], "val_losses": [0.2663835523569066, 0.24925235918034677, 0.24049461956905283, 0.23454136369021042, 0.24579369179580524, 0.23542428243419397, 0.22575177867775378, 0.21958727713512338, 0.2143900005713753, 0.21662576496601105, 0.21957132608994193, 0.2375045023534609, 0.20844107769105746, 0.2110132879537085, 0.20367876440286636, 0.20690727590218835, 0.21104660986558252, 0.2031777086465255, 0.2045091147656026, 0.19963287302981253, 0.20808171286531116, 0.19784112307040588, 0.19843789546386056, 0.2019988343767498, 0.2053900464721348], "train_ious": [0.4390450565387375, 0.47878462054591253, 0.5009906781648381, 0.5153968321780361, 0.5270124042973567, 0.5307122201429332, 0.5428438244684455, 0.5483763244380988, 0.5533455272299656, 0.556751223092062, 0.563014517389778, 0.5679842254443878, 0.567809298850488, 0.5729322004253451, 0.5753912439272887, 0.5807177514593673, 0.5825092634591067, 0.5840071315566698, 0.585412697461636, 0.590745017850313, 0.5859052642532018, 0.591388631342114, 0.5943442451349206, 0.5952865310229253, 0.6006349064949631], "val_ious": [0.46406023765819665, 0.49575320577275933, 0.5086506681813711, 0.5129530491388362, 0.5121580248941546, 0.5283046861489615, 0.5372697801693627, 0.5441115930460501, 0.559428010729776, 0.5521423378284426, 0.552253606526748, 0.529970071669938, 0.5635699897572615, 0.565790452387022, 0.5737463762794716, 0.5666938182236491, 0.5611573811890421, 0.5724275181258934, 0.5749394172343657, 0.5773635124382764, 0.5737896956827331, 0.586170933816744, 0.5852187291003658, 0.5833454970000445, 0.5645593925230745], "training_time": 521.5211005210876, "avg_gradient": 0.003571517607474187, "memory_usage": 1065.81640625}