{"train_losses": [0.2813157810951057, 0.25511521279163984, 0.2426998925435802, 0.2330716459647469, 0.2268155175868584, 0.22275430871092755, 0.21842546113159345, 0.21621818241217863, 0.21245986433780711, 0.20943507633131483, 0.20620428795075935, 0.20554104852287666, 0.2024015538070513, 0.2046857253526864, 0.20046861307776492, 0.19781113990946955, 0.19787185841604418, 0.19507377108801965, 0.1938318100798389, 0.19227558058565078, 0.1923734710916229, 0.19015469774603844, 0.18764224826641704, 0.18736366903328378, 0.18641408022655093, 0.1858121548657832, 0.18395193763401196, 0.18276211198257364, 0.18214015581685564, 0.1818408623499715, 0.17997572554842287, 0.17925779205625472, 0.17899680542557136, 0.1785743986458882, 0.17872689453803975, 0.1774424598754748], "val_losses": [0.28315825242063275, 0.25455250720614975, 0.2360428296353506, 0.22642508635054465, 0.2304384070246116, 0.22070754643367685, 0.2220718241904093, 0.22412224275910336, 0.21572075006754501, 0.21496145524408505, 0.2084452778748844, 0.20673477228568948, 0.20688537184310996, 0.22183512054059817, 0.21761143758245136, 0.20513469207545984, 0.21213014456241028, 0.20239758588697598, 0.20059731537881104, 0.20552551616793094, 0.19726332471422528, 0.1947368548616119, 0.1962949623880179, 0.1984499132503634, 0.19592475340418194, 0.19663854429255362, 0.19674360849287198, 0.19150331065706586, 0.19606114535228067, 0.19415723856376566, 0.19346960828356122, 0.19578668377969577, 0.19049097241266913, 0.1933724067133406, 0.19202787461488144, 0.19358175798602725], "train_ious": [0.4382050678646869, 0.4801312158343156, 0.5023866129796142, 0.5184812175406927, 0.5302376617286084, 0.536653600120242, 0.5438017006153645, 0.5478754520038333, 0.5541761536961017, 0.5600908464495685, 0.5652952707926, 0.5670069232043146, 0.5719263678605571, 0.568640402747669, 0.5752746134564498, 0.5805309320381589, 0.5802419437770395, 0.5852575720544312, 0.5878061826030415, 0.5899556950814481, 0.5900399837157, 0.5933157862636488, 0.5982685281854607, 0.5989920990946501, 0.6004297939007698, 0.6019538166406363, 0.6045879852836549, 0.6071227510878139, 0.6081740953352138, 0.6083420867073364, 0.611686520818351, 0.6127048145601715, 0.6134851845386233, 0.6147262834660386, 0.614596596662549, 0.6162447720442127], "val_ious": [0.45337090954400494, 0.4919143787760665, 0.5151819597551788, 0.5320740105665248, 0.5259045156231825, 0.5428595737270687, 0.5433524399995804, 0.5447335043463155, 0.552463428373786, 0.5573926270008088, 0.5587229189881379, 0.564988898626272, 0.5654253794447237, 0.540231691106506, 0.5429085658296294, 0.5680719348399534, 0.561780596124953, 0.5738711339839989, 0.5749614717087885, 0.5697025926648707, 0.5868034630581952, 0.5885605434144753, 0.5908773116011552, 0.5820220892412076, 0.5918459833964057, 0.5929820809675298, 0.5909613971261011, 0.5952061287302901, 0.5934157244105271, 0.5952584695988805, 0.595076559894327, 0.5895767265903776, 0.6009175105803256, 0.5991037790326106, 0.5983118611401405, 0.5926716588977454], "training_time": 751.6478462219238, "avg_gradient": 0.003158618533465471, "memory_usage": 1065.81640625}