{"train_losses": [0.28040848348451697, 0.25380791318805324, 0.24250384598322536, 0.23491123197195324, 0.227631867741761, 0.22540270375168842, 0.21930141844179318, 0.21606803685426712, 0.21543161433352076, 0.2107010163852702, 0.20938545271106387, 0.20657033270791822, 0.2039320583090834, 0.2022372768463, 0.2002956994363795, 0.19861711213446182, 0.19808769574307877, 0.1970981140013622, 0.19500020721360392, 0.19503950999806757, 0.19254174974301588, 0.19094115536174047, 0.19056662415032802, 0.18945208936929703, 0.1906483057562424, 0.18737626909885718, 0.19227201783138773, 0.18926235604221406, 0.18584786574153797], "val_losses": [0.26696026357619657, 0.24751544452231863, 0.2334226794216944, 0.23177580081898233, 0.22820773137652356, 0.22116750705501306, 0.2146256650271623, 0.2160421616357306, 0.21968690532705057, 0.2110132827706959, 0.21144154570672824, 0.2036599993057873, 0.2126339618926463, 0.20423583491988803, 0.2043953168651332, 0.19698353014562442, 0.19862989822159643, 0.1980169758848522, 0.1980861898349679, 0.19415454663660214, 0.20335935963236768, 0.19421198348636212, 0.19445373603831168, 0.19636555923068005, 0.19951106381157171, 0.1899001925535824, 0.19817279959502426, 0.18944883832465048, 0.1966683641076088], "train_ious": [0.43780814331240864, 0.48160493727503506, 0.5025268614670073, 0.5168288431089857, 0.5290100992913697, 0.5326097034781737, 0.5440710297907172, 0.5491873826021731, 0.5508872599651418, 0.5588886420633918, 0.5606880130219285, 0.5660981534291869, 0.5710966715022273, 0.5741277989270033, 0.5774315203121608, 0.5797261458052241, 0.5810718223776508, 0.5834900181254615, 0.5867593049787094, 0.5871849147521934, 0.591425902709581, 0.5939651730915777, 0.593937323793121, 0.596051201170337, 0.5954945026424482, 0.5994175648235757, 0.5916265295683477, 0.5970367190522559, 0.6025962650883888], "val_ious": [0.46755946503169293, 0.48958989977836603, 0.5181629070337269, 0.525855103912561, 0.5238224453684212, 0.5430716419781464, 0.5485465148652808, 0.5501892871182897, 0.553375098152437, 0.5605271784723667, 0.5591558228800262, 0.5677854053784108, 0.5540960588748903, 0.575336248114489, 0.5638299787390061, 0.5846272840879966, 0.5793010076318962, 0.5855283570894297, 0.5845937925404397, 0.5836733050536419, 0.5696104460436368, 0.5840326206407686, 0.588387772656869, 0.58958530685176, 0.5798496696828068, 0.5978871452203696, 0.5839683683454127, 0.5980810011210649, 0.577658416784328], "training_time": 606.6051466464996, "avg_gradient": 0.0030445746570322905, "memory_usage": 1065.81640625}