{"train_losses": [0.2771175249439219, 0.24967854146076285, 0.23683039179962614, 0.22753617410426555, 0.22254410961075968, 0.21553885685684887, 0.2105123012772073, 0.20842306453572668, 0.20464926909493364, 0.20154980205647324, 0.19909927321840887, 0.19705367541831473, 0.19571975229874902, 0.1945093883930341, 0.19203817714815555, 0.18921442670018776, 0.1882998085702243, 0.18837315257152784, 0.1846635943359655, 0.18386929174480232, 0.18426964828825515, 0.18182137179309907, 0.18080746018044327, 0.18111792028598164, 0.1783819678037063, 0.17744739556118197, 0.17661593660064365, 0.17468387795531232, 0.17368793609025684, 0.1734094735558914, 0.17427095495488332, 0.17260552011430264, 0.16998496100954388, 0.16937705785360024, 0.16914920800406, 0.1715652352279943, 0.16918185231802257, 0.1678294453607953, 0.16677691333967706], "val_losses": [0.2544026012006013, 0.25282904440942017, 0.2300219231325647, 0.2281090134511823, 0.2185856858673303, 0.21328387441842453, 0.21436901099008063, 0.2020957602754883, 0.21229965628489203, 0.2039527407158976, 0.19901640648427216, 0.19680064722247745, 0.1970306884335435, 0.19709817287714584, 0.1935803903185803, 0.1917559753941453, 0.19509680115658304, 0.19251355885163599, 0.18760331979264383, 0.18960722438667132, 0.190988315836243, 0.19081558416719022, 0.18789245738931323, 0.19107426184674967, 0.1853387190595917, 0.18234652799108755, 0.19410528858070789, 0.1911800276973973, 0.1802773070724114, 0.19038578025672748, 0.18183506506940592, 0.18148544949033987, 0.18165432078682858, 0.18293330170538113, 0.18111525573160336, 0.1819193246571914, 0.18622684090033823, 0.17860637572796448, 0.18224217289167902], "train_ious": [0.4423279406130567, 0.4902840241843807, 0.51480952763687, 0.5312829494368339, 0.5393428531731813, 0.552229668270203, 0.5608852715703891, 0.5650540513080966, 0.5714085389306583, 0.5774112626694251, 0.5812114626709103, 0.5849171089737315, 0.5866807367706643, 0.5891091864070171, 0.5942123419996623, 0.5989722720198877, 0.6007988111156486, 0.6016657059283359, 0.6070302665449568, 0.6089565943980562, 0.6082855612039564, 0.6124011649601704, 0.6146762747371544, 0.6139321522112343, 0.6183787352688936, 0.619955577550159, 0.6217758084876818, 0.6246135570108888, 0.6265120196385663, 0.6270366874186022, 0.625938127168279, 0.6294586188227368, 0.6333557020710863, 0.6346268523754418, 0.6343700808567414, 0.6308132715631223, 0.6351159468185212, 0.6368094771776509, 0.6388504721116331], "val_ious": [0.48305437595084105, 0.48252425699130347, 0.5252497488821762, 0.5283382588970489, 0.5438513135996418, 0.5573451078456381, 0.5540034114450648, 0.5727375108694683, 0.5566658870033596, 0.5723879155905351, 0.5824973436369413, 0.5846610963344575, 0.5853424430757327, 0.5856887028701063, 0.589802438798158, 0.5937861430904141, 0.5904143150301946, 0.5918725158857263, 0.601573641317478, 0.597903575802195, 0.6005389930113503, 0.5988511708767519, 0.5995279079762055, 0.5969112133202343, 0.6072863189206608, 0.6082561897194904, 0.5907121849232826, 0.6004252913205521, 0.616388912866081, 0.5987015779035678, 0.6151200511317322, 0.6140170367299647, 0.6152280705130618, 0.6111785978942678, 0.6132195412680722, 0.6130281855230746, 0.6053711394037024, 0.6200558297012163, 0.6107395412265391], "training_time": 1045.7665793895721, "avg_gradient": 0.0021305155769437163, "memory_usage": 1396.9375}