{"train_losses": [0.2853140422021565, 0.25818035055113875, 0.24264326513461446, 0.23293428406443284, 0.2264899144192105, 0.22255771299419197, 0.2170165980477696, 0.21433640530575876, 0.21110312996999078, 0.20618049921872822, 0.20553855460299097, 0.2005019225180149, 0.20059168816584608, 0.19918240776852422, 0.19556209185849066, 0.19430024282115957, 0.1925538682743259, 0.19070880908680998, 0.18968102870428044, 0.1889910447694685, 0.1865860797950755, 0.18458049606693827, 0.18437602160417516, 0.18401944702086243, 0.1810823340454827, 0.18157186618317728, 0.1793885678862748, 0.17862834975771283, 0.17676791370562886, 0.17684922788454138, 0.176031447623087, 0.1752999969150709, 0.17390238072561182, 0.17381372934450273, 0.17134888964178768, 0.17124642674689708, 0.1691950719965541, 0.17100403441683107, 0.1695690054608428, 0.16821279401040595, 0.16862901988560738], "val_losses": [0.2654418511235196, 0.25435500462418015, 0.2402535450199376, 0.2363877905451733, 0.24448464648879092, 0.2169110049372134, 0.22277938347795737, 0.21112125755652136, 0.20910204914600952, 0.20854081990926163, 0.20245852872081424, 0.20126400175301926, 0.2087247498009516, 0.19765458385581555, 0.19678851864908053, 0.20990027454884155, 0.20093359668617664, 0.19403779668652493, 0.19755075386036997, 0.19180204039034637, 0.19282144113727237, 0.19748314081326776, 0.18935260565384573, 0.1910371699410936, 0.19163849334353986, 0.18617234314265457, 0.19161367740320123, 0.1853890577736108, 0.18861848277890164, 0.19305684125941733, 0.1827756898558658, 0.1845017059341721, 0.18851758798827295, 0.18153369232364322, 0.184993760417337, 0.18216679957897766, 0.18166647851467133, 0.17979475305132245, 0.18482870576174362, 0.18570159051729285, 0.1915067022909289], "train_ious": [0.4306293404214016, 0.47529632730436505, 0.5033521990737188, 0.5209922156418145, 0.5328632431995609, 0.5399812073919223, 0.5487974143546557, 0.553880670229378, 0.5595163555572858, 0.5682408431193969, 0.5697660817346276, 0.5782363882855229, 0.5785635680608128, 0.5812724201899506, 0.5878800855868537, 0.5901932743364484, 0.5925555243224337, 0.5959186512922896, 0.5978482539455099, 0.5998746392087657, 0.6033840805724047, 0.607421255360047, 0.608554324594097, 0.6088612989886946, 0.6139853170168574, 0.6126729580911173, 0.6166301140750664, 0.6175714225872704, 0.6211449346788552, 0.620653053448684, 0.6223356257854168, 0.6233871989492057, 0.6263757145599181, 0.6259125722167284, 0.6306074830177036, 0.6307926190936051, 0.633967410773039, 0.6309427541235215, 0.6332006343788855, 0.6358950789747896, 0.635051676814539], "val_ious": [0.46151841615421174, 0.48975959916909534, 0.511688631189906, 0.5177913944142452, 0.5083938467761744, 0.54359733518483, 0.5466749709153522, 0.5592697595340619, 0.5621511981539103, 0.5607048869132994, 0.5714108546574911, 0.57712158344794, 0.5638359376917714, 0.5791039879339327, 0.576120012264321, 0.5529416723959687, 0.5780540782472359, 0.5896990759217221, 0.5822691450948302, 0.5914811586988146, 0.595288298484208, 0.5884275334900702, 0.5966212151275164, 0.5974302741064542, 0.5949858489675799, 0.6043046652406886, 0.5922078138244327, 0.605725481458332, 0.6011695900689, 0.5951359284960704, 0.6107718678920164, 0.6034569345090701, 0.5991264506094697, 0.6168936119563336, 0.6064495385988902, 0.6133128329031708, 0.6158108439134513, 0.6171088089113652, 0.6062045589737269, 0.6095579158568728, 0.6061648592568827], "training_time": 1100.1502559185028, "avg_gradient": 0.0037567100676232654, "memory_usage": 1396.9375}