{"train_losses": [0.2783641006149676, 0.25132557304333086, 0.23821240623036158, 0.2305923109145268, 0.22777893345641054, 0.21945498503096725, 0.21692172672761523, 0.21337586317373358, 0.210478733982081, 0.20776881067001302, 0.20369592349490392, 0.20093104753481306, 0.1997656154891719, 0.19750113963432933, 0.19654585664039073, 0.1939229017690472, 0.19313095817747322, 0.19083338012189968, 0.18880818597972393, 0.18778783228734267, 0.18633403758639874, 0.18383740447461605, 0.18320544663330782, 0.18237659853437674, 0.17961021504648353, 0.17960101989624294, 0.1774487679257341, 0.17821611512614333, 0.17795196086492227], "val_losses": [0.266868712461513, 0.24174993711969125, 0.23088125171868698, 0.23376965069252512, 0.24511496852273526, 0.21404231048148611, 0.2154546198637589, 0.21037469804286957, 0.20714162905579028, 0.20577224441196607, 0.20328200608491898, 0.20300102298674377, 0.20157179268805878, 0.20025379243104355, 0.2018744754402534, 0.19781038521424585, 0.19659937950580017, 0.19389421363239703, 0.1945922420076702, 0.19378448310105698, 0.19561420413463013, 0.19553247450486475, 0.19132368493339288, 0.18829060345888138, 0.19263160455486047, 0.1921827495098114, 0.19469211444906567, 0.19044323751459952, 0.19650024726339008], "train_ious": [0.437431784168597, 0.4874976484401934, 0.5114849637923895, 0.5248138652439566, 0.5306793577375186, 0.5446274953259937, 0.5491049080763172, 0.5559318071042282, 0.5609068016967049, 0.565224376493606, 0.572935418374297, 0.5779166548796324, 0.5797945320390273, 0.5837600003873957, 0.5855186643159912, 0.5900020360730692, 0.5908478224731009, 0.5954886533427931, 0.5988067756744399, 0.6011306668861188, 0.6040191762149334, 0.6080252788960933, 0.6086248038471609, 0.6109485690468461, 0.615088302912056, 0.6155633789797627, 0.6193916134104348, 0.6179975495822185, 0.6181714729662392], "val_ious": [0.45028364669153653, 0.5092812298216681, 0.523650628177152, 0.5212100325287251, 0.511938730659692, 0.5479543517897095, 0.5532833499752955, 0.5609289017924365, 0.5661627352237704, 0.5697846822980521, 0.5707714315773784, 0.578539445132449, 0.5806390260872635, 0.5761007994845292, 0.5771642782981844, 0.5805061072974965, 0.5871733200290928, 0.5916784690774005, 0.5905891473310582, 0.5951828198588412, 0.5867120468098184, 0.5926988150762474, 0.5946490233359131, 0.601626481698907, 0.6011208315258442, 0.592190353334814, 0.5924002519552258, 0.598583505205486, 0.5895916618730711], "training_time": 773.7384808063507, "avg_gradient": 0.003502573499683328, "memory_usage": 1396.9375}