{"train_losses": [0.27947306349549605, 0.2508444791740697, 0.23586671183938565, 0.22818779184118562, 0.22117610073283964, 0.21711400961098465, 0.2132127428346354, 0.20971947981287603, 0.20461904735344907, 0.2042253516290499, 0.20108528500017914, 0.2006904839983453, 0.19747534191802793, 0.19511374596344389, 0.19376224822000318, 0.1906234249472618, 0.18872474352626697, 0.18755568377673626, 0.18785301385366399, 0.18643323323972846, 0.18442778977686944, 0.18363406193321166, 0.18216507452661576, 0.1812670673851086, 0.1805517165719167, 0.17793726167925025, 0.17694669702778693], "val_losses": [0.2771773493808249, 0.2437150653289712, 0.24006578002286993, 0.22697379634432172, 0.22238805598538855, 0.21870803541463354, 0.21638118475675583, 0.21028240025043488, 0.2106798751198727, 0.2020401604797529, 0.21325264190850052, 0.2049752713545509, 0.21553797760735388, 0.19954110876373624, 0.20091514613317407, 0.19798661962799405, 0.19821099191904068, 0.1982088574896688, 0.19350901408040005, 0.19334393350974374, 0.18795119776673938, 0.18782822399035745, 0.21257517260053885, 0.18491990086824997, 0.1919069358188173, 0.19645444789658423, 0.19782815452503122], "train_ious": [0.4384268986904701, 0.48940120499743084, 0.5148048039147821, 0.5287856584333858, 0.5403759460626303, 0.5480384406620181, 0.5549458565487381, 0.5607863675694965, 0.5698925622239492, 0.5709650762703108, 0.5772046916510756, 0.5779166278307855, 0.5832091931631599, 0.5872105208320031, 0.5901027925960396, 0.5957040971387983, 0.5990642565100088, 0.6006335591276486, 0.6003332474417444, 0.603427910394427, 0.6069827717391477, 0.6088478123040301, 0.6117988248774108, 0.6125355913587242, 0.6139360286187435, 0.6190100373241347, 0.6201605366515942], "val_ious": [0.4341448238794355, 0.508190801502138, 0.5050268504714619, 0.5354116222132806, 0.5429820031791494, 0.5421950234019239, 0.5556313090998192, 0.5602016820423844, 0.5616144989279733, 0.5767011547434157, 0.5598138888245044, 0.5684336078339731, 0.5533641758172407, 0.5758341324070224, 0.5786057432060655, 0.5880088246818902, 0.5856934861428494, 0.5831493953431863, 0.5926677111698234, 0.5951477764309316, 0.6017930056305898, 0.602204741343208, 0.5556088936501655, 0.606507436952729, 0.5983466866655629, 0.5932480632394985, 0.58362994224265], "training_time": 724.28160405159, "avg_gradient": 0.003654988789686683, "memory_usage": 1396.9375}