{"train_losses": [0.2752929834406013, 0.2453114759662877, 0.2324900270804115, 0.22520114060329355, 0.22057594464200994, 0.21415762724759785, 0.21043026317720828, 0.20806877946724062, 0.2063259153586367, 0.20246896698423053, 0.20127982459962368, 0.19774342117750127, 0.19718457045762436, 0.1946239207425843, 0.19292960032496764, 0.19183409043952174, 0.18879365378423876, 0.1880078519815984, 0.18622572477097096, 0.1847695139763148, 0.18280833716625752, 0.18243455878742362, 0.1812832537714554, 0.18030183559850507, 0.1793861807850392, 0.17747610313412937, 0.17819791279085304, 0.17582811301817064, 0.17546679921772168, 0.1742763580025538], "val_losses": [0.27662435821864917, 0.2399262021417203, 0.2470714751145114, 0.24005813507930093, 0.22243349318918976, 0.23181808837082074, 0.2104120319304259, 0.21067668886288352, 0.21189223845367847, 0.20370259038780048, 0.19867273452489273, 0.19672221042539761, 0.20105355913224426, 0.19397030835566315, 0.20322472310584525, 0.19192720787680667, 0.19308621663114298, 0.19437660698009573, 0.19694153413824414, 0.19183337234932443, 0.18985875210036401, 0.18870312914900159, 0.19014194478159366, 0.19332879781723022, 0.18638596521771472, 0.18414049109686975, 0.18572483730057013, 0.18551966936691947, 0.19190008031285327, 0.19060605570026065], "train_ious": [0.4458924263185969, 0.49870080403659656, 0.5210457293019777, 0.5346890195016414, 0.5434790406700062, 0.5550940255432024, 0.5607165082533292, 0.5646927195290725, 0.5680639907933667, 0.5752875599200307, 0.5771969189678412, 0.5833177904503932, 0.5847890072002793, 0.5889244943965171, 0.5919447456473026, 0.5937491109513716, 0.599646975974674, 0.6008750109028991, 0.603743402260369, 0.6066988898252232, 0.6096094483374687, 0.6115758990787942, 0.6129526242721771, 0.6142309793959495, 0.6161739612943019, 0.6189678298390432, 0.6184258062014544, 0.6224058878918488, 0.622818049205386, 0.6251576628697959], "val_ious": [0.46001815331586904, 0.509126100851142, 0.5063838128378427, 0.5322602419317634, 0.5447169600621516, 0.5259085599926935, 0.5587534500636917, 0.56433711298134, 0.5619202489438265, 0.5757691115140914, 0.5799596689749454, 0.5894190390472825, 0.5771627899097359, 0.5888429132924564, 0.5807495115027913, 0.5970104844241904, 0.5928647343231283, 0.5915958566078242, 0.5810528142728669, 0.5997057246125265, 0.5983314665331357, 0.5980701567470164, 0.5988880411006402, 0.5960156381994055, 0.6081138659214627, 0.6102953598551129, 0.6097525993119116, 0.6058843366909719, 0.5986834570117618, 0.5984960584968761], "training_time": 800.5000674724579, "avg_gradient": 0.005251888607513987, "memory_usage": 1396.9375}