{"train_losses": [0.2815109321280666, 0.2521410768284746, 0.23889004260949467, 0.2288414786529282, 0.22119626281378063, 0.21487807879305404, 0.21140040028030457, 0.20847843368740185, 0.20526247001860454, 0.2015360717702171, 0.1992542466715626, 0.1971550565212965, 0.19489931784894154, 0.1936765941588775, 0.19087684527039528, 0.18934991518440453, 0.18758215074953827, 0.18655646406114101, 0.18425695930162203, 0.1845446297817904, 0.18326891642873702, 0.1806852984363618], "val_losses": [0.25903220345144684, 0.24483950144570807, 0.23394237199555273, 0.22878523494886316, 0.22417236054721085, 0.221711040838905, 0.2118814458017764, 0.21123701107242834, 0.207659178453943, 0.20796096713646597, 0.21722161964229916, 0.19870076393303665, 0.19419928996459299, 0.19777529200781946, 0.19472460092409796, 0.19105070732209994, 0.19175149306007053, 0.19791257025107092, 0.19529579871374628, 0.19671206953732864, 0.19543340057134628, 0.20278250102115714], "train_ious": [0.43598893024529284, 0.4852753950255935, 0.5100714315430838, 0.5277430627063133, 0.5415751194662377, 0.551702587419878, 0.5596060005111109, 0.5643030338637207, 0.5702363531226696, 0.5762337238352366, 0.5816664277859354, 0.5838191942244335, 0.5886710736414659, 0.5909041413578433, 0.5957244488856065, 0.5982665621500084, 0.6029224236482296, 0.6034694221680581, 0.60748435097976, 0.6060708705605805, 0.609803712454395, 0.6142782842119535], "val_ious": [0.47323404101357924, 0.5086436711143756, 0.5200543999671938, 0.528932408362195, 0.5330606899831605, 0.5387291343531748, 0.5566280916117241, 0.5549550018664722, 0.5599669118722279, 0.566751782660899, 0.5570236515739689, 0.582884221189264, 0.5886679192384083, 0.582155972071316, 0.5901379097199095, 0.5934596826200899, 0.5941744852757109, 0.5852646875208702, 0.5898455703172132, 0.5814275098019752, 0.5863010913565538, 0.5739758176648101], "training_time": 599.4153587818146, "avg_gradient": 0.0026813355366814887, "memory_usage": 1396.9375}