{"train_losses": [0.27710489564291807, 0.25419833349144977, 0.2382980369679306, 0.2300917347488196, 0.22309803687359975, 0.22064333822092283, 0.21490472595652807, 0.21055119241709294, 0.20729333348572254, 0.20488761762238067, 0.2021632549231467, 0.19931414771987044, 0.19802136500568493, 0.19473498533277409, 0.19479465063499368, 0.19240972148659435, 0.19225099723300207, 0.18851346741228, 0.18714129301192967, 0.1870967753879402, 0.1854456030642209, 0.18470123037695885, 0.18264957387810168, 0.18186311002658762], "val_losses": [0.26951462775468826, 0.250348849788956, 0.2633118415656297, 0.23114814933227457, 0.23754262535468393, 0.22713214547737784, 0.22859318683976712, 0.22000593238550684, 0.2141983379488406, 0.22642723956833716, 0.2161923423409462, 0.2026413727713668, 0.2010855804318967, 0.19235148248465164, 0.19578256684800852, 0.20980360164590503, 0.19427065875219263, 0.19214341562727225, 0.19429420193900232, 0.19396434659543244, 0.1905050300385641, 0.1903507686827494, 0.18676073622444403, 0.19458869034829346], "train_ious": [0.4419594439095818, 0.48165280412396677, 0.5114991051833266, 0.5271281560585982, 0.5387138673576757, 0.54332831831298, 0.5533767690801101, 0.5610680767483468, 0.5668392843040434, 0.5713853910565373, 0.5764550325339256, 0.5806143780549371, 0.582660759380762, 0.5888482518494131, 0.5891354409032974, 0.5933176782252134, 0.5933131704079934, 0.6005320656990666, 0.6027936632002604, 0.602721120244351, 0.6063046411111734, 0.6077825459449188, 0.6103417866903802, 0.612333521408879], "val_ious": [0.4462688572812772, 0.49319094246712286, 0.4845604332892793, 0.5285020526768506, 0.5155816559774288, 0.5391135965136513, 0.5426125478917275, 0.5477447237657461, 0.5548395011304084, 0.5405966019716815, 0.5538148584141246, 0.5745363257069519, 0.5729798162760941, 0.5924278316290482, 0.5882748987363733, 0.5638214785983597, 0.5880384853352673, 0.5941206996423612, 0.5897973337467165, 0.5939199892075165, 0.5942560363075008, 0.5937530353017475, 0.6012161924787189, 0.5904593495787056], "training_time": 641.7419092655182, "avg_gradient": 0.00444995862677942, "memory_usage": 1396.9375}