{
  "train_losses": [
    0.2812124324719543, 0.24922701003758804, 0.23551190053315266,
    0.23010698859782322, 0.2235464023669129, 0.21787389829430892,
    0.21444849945280864, 0.2116696668545837, 0.20795001761744852,
    0.20441970690760924, 0.2029164625412744, 0.19836923998335135,
    0.19716381848506306, 0.19567360656092997, 0.19443410003314848,
    0.19280003246081912, 0.19117821437185226, 0.18877950553660808,
    0.1885220097458881, 0.18740749926022862, 0.18438261561095715,
    0.1847838004646094, 0.1845435209410346, 0.18213927713425263,
    0.18067882979369682
  ],
  "val_losses": [
    0.257392133059709, 0.2417692927562672, 0.23473246978676837,
    0.2658137980362643, 0.21907899366772693, 0.2175002911168596,
    0.21072412638560586, 0.20693268141020899, 0.20198559890622678,
    0.20218307103799738, 0.201569817636324, 0.2024912918391435,
    0.20481407480395358, 0.1979881816584131, 0.19430422199809033,
    0.19048950950736585, 0.19072099451137625, 0.19086056299831555,
    0.1880979716129925, 0.1857867700898129, 0.18826663526503937,
    0.18942504084628561, 0.18693935676761295, 0.18447075525055762,
    0.20061594636543936
  ],
  "train_ious": [
    0.44137326709629204, 0.4904503531861994, 0.5159482362315706,
    0.5260181687232381, 0.5371850093799658, 0.5472036015404307,
    0.553415558611353, 0.5580634705290414, 0.5648649942291817,
    0.5716849863529204, 0.5744017540760664, 0.582670003931592,
    0.5845937202752064, 0.5877821355302266, 0.589548492345257,
    0.5925289585214594, 0.5954616377535075, 0.6004801559383454,
    0.6003922302329885, 0.6020196349616501, 0.6070730966394361,
    0.6065055335993353, 0.6072104459331521, 0.6119352662260981,
    0.6142705426807852
  ],
  "val_ious": [
    0.4744397312186766, 0.4899790368002394, 0.5154557796060175,
    0.45694340139195544, 0.549593524440475, 0.5493027405894321,
    0.5563416325527689, 0.5606426339650501, 0.5790258488361386,
    0.577002757485362, 0.5759715349345967, 0.5740703314110853,
    0.5729403454756392, 0.5879296450943187, 0.5887364598288051,
    0.5957197320202123, 0.5895258939784507, 0.5982887060313985,
    0.6009483983119329, 0.602205100482789, 0.5996126739875127,
    0.6033517461324083, 0.603338825745859, 0.6042759025442427,
    0.5819003575521967
  ],
  "training_time": 678.0375442504883,
  "avg_gradient": 0.0039326310100031335,
  "memory_usage": 1396.9375
}
