{
  "train_losses": [
    0.2722171014579742, 0.2463317345017972, 0.23411717840834803,
    0.22797927543844865, 0.219423557996102, 0.21513873468274655,
    0.21282337201030357, 0.20850997280491435, 0.20633238991317543,
    0.2026180278347886, 0.20150153978687266, 0.19921929543109043,
    0.1972265271065028, 0.19470842749528264, 0.1954912382947362,
    0.1919566176669753, 0.1907507535070181, 0.18938482601357542,
    0.18647554379118525, 0.18636677041649818, 0.1843842715024948,
    0.18374829893202885, 0.18369238856046097, 0.18146071510146494,
    0.18079737436188303, 0.17911880455263282, 0.17880729853135088,
    0.17982559902188572, 0.1766949349447437
  ],
  "val_losses": [
    0.26584707816009934, 0.24120622290217358, 0.2503948648986609,
    0.24851537366276202, 0.21570406271063763, 0.21286682784557343,
    0.2161305229301038, 0.20614794738914655, 0.20745754565881647,
    0.2092873774792837, 0.20030478031738944, 0.19942284278247668,
    0.2017946359903916, 0.20436610443436581, 0.2086093833912974,
    0.1915771300378053, 0.19528848418722983, 0.18856185545092044,
    0.18929835959621097, 0.1892946812769641, 0.19010261219480765,
    0.19000879156848657, 0.18845127717308377, 0.1926564872264862,
    0.1859602387184682, 0.1856476586797963, 0.18335255526978037,
    0.18882160860559213, 0.19246474653482437
  ],
  "train_ious": [
    0.4516428595314319, 0.4974074314307908, 0.5176530182361603,
    0.5298417112857537, 0.5442852169491244, 0.553205820583347,
    0.5553751039872138, 0.5636660119491644, 0.5685251254480385,
    0.5746139375951842, 0.5762360893405862, 0.5804087168712544,
    0.5847044881379261, 0.589057522191518, 0.5877458276092147,
    0.5941485743699727, 0.5966696733257909, 0.5986387392209059,
    0.6032664144168729, 0.6040275273979578, 0.6083471647639204,
    0.6088309083403884, 0.6087639533199262, 0.6125062434137731,
    0.6138173101496871, 0.6173106175509916, 0.6175609109518322,
    0.6166034744701522, 0.6213456775075286
  ],
  "val_ious": [
    0.47283323011968453, 0.49955594798792957, 0.5121340686860291,
    0.5215064151131588, 0.5551667811645978, 0.5512548735824185,
    0.5517342726605524, 0.5684658662564511, 0.5626152142666387,
    0.5607478048490442, 0.5795736163854598, 0.5813540213781854,
    0.5780631154775618, 0.5746317600858383, 0.5637237418820893,
    0.5946504605421122, 0.5893259063579034, 0.6019404705451883,
    0.601354353669761, 0.600377768062163, 0.5963127343119057,
    0.5967476655175722, 0.5993220708940339, 0.5919471946747408,
    0.606409865444985, 0.606108386663423, 0.6090448665014212, 0.602571353532266,
    0.5929932568384253
  ],
  "training_time": 773.6440663337708,
  "avg_gradient": 0.0038640526958891243,
  "memory_usage": 1396.9375
}
