{"train_losses": [0.2746104461181423, 0.24647357185249744, 0.2334699632356996, 0.22673523839077223, 0.21930456169597481, 0.2149216639606849, 0.21131211964656477, 0.2077322054816329, 0.20537087313182975, 0.20296856793372528, 0.1995706492630036, 0.19923178730127605, 0.19645070657134056, 0.19507579942760261, 0.19290779676774275, 0.19138717764745589, 0.18871643013604308, 0.18834823629130487, 0.18903307576218378, 0.1856317189724549, 0.18398736652148806, 0.18246965256074202, 0.18173827506277873, 0.18059440856070622, 0.17925286301128243, 0.17992368721119736, 0.17831552198723608, 0.1774147847748321, 0.17620403141431187, 0.1748394366029812, 0.17422516903151636, 0.17451674134834952, 0.1724729744474525, 0.17233274407360866, 0.17124423400863356, 0.1697212965430125, 0.170151028458191, 0.16955906889684821, 0.1679690968569206], "val_losses": [0.26272563668696775, 0.2510539902293164, 0.22755051987326663, 0.22960698345433112, 0.2248236941902534, 0.2150373008588086, 0.21309191895567853, 0.2108954013041828, 0.20654922108287396, 0.2181392231065294, 0.2311276482499164, 0.2158303717556207, 0.1975739575598551, 0.20756976759952048, 0.20610461999540744, 0.2010376433963361, 0.19399393803399542, 0.19156280840220657, 0.19395320862531662, 0.19731670456088107, 0.1921018145006636, 0.19008374214172363, 0.18966346719990607, 0.19132083006527112, 0.19779374774383462, 0.18886072836492374, 0.19552473205587137, 0.1913417762388354, 0.1890197256984918, 0.18382524698972702, 0.1893831468794657, 0.1846794152389402, 0.18613764060580212, 0.18457972841418308, 0.1830951736673065, 0.18477657437324524, 0.18713620499424313, 0.18117135342048563, 0.19134333859319272], "train_ious": [0.44670120174186717, 0.4964288523609657, 0.5196692286248227, 0.5325478599339293, 0.5441558836432903, 0.5519699488051127, 0.5586602129582044, 0.564919338197164, 0.5689881800849368, 0.573482732248047, 0.5789777703475261, 0.5797168979070325, 0.5849593342214391, 0.587988507758448, 0.5912722779464898, 0.5944623439640238, 0.5991921267215761, 0.600065108442652, 0.5985890440102936, 0.6047730874540148, 0.6077395243489222, 0.6098364849129448, 0.611958946330824, 0.613654825458492, 0.6157542441202251, 0.6151480004731298, 0.6175360933378121, 0.6187561555509121, 0.6211427702851916, 0.6237758253363596, 0.6250092550248343, 0.624245620076207, 0.6274263364249384, 0.6281997049632281, 0.6301024315905741, 0.6324360101767205, 0.6317641477545969, 0.6325257872973665, 0.6363292222005736], "val_ious": [0.4705767239565435, 0.4970331007371778, 0.5310956646782766, 0.5282138882987741, 0.5389165419383325, 0.5503787795702618, 0.5549094891850499, 0.5564678985139598, 0.5646133723034376, 0.5532258206951445, 0.5144532030259353, 0.5488847016856293, 0.5826351273318995, 0.5674373466467513, 0.5626862238066783, 0.5749072793169298, 0.5827136927324792, 0.5952672668989154, 0.5910375340693238, 0.5889619688193004, 0.5913329908381337, 0.5963849271985069, 0.5999672877183859, 0.6004871354586837, 0.586449545794639, 0.6007033888844477, 0.5834954737321187, 0.5984968303338343, 0.602520519192668, 0.6089950637972874, 0.6007076635740806, 0.6094772962556367, 0.6066227481848951, 0.6072840688453205, 0.6119857862375785, 0.6091291412063266, 0.6044408579667409, 0.6171123957720355, 0.6019960350316503], "training_time": 1043.837230682373, "avg_gradient": 0.0023970470766212413, "memory_usage": 1396.9375}