{"train_losses": [0.27844063678513403, 0.24955315005196177, 0.23949877699108227, 0.22882664843421915, 0.22346179859469767, 0.2179319375882978, 0.21362141746541727, 0.20925590930425603, 0.20762590723841087, 0.20490729201423086, 0.20156397573325946, 0.19926706669123276, 0.19732275030211263, 0.19654510558947272, 0.19425381331340127, 0.1933217307795649, 0.19004484816737796, 0.18773642789734446, 0.18742631230017412, 0.1855002740479034, 0.18405584367397038, 0.1838354079619698, 0.18213275382700173], "val_losses": [0.25742974812569824, 0.2692980856999107, 0.2338186868506929, 0.22977314565492712, 0.2294359654188156, 0.21578737024379813, 0.2109853119953819, 0.20989200958739157, 0.21137541079002878, 0.20274811205656632, 0.20743377863065057, 0.2018007059460101, 0.1999994610314784, 0.2011618575324183, 0.19655907834353653, 0.19201633431341336, 0.19058278429767359, 0.1940820349947266, 0.1905952108942944, 0.19826006371042001, 0.18917951441329459, 0.18908224870329318, 0.2054564285537471], "train_ious": [0.44221426694370475, 0.4917217835082091, 0.5092789834176282, 0.5275851185231105, 0.5370116034873584, 0.5466401276813038, 0.5542139609114853, 0.5619482101629609, 0.5646175460323043, 0.5697992199464982, 0.5762336991079472, 0.5802196878669921, 0.5836764579989776, 0.584473697333664, 0.5887043329252711, 0.5906809475542844, 0.5967241028404754, 0.6007911582355913, 0.6010077143276942, 0.6048711278084397, 0.6072571094593279, 0.6086441481998867, 0.6103363410178302], "val_ious": [0.47619487993095233, 0.4666472357036411, 0.5217800142540446, 0.5330602672436963, 0.5336572929568912, 0.5534677930932114, 0.561231963660406, 0.564306729513666, 0.5622224062681199, 0.5746471538491871, 0.5695928052283715, 0.5804911074431047, 0.586094981086427, 0.5780507753724636, 0.5893935861362928, 0.5932990219713986, 0.5983007982157281, 0.5929838855197463, 0.6009151212115218, 0.5850338745808257, 0.6037152696778809, 0.5994031206853149, 0.5784606955189635], "training_time": 613.9182269573212, "avg_gradient": 0.0036756686279266976, "memory_usage": 1396.9375}