{"train_losses": [0.2743705945170444, 0.2465499050753272, 0.23370952620778396, 0.22643066545867402, 0.22100872117216172, 0.21595667367396149, 0.21186378249979537, 0.20865105165411596, 0.20542950296531554, 0.20103443357283654, 0.2005769909238038, 0.19789140363750252, 0.19593671830775944, 0.195768932123547, 0.19164072697901208, 0.19069899796791698, 0.18900778104105723, 0.18657163230945234, 0.18493455437862355, 0.1854467375770859, 0.183600720666025, 0.18398304899101672, 0.18058074403392232, 0.18027766299960407, 0.17936416205180727, 0.17906803006063338, 0.17733290645739305, 0.17500159192992293, 0.17553067847114542, 0.17570634647879912, 0.17312520151229008, 0.1713256386473127, 0.17137307406443616, 0.1711460659685342, 0.1698517997789642, 0.1685500583085029, 0.1678917556191268, 0.16849331517258417, 0.16766576703799807], "val_losses": [0.27063886043818103, 0.24346546342839365, 0.2340833693742752, 0.23382878465496976, 0.2181807072914165, 0.21604099027488544, 0.2074874354445416, 0.20894842918800272, 0.20577636199152988, 0.20175222501806592, 0.1986552049284396, 0.20312057921419974, 0.19652248659859534, 0.2005653361911359, 0.20093307417372, 0.19759933780068936, 0.18966089934110641, 0.19554731185021607, 0.19063236726366956, 0.18980496506328168, 0.18686159149460171, 0.19045011472442877, 0.18573009255139725, 0.19065841125405353, 0.18601733316545901, 0.1861279088517894, 0.1823592257240544, 0.18506676088208737, 0.18318389874437582, 0.18484518806571545, 0.1800325156553932, 0.18542449176311493, 0.18647424552751624, 0.18666107984988586, 0.18179003311240155, 0.18267346724219943, 0.17985505254372305, 0.17948442762312683, 0.1861421640800393], "train_ious": [0.4479194747678853, 0.4965748703782107, 0.5190673831148426, 0.5312533678243988, 0.5411959091552356, 0.5502757953236933, 0.5581885556811874, 0.5631061472754548, 0.5688052045154401, 0.576657850349295, 0.5780844789916191, 0.5834129223249096, 0.5868713492932526, 0.5876528037900942, 0.5941269185556016, 0.5964574987149757, 0.599367922576873, 0.6033499381788401, 0.6063176513905973, 0.6057212578969589, 0.6091268888634183, 0.6077275153087534, 0.6137063609085222, 0.6137769906849103, 0.6161505779170472, 0.6168323215907033, 0.6186778432541135, 0.6241542780096977, 0.6227661377169947, 0.6226363128618057, 0.6270788444773013, 0.6303438067544199, 0.6295472529811272, 0.6304338999308537, 0.6324727071476154, 0.6351802337212836, 0.635763790080513, 0.6357375623631307, 0.6363561278128104], "val_ious": [0.4478721141383267, 0.5046866855759551, 0.5224918255555457, 0.5306236794677335, 0.5413256525129512, 0.5432451401931653, 0.558811681965987, 0.5677115696927775, 0.5622916249693304, 0.5745584878368656, 0.5776215599498886, 0.5770986147116924, 0.5847235311200655, 0.5823405033004455, 0.5757434858360152, 0.58941889586656, 0.5945330482462178, 0.5931523053542428, 0.593563967856808, 0.5983898166729056, 0.6029570450385411, 0.5975301749464393, 0.6041444095148559, 0.5952231832172561, 0.6050461295290268, 0.602245521934136, 0.6114653631828834, 0.6071707135525303, 0.6092947902886765, 0.6046730113634167, 0.6130561889081761, 0.6069353285475053, 0.6080427143884745, 0.6069698625284692, 0.6091591629429142, 0.6105386262786561, 0.6200804068990377, 0.6147395046292873, 0.6048321177562078], "training_time": 1046.552240371704, "avg_gradient": 0.0080013210822903, "memory_usage": 1396.9375}