{"train_losses": [0.28402652883011364, 0.25481461401542893, 0.24097144231200218, 0.231924866852553, 0.22437139956847482, 0.2212186294567326, 0.21674479730427265, 0.21131862124995046, 0.2104998002557651, 0.20772942471439423, 0.205541737863551, 0.2028800058785988, 0.2005042331698148, 0.19918606098255384, 0.19699424942550453, 0.19561929620154525, 0.1937672273134408, 0.19298474020932033, 0.19097506991871024, 0.1893627449222233, 0.18914781105907066, 0.18668575989811317, 0.18561637822700583, 0.18464349833843502, 0.1834173675464547, 0.18318326957523823, 0.18344862742916399, 0.1814019211932369, 0.18007506316770677, 0.17957353454245173, 0.17889927497700506, 0.17762940765722937, 0.17681930862043216], "val_losses": [0.26191670836313913, 0.26995445982269617, 0.23944116480972455, 0.23678745880075122, 0.22671873511179633, 0.22966682489799417, 0.2178018287472103, 0.2131890207529068, 0.20910366916138193, 0.22609585458817688, 0.2183982192174248, 0.20501225052968317, 0.22314702622268512, 0.20061202606429224, 0.1990557947884435, 0.19807253065316574, 0.19850054286096408, 0.19392577234817587, 0.19472488469403723, 0.22209027539128842, 0.1910869514812594, 0.1941467598080635, 0.18866855100445126, 0.19737999011640964, 0.18901674708594446, 0.1924461139285046, 0.18896103002454923, 0.1869949238455814, 0.18768626645855283, 0.19601235765477884, 0.1860414986377177, 0.1868880280981893, 0.19610991393742355], "train_ious": [0.43016690059828183, 0.47982560311430605, 0.506445543597574, 0.5222226726296154, 0.5357189085064592, 0.5416137831744507, 0.549808383770827, 0.5585415110369956, 0.560788158192367, 0.5656466085085834, 0.5694834850728511, 0.5740939226487409, 0.5783459831947005, 0.581244018090808, 0.5851137484761252, 0.5863125912197257, 0.5904299205412036, 0.5919312701385091, 0.5955009318996165, 0.5986918783274249, 0.5989801091668399, 0.6030264922242231, 0.6047829033240026, 0.6070164405349376, 0.609152981660504, 0.6093448446928591, 0.6086603256239405, 0.6119431618439115, 0.6150913322209448, 0.615552133948043, 0.6173372314028125, 0.6194369226586126, 0.6209191658358645], "val_ious": [0.4668756861617599, 0.4794624391673267, 0.5102600290075593, 0.5137947562380115, 0.5348886052767435, 0.5323657740069471, 0.5482697942550633, 0.556285691542038, 0.5635440185450125, 0.5323451839495396, 0.5545914799406908, 0.5688186553509339, 0.5374934658192205, 0.5782783303571785, 0.5818779613228809, 0.5843395778666371, 0.5850635209809179, 0.5934291689292247, 0.5855202575524648, 0.5578204151512921, 0.5990450632744941, 0.5943693417137949, 0.6010277411644008, 0.5829930666132251, 0.598643650179324, 0.5942985724279847, 0.6028267304966417, 0.6036991375511971, 0.6032907280369081, 0.5937958206387534, 0.6080379023932027, 0.6069155689598859, 0.5952570969643799], "training_time": 885.3235328197479, "avg_gradient": 0.0038032189241572626, "memory_usage": 1396.9375}