{"train_losses": [0.2873752726160962, 0.2582062019602112, 0.243915519879564, 0.23364813115609728, 0.22749720497623735, 0.22286730429724508, 0.21644418216917827, 0.21359979312704958, 0.21146292854910312, 0.20659455414051595, 0.20410808451149776, 0.20292823324384895, 0.19950985341616298, 0.19860270271158736, 0.19622886610095916, 0.19553526401843713, 0.19281361600303132, 0.1927416114055592, 0.19012711351008518, 0.18791056950779064, 0.186821181813012, 0.1854427196085453, 0.18542293499669302, 0.18663306995902373, 0.18234458873453346], "val_losses": [0.26937669677578885, 0.24502813621707584, 0.24093645713899448, 0.23301683787418448, 0.2266349170518958, 0.2263337140497954, 0.22788529583941336, 0.21036207837902982, 0.2112839976730554, 0.21225036907455194, 0.20957366636265878, 0.20422905553942142, 0.1986705719128899, 0.1976402210800544, 0.19789266391940738, 0.1976902873619743, 0.19778482000464978, 0.2008383789140245, 0.1951637523977653, 0.1909621296369511, 0.18987431182809497, 0.19691991125759872, 0.18976635777431985, 0.19482034801141077, 0.19659490332655286], "train_ious": [0.4246955209913509, 0.4746916114852046, 0.5011496682097946, 0.5190501444149707, 0.5294487465280986, 0.5387265045141829, 0.5495722044151332, 0.5545664658581008, 0.5590745244391156, 0.5675638005731333, 0.5714818686246875, 0.5746189504591885, 0.580032634022443, 0.5813667325006016, 0.5852058766868666, 0.5873947392447271, 0.5923389471203521, 0.5928193005206791, 0.5967669112310894, 0.6008517384205178, 0.602222704908986, 0.6051995943205942, 0.6051825865347317, 0.6035158847445162, 0.6103900748750438], "val_ious": [0.4596388017137847, 0.4994890080845875, 0.5075606337707977, 0.5142474349426185, 0.5264781187625899, 0.5350468830353973, 0.5244677831297335, 0.5606569118689799, 0.5629534460064294, 0.5577850543718407, 0.5532820987096732, 0.5743607671364493, 0.5840788323810131, 0.5846679489249768, 0.5819826538580052, 0.5857031492219454, 0.5789929392977037, 0.5733696228784064, 0.5912117133106011, 0.6002853821585145, 0.5994398565827936, 0.5801476406446402, 0.597712302121563, 0.5951099762882012, 0.5811820926441662], "training_time": 666.9252572059631, "avg_gradient": 0.0035770644217234674, "memory_usage": 1396.9375}