{"train_losses": [0.2814347565821979, 0.2549959741046895, 0.2407688407794289, 0.2343536824311899, 0.2283515404585911, 0.22580697265980038, 0.22022343734684197, 0.21626815620971762, 0.21335226807581342, 0.2090587134918441, 0.20603519070731557, 0.20513665101126485, 0.20212598493241746, 0.20002039238486602, 0.1971350035265736, 0.19637358577355093, 0.1951138521342174, 0.19207214094374492, 0.19095637851759142, 0.18986707318412221, 0.1864718688732904, 0.18624696848185165, 0.18502559294195278, 0.1850177670788506, 0.18439987399007962, 0.18219330218499122, 0.18396324696748154, 0.18108149609811927, 0.17874850664773714, 0.1779349937873042, 0.17686415164043073, 0.17642663548821988, 0.1753060416844876, 0.17547367748035037, 0.17444125668186208], "val_losses": [0.283435242007608, 0.26494869039110513, 0.2364927222547324, 0.22996795825336291, 0.22586038060810254, 0.2466802289304526, 0.23994869544454242, 0.2225104887848315, 0.2105143102614776, 0.21578908128582913, 0.21084062139625134, 0.2056728760185449, 0.20518450730520746, 0.20307194733101389, 0.19702165800592172, 0.20647809719261917, 0.20058529824018478, 0.19665320800698322, 0.19516765196686206, 0.1962344361388165, 0.19300810215265854, 0.19490696554598602, 0.1886706122237703, 0.19168313722247662, 0.19176122772952783, 0.19784868379002032, 0.18864622647347656, 0.1858413326351539, 0.1950928413349649, 0.1883825935099436, 0.18702281234057053, 0.1864877968378689, 0.1860273017183594, 0.18697510627300842, 0.19321110585461493], "train_ious": [0.43774196594292186, 0.4789222691855997, 0.5058927873986352, 0.5187749193738334, 0.5289214828146109, 0.5340527069309483, 0.5443408861486375, 0.5506454389812289, 0.5563973786336353, 0.5637980981905392, 0.5687024653821753, 0.5702358398964439, 0.5757730689601623, 0.5803088701829532, 0.5854771940064601, 0.5857398501880793, 0.5880010208465916, 0.5939643390584685, 0.5958524179523409, 0.598722748512375, 0.6041978549590149, 0.6039884873274444, 0.6067155132583085, 0.6061935494991315, 0.6074930431618207, 0.6117844225271888, 0.6087146352274694, 0.6136782660108545, 0.6171974694167358, 0.6188430652238318, 0.6210219032954477, 0.6222704594981845, 0.6240034378201199, 0.623901061443747, 0.6256214668569353], "val_ious": [0.4371896249012672, 0.475689557691415, 0.513791432739168, 0.5195285650914994, 0.5327650474897331, 0.5007247522041418, 0.5217144312202067, 0.5420777807417123, 0.5610231474257898, 0.5512134331291999, 0.5610958318347516, 0.5624817002942596, 0.5724324799966122, 0.5741823037033496, 0.5855265462744064, 0.568844781189725, 0.5813718245945114, 0.5872814333525257, 0.5855351425167442, 0.5841171771719835, 0.5926301181316377, 0.5892801561217376, 0.601089186426522, 0.5943889434354893, 0.5964646343735681, 0.582655315597852, 0.6007602860530217, 0.6059618259685629, 0.5875711991735126, 0.5994261887626372, 0.6032931145982466, 0.6034506481626759, 0.607097262273664, 0.6040936291649722, 0.5922472567661948], "training_time": 938.6264209747314, "avg_gradient": 0.003077049219830101, "memory_usage": 1396.9375}