{"train_losses": [0.28703696515573107, 0.2560856917306133, 0.24168388675088467, 0.23260000833998556, 0.22550403464423574, 0.22109915963981464, 0.21807849804020446, 0.21535645814045615, 0.21156654757973942, 0.2072549446121506, 0.20603517702092294, 0.20314598196874495, 0.20000950781547505, 0.19856605427744595, 0.1979695233799841, 0.19459628532438175, 0.19379755409191485, 0.192780917753344, 0.19200831384438535, 0.19070295050092365, 0.18909517618948998, 0.18587609874489514, 0.1862269296594288, 0.18334387429058552, 0.1840107023877942, 0.1824445746353139, 0.1821975852970196, 0.18058122888855313, 0.17984874287377234, 0.17780440333096878, 0.17877305404323598, 0.17853710427880287, 0.17625582898440567, 0.17535481901596423, 0.17324391023620314, 0.17217963383249615, 0.17703526548069456, 0.17161961474820323, 0.17383238673210144, 0.1707429207213547, 0.17110456947399222, 0.16966903857562854, 0.16834078765595736, 0.16714967876348807, 0.16904386116758638, 0.1666825366732867, 0.167155956444533, 0.1661406124577574, 0.16509854064687438], "val_losses": [0.2717860703882964, 0.24059314799049628, 0.23287090756323026, 0.23229802561842877, 0.2305154262677483, 0.21935574289249338, 0.22489814427883728, 0.22607865411302316, 0.20650170775859253, 0.20338694070992264, 0.20479265827199686, 0.23113896309033685, 0.2204628936622454, 0.1965874093382255, 0.19268308288377264, 0.19262524143509244, 0.1959130744571271, 0.19194924280695294, 0.1934619750017705, 0.190242491338564, 0.19123214645230252, 0.18760821255652801, 0.18502007360043732, 0.18620930514905765, 0.18245407938957214, 0.18825922809217288, 0.182577025955138, 0.1822998705117599, 0.17985387988712476, 0.18152381933253744, 0.18143867830867352, 0.18899063992759454, 0.1810076664323392, 0.17837349973295047, 0.18199823116478714, 0.1776187892841256, 0.18331452588672223, 0.18295700232619824, 0.17783687263727188, 0.18357297357009805, 0.17639322611300842, 0.17431380405374194, 0.178427928491779, 0.17787476629018784, 0.17360344593939575, 0.17471952574408572, 0.18244664176650668, 0.17651111826948498, 0.1759851675318635], "train_ious": [0.4284359642424269, 0.47808114026227705, 0.5051982254329797, 0.5202371776373922, 0.5331912054477826, 0.5407494155393128, 0.547054520983627, 0.5514449859442916, 0.558521232257287, 0.5652237054554449, 0.569019025920526, 0.5739123797503071, 0.5792882864134037, 0.5816713724339353, 0.5830795690417286, 0.5885790348916813, 0.5910790390402512, 0.5917850414803931, 0.5941555131820664, 0.596271062404781, 0.5986198819093952, 0.6050417106868563, 0.6041864199374897, 0.6089659811038036, 0.608542691916227, 0.6116389103125833, 0.6117396492349068, 0.6145585493009158, 0.6159431704360506, 0.6193383139004742, 0.6177591220408245, 0.6185385705768199, 0.6225815512563873, 0.6239632102998269, 0.6269468864345032, 0.629407384905262, 0.6212234548900443, 0.6304556323026401, 0.6275260538078732, 0.6319578250573163, 0.6311025738824106, 0.6335115536399509, 0.6360935739956904, 0.638726238431274, 0.6346368549418626, 0.6386865437894628, 0.6383606948066447, 0.6397225138177904, 0.6422728897220844], "val_ious": [0.45955669750338024, 0.5006250140891557, 0.5053204642473788, 0.5293505571890568, 0.527451203569122, 0.5513628291479056, 0.5378519843022029, 0.5370382434432058, 0.5659985494786413, 0.5713609059651694, 0.5653727223043857, 0.525396060684453, 0.5460945357015168, 0.5838886408702184, 0.5927998743195466, 0.5921915754459907, 0.583797441660494, 0.5876304280498753, 0.5870602182720018, 0.5946490049794102, 0.591945077630057, 0.598082310911538, 0.6083959084058153, 0.6032652513704437, 0.6080111155043479, 0.5966524650221285, 0.6083546684703964, 0.609336454367292, 0.6175195838230243, 0.6124107863592063, 0.6152896669463835, 0.6025216341882512, 0.6137026228766509, 0.6166694721449978, 0.6115940001563748, 0.6204395127901132, 0.6115986396005187, 0.6128142424251724, 0.6226606375497322, 0.6130514948264413, 0.6213424499484076, 0.627307059324306, 0.6189879790164423, 0.6222573970107066, 0.6287329892317455, 0.6267287873703499, 0.6144163202548375, 0.6271448986253876, 0.6226603403903436], "training_time": 1312.3047173023224, "avg_gradient": 0.0021124969335414657, "memory_usage": 1396.9375}