{"train_losses": [0.2818061060717572, 0.2488240448191114, 0.235555377829334, 0.22781227116027605, 0.22211624277026756, 0.21635786994643832, 0.21131730929988882, 0.2082223362572815, 0.2054156495825104, 0.20169342625076356, 0.20251189050791057, 0.19920912328297677, 0.1956474188229312, 0.19391227732210056, 0.19375731366808, 0.18955271350948708, 0.18877092554517413, 0.18798704153817633, 0.18616863348237847, 0.18376907876328283, 0.18447751819115618, 0.18124310834252316, 0.18100791076279205, 0.17940552921398825, 0.17925190067161684, 0.17847955704707166, 0.1781102748506743, 0.17758272061853306], "val_losses": [0.2601541967495628, 0.2508578630893127, 0.24296856444814932, 0.22759955311598984, 0.22617334613333578, 0.22225443435751874, 0.21268085876236792, 0.2166471785825232, 0.21007746328478275, 0.20842446516389432, 0.2081101079997809, 0.2052722485816997, 0.20213061895059503, 0.2036503054525541, 0.20145921182373297, 0.199000910896322, 0.20255895833606305, 0.1946493662569834, 0.20165845168673474, 0.20258890772643295, 0.1926430816883626, 0.19390732762606247, 0.19090553664642831, 0.19087282341459524, 0.19610421942627948, 0.19161249243694803, 0.19167984665735907, 0.20043628565643146], "train_ious": [0.43811125588684285, 0.4925975145205208, 0.5155200394599335, 0.530127378585546, 0.5392464303775973, 0.5491353522014357, 0.5569459813768447, 0.5637847282046422, 0.5691120380508733, 0.574838775007621, 0.5738329662792923, 0.5794955737672857, 0.5858130432881307, 0.5890165010764116, 0.5891670160319492, 0.597103595139756, 0.5989781229932237, 0.6000491554538407, 0.6037563257243317, 0.607622911100802, 0.6071302797915281, 0.6123213346345703, 0.6130599627352277, 0.6156177262681118, 0.6160533981046816, 0.6180992739787997, 0.6179923843322455, 0.6186534566939741], "val_ious": [0.47230857243572466, 0.4872096617152724, 0.5033605587871177, 0.5303864589203957, 0.5406857510839683, 0.5419909785623136, 0.5605542804451957, 0.5568907718727555, 0.5676411195941593, 0.5704236900892811, 0.5655764311120131, 0.5764494682999626, 0.5764289049134736, 0.571530692819236, 0.5827415706454844, 0.5833505409351293, 0.5851988911196805, 0.5892088957454847, 0.5813034511562707, 0.5756305795216905, 0.5915552898161653, 0.5959273840206256, 0.5961199839046036, 0.6002660890420279, 0.5914923326260801, 0.5962321663248368, 0.6006375574979229, 0.5764321013205292], "training_time": 751.4631650447845, "avg_gradient": 0.0038288064050244976, "memory_usage": 1396.9375}