{
  "train_losses": [
    0.2764490380397309, 0.23161272364466087, 0.2101021117490271,
    0.18952843384898227, 0.1723908475883629, 0.16326600685715675,
    0.15743034106233847, 0.14897492742570845, 0.1438059038280145,
    0.14060718647163847, 0.13343871356514486, 0.13116794273905133,
    0.12550000850435183, 0.12158269135524398, 0.11713998072335254,
    0.11649003511537677, 0.11297974140261827, 0.10794457914712637,
    0.10593426729673924, 0.10420724453971437, 0.10108867425309576,
    0.09777749880500462, 0.09358425778539284, 0.09433358871256528,
    0.09644342549955068, 0.09212110681540292, 0.08913500274976958,
    0.08896438291539317, 0.08637794483776974, 0.08514379272642343,
    0.08121903710391211, 0.08120166145912978, 0.07918770570793877,
    0.0796013916640178, 0.08981754772527062, 0.07661103384326333,
    0.0735465658666647, 0.07324176401142841, 0.07214254748238169,
    0.07168911409604808, 0.07120496935575553
  ],
  "val_losses": [
    0.253454747731271, 0.2683599089150843, 0.19290594400271124,
    0.20473846825568573, 0.17110360996878665, 0.16715725090192712,
    0.16380680903144504, 0.15513495695979698, 0.1528726613715939,
    0.1701692854580672, 0.14775521097623784, 0.1463032070061435,
    0.14070627579222555, 0.13784224054087763, 0.13953541996686356,
    0.13944828137755394, 0.14338318388099255, 0.13649408746024835,
    0.13108198701039606, 0.15068911096971968, 0.12589096245558365,
    0.1302013934954353, 0.12968014779946077, 0.13640117062174756,
    0.1393840400421101, 0.12802938452881316, 0.13121689807461656,
    0.13280634598239607, 0.1315136785092561, 0.13126126304268837,
    0.13437622332054636, 0.1337321407121161, 0.1298512230100839,
    0.13821820898548418, 0.13411514266677524, 0.1296813917224822,
    0.13075866339647252, 0.1336366529374019, 0.1413277658107488,
    0.13612183167234712, 0.13955601531526315
  ],
  "train_ious": [
    0.43741120744970685, 0.5282861706193375, 0.5690476596355437,
    0.6063936258787695, 0.6384300024289152, 0.6545494121053946,
    0.6648085533600786, 0.6801238845547902, 0.6871865584474544,
    0.695047339883404, 0.707711299368437, 0.7132947857937085, 0.722142687310343,
    0.7293947727783868, 0.7372107855111796, 0.7381723173826501,
    0.7449029840636944, 0.7542825506973093, 0.7578017521595611,
    0.7609375092754331, 0.76689275732075, 0.7731647672320625,
    0.7808301691235842, 0.77895118188167, 0.7754887109757336,
    0.7830873583645929, 0.7889168480060237, 0.7899208983973319,
    0.7945640403507411, 0.7974881615111792, 0.8046370184291961,
    0.8046346538956616, 0.8086816787287809, 0.8078646517318222,
    0.788584830806307, 0.8137595644895579, 0.8203142468912015,
    0.8211317119607027, 0.8231161815532735, 0.8241471840419635,
    0.8252668406652366
  ],
  "val_ious": [
    0.4970642604689666, 0.5065782323911572, 0.6024275951195455,
    0.5730668688597886, 0.6419988566118737, 0.6532757396715275,
    0.6534180876569471, 0.6709923793872197, 0.6733910864677983,
    0.6558261660562045, 0.6875367099824159, 0.689317738880282,
    0.6986607529114985, 0.7029934469340503, 0.7019131505402968,
    0.706663039283476, 0.7067402709221493, 0.7113299071788787,
    0.7214105952045193, 0.6923831986344379, 0.7254807607851168,
    0.7245045887387319, 0.7284797507783641, 0.7159096212058828,
    0.7032306580871776, 0.7267144300799437, 0.730949457788813,
    0.7281415605026741, 0.7292753201032032, 0.7318173351063247,
    0.7288981844549594, 0.7299839022798816, 0.7384199687968129,
    0.7160507580940275, 0.7288502722546673, 0.7354228524626167,
    0.7376575986112374, 0.73634952954624, 0.730786000472912, 0.7346589815789375,
    0.7248184432586035
  ],
  "training_time": 925.834554195404,
  "avg_gradient": 0.002833963069220921,
  "memory_usage": 1152.220703125
}
