{
  "train_losses": [
    0.2764591228864763, 0.24743145161672778, 0.23451580560725668,
    0.2277326061511817, 0.2215219341704379, 0.21665908687788507,
    0.21265000615106977, 0.2097111162122177, 0.20889813469155974,
    0.20599523964135544, 0.2018799095859994, 0.20039281670166098,
    0.19702310228477354, 0.19581016582315383, 0.19381543548534746,
    0.19269569015697294, 0.18976501853245756, 0.18852533173301947,
    0.18788597068708876, 0.18613985383316226, 0.18415619667781435,
    0.1829177052916392, 0.18347450402443824
  ],
  "val_losses": [
    0.25873658870873245, 0.2573536997256072, 0.2419438436627388,
    0.22404922642137692, 0.21394050218488858, 0.21650516695302466,
    0.21728770694007044, 0.21453426130439923, 0.200155397148236,
    0.2012734649621922, 0.21430165774148444, 0.2008071049399998,
    0.2008848413825035, 0.19272641740415408, 0.19076007248266882,
    0.19946303931267365, 0.1919889799926592, 0.1867474907118341,
    0.18605974381384643, 0.19573943576087122, 0.18574553792891296,
    0.19169340736192206, 0.19778074518493985
  ],
  "train_ious": [
    0.4462818575995987, 0.4952132502111838, 0.5174744108394868,
    0.5298216727872693, 0.5407274989006314, 0.5496213362160801,
    0.556548151282081, 0.5624414806024751, 0.5641160965559707,
    0.5692659223425215, 0.5761415109146332, 0.5779940880619097,
    0.5848600257026113, 0.587700665375029, 0.5915088399812799,
    0.5927677934692391, 0.5981371534475388, 0.6003669703352276,
    0.6011049055858799, 0.6047734366594878, 0.6090319248969139,
    0.6098797749997914, 0.6091612224885519
  ],
  "val_ious": [
    0.46795117477144016, 0.5041298386843309, 0.501247679841691,
    0.5376815309991007, 0.5538355096958686, 0.55105522274971,
    0.5414856719797938, 0.5490822444359461, 0.5785308985606484,
    0.5763410342776255, 0.5635183820689933, 0.5758173850135527,
    0.5784835012062736, 0.5865855940442156, 0.5960755920496538,
    0.5835517515306888, 0.5887169809877008, 0.5960173464339714,
    0.6045264567154041, 0.589262788278469, 0.6038741855949595,
    0.5944755422896234, 0.575613474500352
  ],
  "training_time": 613.8929088115692,
  "avg_gradient": 0.0030231729882090573,
  "memory_usage": 1396.9375
}
