{"train_losses": [0.2815515135779329, 0.2498368719673675, 0.2351811987388393, 0.22868231902627842, 0.22199374655990498, 0.2179788499260726, 0.21410117395546124, 0.2112237390778635, 0.20788381321598653, 0.20753542989816354, 0.2031261545970388, 0.2016402474887993, 0.19954174773200697, 0.19641057482880095, 0.19462366588413715, 0.19329292894057606, 0.19259223649683205, 0.1909975450809883, 0.18854341242948305, 0.18833415048277896, 0.18697462684434393, 0.1862914675603742, 0.18479468754452208, 0.1833220309699359, 0.1822396607502647, 0.18078814309252345, 0.17977481197727763, 0.18066969424810098, 0.17886929918566477, 0.17757847986143568, 0.17756324658251327, 0.17562153643887976, 0.17476459859829882, 0.17436233211470686, 0.17329820593738038, 0.1738544657178547, 0.1717105928160574, 0.17265218804064003, 0.1711555333889049, 0.1695186507118785, 0.17019940159567024, 0.16912926838773748, 0.1683582374421151], "val_losses": [0.2845174676698187, 0.23907310386066852, 0.2502187892146733, 0.2292589619755745, 0.2350261370125024, 0.2125385027864705, 0.20720190328100455, 0.21680926823097726, 0.20446349550848422, 0.21378305845934412, 0.2068670314291249, 0.20527101794014807, 0.2188054912764093, 0.19640139619941296, 0.19635422203851782, 0.19596305943053702, 0.1989735423222832, 0.1937156841158867, 0.18877712993518167, 0.18986236401226209, 0.19413137921820517, 0.18934437502985416, 0.18558215738638587, 0.18457563059485477, 0.1831645819803943, 0.19258753242699997, 0.19184880509324695, 0.19652388957531555, 0.1841394577337348, 0.1874955581582111, 0.1812461556299873, 0.18161609866048978, 0.1805332775997079, 0.18561482235141422, 0.18101550897826318, 0.18269695633131525, 0.17762350647345834, 0.18549135230157687, 0.17579329434944235, 0.17954648998768433, 0.18106199477029883, 0.1785322816475578, 0.18072133673274], "train_ious": [0.4360651578020526, 0.4892485437887736, 0.5172995420415765, 0.5292711405866385, 0.5406873447253653, 0.5478615453601748, 0.5545860172883758, 0.5591406711525672, 0.5661012728469095, 0.5666119133972606, 0.5747033061216706, 0.5773666973455228, 0.581345553415409, 0.5865265662255493, 0.5898440771236799, 0.5921005459259383, 0.5940174673670445, 0.5968035031379997, 0.6003430136411952, 0.6013056240112019, 0.6028506387619, 0.6054670116391733, 0.6074527518796746, 0.6099018744476463, 0.6118229540685813, 0.6144521047995574, 0.6163805378735926, 0.6143943778630614, 0.6175755832506266, 0.6204122034967811, 0.6200223598575247, 0.6239435803415118, 0.6250325789594132, 0.6261262149158597, 0.6273597278564738, 0.6272346045875895, 0.6305534007108732, 0.6291116512771961, 0.6313946445782981, 0.6345193414692426, 0.6328460954777574, 0.6348471127558444, 0.6361425105968245], "val_ious": [0.439440187336742, 0.5048818434926048, 0.4943897929312526, 0.5283419003953104, 0.5256190826927407, 0.5600668593593268, 0.5645440527494402, 0.5519732814552127, 0.566998137080151, 0.5556286439515541, 0.569792983756549, 0.5736033134702322, 0.5414481331472811, 0.5817195967487667, 0.5877469175535699, 0.5852099572834762, 0.5834463502185931, 0.5953976676083993, 0.5981341058361358, 0.5978261720443118, 0.5893514311831929, 0.5949017323445583, 0.6041957042787385, 0.605462880022284, 0.6088105396948, 0.5983774225780929, 0.5877290095971978, 0.5955768359312112, 0.6053636201481889, 0.607700838126998, 0.6101016093423403, 0.6146598222894945, 0.6168760009433912, 0.6085783428903939, 0.612344926034195, 0.6153925836518191, 0.622066853918891, 0.6075962378063062, 0.624187484383583, 0.6206136544545494, 0.6106089152719661, 0.6190402689187422, 0.6135781102854273], "training_time": 1146.8424472808838, "avg_gradient": 0.002681406698643735, "memory_usage": 1396.9375}