{"train_losses": [0.2813536622763976, 0.25325482800278976, 0.23918721962558187, 0.22809960409674956, 0.22201531842027022, 0.21824369425682918, 0.2137716914648595, 0.20827866442825482, 0.20538058893188185, 0.2040138648741919, 0.20143960756452187, 0.1982592277066863, 0.19558790520481442, 0.19550075155237448, 0.19421229138970375, 0.19209656362300334, 0.18979773889093296, 0.18765881754781888, 0.18720219430068266, 0.1857503728698129, 0.1838491697512243, 0.18354691646021346, 0.18123023122872994, 0.1811854336410761, 0.18109227538756703, 0.18073146247669405, 0.1773357997931864, 0.17738639749586582, 0.1760045027603274, 0.17399855533047862, 0.17462768251805202, 0.17220894044832044], "val_losses": [0.27475853847420734, 0.2499637762489526, 0.24692713857992835, 0.22572868123002673, 0.2173996059143025, 0.21558967977762222, 0.20886926288190094, 0.20766009908655417, 0.2147761392204658, 0.20801757178876712, 0.2082593917198803, 0.20317241452310397, 0.20940201211234796, 0.19551471296859824, 0.19709173719520154, 0.20377734854169513, 0.19362560044164243, 0.19898848235607147, 0.1957463301394297, 0.1949114196974298, 0.19412084312542624, 0.19010053931371027, 0.19200960028430689, 0.19473569613435995, 0.18900666774614996, 0.18922344498012378, 0.18833079383425091, 0.18945607348628665, 0.18708487762057263, 0.19472647166770438, 0.1907651275396347, 0.195580889997275], "train_ious": [0.4363772860623596, 0.483428043110863, 0.5100603671069593, 0.5294191085773964, 0.5398915085833572, 0.5466403913400744, 0.5546444201221068, 0.5650524287552072, 0.5687223771128104, 0.5717159376844113, 0.5766907331628217, 0.5823649115104607, 0.5872070654902768, 0.5885862655181816, 0.5902606955580953, 0.5934177126897417, 0.5976933830998081, 0.6019125678509042, 0.6017478328144208, 0.6046113705505493, 0.608128409400798, 0.6080741548667783, 0.6125648787272147, 0.6132657796792361, 0.6132136353332066, 0.6142484320570591, 0.6195696607448057, 0.6200712951089161, 0.6227794894813625, 0.6258159869390986, 0.6244879956694616, 0.6284235190006269], "val_ious": [0.45046493475851795, 0.4981283293902011, 0.49838793461305503, 0.54098814509917, 0.5489375653906144, 0.5489587693110757, 0.5656352047471033, 0.5651690674864728, 0.5549690573327782, 0.5647269765967908, 0.5703956778498664, 0.5685468074204266, 0.566677137993384, 0.5831067961627159, 0.5838945646216904, 0.5772596005944238, 0.5936356268931126, 0.5849851490794749, 0.5814261360876802, 0.5895404632108798, 0.5962846829839374, 0.5994481763977935, 0.5986311766116517, 0.5955266572427059, 0.6017327060302098, 0.6002319357965303, 0.6019394870685496, 0.599066647498504, 0.6056419734073721, 0.5941094868425009, 0.5972571502561156, 0.5942981282006141], "training_time": 858.2697570323944, "avg_gradient": 0.007802027382658118, "memory_usage": 1396.9375}