{"train_losses": [0.28107246351630794, 0.2518332390843526, 0.23999389965573084, 0.23222240384506143, 0.22625942058537318, 0.22213007712169833, 0.2176002825245909, 0.21276209082292474, 0.211241670033854, 0.20682068274396917, 0.20565511861249156, 0.2008752838263045, 0.20030574897385162, 0.19776249628352083, 0.19764917999829934, 0.19469118134483046, 0.19321137966345187, 0.19346932394672994, 0.19253230005826638, 0.18948027758818606, 0.1872979251910811, 0.1857962787313306, 0.18478931397523568, 0.18372195870008157, 0.18455858747272388, 0.18302919837119785, 0.1799707583597173, 0.18013840573637382, 0.17775798038296078, 0.17835685060076092, 0.17579561431446802, 0.17618813090350316], "val_losses": [0.26928896197806235, 0.251386735426343, 0.2469934406487838, 0.22799941379091013, 0.23752470346896545, 0.2195219637259193, 0.21560922718566397, 0.21313228101834006, 0.2079941244876903, 0.20734224176925162, 0.21799316613570505, 0.20341829016156818, 0.20021848542534787, 0.19992116158423218, 0.20339918752079425, 0.20176016150609308, 0.19609844490237857, 0.19351630463548328, 0.19224211638388428, 0.19645693541868872, 0.19229530996602515, 0.1960827578669009, 0.1918508540029111, 0.18687105016863864, 0.18625397721062537, 0.18802496596522952, 0.18621399836695712, 0.19083670947862708, 0.18962612683358399, 0.18518991088089737, 0.18368559427883313, 0.19952196077160214], "train_ious": [0.43758070790394454, 0.4851495415188266, 0.5080525521458921, 0.5224282236202901, 0.5324999068094335, 0.5402505052262457, 0.5477077489907753, 0.5564480960855019, 0.5581721889152043, 0.5668956572054953, 0.5680349397918456, 0.5777112247179381, 0.5787213577524479, 0.5834393649753454, 0.5834235610251411, 0.5885758150530898, 0.5919370793238065, 0.5922121980591961, 0.5928714257003603, 0.5983061809902604, 0.6021097268423312, 0.6052538816263708, 0.6068668026963006, 0.6082749272818155, 0.6073588859559831, 0.6097818952107774, 0.6156337051179964, 0.6149558644147888, 0.618826225777899, 0.6181699779910454, 0.6225921596953833, 0.6219167917210985], "val_ious": [0.4690088611366093, 0.4914246816997942, 0.5083941820523012, 0.519513669869174, 0.5038737555344899, 0.5439718300881594, 0.5514344620531881, 0.5553528158992961, 0.5634664469870969, 0.5658731562071955, 0.5405918330602024, 0.5746415918288023, 0.5801804961933607, 0.5810907191556433, 0.5744733717562496, 0.576852482730064, 0.5886111235704975, 0.5905731501786605, 0.5956869501134624, 0.5840255680723467, 0.5971159107875134, 0.5928576951441558, 0.5853667008704034, 0.6006925689137499, 0.60538130329139, 0.6000522053328113, 0.6052376630081647, 0.5972307030705438, 0.6022206795388374, 0.6081468581721403, 0.6107806552579439, 0.5841518914785939], "training_time": 858.5254282951355, "avg_gradient": 0.0017974526736818854, "memory_usage": 1396.9375}