{"train_losses": [0.279239149602211, 0.2526594274069952, 0.23698071754820968, 0.22788746225769105, 0.22172112260823665, 0.2171163209106611, 0.214721641867705, 0.2094971142385317, 0.20589482962437297, 0.20274343341588974, 0.20200651390073093, 0.19924857281148434, 0.19677156736345394, 0.19379057200706523, 0.19284479279557, 0.1922757161538238, 0.19059280970174333, 0.18878506950062254, 0.18658379951249, 0.18546118927390678, 0.18520365444862324, 0.18428474559408167, 0.1834922130017177, 0.18189997387968976, 0.17902879198284252, 0.17870722743480102, 0.17775448978595113, 0.17752682182775892, 0.17617936991155148, 0.17566334383319254, 0.1739048276744459, 0.17489455389263836, 0.17370108207282814, 0.17137990851441157, 0.17015081279627656, 0.17016319242184577, 0.17039594694000224, 0.16954323066317517, 0.1692675855010748, 0.16780881122078584, 0.1676389015401187, 0.1652406287258086, 0.165052259016944, 0.16544514295199644], "val_losses": [0.28503192572490027, 0.25122443133074307, 0.23429470023383264, 0.22477039403241614, 0.22086371157480322, 0.2198855300312457, 0.2227942577522734, 0.20823400694391, 0.20309412965308066, 0.20778400548126386, 0.2089369760259338, 0.20587184150581775, 0.19639435280924258, 0.19874291802230087, 0.1988345416991607, 0.19231023218320764, 0.19499019889727884, 0.19364985564480658, 0.18994829803705215, 0.19313541864571365, 0.19104951749677243, 0.19841810315847397, 0.196387164618658, 0.1869593372811442, 0.18531888043103012, 0.1865204329723897, 0.1886236048910929, 0.18369691495014273, 0.1843052218141763, 0.18678095807199893, 0.18676905625540277, 0.18622006767469904, 0.18118135663478271, 0.18278877501902374, 0.18500865088856738, 0.18343485535486884, 0.1832323395039724, 0.18111758743939194, 0.18122309835060782, 0.18446793763533884, 0.18020578117474265, 0.1827949460433877, 0.17998871660750845, 0.1830092623181965], "train_ious": [0.4373291194835634, 0.4859245241876098, 0.5139160215908635, 0.5300586012502512, 0.5416807582520916, 0.548375941273095, 0.5527078469918256, 0.5623986738315526, 0.5686836329329271, 0.5750217618069786, 0.5759525635428185, 0.581660188410593, 0.5854138078680937, 0.5909572487184104, 0.5926586007834345, 0.593885453336913, 0.5957260549176427, 0.6001916360919889, 0.6033523054658503, 0.6058340094767621, 0.6067632348209187, 0.6081103221985742, 0.6094631390727087, 0.6118824652031709, 0.6178351069490117, 0.6183510326065017, 0.6199681111004042, 0.620605206090039, 0.6220714369977727, 0.6232425906843898, 0.6265188930151254, 0.6250042269087356, 0.6273248633504779, 0.6313458059145056, 0.6329918314257393, 0.6332040780588335, 0.6324891659660616, 0.6337934376644918, 0.6351282160351239, 0.6377986160957296, 0.6375567129664663, 0.6419445314053176, 0.6418284278201019, 0.641623400259709], "val_ious": [0.44217656369226555, 0.49296134569938627, 0.5165190217287645, 0.5389036091341488, 0.5432801618092301, 0.5337531297751095, 0.5443536136029424, 0.5664313262787418, 0.5701527997203494, 0.56028110857891, 0.5610610397829526, 0.5681874667820723, 0.5863100221191627, 0.5816333572501721, 0.5829516254041506, 0.5910049048454866, 0.5895218937725258, 0.5860311674035115, 0.5968064698188202, 0.5914427491201871, 0.5968996778778408, 0.5805287151664927, 0.592262201551078, 0.602059400383977, 0.6075771042834157, 0.6015553312457128, 0.5998585915219956, 0.6099036510871805, 0.6075705831897433, 0.604168814809426, 0.6074061706878138, 0.6068038324946944, 0.6153417372185253, 0.6134727767844131, 0.612099248861921, 0.6133578946624978, 0.616429693888927, 0.6168704348197879, 0.6168280546215997, 0.6141014066727263, 0.6184038219676501, 0.6164316513400147, 0.620854581395785, 0.6120174773361372], "training_time": 1173.6354806423187, "avg_gradient": 0.004038964499192678, "memory_usage": 1396.9375}