{
  "train_losses": [
    0.27919691954941855, 0.23184593523974004, 0.20660259461273317,
    0.18655315762304742, 0.16959098694117172, 0.16647244123337063,
    0.15616382075392682, 0.14996681799707207, 0.1431864804142843,
    0.13914741292271926, 0.13468854558532653, 0.13178980297854412,
    0.1265699279130153, 0.1212989655525788, 0.11956882124523753,
    0.11496482028261475, 0.11271357491774403, 0.10944125550272672,
    0.10774798023150019, 0.10216860675617405, 0.10312141194615675,
    0.10047697061267884, 0.09611387579175441, 0.09901935072696727,
    0.09311869999636775, 0.0922443547245601, 0.08827137671734976,
    0.08790180864541428, 0.0863900504115483, 0.0902629031435303
  ],
  "val_losses": [
    0.29088955081027484, 0.23445559293031693, 0.20465154362761456,
    0.19037069153526556, 0.1665939374462418, 0.167465689389602,
    0.16664405944554703, 0.18163356022990268, 0.15449714709235274,
    0.14905593949167625, 0.17462598370469135, 0.14118019766781642,
    0.14448674719618715, 0.13917051757807317, 0.13999303932423177,
    0.13853525921054508, 0.13649756623351056, 0.1347603253696276,
    0.13249462033095566, 0.13134883182204288, 0.13179858190857846,
    0.13133081712800523, 0.13180802049844162, 0.13759462162852287,
    0.13381196121158806, 0.13252824123786844, 0.1281011506267216,
    0.12726425671059152, 0.1367107226472834, 0.13657726719975471
  ],
  "train_ious": [
    0.4384129381995054, 0.5276752676598836, 0.5745314768097107,
    0.6123640670076661, 0.6408466276159325, 0.6481437957913114,
    0.6664490988073144, 0.6772355478850827, 0.6899847029775816,
    0.6978029710767062, 0.7056697438052595, 0.7108462256365928,
    0.7198348976131801, 0.729549020798742, 0.7336832191525163,
    0.7415679214873174, 0.7460716169705427, 0.7512595241052517,
    0.7549279293828254, 0.7641118125099201, 0.762946493977654,
    0.7680516822830492, 0.7760881577496945, 0.7706902975729409,
    0.7818733120634078, 0.7835372513619023, 0.7909583877502143,
    0.7917047033383362, 0.7948126067285948, 0.7871527925025722
  ],
  "val_ious": [
    0.45255350591479865, 0.531618168928485, 0.5889844995909843,
    0.6202090024084285, 0.6479199191798336, 0.6503956691510434,
    0.6557246876367623, 0.6401427280211794, 0.6757222154866095,
    0.6835322237533072, 0.6516824733951817, 0.6986064189586088,
    0.691179036014322, 0.7074258236781411, 0.698425483012545,
    0.7025787897300029, 0.7092714240585549, 0.711702002995256,
    0.7198723885028258, 0.7201937419780784, 0.7164102864006293,
    0.7208907595579176, 0.7193753427785375, 0.718673876878144,
    0.7238763963830644, 0.7227104101060094, 0.7305324246054109,
    0.7315808307865393, 0.7254920729260512, 0.7195369409046314
  ],
  "training_time": 684.9294216632843,
  "avg_gradient": 0.0032012254884091246,
  "memory_usage": 1152.220703125
}
