{"train_losses": [0.28110571553849656, 0.24875552595957465, 0.2365548272981592, 0.22842008644795936, 0.2217122864626024, 0.21753539501324945, 0.214356173477743, 0.20983232144752276, 0.20729976236496284, 0.20349011197686195, 0.20140608975096888, 0.2001787869502669, 0.19844680611530077, 0.19456605378376401, 0.19359518879133722, 0.19198016109673874, 0.1900435844031365, 0.188125797263954, 0.18677022777821706, 0.18613335061008515, 0.18423499709562116, 0.18376722470249818, 0.18252982093912104, 0.18119538251472556, 0.1781489618284547, 0.17951727860971636, 0.17857332811083482, 0.17646226829484754, 0.17569921578726042, 0.17352157231906187, 0.17327124479672182, 0.17338448787189048], "val_losses": [0.259750091187332, 0.2380315975650497, 0.22872363905543866, 0.22372665936532227, 0.22018938835548318, 0.2173862249954887, 0.21483204578575882, 0.20868829346221426, 0.20752135145923364, 0.19888760894536972, 0.20284038522969122, 0.20427110661631045, 0.20110321304072504, 0.1938040382836176, 0.19682810099228568, 0.19852677862281384, 0.18889638878729031, 0.18823161235322122, 0.19186552840730417, 0.1879695981093075, 0.19751398103392642, 0.18688880425432455, 0.1904820181105448, 0.18657499875711359, 0.1902346147791199, 0.1840642502774363, 0.18329359752976376, 0.1903050629341084, 0.18307663111583047, 0.18042609354724054, 0.18020568626082462, 0.186970387140046], "train_ious": [0.4345065009328066, 0.49216962416750815, 0.5143028717164112, 0.5290826391698658, 0.5411994418102332, 0.5477879486330174, 0.5540111586181581, 0.5617762191248112, 0.5671139703388667, 0.5731879217901092, 0.5774006994738097, 0.5800440969566505, 0.5819392366793704, 0.5893035743223585, 0.5910687790508719, 0.5935647170180858, 0.5977204833449664, 0.6006534066105236, 0.6036864520199058, 0.6051368927178179, 0.6079805750885736, 0.6088667094599511, 0.6101910452479898, 0.6130412562169892, 0.618217324109181, 0.6162859010307689, 0.617289190005133, 0.6216457648661688, 0.6225653798791808, 0.6264087088082155, 0.6267549367486569, 0.6271062952776744], "val_ious": [0.4810655658011852, 0.5041714493131292, 0.5185005379759746, 0.5333214780126794, 0.5455250781083452, 0.5505093644926513, 0.5576445445202399, 0.5618154475654381, 0.5713499030773189, 0.5787038520194482, 0.5799820932789127, 0.580672213996666, 0.5786297643098279, 0.5923783349386159, 0.5822858112877694, 0.5794785201981447, 0.6012410009684769, 0.598881314414135, 0.5925634632939878, 0.6034555024858833, 0.5919787816811298, 0.606976474540821, 0.6031442219796388, 0.6052955071563305, 0.5997919457546181, 0.606612618850625, 0.6094178272330243, 0.6006768121235614, 0.6138020462316015, 0.6187858983226445, 0.6178138925545457, 0.6049279136502225], "training_time": 854.2393977642059, "avg_gradient": 0.004034044877252156, "memory_usage": 1396.9375}