{"train_losses": [0.2810624503409085, 0.2515543092690084, 0.23870894248070923, 0.22855976256339447, 0.2236928561621386, 0.2181513039800136, 0.21292086731156576, 0.21094966485448505, 0.20779996486785618, 0.20446155989623588, 0.2025913660131071, 0.19961167402241542, 0.19825914542636144, 0.19495496518262054, 0.1938934197406406, 0.19196080392145592, 0.19080390570604283, 0.18967289445192917, 0.18742669689590516, 0.18564801719849525, 0.18510637893948867, 0.1836074643322955, 0.1828199896313574, 0.18149425429494484, 0.18050593186331831, 0.18179721045105354, 0.17909879917683807, 0.17810954890497352, 0.17745826935962491, 0.17697533147166605, 0.1755934542287951, 0.17384188492660937, 0.1734203211153331], "val_losses": [0.26422658368297247, 0.25022427608137543, 0.23454890562140424, 0.23037306672852972, 0.22243363766566568, 0.22911369703386142, 0.21594226716653162, 0.22582055045210797, 0.20534272006024484, 0.20871817644523538, 0.20277471807987793, 0.2108217740188474, 0.20207722647034604, 0.2026279944440593, 0.19817692430123038, 0.19461399867482806, 0.1960173890642498, 0.19558745719816373, 0.1929091480763062, 0.1921337428300277, 0.19581960336021756, 0.1909467947223912, 0.1880020774576975, 0.18784059940472894, 0.18654358192630435, 0.1906775203735932, 0.18787008621122525, 0.18411069428143295, 0.19077411585527917, 0.1911234178620836, 0.18604555920414304, 0.18553477720074033, 0.19132051714088605], "train_ious": [0.4371581317619017, 0.4863671681749215, 0.5106812555990792, 0.5286856881086378, 0.536060108114844, 0.5469054675296597, 0.5555598115737455, 0.5591215215947322, 0.5649852023284506, 0.5709360052386055, 0.5737004972778367, 0.5795949790356818, 0.5826352161449799, 0.5885524764333081, 0.5898384025347407, 0.5932963349572987, 0.5955987719522008, 0.5978403044459617, 0.6017987684927125, 0.6053967343076416, 0.6055135328484615, 0.6083341300271561, 0.6107649570465952, 0.6119210395584073, 0.6144899647089018, 0.6115867375679636, 0.6174155473709103, 0.6177184934849326, 0.6200566024020094, 0.6199554623900978, 0.6227377279513123, 0.6255892177206882, 0.6268415645412777], "val_ious": [0.4689374099607053, 0.4886744402456973, 0.5205192097287247, 0.5285704684430275, 0.5392855250317118, 0.5265625775724218, 0.5500055102334508, 0.5337807458379994, 0.5685795262671899, 0.567751138754513, 0.5654799495486248, 0.5656609574089879, 0.5769815660905148, 0.5790870032016782, 0.5858734468187111, 0.5865483407093133, 0.5878051819576734, 0.5886601088703542, 0.5896804516298185, 0.5933152262283408, 0.5914805913748946, 0.5962103594472442, 0.601192605452261, 0.604432696233625, 0.6044456777365311, 0.5976255669973898, 0.6043974798226701, 0.6096328807913738, 0.591953327042469, 0.5981835185185723, 0.6064164763775424, 0.6090545358433238, 0.5992643828841223], "training_time": 880.9804065227509, "avg_gradient": 0.002966869744703619, "memory_usage": 1396.9375}