{"train_losses": [0.2821679266736559, 0.2559699974144283, 0.2423130067308312, 0.2326015712612349, 0.22806199615740258, 0.22313594963887465, 0.21770414847718633, 0.2154838386113229, 0.21288182837483677, 0.21029484693122946, 0.2072784251978864, 0.2043202533994032, 0.20168312323158202, 0.20014888777033144, 0.1977990869756626, 0.19565748196581137, 0.19479148591990056, 0.19336130486234374, 0.19111162440284438, 0.19098677842513376, 0.1883677277390076, 0.18802381460757359, 0.18769887956264225, 0.18594523656951345, 0.1842957688090594, 0.18268057104686033, 0.18276619417187961, 0.18199862807017306, 0.1803444441731857, 0.17988530076716258, 0.17961917226405247, 0.1782493754087583, 0.1792634478567735, 0.17659976641121117, 0.17642326847366666, 0.17365363547983376, 0.17270448917280073], "val_losses": [0.26330914801877475, 0.32735204502292303, 0.24674167872770972, 0.23563144744738287, 0.2312763984436574, 0.22349955076756683, 0.21762999924628632, 0.22004868576060171, 0.2150243310176808, 0.20875898489485617, 0.20475425700778546, 0.2008275946845179, 0.20118865208781284, 0.2122741299478904, 0.19319146612416144, 0.19449125133130862, 0.19727167875870413, 0.19081881609947784, 0.19402681453072507, 0.19343870910613434, 0.19039178995982461, 0.18943319437296494, 0.19424000155666601, 0.19212006097254547, 0.18468770417182342, 0.1846787586160328, 0.18253005522748697, 0.18627040379721185, 0.1838886349097542, 0.18554408362378244, 0.18459943293229394, 0.18766392184340436, 0.18233111889465994, 0.18218986884407376, 0.18295245617628098, 0.18012279142504153, 0.19126410458398901], "train_ious": [0.4349590928725683, 0.4783643968403339, 0.5034261692477306, 0.5216876483535853, 0.5295831968440957, 0.5392203992637602, 0.5488440914592446, 0.5528144516536725, 0.5581956890182217, 0.5624609750196122, 0.5678494562381419, 0.5725197277531244, 0.5770900200350564, 0.580063204618468, 0.5844531253628109, 0.5883406494622647, 0.5892126319417054, 0.5925813114297558, 0.5963622218780759, 0.5964436152059102, 0.6014069069338882, 0.6013797363941221, 0.6016927202218683, 0.6048753426234789, 0.6078602941571801, 0.6109505760604921, 0.6110735449238098, 0.6126283493594846, 0.6157103860615821, 0.6160778938320233, 0.6164712016673193, 0.6186220096829144, 0.6168461131012958, 0.6223655677791955, 0.6218290768995662, 0.6271611595175406, 0.6286036822998871], "val_ious": [0.4689572540962178, 0.4666035435553909, 0.5144118597542029, 0.5265753909513569, 0.5281361330678497, 0.538085715710253, 0.5409250675120215, 0.5353873035182123, 0.5513532403586567, 0.5648273855879686, 0.5667730431625809, 0.574485137194827, 0.5766850014527638, 0.5601108938023664, 0.5904384527517401, 0.5884219138086706, 0.5819672909767732, 0.5959651187278223, 0.5916304318369299, 0.5880387783914373, 0.590384452023368, 0.5969467519418054, 0.5907664456661198, 0.5954731078683466, 0.6073378158220347, 0.6029609057350435, 0.610898909793384, 0.5992276195598686, 0.6095302975264147, 0.6045083049414813, 0.606901974997659, 0.6034222575633422, 0.6105285617320435, 0.6130418619815853, 0.6102467952431112, 0.616173343166061, 0.5997368794852409], "training_time": 990.6432678699493, "avg_gradient": 0.003761270604384803, "memory_usage": 1396.9375}