{"train_losses": [0.2784688646054786, 0.25256682154924975, 0.23843674977188525, 0.22939302942351156, 0.22354556296182715, 0.21959557789175407, 0.21522961516419184, 0.21142830157085604, 0.20795506457595722, 0.2052747292201156, 0.2023706488797198, 0.19931125908118227, 0.19782852592027705, 0.19739363237243632, 0.19489012982534326, 0.1929480639974708, 0.1898122920614222, 0.18771726225057375, 0.18903145947210168, 0.18818740822050883, 0.18484065916551196, 0.1832898424371429, 0.18282137017535127, 0.18054569836543954, 0.17905993127952452, 0.1789453628918399, 0.17840342952505403, 0.17638119941820268, 0.17595937070639237, 0.17633732732223428, 0.17377082371841307, 0.17294994377247666, 0.1720396879574527, 0.17103138096306636, 0.17202189337948096, 0.17019531867750312, 0.16878905398366245], "val_losses": [0.25516954031975375, 0.24344274110120276, 0.22697805062584256, 0.23123525990092236, 0.22408077153174774, 0.22174848907667657, 0.23159628393857376, 0.21286206044580624, 0.20429244313551032, 0.20101188155619995, 0.19770750176647436, 0.19760694970255313, 0.20646033598029095, 0.19547095376512277, 0.19363536264585413, 0.19482049054425696, 0.1876966454412626, 0.19096820639527362, 0.19224900234004724, 0.1929674822351207, 0.18465232395607492, 0.18628731467153714, 0.18790468282025793, 0.18481517291587332, 0.18483884503012118, 0.18229386048472446, 0.18834229299555655, 0.18145804949428723, 0.18229748988929, 0.182590677038483, 0.18340387778437656, 0.1819862373497175, 0.1780847570170527, 0.181292817644451, 0.17895107327596002, 0.1776891101313674, 0.1943022262143052], "train_ious": [0.4424462033017281, 0.48461949871178117, 0.5107300263978001, 0.5269299570093121, 0.5372757023281377, 0.544663654829281, 0.5513662650803297, 0.5584383629046484, 0.5651917964274035, 0.5698689432895698, 0.5760411919243096, 0.5810325018305706, 0.5831172734067064, 0.5847006963592943, 0.5896838669381712, 0.5919200200317564, 0.5982619338817355, 0.6007764546767522, 0.5987187229852744, 0.6017458469107531, 0.6066635688901811, 0.6097630637603395, 0.6099350784459842, 0.6139190205089423, 0.6164885158448119, 0.6176152413953906, 0.6179302821772686, 0.6214252819401631, 0.6222508791024268, 0.6213738337915016, 0.625821299796951, 0.6273373378359756, 0.6291486664094788, 0.6309271940178628, 0.6293821367772593, 0.6328109734948133, 0.6348273324901647], "val_ious": [0.48326964352441865, 0.5007544373688491, 0.5345726618948191, 0.5259908096513886, 0.5422102636185245, 0.5490998580403951, 0.528186255607052, 0.5620168885890989, 0.5704933184644451, 0.5748304085455077, 0.5813395342101223, 0.5811200515515563, 0.5640321389056634, 0.587734374879063, 0.5836482207844225, 0.581300982962484, 0.6006849835748258, 0.5956346463897954, 0.5897839138473289, 0.593407872794331, 0.6040053533903066, 0.6011584340662195, 0.5981545929891476, 0.600082925480345, 0.6060985404512156, 0.6105155288309292, 0.6030512957469277, 0.6107592476882797, 0.6042476950780206, 0.6123353912346606, 0.6113164366587346, 0.6100188696729962, 0.6180795804745909, 0.6142567603484445, 0.6165239158747853, 0.6217059207999187, 0.5807594672061395], "training_time": 989.6775102615356, "avg_gradient": 0.002706167304180045, "memory_usage": 1396.9375}