{
  "train_losses": [
    0.2845189291983843, 0.2522754701583282, 0.23895407346603664,
    0.2304754550366298, 0.22428105601473994, 0.21986565568848795,
    0.21682456160045188, 0.2136762055527905, 0.20969854028004667,
    0.20776749110740164, 0.20332420139533022, 0.2029120238578838,
    0.1990378201007843, 0.1974077145366565, 0.19824549288529417,
    0.19555094554696395, 0.1940197029515453, 0.19222422924054705,
    0.18968363130546134, 0.18935489306307357, 0.18809042725226152,
    0.18574402230265347, 0.18481995230135712, 0.1854701107772796,
    0.18275555336604948, 0.1814466410357019, 0.1807946911810533,
    0.17967699298068232, 0.17988373339176178, 0.17777943441077418,
    0.17669767254720564, 0.17607162560781706, 0.17491755877499995,
    0.17447043015905048, 0.1724474139349616, 0.17384570262030416,
    0.1721044221649999, 0.1706583027768394, 0.17147371302480283,
    0.16877269267064074, 0.16863540041705835
  ],
  "val_losses": [
    0.26328917430794757, 0.2414764214469039, 0.2327200226161791,
    0.23124480862980304, 0.24013111999501352, 0.24168646918690723,
    0.21676475327947867, 0.22221987953652506, 0.21068874422622763,
    0.20265944723201834, 0.20725090736928192, 0.20290788554626962,
    0.20227092925621115, 0.19642416776522345, 0.20235228700482327,
    0.19039544009644052, 0.19435794327570044, 0.19405383973017984,
    0.19348166040752246, 0.18716826192710712, 0.18829165204711582,
    0.18491221608027167, 0.1876546944613042, 0.18637140224809232,
    0.18825877166312674, 0.1851329706285311, 0.18823313810255216,
    0.18418685379235641, 0.18225342294444208, 0.18688689690569174,
    0.1825237390787705, 0.1830218836017277, 0.1847994395572206,
    0.17745122767013052, 0.18416079230930493, 0.18371845522652502,
    0.17906374516694443, 0.1772265625388726, 0.17823106925124707,
    0.17831972824490588, 0.200048073478367
  ],
  "train_ious": [
    0.4324449227036288, 0.4844098746560622, 0.5102749754931184,
    0.5257864697579889, 0.5362116163461536, 0.5444220782028162,
    0.5489554065077201, 0.5559316660291046, 0.5622924716900232,
    0.5653684730978978, 0.5735669517214746, 0.5740358230482411,
    0.5809628407376397, 0.5839176445227602, 0.5836177226425947,
    0.5869490850878798, 0.5906618018297182, 0.5941632801423902,
    0.5977632433068062, 0.5988060520502969, 0.6016464825665603,
    0.604458034956369, 0.6066367389715236, 0.6064098510297313,
    0.6106407252558766, 0.6130529821890852, 0.6136920464535554,
    0.615398331936719, 0.6151090945130678, 0.6188697624357715,
    0.6212840018712956, 0.6214423138054384, 0.6243055868299973,
    0.6247975574131461, 0.6285798907603903, 0.6262944719713669,
    0.6294128426175184, 0.6315274817356162, 0.6301231756806374,
    0.6345925943898982, 0.635333547341651
  ],
  "val_ious": [
    0.458729267552279, 0.5072878454474435, 0.5181559403089511,
    0.522731992105643, 0.5120767660546994, 0.5036044523551845,
    0.5409412150797636, 0.5459952306920204, 0.5633706703134205,
    0.5756391405627348, 0.5586959792004116, 0.5733706622883894,
    0.5755940204945162, 0.5876964490482773, 0.5759255294350611,
    0.5970188489426738, 0.5898886640434681, 0.5929525295893354,
    0.5824079938988754, 0.6023813663185507, 0.6013622469660167,
    0.6036524543727654, 0.6055007453845892, 0.6055887255115785,
    0.5980863139249276, 0.608193884725156, 0.6046925720529278,
    0.6096547749163446, 0.6139636622822803, 0.6095981876487319,
    0.6130767216285072, 0.6096785537142686, 0.6071835577056028,
    0.6196679190017176, 0.6139650131049362, 0.6151879809904789,
    0.6158329768889191, 0.623602022079454, 0.617915657767351, 0.617822740604912,
    0.5777067734279495
  ],
  "training_time": 1094.463624715805,
  "avg_gradient": 0.0030222877004192476,
  "memory_usage": 1396.9375
}
