{
  "train_losses": [
    0.2581406296433314, 0.21419164254937484, 0.19146902114152908,
    0.17507436021190623, 0.16412323454151984, 0.1559249867644647,
    0.1484669915036015, 0.1434831036173779, 0.13707581255584955,
    0.1334496510984457, 0.1284588472917676, 0.12551530563960905,
    0.12176141908149356, 0.1170279019633713, 0.11350149296871993,
    0.112821568046575, 0.10649705779455278, 0.10447797944526309,
    0.10172627825775872, 0.09916869243202002, 0.09623880291600591,
    0.09237705567932647, 0.09222435327651708, 0.08675677491270978,
    0.08791692324144684, 0.08250202756860982, 0.07841863952901053,
    0.07885042476751235, 0.0784882242264955
  ],
  "val_losses": [
    0.23105555610812228, 0.24539426098699155, 0.19252590252005536,
    0.20160030929938608, 0.16281811795804813, 0.14930091020853622,
    0.159180815777053, 0.14691586905847426, 0.14653580263257027,
    0.1429319224603798, 0.14585972026638364, 0.14483482746974283,
    0.13336665474850198, 0.14582330555371617, 0.1356786138013653,
    0.13078108883422354, 0.13030168349328247, 0.13467396747158922,
    0.1283664954421313, 0.15400671408228253, 0.1333315301200618,
    0.14514195902839952, 0.1283477369857871, 0.12802916878591414,
    0.1279506663913312, 0.1296940816809302, 0.12988441356498262,
    0.13261413379855777, 0.13980842640866403
  ],
  "train_ious": [
    0.4813000464177542, 0.5593613083811776, 0.6008998558897041,
    0.6306284433365732, 0.649687932237335, 0.664886606884175,
    0.6791842322310677, 0.6878078663586709, 0.7001125181390752,
    0.7078408394278825, 0.716718273534291, 0.7218662282802921,
    0.7295589450260869, 0.7372771732617113, 0.7437633714382198,
    0.7456885786808058, 0.756623120681531, 0.7593070671934142,
    0.7647325415974077, 0.7695737129644209, 0.7757844477352025,
    0.7829598680786463, 0.7828642054312472, 0.7933734302287512,
    0.7913983704495252, 0.8016919763623804, 0.8098936868102653,
    0.8088795232816012, 0.8098191269066024
  ],
  "val_ious": [
    0.5347217544913291, 0.546673781737901, 0.6129338279150535,
    0.6049774911092676, 0.6559264152378278, 0.6777176474747449,
    0.6666659259277844, 0.6836174370154091, 0.6897093081387922,
    0.6894415483094646, 0.6965076441782109, 0.6892244960518852,
    0.7101237311743308, 0.6986901941506759, 0.7082037677367529,
    0.7176912202351333, 0.7204955850822338, 0.715190803443176,
    0.7291723243568254, 0.7035055855909983, 0.7204567012579546,
    0.7048957000176113, 0.72704816620419, 0.729160151619842, 0.7279224134441735,
    0.7350035167258717, 0.7355712876803631, 0.7296473243530247,
    0.7153205675059471
  ],
  "training_time": 528.0773224830627,
  "avg_gradient": 0.00616074874430144,
  "memory_usage": 856.21484375
}
