{"train_losses": [0.2800352357165969, 0.2516722984450019, 0.240142318541589, 0.23016527789118496, 0.22210682985251365, 0.21842266505827074, 0.21636899487803812, 0.2119964796077946, 0.21041825891512891, 0.20572708514721497, 0.204465265021376, 0.20173883689162525, 0.1991845633348693, 0.1971287941965072, 0.19528155587613583, 0.19451710047281306, 0.1927812703601692, 0.19077855405276237, 0.18914811531810657, 0.18859993204798386, 0.18775183059599088, 0.1857930094651554, 0.18405220066399677, 0.18490114589424236, 0.18293105495040832, 0.18095852102598417, 0.180350035024078, 0.17913528774743495, 0.17718942309527294, 0.17787290162042432, 0.17560234228553978, 0.17660795387042605, 0.17609371504058008, 0.17395780267922775, 0.1721583748155314, 0.17224896132298137, 0.17280967339225436, 0.17068422043129153, 0.17042970795022405, 0.16971976471983868], "val_losses": [0.2673390391080276, 0.24470467541528784, 0.2269012804912484, 0.22894368385491165, 0.23188092624363693, 0.21655895269435385, 0.23777835751357285, 0.212696366659973, 0.2071743779208349, 0.20865671563407648, 0.20579468977192175, 0.2017563425976297, 0.19892241093127624, 0.19927060312551, 0.19394190674242767, 0.19343849465898846, 0.19518583915803744, 0.19323898949052976, 0.1873234283664952, 0.18874084334010663, 0.18945534559695618, 0.18405396847621255, 0.18586698627990225, 0.1880388217775718, 0.18598225032505783, 0.18371828062378842, 0.18364257851372595, 0.18106984897800113, 0.17926207184791565, 0.18032049452481064, 0.18151293079490247, 0.1787288490196933, 0.1780372326788695, 0.17737628066021463, 0.1807011683350024, 0.18095034911580707, 0.1761968806385994, 0.1786787011053251, 0.17828063958364984, 0.18292299593272415], "train_ious": [0.4373202495516508, 0.4858698021026626, 0.5087579260377778, 0.5254579133529597, 0.5398500289066114, 0.5458224437644951, 0.5498390256062794, 0.558430043521567, 0.5612009666536162, 0.5683846011541893, 0.571227575179891, 0.5759781251890935, 0.5811347292223268, 0.5847560850282507, 0.587786997465984, 0.5897396109674287, 0.5934769894009916, 0.5962585922924507, 0.599178659635178, 0.5996272950500678, 0.60197362654667, 0.6055819335515082, 0.6080809080622336, 0.6069660500987716, 0.6102291653337687, 0.6141880561692126, 0.6150285070357111, 0.6171214317066085, 0.6202977974561676, 0.6184385555485885, 0.6231926874514077, 0.6217513634026913, 0.6227383880295618, 0.6262758738644747, 0.6294838194397915, 0.6285377651776956, 0.628514460787393, 0.631704843184654, 0.6327601628566996, 0.633474499905023], "val_ious": [0.4702688169436179, 0.5023448495329291, 0.531092208472715, 0.5315345022557437, 0.5085160141621812, 0.5334428021873252, 0.4956311217468718, 0.5631061458717221, 0.5655700546027956, 0.5554009603633396, 0.5673438839722372, 0.575433486505695, 0.5814181270374769, 0.5810028817774592, 0.5878661337538039, 0.5905490943055223, 0.5811584304640258, 0.5944889509591504, 0.5987695634796999, 0.5996666138154871, 0.5950637362573457, 0.6055798843718957, 0.6049342285031858, 0.6078494981579158, 0.6068172277747721, 0.6054580390885258, 0.6088774923397149, 0.612252330650454, 0.616035923793696, 0.6150934357142104, 0.6131145792162938, 0.6195107713557672, 0.6175752578006276, 0.6171950758367344, 0.6151983452879864, 0.6116546301738076, 0.6233196316853814, 0.615657041254251, 0.62197813866795, 0.6073637429786763], "training_time": 1072.6739749908447, "avg_gradient": 0.0026255411820264194, "memory_usage": 1396.9375}