{"train_losses": [0.27674171733467473, 0.2504941949053951, 0.23584800529415192, 0.22756245392172234, 0.22179497203425222, 0.21585697834582432, 0.21259743153401042, 0.2101493667325248, 0.20566151777039404, 0.20431758147542892, 0.20076604713888271, 0.19963853239365245, 0.19589051515187905, 0.19374404758538888, 0.19369792492817278, 0.19034224327491678, 0.18964966848168685, 0.18733666027369705, 0.18757194442593533, 0.18463163515147957, 0.1847600127853777, 0.1832393863764794, 0.1813805698538604, 0.18077255080899465, 0.1792209974449614, 0.1779025516918172, 0.17762658647868945, 0.17536994636706685, 0.1771626497578362], "val_losses": [0.25707078433555103, 0.23831613005503363, 0.23655909073093664, 0.2258771175275678, 0.2196565199157466, 0.22486481815576553, 0.21429029657788898, 0.21017445105573404, 0.2106902000048886, 0.20483224612215292, 0.20234310108682382, 0.1997783323344977, 0.19856902211904526, 0.1959332532208899, 0.19431293852951215, 0.19579608900391537, 0.1933424670411193, 0.1902957215257313, 0.18462851675956146, 0.18636834653823273, 0.18722658766352612, 0.18272455522547598, 0.18462539172690848, 0.18307569979325586, 0.18691790816576584, 0.18935186998999637, 0.18833042972761652, 0.1843044284893119, 0.18664526129546372], "train_ious": [0.445068853887041, 0.488048437712849, 0.5149803213991117, 0.5302506886908541, 0.5408582543225393, 0.5501937094967867, 0.5561343728416205, 0.5612966079210888, 0.5693964190997074, 0.5717692732055119, 0.5780155877380269, 0.5804589966824951, 0.586329825816379, 0.5902930043529776, 0.5905769710307531, 0.5959594505636587, 0.5969455702149348, 0.6015104291069766, 0.6008522458158543, 0.6070446173350011, 0.6064868162291635, 0.6097236734585484, 0.6122278644014962, 0.6137137016200499, 0.6162813728594262, 0.618521023703658, 0.6191008603335291, 0.62314474798631, 0.6207211061880206], "val_ious": [0.47386994579995906, 0.5136889422285382, 0.5215627922528031, 0.5362434078385863, 0.544601041337718, 0.5337221475615018, 0.54646143241637, 0.5651283937951793, 0.5630442129744998, 0.568586765208106, 0.5734182218278664, 0.5809042052082393, 0.5877631982599479, 0.5856594756461573, 0.5878619737383248, 0.5880491426889448, 0.5917888877616413, 0.5961686977441759, 0.6084245248981144, 0.6052468464426373, 0.606231053886206, 0.6098054409890936, 0.6076208733130192, 0.6094785743001578, 0.6077226389577424, 0.6060741781324581, 0.6042972250261167, 0.6083069463138994, 0.606017659107844], "training_time": 775.760511636734, "avg_gradient": 0.002942000388500049, "memory_usage": 1396.9375}