{"train_losses": [0.27861854498801025, 0.25062578503528365, 0.2398351088328206, 0.22895728748129762, 0.22258656374786212, 0.2168333840596935, 0.21350455826715284, 0.21088528001438017, 0.20794698045305585, 0.20499112764778343, 0.20375645808551623, 0.20188260199907032, 0.19765770929339138, 0.1975262729532045, 0.1937664441926324, 0.19327984604498613, 0.19198687155933483, 0.19049502212716185, 0.18844763853627702, 0.1873172809896262, 0.18589298872520094, 0.18530434653486894, 0.18453106413716855, 0.18153841753044855, 0.1826722872969897, 0.1828611348958119, 0.17961884370964507, 0.1792378178595201, 0.177940477333639, 0.17779455933233965, 0.17473087921414687, 0.17437943216899168, 0.17470783060011658, 0.1725675196427366, 0.17231606052297613], "val_losses": [0.25982297114703967, 0.24704542982837427, 0.2435323168402133, 0.23642791159774945, 0.21589952772078308, 0.21537750441095102, 0.2189031016567479, 0.204999633781288, 0.20956015489671542, 0.19906836586154025, 0.22313564270734787, 0.19691724492155988, 0.19607723018397455, 0.19372787553331125, 0.19504261114027188, 0.194195705263511, 0.18797586987847867, 0.20048920129952225, 0.18704945756041486, 0.18475204997736475, 0.19034234434366226, 0.190421466594157, 0.1822753678197446, 0.18478786070709644, 0.18327672099289688, 0.1882598931374757, 0.18072829946227695, 0.18074466514846552, 0.1815941337010135, 0.17764212385467862, 0.1765053550834241, 0.17915833125943723, 0.1790087705721026, 0.1806516527481701, 0.18328905915436539], "train_ious": [0.43900737393096917, 0.4898921947224416, 0.5090785856102257, 0.5283705973322839, 0.5386795783550409, 0.5492546756252427, 0.5550833142807953, 0.5606158031285674, 0.5657975712008234, 0.5708666214908381, 0.5734465453719748, 0.5769803026772059, 0.5843486218456774, 0.5849324254777986, 0.5911791461209454, 0.5925195032487742, 0.5947375600428684, 0.5975637941796709, 0.600827866220388, 0.6028782779863782, 0.606111017798168, 0.6062720336451912, 0.6081443506198514, 0.6130268419890299, 0.6114127490183581, 0.6109302197785478, 0.6169440374318245, 0.617083465059598, 0.619225155076255, 0.6196360385612302, 0.6250732617749682, 0.6255676317690074, 0.6256885075590752, 0.6287039345589236, 0.629242728315834], "val_ious": [0.46393411833307024, 0.5070198240919389, 0.5046104111749191, 0.5206267080013302, 0.5441953233186749, 0.5546353949584822, 0.5437290230091067, 0.5677023890657703, 0.5653005384880562, 0.5818487643331721, 0.5542638027581616, 0.5864416697750919, 0.5892986862555795, 0.5891535279975421, 0.5883328625257463, 0.5923154056072234, 0.5998039271520531, 0.5790411616149155, 0.6033050117717272, 0.6056843145170072, 0.6044476839943209, 0.595247093534124, 0.6091132213672001, 0.608051933888076, 0.610452965117883, 0.5983531116575433, 0.6120865880579187, 0.6130317775667575, 0.6141512866901313, 0.6209631084963896, 0.6206918008949445, 0.6176331615534381, 0.6192603616610817, 0.6135197342305944, 0.6097611521465192], "training_time": 936.3076584339142, "avg_gradient": 0.005133910053903397, "memory_usage": 1396.9375}