{"train_losses": [0.28689930984831374, 0.2535130560560071, 0.23889309459406396, 0.22943188509215479, 0.22181328701908173, 0.21964100562036037, 0.21311238408088684, 0.21062302443644274, 0.20712642468835996, 0.2041661845439154, 0.20077582100487273, 0.20039955040682916, 0.19693139754235744, 0.19652155576192815, 0.19295157978068228, 0.1908126985249312, 0.19046291717044686, 0.18885038420557976, 0.18639315081679303, 0.186251453164479, 0.18403928791699203, 0.18246618488236613, 0.1822161654253369, 0.1804087080223405, 0.18037778778892496, 0.17746572666194127, 0.17815062104035978, 0.1770003493875265, 0.1746297006535789, 0.17405964547525282], "val_losses": [0.279278464615345, 0.2501030071921971, 0.25939916171457456, 0.2382028245407602, 0.22442612084357635, 0.23147581355727237, 0.2237199133504992, 0.21358405960642773, 0.21662073614804642, 0.20741044697554215, 0.2108297056478003, 0.20293142873307932, 0.20393968017204947, 0.210572995569395, 0.19631232159293216, 0.19461423061464145, 0.1954723447561264, 0.19602288888848346, 0.1915594766969266, 0.19256181561428568, 0.1923138891225276, 0.18831391956495203, 0.19257305076588754, 0.190654449812744, 0.1900338663355164, 0.18972226070321124, 0.1896649019225784, 0.19269958786342456, 0.18757217085879782, 0.19562423553155817], "train_ious": [0.42555710368282423, 0.484687310252069, 0.5112442577500704, 0.5279095548380545, 0.5403182974112208, 0.5441403238885644, 0.5556296278871058, 0.5603669791117957, 0.5656345014770826, 0.5709434358430084, 0.5773895176640457, 0.5779689639482806, 0.5843251534346221, 0.5855642347124174, 0.5919797742820306, 0.5951067125019819, 0.5963971020410891, 0.5995596208866092, 0.6033709575084675, 0.6039933571457, 0.6074562178573748, 0.6104711669402709, 0.6116517943640553, 0.6140474093457065, 0.6141575206665025, 0.6192034806894217, 0.6188945756766242, 0.6201894535966542, 0.6243346696314603, 0.6260355335754764], "val_ious": [0.43774448788684345, 0.4958559903113737, 0.4648336293040841, 0.5218458435889604, 0.5355169445924137, 0.5193899211244308, 0.5297953082599502, 0.5520419187951779, 0.5537603350653166, 0.564830167569976, 0.5618283109388491, 0.5752900523551996, 0.5766790653916373, 0.5682901124591415, 0.5879050525634185, 0.5894133617048678, 0.5880831318057101, 0.589254333705142, 0.5943658863720688, 0.5936497017957161, 0.5961754795001901, 0.601930335595988, 0.5972740956838581, 0.6003777922495553, 0.601544795476872, 0.5973268684701643, 0.6000333512606827, 0.5915903738443401, 0.6065297152685083, 0.5898571990538334], "training_time": 805.3051609992981, "avg_gradient": 0.0044554519245508595, "memory_usage": 1396.9375}