{"train_losses": [0.27979503418116464, 0.24669389183754506, 0.2348599281647931, 0.22813047201413175, 0.22222793814928635, 0.21711659763494265, 0.21325108336041804, 0.21130350580357987, 0.20548711174532122, 0.2037302376297505, 0.20113582658055035, 0.20062056588737862, 0.19660402542870978, 0.19665650926206424, 0.19312517668889917, 0.1911903535542281, 0.18937534490681213, 0.18710600187921006, 0.18744458695468696, 0.18581367421733297, 0.18505381258285564, 0.1823619217004465, 0.17997092267741327, 0.18018207026888494, 0.17951169909666415, 0.17819917363964993, 0.1779846662412519, 0.1762780713160401, 0.17485340239237185], "val_losses": [0.2751843138881352, 0.2440964615215426, 0.23820362693589667, 0.23700939118862152, 0.22507762163877487, 0.2213314123775648, 0.21160391426604727, 0.2105028713526933, 0.20893781567397324, 0.21033655495747275, 0.2054979665123898, 0.20147724611603696, 0.20055276511803918, 0.2022333507952483, 0.2024720113562501, 0.20299021964487823, 0.19641084062016528, 0.1960344201196795, 0.19386586708867032, 0.19593042459176935, 0.20116688991370407, 0.19195641285699347, 0.18949243944624197, 0.20020399922909943, 0.19902795456025912, 0.19085250665312228, 0.18618445357550745, 0.19242754222258276, 0.19520456311495407], "train_ious": [0.4399989737578213, 0.4954857118157805, 0.5166722742867641, 0.5289144694697165, 0.5397044086045977, 0.5486147960620946, 0.5557064218311637, 0.5594209480112876, 0.5690513739389353, 0.5714398955899301, 0.5774060172717207, 0.5783210612725521, 0.5853067008859438, 0.5857740718385448, 0.5912538217785567, 0.5955365260766033, 0.5977579084211501, 0.6023279960820643, 0.6024179169233294, 0.6047577962711235, 0.6062261822323005, 0.6109195763002271, 0.6150331350880256, 0.6148380475739638, 0.6155586082866226, 0.6188612300092763, 0.6187053029088007, 0.6221408009313152, 0.6248295567929745], "val_ious": [0.4455724651182908, 0.49106616246095613, 0.5147170651218166, 0.5120802977378819, 0.5258703611899113, 0.5398311688416247, 0.5611349743777427, 0.5626377767842748, 0.5633393191341042, 0.5625456431205723, 0.5733902707048085, 0.5775641846484032, 0.5807169826998226, 0.5784847140312195, 0.5838439382504726, 0.5780983446300894, 0.5817655011795572, 0.588181136526923, 0.5951855526022288, 0.5888429802397024, 0.5838806609744611, 0.5949922651052476, 0.6000677463801011, 0.5857765860315681, 0.5864734919606776, 0.5953201619179354, 0.6052443799765213, 0.5955732151650001, 0.5893375171699388], "training_time": 778.0715506076813, "avg_gradient": 0.0041257651416432145, "memory_usage": 1396.9375}