{"train_losses": [0.2804247719114241, 0.25207385356011597, 0.2372446069088967, 0.22798301473907803, 0.22387854471478774, 0.21912886388599873, 0.21494559255307136, 0.21131702099481356, 0.2070564166035341, 0.20667116068627522, 0.20428568084278834, 0.20065757032969725, 0.2000579639621403, 0.19770726083737353, 0.1949990910842367, 0.193740366431682, 0.19077081144179986, 0.1900041014280008, 0.19036941068327945, 0.18956103005810923, 0.1865948027242785, 0.18577775059510832, 0.1834437277815912, 0.18200655556891276, 0.18206307591627474, 0.18050585452305234, 0.17885400387256042, 0.17833603400251138, 0.17882719271532868, 0.17718833774004294, 0.17531293460532374, 0.17559789947193602, 0.1731320668173873, 0.17271375202614328, 0.17368020084889038, 0.1720669161852287, 0.17030702166907166], "val_losses": [0.2572547226496365, 0.24372121562128482, 0.23949972216201865, 0.2228278038294419, 0.21941311333490454, 0.21550395048182944, 0.21063493904860123, 0.21205920499304068, 0.21318175935226938, 0.2030462088144344, 0.20867553515278775, 0.20302448227353717, 0.1966534078769062, 0.19411531965369763, 0.19590400159358978, 0.1978211538947147, 0.18981248237516568, 0.20372018671554068, 0.1956223835763724, 0.1907003755154817, 0.18845406271841214, 0.18869689268910367, 0.18872379900320715, 0.18689011393681818, 0.18564453688652618, 0.19615568576947504, 0.18348658538382986, 0.1908615970093271, 0.1817453445299812, 0.18464632170355838, 0.18397389805835226, 0.18096263123595197, 0.1846255138516426, 0.18561441256948139, 0.18474960197573123, 0.18099889839472977, 0.18337606023187222], "train_ious": [0.43700043275666905, 0.48638543284133734, 0.5136605554354795, 0.5293335969951274, 0.5367576808169271, 0.5452562854287851, 0.55222572348472, 0.5588503684038701, 0.5661360323969007, 0.5665201422205005, 0.5713544438822549, 0.5776117875416205, 0.5778871334117389, 0.5831957555011562, 0.5880479162046011, 0.5905392283330793, 0.5953148567266221, 0.5962718189626501, 0.5965683491009736, 0.5980904019721176, 0.6029536947068096, 0.6046913438409135, 0.608767613120701, 0.610877406283997, 0.6111358912202757, 0.6141761774062242, 0.617119953090298, 0.6171707330622533, 0.6176047186920605, 0.6192452633294507, 0.6235267647906491, 0.6232214970649149, 0.6273534242333708, 0.6279363745580548, 0.6272426604468752, 0.6292928758522739, 0.6325366339929723], "val_ious": [0.4767694358808408, 0.4990272896661276, 0.4918425934038299, 0.5411904316017593, 0.5426840200156406, 0.5450151180443558, 0.5620654013709746, 0.5572525627803112, 0.559106551218724, 0.575954895304597, 0.5667797491170357, 0.5703135986906895, 0.5862533856129301, 0.5887593704721201, 0.5874592784954156, 0.5754344588604525, 0.5980768270682599, 0.5703606067792227, 0.5859954724277275, 0.6008906677581262, 0.5970616075007813, 0.5938684357249219, 0.5948886225620905, 0.6032698368248732, 0.6014412360778753, 0.5759084768917248, 0.6098546089901441, 0.6015841669362524, 0.6127751972796261, 0.6099570676468419, 0.613697644809018, 0.616547532055689, 0.6100422100744385, 0.6131847630376402, 0.6082668032335199, 0.617771690738374, 0.6097667441851851], "training_time": 992.7284536361694, "avg_gradient": 0.0023186467812734268, "memory_usage": 1396.9375}