{"train_losses": [0.2869424455515716, 0.2608703634823146, 0.24821741943774017, 0.2403539563326732, 0.23353579616093117, 0.2305348220726718, 0.22461039119440576, 0.22252163817377194, 0.21953789760237155, 0.21580929422508116, 0.21259487460812795, 0.21301505512193494, 0.20953598999134873, 0.2085635615107806, 0.20591932211233221, 0.2039270769480778, 0.20258159182317878, 0.2002414560512356, 0.1987269115836724, 0.19860419825367306, 0.19556286866250244, 0.19320065779206547, 0.194278283773557, 0.19172482289697812, 0.19003243493321148, 0.1897816986007535, 0.18724343723253065, 0.186347385139569, 0.18788212165236473, 0.18619490147608778, 0.18387290260390096, 0.1827727600770152, 0.18226821137511212, 0.18138303146090196, 0.1801396339483883, 0.1786171141202035], "val_losses": [0.26559755432864895, 0.2804793164781902, 0.26727041310590244, 0.2533319333325262, 0.2394300320226213, 0.2250336952831434, 0.22789881669956705, 0.2224050760269165, 0.2185625411246134, 0.217755231520404, 0.2204898336659307, 0.2170381098985672, 0.23102535113044406, 0.22092523004697717, 0.2067282300280488, 0.2053071172988933, 0.2232544648906459, 0.20522052891876386, 0.20364768705938174, 0.19605968568636023, 0.19862395848916925, 0.19503142619910446, 0.19769546875487204, 0.19103478510742603, 0.19523367998392685, 0.19062904624835306, 0.19488868765209033, 0.1890197720216668, 0.1913749750541604, 0.18833430305771207, 0.18456867142863895, 0.1875720341568408, 0.18868563874908115, 0.1908565698110539, 0.18782976949992386, 0.19485746907151263], "train_ious": [0.42313285386468236, 0.46889977375774267, 0.49270361748294567, 0.5071196052097323, 0.5196226472170027, 0.524487423238115, 0.5357569325175404, 0.5396778974952041, 0.5453336130881655, 0.5512424217186115, 0.5583424350327774, 0.5572360249749128, 0.5635220638975715, 0.5654610874590238, 0.5700188778556773, 0.5730809705952804, 0.5760629373076169, 0.5796025265818058, 0.5826122437914216, 0.5828754553652329, 0.5885909381120102, 0.5921233642468418, 0.5908841039931427, 0.5948950463662978, 0.5983808222564236, 0.5981175578266813, 0.6027438204357588, 0.6045378722466421, 0.6016712301019305, 0.6045064608148044, 0.6085880236241268, 0.6108690249207227, 0.6130474256216618, 0.6139402503444664, 0.6158863730404686, 0.6180347760302435], "val_ious": [0.4657123830655347, 0.4375127036718354, 0.47802528749773465, 0.47778648829114606, 0.5141690897120946, 0.5321777510470239, 0.5322260483019594, 0.5391533437414446, 0.5522733825272408, 0.5510716956594716, 0.5368232053259145, 0.5497321438962135, 0.5203852023983346, 0.5455971677666125, 0.5725427416787631, 0.5715318151574204, 0.5366185355013694, 0.5684792827004971, 0.5772634770559226, 0.585315561596898, 0.5771339073561239, 0.5899082143669544, 0.5869629817164462, 0.5988475738660151, 0.5881673626709675, 0.5970348206119259, 0.5924680440322213, 0.5988906123068023, 0.6000061145295267, 0.6021627941425296, 0.6062639938748399, 0.6030139147803403, 0.5990986558406248, 0.5993200650681619, 0.6058569965155229, 0.5908621484818666], "training_time": 962.6988332271576, "avg_gradient": 0.0032179459160966493, "memory_usage": 1396.9375}