{"train_losses": [0.27796161304349487, 0.2523005028133807, 0.23850613403255524, 0.23160013629366522, 0.22347094183382782, 0.21859281218570212, 0.21532832644879818, 0.21266470250228178, 0.20936750369551388, 0.20755176877845888, 0.20315670724148335, 0.20111684525466483, 0.19915585738161337, 0.19812705408295858, 0.19703388141225214, 0.19298911612966788, 0.19178241215970204, 0.190415616835589, 0.18893280309503493, 0.1884009528743184, 0.18661831457005895], "val_losses": [0.2637777532572332, 0.24245975328528363, 0.2281575488007587, 0.2404752856363421, 0.21669643177934314, 0.21287521039662155, 0.2110342668450397, 0.21479734746010407, 0.21216842370188754, 0.21317622454270072, 0.19820392682500507, 0.21046907811061197, 0.20264490045931027, 0.1970349362362986, 0.19722676439129788, 0.1963309597062028, 0.20085828265418176, 0.19075755191885907, 0.19410061609485876, 0.18728268891572952, 0.19893541219441788], "train_ious": [0.4398295810155949, 0.4845828906349511, 0.5107957555278054, 0.5244802924655917, 0.5369396767970442, 0.5465183192729087, 0.5526526892098829, 0.5568491473955953, 0.5629940186289776, 0.5665465097172538, 0.5744262971523879, 0.5775367128460303, 0.5817304472236525, 0.5839629081496293, 0.5858326452257837, 0.5923835121203158, 0.5955451458044676, 0.5971316819389662, 0.5992531384462892, 0.6013043825177179, 0.6038306758239649], "val_ious": [0.46094273700230365, 0.5037837944168975, 0.5296661548208499, 0.5051300840965215, 0.5472766394200531, 0.5518922220537629, 0.5606428941954736, 0.5577316778725473, 0.5500173538491346, 0.5577004070299261, 0.5807681848173557, 0.5605696221624595, 0.5764602049105408, 0.5841881781816484, 0.5855349291493929, 0.5835473189751307, 0.5768956356290458, 0.5943329794251399, 0.5928355513707453, 0.6025783948708272, 0.5736153294210848], "training_time": 563.2104294300079, "avg_gradient": 0.006881683685075182, "memory_usage": 1396.9375}