{
  "train_losses": [
    0.2783903703903374, 0.24991040563453798, 0.2368244957988677,
    0.22596711794967236, 0.22254421310904232, 0.21562466600342936,
    0.21283436793348062, 0.20787257369121778, 0.2058385562799547,
    0.20238723913612572, 0.20075104677158853, 0.19756911573526653,
    0.19664582027041394, 0.1953158092725536, 0.19283005230776643,
    0.1907702460885048, 0.18829497557295405, 0.1883899499054836
  ],
  "val_losses": [
    0.2637303121711897, 0.24610624429972275, 0.26978366854398145,
    0.2272744956223861, 0.2228734007348185, 0.2286793958881627,
    0.20978646628234698, 0.202750900193401, 0.20779401549826498,
    0.20196035309978153, 0.1966863517527995, 0.19701944226803986,
    0.2030463040522907, 0.19364018705875977, 0.19953791149284528,
    0.19210865607728128, 0.19069595602543457, 0.20029181501139764
  ],
  "train_ious": [
    0.4426678375044056, 0.4880824317426789, 0.5128731499763503,
    0.5323617587378923, 0.5376495241147019, 0.5495904400350821,
    0.5553271819068042, 0.5634853525114231, 0.567473013655863,
    0.5733126941798391, 0.5765079197784261, 0.5829322297072064,
    0.585212157688279, 0.5864273671978626, 0.5910781474001162,
    0.5953271180607271, 0.5990130374397056, 0.599614635109901
  ],
  "val_ious": [
    0.47458485762278235, 0.5060383998181509, 0.5003498832600703,
    0.5261997569730316, 0.5395822004563565, 0.5320034451458766,
    0.5587796674690384, 0.5771222686853961, 0.571811189470084,
    0.5775715110526567, 0.5858305459437163, 0.5863247487855994,
    0.5835144178590914, 0.5882316860167875, 0.574254414309626,
    0.5965485838444338, 0.6013655435779821, 0.5765276544767877
  ],
  "training_time": 480.43291425704956,
  "avg_gradient": 0.007480254922240798,
  "memory_usage": 1396.9375
}
