{"train_losses": [0.27966095256092754, 0.25109801894944644, 0.23633286065381506, 0.22886921878418195, 0.2223206178649612, 0.21748488793230575, 0.21497794054448605, 0.21149394086197668, 0.20901704336638036, 0.20647649410302224, 0.20337119317896987, 0.20262275668589966, 0.19898882605459378, 0.19733009236338345, 0.1938909808902637, 0.1932681405349918, 0.19145135759659435, 0.1912859282253877, 0.18904359428131062, 0.1892646991688272, 0.18516793191109016, 0.18499750174258067, 0.18391716447861298, 0.18245597758694834, 0.18231835750781972], "val_losses": [0.26290219536294107, 0.24443190706812817, 0.23009933466496674, 0.23053358398053958, 0.22770639217418173, 0.2215936877157377, 0.2185503918191661, 0.2103019091098205, 0.2097216277666714, 0.20817401098168414, 0.21640684423239334, 0.20275702942972598, 0.19998735545769983, 0.21496509857799695, 0.19552212435266245, 0.1925672451439111, 0.20096787713144137, 0.2075568288564682, 0.20137249062890591, 0.19068478339392206, 0.19906373192434726, 0.19029790098252503, 0.18583247842996017, 0.19142613916293436, 0.19588753613440887], "train_ious": [0.43759146609817673, 0.487659184343141, 0.5152927598227628, 0.5284532440043448, 0.5400174964165341, 0.5490277469212161, 0.5531860092735809, 0.55868404339729, 0.5632372673438943, 0.5680096501457514, 0.5736808748240916, 0.5755991435785222, 0.5811802686826476, 0.5845868703571782, 0.5907277404938056, 0.5912064068235349, 0.5954194312942199, 0.5961309820413588, 0.5997102569410765, 0.598923582583666, 0.6063171443731886, 0.606982757701822, 0.608039159273756, 0.6113913841005684, 0.612030245039774], "val_ious": [0.4750412509277247, 0.502422961635866, 0.5269546459118527, 0.5260462337645931, 0.5345423372759335, 0.534962319161581, 0.5437303539635477, 0.5565646124490793, 0.5586537820273552, 0.5672847267942152, 0.5604576148848603, 0.5744236426940863, 0.5794355918963752, 0.5582695065633108, 0.5904922757459723, 0.5918434249318166, 0.5754821078068969, 0.5717582948829818, 0.5751122028931326, 0.5951458062382712, 0.5838454050430352, 0.5958259846421256, 0.6000341796788617, 0.5942089313614194, 0.586656891565392], "training_time": 668.9766881465912, "avg_gradient": 0.004454637700211385, "memory_usage": 1396.9375}