{"train_losses": [0.28157269047654193, 0.2548791545078806, 0.23806396572162275, 0.23108748800080756, 0.2262018727057654, 0.21934397656308569, 0.2165049558262462, 0.21288923530474954, 0.21036946101357107, 0.20825753660629626, 0.2064954172010007, 0.20348592353579792, 0.2020493259086557, 0.19845066438226597, 0.1974550937504872, 0.19488284169979717, 0.19416628850866918, 0.19434177478694398, 0.19019874736018802, 0.1900095320104257, 0.1884010854460623, 0.18704641335036443, 0.18662590784547123, 0.18620772611187852, 0.1842799647508756, 0.18287487255166407, 0.18069032944090987, 0.18037440895062426, 0.17960882275972678, 0.17845831544178983, 0.1770476765282776, 0.17730990999742693, 0.17622292754442795, 0.1751617579518453, 0.17290703652669553, 0.1730598323857007, 0.17309515194400496], "val_losses": [0.2622479219799456, 0.25000834756571316, 0.23843242130849673, 0.22969315071468768, 0.22625927756661954, 0.21845610893290976, 0.2196973601113195, 0.21671876052151556, 0.21187710340904153, 0.2135030170497687, 0.2156221892522729, 0.20617536358211352, 0.21679706806721893, 0.20019817352294922, 0.19725829557232236, 0.21019194858229678, 0.1971439207377641, 0.19726281580717667, 0.19595969824687295, 0.193804026297901, 0.20399631268304327, 0.19404522070418234, 0.19205524966768597, 0.1954511912620586, 0.19145539046629614, 0.19107262790203094, 0.1866807970015899, 0.18973682594040167, 0.18887727675230606, 0.19100239872932434, 0.18636323252449866, 0.1898100411762362, 0.18940486985704172, 0.18737279494171558, 0.1886720067780951, 0.1871393620967865, 0.19225128156983334], "train_ious": [0.43514633618326426, 0.48140910486488253, 0.5117405036167392, 0.5245710960926785, 0.533427742080412, 0.5462218826717651, 0.5502064181086812, 0.5569461550347615, 0.561420954277982, 0.5660020420732709, 0.5681642572247033, 0.5739569655363109, 0.5763469642919044, 0.581792735967083, 0.5840461453341917, 0.5885285796678584, 0.5902151331521461, 0.5908891092176022, 0.5972734539081218, 0.5978326309958226, 0.6007261966233665, 0.602914813096109, 0.6046079849095447, 0.6050556991519269, 0.6078312251230945, 0.6104698479715466, 0.6145484793013424, 0.6149475952421407, 0.616618801718173, 0.6185491958606072, 0.620822703762763, 0.6202017310196936, 0.6221407037498298, 0.6240920420682082, 0.628312590221564, 0.6280130924306054, 0.6275132463678068], "val_ious": [0.46418791642223567, 0.4878030208789784, 0.5218561260380608, 0.5278503273924192, 0.5405620448831199, 0.5444768304410187, 0.5498489048601924, 0.5485155597545098, 0.5588124074797698, 0.5568192074264305, 0.5534641816132311, 0.5709907019483871, 0.557021378391031, 0.5790736400994702, 0.5825838237137034, 0.5599609922239747, 0.5854824183211812, 0.5808673894059829, 0.5906396860229798, 0.5898305024357811, 0.5757031885610109, 0.5875270360189935, 0.5945977737074313, 0.5839198661455208, 0.5937332625406375, 0.5957002032926119, 0.60028904935588, 0.601941966060279, 0.6018191308215046, 0.6002855117338293, 0.6040555895238684, 0.6035367628370506, 0.5999092710190927, 0.6051242576129197, 0.6047728636126587, 0.6077410723420157, 0.5995834655519847], "training_time": 987.0148546695709, "avg_gradient": 0.002878886511586298, "memory_usage": 1396.9375}