{"train_losses": [0.28456292098954966, 0.2537143543038679, 0.24010969382589278, 0.2308096277487019, 0.22560061797823594, 0.22191190144614034, 0.21624892618021238, 0.21544874297535938, 0.21047854925627293, 0.20963328169739764, 0.20445268706459066, 0.2014177873244752, 0.20011339352830596, 0.1986475123659424, 0.19623623407729293, 0.1939805054470249, 0.19201838378996952, 0.18952260676609434, 0.1906413350092328, 0.18926830767937328, 0.18825552636838477, 0.18534403683050818], "val_losses": [0.26591502648332843, 0.27303097137938376, 0.23864866436823554, 0.2516694004121034, 0.22827995892452158, 0.2244581687061683, 0.22634242831364923, 0.22065283325703247, 0.22718371386113373, 0.21508961430062418, 0.2085743394234906, 0.20268308954394382, 0.20765782503978067, 0.20229099820489468, 0.1980564662295839, 0.19666152123523795, 0.22355106310999912, 0.19717944575392682, 0.2059663650782212, 0.19969160044970719, 0.19938191447568976, 0.20181905640208203], "train_ious": [0.43384809650993655, 0.4832031849393809, 0.5082599258023326, 0.525803512286233, 0.5346103315444095, 0.5410907913701258, 0.5507468263740126, 0.552540479848782, 0.5610106356333995, 0.5623836213641844, 0.5717875871105467, 0.5771587569860441, 0.5798870607994605, 0.5820446850165077, 0.5870405879357585, 0.5907532105195346, 0.5940703753435961, 0.5983293865793852, 0.596496387614288, 0.5993930674225524, 0.6001781786157601, 0.6057691831087721], "val_ious": [0.4645188864374507, 0.4773037689535515, 0.5160395959797114, 0.5002154323501863, 0.5313602802546128, 0.5368428752906081, 0.5284952850661415, 0.5470151894766352, 0.5366096155367035, 0.5517919782711111, 0.5648389288048812, 0.5750781099001566, 0.564312196728112, 0.5700159733710083, 0.5849249691203022, 0.5853345856286477, 0.5387196815100268, 0.5765877823898756, 0.5719061072753824, 0.5796586741571842, 0.5845387018677115, 0.5743740540051807], "training_time": 589.7024185657501, "avg_gradient": 0.005387801544498084, "memory_usage": 1396.9375}