{
  "train_losses": [
    0.27923694852253667, 0.2512150602820127, 0.23601412627360094,
    0.22693533685220324, 0.22436477997056817, 0.21672507456463316,
    0.21105831683329915, 0.2112619029762952, 0.20595236721894014,
    0.20453779221228932, 0.20085640421704107, 0.2002039420539918,
    0.19705032622036728, 0.1960173397446456, 0.1944144536619601,
    0.19251652037643868, 0.19075509994898154, 0.18891771145812844,
    0.18841823052776896, 0.18857033121521058, 0.18612085695823896,
    0.18554902862271536, 0.18347135947450346, 0.18416303007499032,
    0.18093640835064909, 0.18123957344695277, 0.17905362476797207,
    0.17792277313444926, 0.1800582841362642, 0.17749466803734718,
    0.17659600200536457, 0.17371581033196137
  ],
  "val_losses": [
    0.2617619037628174, 0.23681827116271723, 0.22296445006909577,
    0.22016613703706991, 0.216652596126432, 0.20975064680628155,
    0.21353953979585483, 0.20617317635080087, 0.20463831884705502,
    0.20556359705717667, 0.19523795532143634, 0.19712590458600418,
    0.19572818570810815, 0.20679995806320853, 0.19267539096915204,
    0.1919700678275979, 0.18971290115429007, 0.19165394876314246,
    0.1867929949708607, 0.18955691191165344, 0.1961172019010005,
    0.1833964181335076, 0.18154015910366308, 0.18657930292513059,
    0.184463687888954, 0.18657339688228525, 0.18397489708402884,
    0.18387854779544083, 0.1822951254637345, 0.17654017099867697,
    0.17859376869771793, 0.1840475039637607
  ],
  "train_ious": [
    0.43940048987185915, 0.4889850828634653, 0.5151492703867999,
    0.5309241954777119, 0.5354041526552993, 0.5502648116291866,
    0.5599371571417735, 0.559777228998533, 0.5697931602489256,
    0.5720152209742347, 0.578780473034451, 0.5801650028729785,
    0.5856038624069829, 0.587767242251531, 0.5910060914314313,
    0.5935375580321187, 0.5972954604396786, 0.5999179015448993,
    0.6007837031198585, 0.601324948117785, 0.6052927996801296,
    0.6059577078491016, 0.6103314473361212, 0.6083309826427612,
    0.6138242714754915, 0.6140981822450091, 0.6169896471867528,
    0.6192780563580818, 0.615348133272019, 0.6207513978191909,
    0.6210266590334367, 0.6262630394295506
  ],
  "val_ious": [
    0.48140991122826293, 0.5046625960132352, 0.5299529498038084,
    0.5409152947258257, 0.5534753380478291, 0.5634297793326171,
    0.5609509897404821, 0.5611872606087422, 0.5766505888406781,
    0.5743877427733463, 0.5843456098134967, 0.5871156879525253,
    0.5892025113537693, 0.5704513156543608, 0.5922778050104778,
    0.5912654745405999, 0.6001583514870077, 0.5957725689462995,
    0.6018868749556333, 0.5995035860417547, 0.5865905148827512,
    0.6061863616324855, 0.610550304253896, 0.6028401905643767,
    0.6053294565366663, 0.6035260571085886, 0.6127610776735388,
    0.6026378155186557, 0.6030226490203885, 0.6203535881595337,
    0.6184491960034856, 0.6012452961742014
  ],
  "training_time": 854.7829937934875,
  "avg_gradient": 0.002531440760731543,
  "memory_usage": 1396.9375
}
