{"train_losses": [0.27959971186583454, 0.24884940295115762, 0.23627137789583724, 0.22633584629258383, 0.22055641918078714, 0.21595123734163202, 0.21267188737249892, 0.20894898287951946, 0.2063822630468918, 0.20189045094277547, 0.19974112502582694, 0.19792531195866025, 0.19593782779639182, 0.19481777197316938, 0.19216365642521693, 0.18999796530798727, 0.18902915400331435, 0.18758222007233163, 0.18769816187736782, 0.1867576728210501, 0.18423625608177288, 0.1824938143077104, 0.18143008374001668, 0.17971183343426042, 0.18090698309242725, 0.17870374428837196, 0.17725736963684144, 0.1763484996298085], "val_losses": [0.2666558153603388, 0.25015496009069943, 0.23821304446977118, 0.2259016150365705, 0.22599863714498022, 0.21368988797716473, 0.217364771210629, 0.21096764083789743, 0.2092867730104405, 0.20938615403745486, 0.2045854679916216, 0.2032384295826373, 0.2112714602895405, 0.20149756255357162, 0.1962123778851136, 0.20046464645344278, 0.19491129789663397, 0.19534953586433246, 0.19451850037211957, 0.19077269862527432, 0.19251566542231519, 0.19005742345167242, 0.18908013111871222, 0.1907458762111871, 0.19022836633350537, 0.1864487852739251, 0.1859293502310048, 0.19529596716165543], "train_ious": [0.442149924836459, 0.4915563471993243, 0.5136989956262752, 0.5316754090667201, 0.5427728380899929, 0.5499984089663061, 0.5554211320544499, 0.5625021266548532, 0.5664953540578701, 0.5749494844264741, 0.5786985499595391, 0.5813327001920647, 0.5860422559190485, 0.587769087565982, 0.5920015895820177, 0.5960758995210779, 0.5983509123325346, 0.600700955999934, 0.5999833438275514, 0.603203006466662, 0.6069371529679365, 0.6103981376990028, 0.6119237673887307, 0.6147458685589013, 0.612660364828248, 0.616542757313321, 0.6194175268536896, 0.620215849491997], "val_ious": [0.4559380715523939, 0.49118230448684824, 0.5135395324964456, 0.5360694745744486, 0.5334862078661503, 0.5565364358649738, 0.5432285262622694, 0.5604610676350801, 0.5719806949297586, 0.5677598511827165, 0.5738537231649178, 0.575064439056576, 0.5699036851309348, 0.5756636460622153, 0.5841061062570931, 0.5829940863709518, 0.590149077816286, 0.5902508985305177, 0.5928273784077686, 0.5972146616465805, 0.5995437844076019, 0.5993343017239501, 0.6038875759079836, 0.6016263886206391, 0.6015564255092456, 0.600321732569432, 0.6083867143893585, 0.5876903516658839], "training_time": 746.7612063884735, "avg_gradient": 0.003215678978351885, "memory_usage": 1396.9375}