{"train_losses": [0.27851134125629196, 0.25130208589784475, 0.23662087418462918, 0.22787953184350676, 0.22216473422620608, 0.2163816284712242, 0.214312466185378, 0.20894756346293117, 0.20759197559369647, 0.20307529304662478, 0.20229670761719995, 0.19932496029397714, 0.19691556522055811, 0.19625458429041115, 0.19416669286463573, 0.19307464644636796, 0.1906986605052067, 0.18906007318393045, 0.1879978373484767, 0.1858802594082511, 0.18566578051642232, 0.18491712738962277, 0.18293647152250228, 0.18101982440313566, 0.1813112514336472, 0.17930687024541522, 0.1797136123413625, 0.1794063846540192, 0.17587288452879243, 0.17558400098072446, 0.1758142033510882, 0.17300026944797972, 0.17323642458928667], "val_losses": [0.26866324343111203, 0.24727620054846225, 0.23135129880646002, 0.2267438306108765, 0.22217269015053046, 0.21692759705626447, 0.20715646251388217, 0.20537252205869425, 0.20170620375353357, 0.1992148604729901, 0.2036255384268968, 0.19602533591830212, 0.19868767585443414, 0.20365688787854236, 0.1925747608361037, 0.19549377554136774, 0.189820129910241, 0.19814679674480273, 0.190048202548338, 0.18989995024774387, 0.18808607854273007, 0.1862174013386602, 0.18783538723769394, 0.1842819860448008, 0.19096765731987747, 0.18615409310745157, 0.18403917065133218, 0.18199297656183658, 0.1807840822831444, 0.18256320642388385, 0.180509215787701, 0.18099659875683163, 0.214421676552814], "train_ious": [0.43772363113374374, 0.4882279615039412, 0.5141275868197717, 0.5307614857303926, 0.5411539275091198, 0.55021197370429, 0.5540565996012395, 0.5628298380938559, 0.5666035750097986, 0.5743889354061392, 0.5761683156200939, 0.5817633222086707, 0.5848184987578705, 0.5869201096179689, 0.589946195645177, 0.5926672010210113, 0.5968749403305675, 0.5993066198475985, 0.6012382649857065, 0.6053300289896085, 0.6057574763570144, 0.6067449882410573, 0.6100382766537908, 0.6133428300204483, 0.6125072277002573, 0.6161351865832355, 0.6159758097019749, 0.6160166628550792, 0.6224288013426289, 0.6232963203304059, 0.6228112489848899, 0.627282665529545, 0.6270698819147507], "val_ious": [0.4610792045360026, 0.4971655232534893, 0.5274298760122147, 0.5199638469063717, 0.539778464730235, 0.5533778475246569, 0.5607915724749148, 0.5715640174305957, 0.5722394349134489, 0.5770643107269121, 0.5743052417385406, 0.5806520734576213, 0.577543996706389, 0.5720427999461907, 0.592114230212958, 0.5905329150998074, 0.6004535473775171, 0.5881536320067834, 0.5974733352229215, 0.5943044074203659, 0.6023109008868535, 0.6043522761783737, 0.6045090661964554, 0.6026454472887344, 0.5999242287615071, 0.6016583332548969, 0.6068974932034811, 0.6080042121634966, 0.6135551361502081, 0.6113651176725609, 0.615552439853765, 0.6157648502916528, 0.5555897068934165], "training_time": 885.9063239097595, "avg_gradient": 0.0025188062994026417, "memory_usage": 1396.9375}