{"train_losses": [0.2788384209346512, 0.2495037930329209, 0.2365839517796817, 0.2282714228267255, 0.2241955140362615, 0.2210923164435055, 0.21481528991590376, 0.2107387450726136, 0.20858636409368203, 0.2066115261581929, 0.20344810568444108, 0.20020917705867602, 0.19846287005297517, 0.19713512443653916, 0.19475370038138784, 0.19412256728695787, 0.19180924267224644, 0.1909376424939736, 0.18836090397899566, 0.18817234338949557, 0.18697302108225616, 0.1861415942725928, 0.1851217174173697, 0.18248873722294104, 0.18301643795617248, 0.18069130036494005, 0.17998620406117127], "val_losses": [0.26542428913323773, 0.23646436210559763, 0.23637923047594403, 0.21844441443681717, 0.2272000066612078, 0.21453305560609567, 0.21706948170195456, 0.20268795833639477, 0.2005942039515661, 0.20794647057419238, 0.2015751645616863, 0.1966801638836446, 0.19642099640939548, 0.19472554066906805, 0.19332407382519348, 0.18899891622688458, 0.19124308908763138, 0.1881058381303497, 0.18775290315565857, 0.1939679219023041, 0.19101391181997632, 0.18794571381548178, 0.18655073351186255, 0.1880002899662308, 0.18496464322442593, 0.1842657810320025, 0.1876579448580742], "train_ious": [0.4373308889672455, 0.4887130794695757, 0.5133781068674893, 0.5289640457679827, 0.5353010892868045, 0.5409232574258593, 0.5509288781794952, 0.5601069936393825, 0.5632421156472487, 0.5676281191948531, 0.5730026308177172, 0.5783274846448411, 0.5808997412306678, 0.5838470172838885, 0.5884104300344335, 0.5896676619523675, 0.5932499239950075, 0.594920658007048, 0.5998893292161863, 0.6004932893143182, 0.6027388713606028, 0.6040122729820616, 0.6054159048134863, 0.6103719656990061, 0.6094801759050379, 0.6138734643658006, 0.6150797548285428], "val_ious": [0.45001353868755745, 0.5144573294598124, 0.5262793779805086, 0.5453588211018106, 0.5305687789467798, 0.5579714632552605, 0.5531763246525889, 0.5751704621142237, 0.5772980967725533, 0.5599996274796084, 0.5797562625097191, 0.5889704596737158, 0.5853766222362932, 0.5922701144995896, 0.5901278518680213, 0.6010794030583423, 0.5987804959649625, 0.6020824770996537, 0.6016864329576491, 0.5920762471530749, 0.5965027889047844, 0.6029725958039794, 0.6047224121681157, 0.6039263267016066, 0.6088611420945844, 0.6121585148832073, 0.5946751487427866], "training_time": 723.68097448349, "avg_gradient": 0.0033881007873094336, "memory_usage": 1396.9375}