{"train_losses": [0.2881662895822007, 0.2590147094072207, 0.24447359986927197, 0.2361266886734444, 0.22923661760337974, 0.22239407006165254, 0.22056550006179707, 0.21576748189070952, 0.21180847327670324, 0.20825040631968042, 0.20676663283096708, 0.20425971362577833, 0.20192439700274364, 0.19883302088988863, 0.19806657383299392, 0.19495366870061212, 0.19390401892040088, 0.19255428574979305, 0.1910293735563755, 0.18888983017076616, 0.18820773081287093, 0.18742053720938123, 0.18625639751553535, 0.18453523524753426, 0.18301518050872762, 0.18274713712541954], "val_losses": [0.27244629225005274, 0.2551201662939528, 0.2463020118682281, 0.2278358803495117, 0.21803260141092798, 0.21699016638424085, 0.21850809552099393, 0.21404936358980511, 0.20604643160882202, 0.19809124586374863, 0.19888278291277264, 0.20264724933582803, 0.19750584111265515, 0.1980814943495004, 0.19417256343623865, 0.19491431926903519, 0.18822711997705957, 0.19458592683076859, 0.1933925718716953, 0.1877764625393826, 0.18560645794091019, 0.18603375359721805, 0.192123516422251, 0.18221507901730744, 0.18483106306065683, 0.19239571820134702], "train_ious": [0.4261745078475686, 0.4731190837109867, 0.4995530742773976, 0.5160874604261009, 0.5281746117803067, 0.5395035407897355, 0.5437824191066664, 0.5516693352087251, 0.5581299868290835, 0.5645271745388922, 0.5672678882391124, 0.572674425129873, 0.5762354705644691, 0.5822912410873434, 0.583231740563676, 0.5890664869136569, 0.5903164402082348, 0.5940508591955986, 0.5952126900463001, 0.5995582663386628, 0.6006061591855858, 0.6021176252676095, 0.6044919250559979, 0.6072720823188623, 0.6107925779145699, 0.6104504236060643], "val_ious": [0.4438073059570963, 0.4873849731208622, 0.4892903149559878, 0.5318308344137841, 0.5443095151281012, 0.5535044369922169, 0.5517943058756815, 0.5459869817115258, 0.5673733938863311, 0.5808593473140745, 0.5841675294914108, 0.5670820776967035, 0.5834607216327088, 0.5859032102685044, 0.5858014120139938, 0.594097716220911, 0.5977055426093115, 0.596179995847785, 0.588377355017524, 0.6031220559624657, 0.6023597106121588, 0.6050413488477899, 0.5992535156184349, 0.6007225481064424, 0.6078852749821069, 0.5855718864047007], "training_time": 697.2850179672241, "avg_gradient": 0.003639109870464344, "memory_usage": 1396.9375}