{"train_losses": [0.2792255015152952, 0.2514667290708293, 0.23780289559584597, 0.2316084176139987, 0.22445688105147818, 0.2193090465405713, 0.21483092998032985, 0.21044195483884084, 0.20782879075926283, 0.2051731439550286, 0.20345171330415684, 0.2015400958126006, 0.1975465697924728, 0.19705790921073893, 0.19431238265141196, 0.1922696886341209, 0.19317030493655932, 0.19072082687331282, 0.18878694542724153, 0.18734997089790262, 0.18789439170580843, 0.18485034095204395, 0.18421754249088143, 0.18254594626310078, 0.1829711466865695, 0.17986343890104606, 0.18198266665896642], "val_losses": [0.5839657168025556, 0.2465848802872326, 0.23423298124385916, 0.22612957623989685, 0.2215529145753902, 0.2210937540816224, 0.21682591379984564, 0.21694326724695123, 0.21326958323302475, 0.21153713697972504, 0.2035448492869087, 0.209346697382305, 0.20006294127391733, 0.19687723433193954, 0.19586923005788223, 0.19584355503320694, 0.1904309923234193, 0.19172316530476446, 0.19209640505521194, 0.2000253343063852, 0.18901307686515476, 0.19295737147331238, 0.1864600499039111, 0.18361017464295679, 0.18719910052807434, 0.18724327242892722, 0.19997228196133737], "train_ious": [0.43996560245590366, 0.4864716867821806, 0.5117801305014585, 0.5230644165497764, 0.5357026196206393, 0.5437433192695397, 0.5523942533232594, 0.5604618541032514, 0.5645816245696684, 0.5703444123484082, 0.5728029019158818, 0.5767475768275879, 0.5839368118432119, 0.5855789549540784, 0.5901050603800059, 0.5935325745655142, 0.5918992642259254, 0.5968502259448821, 0.5997180092701879, 0.6027109234229381, 0.6010629093625405, 0.6066462331707926, 0.6081944590677386, 0.6103138024716273, 0.6094659603592278, 0.6152206007661163, 0.61171126290076], "val_ious": [0.4513240177454292, 0.4978165015362311, 0.5215004982723705, 0.5355557405214377, 0.5405658697304518, 0.545324178925459, 0.553558754100316, 0.5587105900049208, 0.5573751490185227, 0.5550320920520935, 0.5754255278818851, 0.5575498973113904, 0.5817073691582334, 0.5844345611074696, 0.5845760078965754, 0.5871747537799503, 0.59355199077855, 0.5921980688969293, 0.5941073536009028, 0.5785907874072808, 0.5919674209494522, 0.5974125302788141, 0.6054739613031994, 0.6050512170878009, 0.6029571726702262, 0.6047791257716607, 0.5777529601169669], "training_time": 723.1010041236877, "avg_gradient": 0.00409516446947331, "memory_usage": 1396.9375}