{"train_losses": [0.2813995477298032, 0.2529114137363175, 0.23809995728990305, 0.22978093078278977, 0.22333426781646584, 0.21881218440830708, 0.21360125255001627, 0.20971143925967423, 0.20947717332645602, 0.20388724355270033, 0.2011260042048019, 0.1990695071771093, 0.19739005738950294, 0.19414990209043026, 0.19309875644419505, 0.19067193486768266, 0.19163504963659722, 0.18872947998992776, 0.18682200396838394], "val_losses": [0.28458861034849414, 0.25370984135762503, 0.23595474239276804, 0.23642261553069818, 0.23759574151557425, 0.23400763649007547, 0.20939497260943704, 0.21281470585128534, 0.20844585416109665, 0.21863976315311764, 0.20210420210724292, 0.2014865697078083, 0.1985956368886906, 0.21924584974413333, 0.19426381393619205, 0.1919147903504579, 0.1972352104342502, 0.1932843444140061, 0.20853240658407626], "train_ious": [0.43604113979761117, 0.48317490067278984, 0.5109279193793952, 0.5252806690885967, 0.5368823071644792, 0.544050499121996, 0.5531860476602678, 0.5609617373109729, 0.5612607046529865, 0.5716504412500756, 0.5763255489477209, 0.5806722125929338, 0.5837766066517517, 0.5884479345834775, 0.5916051855445772, 0.5956416302293104, 0.5942894345068415, 0.5997659145597963, 0.6031959847263666], "val_ious": [0.4573520262172257, 0.4900000318884849, 0.5094667789728744, 0.5276624571154083, 0.5296006276123767, 0.5253902066876923, 0.5641645583985507, 0.5577642779419387, 0.5695679872364238, 0.5501273147005966, 0.5781001314736794, 0.5824025318674418, 0.5890156749797903, 0.5564349043196527, 0.5891615847746531, 0.5972398690123489, 0.5880136269590128, 0.5903440631818081, 0.568367597201596], "training_time": 508.6691243648529, "avg_gradient": 0.007241501254177884, "memory_usage": 1396.9375}