{"train_losses": [0.28324418830806797, 0.25630588521775993, 0.24133294691210208, 0.2301360939669868, 0.22428039396586624, 0.2191346816556609, 0.2151118585758883, 0.21264531528172287, 0.20945802104213965, 0.2065945726049983, 0.20317943580448627, 0.20121225884751134, 0.19858919472798056, 0.19678993474530138, 0.19621445764989956, 0.19332008889835814, 0.19171432527187077, 0.19088078468390132, 0.1891731762367746, 0.18827142760805463, 0.18651986591841863, 0.18335279457918977, 0.18274237709524838, 0.18253697568307753, 0.18149651546517145, 0.18143562640508878, 0.1811461384691622, 0.17883643022050028, 0.17620566228161688, 0.17621891816025195], "val_losses": [0.27163782715797424, 0.2512266104635985, 0.2446177381536235, 0.24706841065831806, 0.2301108428965444, 0.21935573803341907, 0.2462877258658409, 0.21269195721201276, 0.21143834390070126, 0.21662640377231265, 0.2064782118667727, 0.20429330999436585, 0.20475009731624438, 0.1986077272373697, 0.19705666925596155, 0.19850259533394937, 0.1983342815352523, 0.1996987980345021, 0.19446127537799918, 0.19781517723332281, 0.1925436851123105, 0.1901521925692973, 0.1893367631279904, 0.1894052634420602, 0.18925063992324082, 0.1913190607143485, 0.1873503968767498, 0.18713993611543076, 0.18705945073262506, 0.19262819542832996], "train_ious": [0.4336955237246211, 0.4788059499654648, 0.5067116619506178, 0.5263672589283921, 0.5363750054730453, 0.5459208882589273, 0.5521816114584603, 0.556816043332219, 0.5620314617087878, 0.5680114410925607, 0.5732045553192712, 0.5778101183258108, 0.5814171387557534, 0.5850334513014644, 0.5867766215857392, 0.5905936143320543, 0.5949628819050132, 0.5956725745961287, 0.5987555534187433, 0.6009444138170157, 0.6037688935040562, 0.6092763853029932, 0.6108217851623245, 0.6102863961587784, 0.6130875105551187, 0.6135354675892472, 0.614120562709328, 0.6171159417624921, 0.6214389286503409, 0.6222438270739022], "val_ious": [0.4564373820372249, 0.49337973316078615, 0.51108284910088, 0.5031294287114904, 0.53125285519206, 0.5503462876962579, 0.4967629195771356, 0.5575495709975559, 0.5561167425003608, 0.5535010800197505, 0.5650937097228093, 0.5746951517851456, 0.5701825214900831, 0.5782292429087817, 0.5829867275728696, 0.5760015283805736, 0.5745105268298716, 0.5782274193521859, 0.5912962687620219, 0.5929069357073825, 0.5915922472874323, 0.5977563192878944, 0.5947234194347824, 0.5958083734132241, 0.5989638541055762, 0.5927141615446062, 0.6023350658192151, 0.603470000019972, 0.605455794196198, 0.5905264242403748], "training_time": 800.4062411785126, "avg_gradient": 0.003724639599677253, "memory_usage": 1396.9375}