{"train_losses": [0.2847933705248263, 0.256666897026741, 0.24143342981519905, 0.2333033725457347, 0.2274259890065245, 0.22130340078602667, 0.21742105378728846, 0.21429419509418632, 0.21210459239133025, 0.20991683184452678, 0.2045094262322654, 0.2037487103725257, 0.20013463229912778, 0.19979583763557932, 0.19631001806777457, 0.1958617302386657, 0.1940504174841487, 0.1937683952729339, 0.19238087348639965, 0.1900160243815702, 0.1872982091229895, 0.18766322351344253, 0.18522254928298618, 0.18618171249070894, 0.1850650440901518, 0.18233588070649168, 0.18425906919266866, 0.1812791243681441, 0.17983492893045364, 0.1786658806807321, 0.17800830102161222, 0.17729664998857872, 0.17521821148693562, 0.17598179598217426, 0.17327221150955427, 0.17416633495494074, 0.1754331761242255, 0.17139756776716397, 0.1706723692300527, 0.17053467189164265], "val_losses": [0.26872553870729776, 0.24207205390152725, 0.24465587054905685, 0.22855837967084802, 0.2275012514513472, 0.2151675697254098, 0.21631414410860642, 0.210577599056389, 0.219097338616848, 0.20381857713927393, 0.2053170440637547, 0.20454202592372894, 0.20022508469612701, 0.1957733145226603, 0.19565067990966464, 0.19754904670559842, 0.20126091073388638, 0.19753598000692285, 0.19590390862330145, 0.19242094716300134, 0.19163029025430264, 0.18944498702235843, 0.19437686775041663, 0.1907710251600846, 0.19192935526371002, 0.1889896752393764, 0.18356308697358423, 0.1864567084804825, 0.18634368900371634, 0.18248237021591351, 0.1822011781775433, 0.18141595306603805, 0.1860525782989419, 0.17977664425321246, 0.17782147358293118, 0.18083695225093677, 0.1801596526866374, 0.18887556959753452, 0.1777242124080658, 0.18200937205034753], "train_ious": [0.4313960087907828, 0.4773244838621737, 0.5067581006096327, 0.5201731646244511, 0.5306751733186885, 0.5412356100058641, 0.5482153732977488, 0.5540648790319334, 0.5575512732932533, 0.5608591074528901, 0.5710817748761702, 0.5717352052097732, 0.5783484181848129, 0.5792053144803081, 0.5855533331092717, 0.5869111445718915, 0.5899680006331295, 0.5909644792909207, 0.5930851918739688, 0.5973782133365024, 0.6023027318111364, 0.6019849270798161, 0.6054825754701226, 0.604043122866879, 0.606502966604371, 0.6110104565927083, 0.6086568501440511, 0.613531019916569, 0.6150982767559482, 0.6179673794818964, 0.618729159397924, 0.6200071941467301, 0.6226876125927422, 0.622826058795487, 0.6271550399453746, 0.6250861702837807, 0.6227905418777813, 0.6303033334729468, 0.631422029943138, 0.6320041213994438], "val_ious": [0.4477846909692323, 0.504567633288494, 0.49993423145750304, 0.5177274843056997, 0.5182796656221583, 0.5484991928805476, 0.5501575243213904, 0.5541932993177054, 0.5533056408166886, 0.568843754089397, 0.552001424241757, 0.569197986220968, 0.575164278348287, 0.5846691777308783, 0.5877252834430639, 0.5857773809761242, 0.5710265766019409, 0.5809143494436705, 0.5900550413390866, 0.5920831159405087, 0.5972810158695, 0.6022681155498476, 0.5839461798685186, 0.6003720367300337, 0.6006358885678693, 0.6003006999043449, 0.6075090804825658, 0.605323901211006, 0.6050854154686998, 0.6124684542849445, 0.6076099704141203, 0.613443286522575, 0.6063156279100886, 0.6181327018184936, 0.6208647919305857, 0.6107501249382461, 0.6143673317155974, 0.6059744908757831, 0.6196553942517957, 0.6118159456097562], "training_time": 1070.5603108406067, "avg_gradient": 0.0037665033330217036, "memory_usage": 1396.9375}