{"train_losses": [0.2786516503471395, 0.2469354243544133, 0.23280246766365092, 0.22708125226199627, 0.220771545301313, 0.21529633065928583, 0.2112042854499558, 0.20933412549936253, 0.2045882062419601, 0.20173271073271398, 0.20007117546123007, 0.19904667827422204, 0.19534770326445933, 0.19456695805749166, 0.19305992401812389, 0.1902435140117355, 0.18898571387905141, 0.18844446224039016, 0.1856671827642814, 0.18676121719181538, 0.18405110623849474, 0.1834764209292505, 0.18146495521068573, 0.18145921235175236, 0.1787968444759431, 0.1782802790403366, 0.17819991715900277], "val_losses": [0.2576177981884583, 0.2525326175534207, 0.22946647327879202, 0.22645644357670908, 0.22560199965601382, 0.2210848334690799, 0.2285591908123182, 0.2112530129759208, 0.2277715925289237, 0.20631044034076773, 0.20353520208078882, 0.20616868203100952, 0.20971141626005588, 0.20308616239091623, 0.19676129617120908, 0.20457439351340997, 0.2048101337707561, 0.1974225811984228, 0.19399153732735178, 0.19886612471031107, 0.19309049099683762, 0.19204508156880087, 0.19007182866334915, 0.19397546480531278, 0.1869429767779682, 0.189461935473525, 0.21493217251870944], "train_ious": [0.4430549021496478, 0.49529252719619976, 0.5215599292322345, 0.5303491461698127, 0.5423814920249626, 0.5510874372785508, 0.5592150869846776, 0.5616057025457637, 0.5711123764083006, 0.5759110517151977, 0.5784587582600288, 0.5800806239139343, 0.5878633347650368, 0.5884970832562101, 0.5912894770179107, 0.5967065420379672, 0.5992139359747152, 0.5995691337663194, 0.6050878421443965, 0.6018827908496928, 0.6081554416729056, 0.6080353804796504, 0.612053955162781, 0.6119208998870157, 0.6170942291509418, 0.6173608819751635, 0.6187525184798066], "val_ious": [0.47252387391484285, 0.49250123099140486, 0.5283961326315784, 0.5323825629724972, 0.5344831847410271, 0.5424256438146466, 0.5338184937186863, 0.5614301066683687, 0.5292591558418411, 0.5679469246795213, 0.5711557216186454, 0.5669149130150891, 0.5694466818501983, 0.5693769922506984, 0.5874144810697306, 0.5669997746961704, 0.5713541544433953, 0.5799900814890862, 0.5883923401867135, 0.5889031889214033, 0.5947222657825636, 0.5940818225128061, 0.5907177557979802, 0.5952674860971561, 0.605266817022061, 0.6011234033798826, 0.5573116254763327], "training_time": 723.0939898490906, "avg_gradient": 0.0043818746411325915, "memory_usage": 1396.9375}