{"train_losses": [0.2834866370033959, 0.25382211059331894, 0.23892858381504598, 0.23116156491248505, 0.2235625721514225, 0.2227712463101615, 0.21639852695491002, 0.21214716533279937, 0.21243536334646784, 0.20735236824206685, 0.2060540961506574, 0.2028076557199592, 0.20093214139342308, 0.19802716755024766, 0.19744582409444061, 0.19386570852087892, 0.19318127567353455, 0.19206571765244007, 0.19121610923953677, 0.18995393318650516, 0.1877339296852765, 0.18722713487627712, 0.18661651646961336, 0.18482484174487385, 0.18434014592481696, 0.1835638349470885, 0.18258191604653132, 0.18144930502318818, 0.18014676593568013, 0.17857018153628576, 0.1791614263277987, 0.17738207194792188, 0.1781635192911262, 0.17536977719029653, 0.175237864660828], "val_losses": [0.29372569983420166, 0.2528878417999848, 0.23791342001894247, 0.24233018056206082, 0.22937822730644888, 0.22506624816552454, 0.2243569324845853, 0.21249519968810288, 0.2099708542227745, 0.2055153049852537, 0.20167367613833884, 0.205263904903246, 0.20554163177376208, 0.1984354364483253, 0.19815010739409405, 0.19493545365074408, 0.1923394151355909, 0.19928679323714713, 0.19952993224496426, 0.19508237910011542, 0.19427065065373544, 0.1892780898057896, 0.1928180255319761, 0.19034019404131433, 0.1855238400723623, 0.19017321422048236, 0.18684906350529712, 0.18986303424057754, 0.18353548678367035, 0.18839819729328156, 0.1833597674317982, 0.1868754414760548, 0.18431635524915613, 0.18305019969525543, 0.19254363522581433], "train_ious": [0.43340375819378474, 0.48282346863677533, 0.5103214529167482, 0.5251791435901232, 0.5376861796754857, 0.5405849293144284, 0.5506353920082682, 0.5586440778620867, 0.5580340748841781, 0.5671012566249438, 0.5698204452468864, 0.5753787745168244, 0.5780024895633474, 0.5829436107930065, 0.5846952331670817, 0.590828139928804, 0.5924118784242781, 0.5947990950358949, 0.595673491935367, 0.5985264557319274, 0.6021330232421557, 0.6033729906531349, 0.6042809243975341, 0.6071191923557848, 0.6085066024375996, 0.6097992475589981, 0.611369112641483, 0.6134514750345896, 0.6153582548857599, 0.6191776212898717, 0.6176128492731118, 0.6197762406174686, 0.6187613555162713, 0.6235660968915276, 0.624639776305876], "val_ious": [0.40849761038586707, 0.4856884197696396, 0.5078381007348282, 0.49286778962266614, 0.5329391893701279, 0.5390751970850903, 0.519730392249598, 0.5614984694166459, 0.5597296946722526, 0.5647046442912972, 0.5770588810893074, 0.568502886787705, 0.5722939741352331, 0.5828896335501602, 0.5734531445347745, 0.5854132866513903, 0.5946759356968645, 0.58387862469839, 0.5795945307050926, 0.5904751927524373, 0.5916829992463624, 0.5976255110640457, 0.5910452509271925, 0.5989161602396897, 0.6048530864974726, 0.5879102904295574, 0.6009267130191773, 0.5949829961510672, 0.6108304279437963, 0.599415416734806, 0.6110044884077016, 0.60852950832982, 0.6070726228796918, 0.6138655422390371, 0.5992804113505543], "training_time": 936.1894807815552, "avg_gradient": 0.0036164357364696937, "memory_usage": 1396.9375}