{"train_losses": [0.27997087249937264, 0.2490194312742223, 0.2359215478696253, 0.22776060033103693, 0.22101817093789577, 0.21662935225859933, 0.21257502690929433, 0.20957591992033564, 0.20639425151697968, 0.20258747502837493, 0.20213871003816958, 0.19983140541159589, 0.19808138364359087, 0.1965959363657495, 0.19356138089104838, 0.1916599587901779, 0.19090000726282597, 0.18970391640196677, 0.18881041475612184, 0.18701970107529475, 0.1842300069882818, 0.18321425273366596, 0.18114391600956087, 0.18246925095825092, 0.17939027909027494, 0.1790866701985183, 0.17869272884791312, 0.1784412598480349, 0.17901967870800392, 0.17577119722314502, 0.17496664044649704, 0.17259747267741224], "val_losses": [0.25576807590930356, 0.24221493400957272, 0.23668742244658264, 0.2285783122415128, 0.22300413250923157, 0.2210348384535831, 0.20923387421214062, 0.2074609327575435, 0.21005611316017483, 0.20126488642848056, 0.199382112401983, 0.2037818020452624, 0.20958097603010095, 0.19722784666911417, 0.2059306165446406, 0.19575236316608347, 0.19152572524288428, 0.1974638985550922, 0.193917332460051, 0.19120281740375186, 0.1952818790855615, 0.1873125213643779, 0.1882769151226334, 0.1887993521016577, 0.19094732954450275, 0.18758692430413287, 0.1834385929548222, 0.19691227538430173, 0.18610229667114175, 0.18379407764776892, 0.18434032311905985, 0.20965813813002213], "train_ious": [0.4410883906040933, 0.49203696765977406, 0.5145010462003775, 0.5303706055426077, 0.5420443486638258, 0.5490296855568888, 0.556480415219414, 0.5626918830085491, 0.5671212419975495, 0.5730263659919519, 0.5755973187261736, 0.579422058618587, 0.5817808207070481, 0.586005677131639, 0.5907341192705905, 0.5941743112668609, 0.5956841947483845, 0.5978066868864104, 0.6003083547280321, 0.6021783046316408, 0.6083754222246185, 0.6095287863003168, 0.6130419087906678, 0.6110225449437682, 0.6160211233233196, 0.616696828355392, 0.6176470336706742, 0.618075979846543, 0.6175676318074482, 0.6227378797703895, 0.6233101778704189, 0.628395228552214], "val_ious": [0.47945061649965204, 0.5075897554988449, 0.521187187752862, 0.5320687171989593, 0.5327669569979543, 0.5226444080471994, 0.5608813216288885, 0.5608479491826415, 0.5625856863199801, 0.5742994069621182, 0.5814218095679214, 0.5691083301452622, 0.5631981474765831, 0.5809396674883537, 0.575852661245111, 0.5865467486606128, 0.5887730406678242, 0.5778065593778223, 0.5899117874062579, 0.5875379812458288, 0.5865567749825077, 0.5977303014285323, 0.603556858456653, 0.6009325903394948, 0.5959870113410813, 0.6005487670932992, 0.6064553373101829, 0.5873395353555678, 0.607815433671509, 0.609883162206498, 0.6053624066753662, 0.5685944177102351], "training_time": 858.5549492835999, "avg_gradient": 0.0045800055356104005, "memory_usage": 1396.9375}