{"train_losses": [0.279294692384808, 0.25087781598710496, 0.2392784510941609, 0.2303150040299996, 0.2258237457793692, 0.22007423704085144, 0.2169834346227024, 0.21413199133847072, 0.21115654763644157, 0.20744961678333904, 0.20353290422455125, 0.20181556904445525, 0.20024084453673466, 0.19741558226878228, 0.19494166281884132, 0.19420407169862933, 0.19235510605832803, 0.19006952116994755, 0.1894821919824766, 0.18901890500084215, 0.18651269457262495, 0.1846833427477142, 0.18379441673017066, 0.1842527547446282, 0.1812727190554142, 0.1811343799142734, 0.18080093193313349, 0.17877109948059786, 0.17763578324862148, 0.17680960513003494, 0.17559913246204023, 0.1745712049305439, 0.174276454779117, 0.17376864636721817, 0.17341092909159866], "val_losses": [0.26333194290814194, 0.25882425191609754, 0.24165454312511112, 0.2259343629298003, 0.2361071249065192, 0.22290474532738977, 0.21796944024770157, 0.21003694540780524, 0.21071529712366022, 0.20820541129164075, 0.20361425306486047, 0.20905358959799228, 0.1952066003628399, 0.20288516483877017, 0.1963093241919642, 0.1929963078835736, 0.21776651915000833, 0.1949985603923383, 0.18939033928124802, 0.19346699636915457, 0.18863452258317367, 0.18831028594918872, 0.18984048036129578, 0.18773552840170654, 0.1868729345176531, 0.18873920712781989, 0.18525166388439096, 0.1864350998531217, 0.1860511325623678, 0.1812206947285196, 0.18103611274905826, 0.18508920753779617, 0.1816186153370401, 0.17991692346075308, 0.19554753925489343], "train_ious": [0.43660202646329405, 0.4871763573230607, 0.5080499092143943, 0.5236141178487007, 0.5339360606141283, 0.543076956347711, 0.5480436198143425, 0.554710002346099, 0.5592525230477686, 0.566537730935691, 0.5729968352918176, 0.5762256819592866, 0.5787507313965022, 0.58474477029581, 0.5888105897043929, 0.590801069000061, 0.5930537295298302, 0.5978339064488379, 0.5986202889378519, 0.5998416787580304, 0.6046174419638904, 0.6070309982675574, 0.6083369461306627, 0.6084565053275529, 0.6128854132864787, 0.6138569436211515, 0.6140729232650733, 0.617418321740368, 0.6193632273462368, 0.6216076171916466, 0.6229217890919984, 0.6252615162427871, 0.6249955732213415, 0.626554187981115, 0.6272728920414827], "val_ious": [0.4606767439323923, 0.493473467187605, 0.509285429465598, 0.5346923433784125, 0.5083821924484295, 0.5415245428465415, 0.5388460445447245, 0.5595810130454493, 0.559321003979531, 0.5658617153547812, 0.5707444073497385, 0.5684212355510048, 0.588743851452634, 0.5785856540652289, 0.5880621021640472, 0.5949466003887893, 0.5527081765990327, 0.5897764822711117, 0.598797930755477, 0.5892623790364335, 0.5992341415173765, 0.5998319966205653, 0.6010916157477145, 0.6025279371634774, 0.6039679430533148, 0.6002456772586574, 0.6094028206839078, 0.6055732907160468, 0.6047278407259263, 0.6150603721971095, 0.6135884324709576, 0.6080239458360533, 0.6138791431119479, 0.6159164905548095, 0.5908755731323491], "training_time": 938.1392962932587, "avg_gradient": 0.007324458294166994, "memory_usage": 1396.9375}