{"train_losses": [0.28226046669094457, 0.25349885929861793, 0.2429180173608272, 0.2328534067163001, 0.22637787307410137, 0.2215511537278476, 0.2183090601440357, 0.21502582769355047, 0.2120695546593355, 0.20851760730147362, 0.2065885044310404, 0.20415908648915912, 0.2011695105744445, 0.19956308578991372, 0.19852038205641767, 0.1958227015869773, 0.19559142528020818, 0.1922963170091743, 0.1910185668941425, 0.19059016814698343], "val_losses": [0.26590504562077316, 0.2582434146948483, 0.2407839722607447, 0.23273317807394525, 0.22460329143897348, 0.22467143639274265, 0.22530352939730106, 0.22071740938269574, 0.21490638184806574, 0.20761943057827328, 0.20374372083207834, 0.21864553605732712, 0.19793423977882965, 0.20186297595500946, 0.20105217170456183, 0.20587882043226904, 0.19755029192437296, 0.19232167012017706, 0.204134466531484, 0.20762134343385696], "train_ious": [0.43027841458651755, 0.48202206135012104, 0.5026646085029494, 0.5202733554161977, 0.5319525458296572, 0.5413759463615174, 0.5464741453474417, 0.5513453058142593, 0.557413902349662, 0.5640356295026734, 0.5674878757285033, 0.5717514371094496, 0.5769176381653629, 0.5801307899688464, 0.583370168517897, 0.5867308888962304, 0.5878397750573746, 0.5937251222414385, 0.5955427205864933, 0.5971416773247545], "val_ious": [0.46191264840139856, 0.4669105325272117, 0.5049071684479715, 0.5210020857444709, 0.5331023143253462, 0.5362597605672436, 0.5249852302713669, 0.5437487263394438, 0.5452844411998555, 0.5651231619758883, 0.5719220428795055, 0.553321741845297, 0.5746093038199604, 0.5752615650062978, 0.5678016057480937, 0.5751061679228495, 0.5835847103077435, 0.5882029164096583, 0.5688667409661888, 0.5628852427437686], "training_time": 535.8347215652466, "avg_gradient": 0.003492163795686191, "memory_usage": 1396.9375}