{"train_losses": [0.2789389603649792, 0.2527946041815955, 0.23990003643152508, 0.2324426950805861, 0.22608407327662344, 0.22251815518931203, 0.21800974756479263, 0.21420866874573025, 0.21010148654813351, 0.20863561510391856, 0.20596822059672812, 0.20257878352118575, 0.19891178227313186, 0.19917546585202217, 0.1965356090956408, 0.19403219206825548, 0.19434840240232323, 0.19142415301631327, 0.18956113047897816, 0.18942445289829504, 0.18707789262027844, 0.18560982365971027, 0.18663838934963164, 0.18318432261762413, 0.18229137806464796, 0.18118388335341992, 0.18111538490199525, 0.17911537631374339, 0.17874754625170128, 0.1826357034885365], "val_losses": [0.2683700102826823, 0.24091284851665082, 0.24678274146888568, 0.22846335010684055, 0.22484344762304556, 0.22635473570098047, 0.21414460209400757, 0.2134162948831268, 0.20630772185066473, 0.20583325527284457, 0.21463907833980478, 0.2026597481706868, 0.19827285149823065, 0.1958738937973976, 0.1963598329735839, 0.209494077641031, 0.20090018957853317, 0.19411736791548523, 0.1928995906010918, 0.18808715822904007, 0.1904118867672008, 0.1854126680156459, 0.18994804083005243, 0.18674018007257712, 0.18241024276484613, 0.18627075041117874, 0.18588195935539578, 0.19808987754842508, 0.18819878898237064, 0.1863879545227341], "train_ious": [0.4392982128049259, 0.48362059340528835, 0.5084885520779568, 0.5230174504112504, 0.5343392528593539, 0.5402556577346462, 0.5478172549518987, 0.5546190494104571, 0.5620819989969763, 0.5657010145917319, 0.5697267938783205, 0.5751437678177287, 0.5817100007788857, 0.5815817904861076, 0.5861296412413532, 0.5902252460735429, 0.5904769191815367, 0.594935278205768, 0.5985930702392606, 0.5987854277094204, 0.6017561719577383, 0.6049971982188844, 0.6039085288842522, 0.6098194238932239, 0.6114930303740329, 0.6128903357986953, 0.6137000796371612, 0.617013420153787, 0.6180565067283489, 0.6114569845190949], "val_ious": [0.4461393018347629, 0.5067932385465372, 0.4978404326931288, 0.52821582912103, 0.5397409618548725, 0.5357385171928268, 0.5531266472045926, 0.5592090493958929, 0.5597850218199304, 0.5692963461945022, 0.5484912563925205, 0.5667248407135839, 0.58521230691585, 0.5859361906414445, 0.5816438610571018, 0.5720114440157793, 0.5699024969252988, 0.5921782056490579, 0.5920186031987701, 0.6009841472774311, 0.5964018857997396, 0.6051966144122939, 0.6031370249347412, 0.6005423669365869, 0.6106423858715141, 0.605102271705434, 0.6081043432156243, 0.5998649880074073, 0.6047562092974565, 0.5998918543691223], "training_time": 818.6822884082794, "avg_gradient": 0.004109670510417581, "memory_usage": 1399.4375}