{"train_losses": [0.2800230583904878, 0.2489714329333409, 0.2360690656401541, 0.22697401621743388, 0.22030144573553748, 0.21701470560029798, 0.21178073881436948, 0.20839853358009588, 0.204733161498671, 0.20231186339388724, 0.19961936836657318, 0.1980408673863048, 0.194904160078453, 0.194575487676522, 0.1911304071545601, 0.1918093838283549, 0.18974292278289795, 0.18714939268386882, 0.18707267591810745, 0.186585679974245, 0.1862096916074338, 0.182664447342572, 0.18063281395513078], "val_losses": [0.26497240915246634, 0.2476987715648568, 0.23151855786209521, 0.22612634333579437, 0.22080982184928397, 0.21851908447949783, 0.21475329671217047, 0.2071555010650469, 0.20635593844496686, 0.20387677297643994, 0.20639176213223, 0.20237352277921594, 0.19850091053091962, 0.19711687577807385, 0.1992156920225724, 0.19838821596425513, 0.20433046312435812, 0.1906730778839277, 0.19257366462894107, 0.19948594628468805, 0.20630954724291098, 0.18710216167180435, 0.19718812017337137], "train_ious": [0.4347613088715846, 0.4910231060145988, 0.51480338803452, 0.5310532486039226, 0.5429089340394823, 0.549236041912134, 0.5580997284285832, 0.5641969986313926, 0.5708904240982257, 0.5747784271944258, 0.5798036475004492, 0.5831801017233426, 0.5878015879703602, 0.589121202951756, 0.5955025705414408, 0.593846126041119, 0.597529400140047, 0.6024961393272532, 0.6023137713580028, 0.6033682129413319, 0.6044537333798583, 0.610752220980931, 0.6138331546191719], "val_ious": [0.46036864849536324, 0.49904734500940273, 0.5215326416967572, 0.5232945357759793, 0.5453306702168091, 0.5483808141687643, 0.5565502095049706, 0.5664342890183132, 0.5691574721232707, 0.5703781875579251, 0.5650088592715885, 0.5806561788355095, 0.585351858450019, 0.5889022173225016, 0.5766103159690248, 0.5799269611420838, 0.5649817981149841, 0.589656351917032, 0.591322286837343, 0.5847321219634319, 0.5745171636774922, 0.6022430418626121, 0.5809211616498837], "training_time": 614.9984610080719, "avg_gradient": 0.0023150759093375976, "memory_usage": 1396.9375}