{"train_losses": [0.28156999530999555, 0.25228679463591264, 0.23821778716924397, 0.22946780377432055, 0.22207235974138198, 0.21921135995375074, 0.2147364083515561, 0.21023317321163157, 0.20683720958945545, 0.2040132225855537, 0.20127605865507023, 0.19930694721963094, 0.1966320897412041, 0.19603510719278586, 0.19245054200291634, 0.19250108487904072, 0.18973390733742196, 0.18773110275683197, 0.18576942894445814, 0.18491052609422934, 0.18496722436469534, 0.18295081883021022, 0.18145126727936062, 0.18227095108317293, 0.1788615126810644, 0.17784443117030288, 0.17744934315914693, 0.17609081854638847, 0.17501991703782394, 0.17416135205522829, 0.17482377961277962, 0.174763818959827, 0.1742236081348813, 0.1725221557299728], "val_losses": [0.28257583697205, 0.23734977420257486, 0.23451304597699124, 0.22626097662293393, 0.22123235140157782, 0.21502752472525058, 0.2147678619493609, 0.21422685812348904, 0.21565212568511133, 0.20308022330636563, 0.20520360314327737, 0.19757899512415347, 0.2016807639080545, 0.19670148226230041, 0.19749414143354996, 0.19990890667490338, 0.19685266717620517, 0.19758986714093582, 0.191529191058615, 0.1892874441716982, 0.18821772771037143, 0.19052946405566257, 0.19173590936090634, 0.18571239515491153, 0.18473018932601679, 0.1842284222011981, 0.18673711594032205, 0.18575748801231384, 0.1863452458511228, 0.19084069489136987, 0.1922759718221167, 0.18846331050862436, 0.19000997685867807, 0.18844208024118259], "train_ious": [0.43363323160767736, 0.48583232049924757, 0.5118276354303395, 0.5270169462090812, 0.5404700328582436, 0.5453233826851493, 0.5535253224003575, 0.5611210085073678, 0.5674976553443983, 0.5720863391415801, 0.5782835240597312, 0.5816007154467312, 0.5856095094071784, 0.5873872371039527, 0.5932057247753592, 0.5928599494846835, 0.5974863390775692, 0.6010215276501313, 0.6055659478989204, 0.6067006915699745, 0.6068121713140737, 0.6106542906035547, 0.6123970032710097, 0.6113433799018028, 0.6164803317059641, 0.6184641407343789, 0.6199730918135334, 0.6221353181678315, 0.6241979043984758, 0.6255098260075287, 0.6251673744316549, 0.6244782040948457, 0.6251019326349098, 0.6281180828809737], "val_ious": [0.4489021206247634, 0.5136975165510524, 0.5205680625378223, 0.525960540857868, 0.5468180745408154, 0.5559689428495325, 0.5500111534543659, 0.5534034595973251, 0.5525476582672285, 0.5704560772232388, 0.572794834556787, 0.5802036934140801, 0.576548651508663, 0.5799196273952291, 0.5831218696590783, 0.580414038853369, 0.58738897913608, 0.5855593355237575, 0.5928930299005648, 0.5952561277410258, 0.5986671262029288, 0.5935488844263379, 0.5914750362651935, 0.6051058965748635, 0.6071689081364784, 0.6066396480453188, 0.6004858984463457, 0.6022352053635364, 0.6028184180242427, 0.5974431368319885, 0.5990197600229926, 0.5993966492621796, 0.5976826289425725, 0.6012732364993166], "training_time": 912.2179138660431, "avg_gradient": 0.003951961435209629, "memory_usage": 1396.9375}