{"train_losses": [0.2815706936399574, 0.25347172598476, 0.23892233366875545, 0.23326200781309087, 0.22641840714799322, 0.22153599657442258, 0.2185499968574099, 0.21581498808834865, 0.21291429079745128, 0.20939317961101947, 0.20521439862963947, 0.20145323961649253, 0.20117094278659509, 0.19897699234602245, 0.1982779950713334, 0.19599608202343402, 0.19260367249017177, 0.191715809557101, 0.19127861588545467, 0.1881562913565532, 0.1873389894709639, 0.18787463147031225, 0.18432540867639624, 0.18579254526159036, 0.18337453480647958, 0.18141777376117912], "val_losses": [0.257955613343612, 0.2450344403800757, 0.23596010778261267, 0.23044288449961206, 0.23328132668267126, 0.2252911500956701, 0.22098751236563144, 0.21626081803570624, 0.22023861272179562, 0.22271887666505316, 0.20891563691522763, 0.21172442157631335, 0.20526704386524533, 0.20357248640578726, 0.2409253794214, 0.19877192540013272, 0.19766387311012848, 0.20509526068749634, 0.19563363362913547, 0.19437841099241507, 0.19545343421075656, 0.19018597609323004, 0.19451892440733703, 0.1914256979589877, 0.1967219801052757, 0.20344052982071173], "train_ious": [0.4318273234178878, 0.48389780486299516, 0.510556284500205, 0.5211207721706316, 0.5328188373072856, 0.5403441230402047, 0.5472569397880118, 0.5516089148063592, 0.5571431494655387, 0.5628309896674708, 0.5711185958344435, 0.5770279788884567, 0.5784036881573826, 0.5828832263207954, 0.5831811246124728, 0.587020467372908, 0.5929628181932631, 0.5942554905254773, 0.5957318500116253, 0.6003721565871997, 0.6025760428089163, 0.601783561533776, 0.6079197332155011, 0.6058022247060484, 0.6094390789343828, 0.6132320897734684], "val_ious": [0.47191858205242415, 0.4933574319533679, 0.5166031678301699, 0.5264470493016036, 0.5228731619275134, 0.5391316484066025, 0.5470957933128744, 0.5474620680662169, 0.5444298708352487, 0.5487101743186729, 0.5604427530281785, 0.564449172305024, 0.5746396998132485, 0.5734743024559987, 0.5402858107202294, 0.5851566666278287, 0.5832955623450485, 0.5764343308797779, 0.5903188663980236, 0.5910444926956427, 0.5900097072556398, 0.600449896377066, 0.5896887766278308, 0.5988929008228191, 0.5910513150519218, 0.566938850434794], "training_time": 697.0641994476318, "avg_gradient": 0.0057192137105207255, "memory_usage": 1396.9375}