{"train_losses": [0.28485846608553245, 0.2601868475422911, 0.24827180511277655, 0.24029910791179407, 0.2321240084812693, 0.2272085265620895, 0.22232116151439107, 0.21937706734499204, 0.21594704234081766, 0.21388557358928348, 0.20948865216063417, 0.20904314655648626, 0.2064674835976051, 0.20319149821348811, 0.2020170514512321, 0.19977795575623927, 0.19807113302142723, 0.19613520954938038, 0.19394884736317655, 0.19205477258757406, 0.19049815542024115], "val_losses": [0.2759509919130284, 0.24980867686478989, 0.2410045515583909, 0.24554737462945606, 0.23536255048668903, 0.22674272241799728, 0.22322685206713883, 0.22314727306365967, 0.2209528435183608, 0.21097503310960272, 0.20959635111300842, 0.21478534489870071, 0.21013475922138794, 0.20342050104037576, 0.2062317505478859, 0.19692873015351917, 0.20245490547107614, 0.19554417029671048, 0.20191757057024085, 0.1995313919108847, 0.21201499486746994], "train_ious": [0.4307375417113729, 0.4698235306186952, 0.4922167508984387, 0.5070924051375924, 0.5220100472046846, 0.530953987865992, 0.5398953884192135, 0.5437250855392304, 0.5516911515615124, 0.5541147822379202, 0.562832093811122, 0.5641423290784379, 0.5684859881690446, 0.5738142041516479, 0.5764009849964706, 0.5793936306583708, 0.5829283608042679, 0.5860374549916686, 0.5909880104920137, 0.5937123673873534, 0.5966692811984948], "val_ious": [0.4475080586321976, 0.4863216423470041, 0.5019793559027752, 0.49238396187623346, 0.5224651127405788, 0.5280226917154547, 0.5272134937669919, 0.5357133411410925, 0.5449699547843655, 0.5570586599085644, 0.5610733321611434, 0.5548389559422714, 0.5692286171774935, 0.5775376454643582, 0.5698674934497777, 0.5848198394844498, 0.5716670187919037, 0.5861712780551633, 0.5762318076862807, 0.5816348782484081, 0.5583260739627091], "training_time": 563.3758552074432, "avg_gradient": 0.003636979360696673, "memory_usage": 1396.9375}