{"train_losses": [0.27452582979331847, 0.24664581963873428, 0.23415352193557698, 0.22574332445535972, 0.22052250332806422, 0.2160410629990308, 0.21292507194954416, 0.20865455528964166, 0.20565350118862546, 0.20468238522501095, 0.20000704102542088, 0.19963353556459365, 0.19682847902826642, 0.19378837457169656, 0.19262449435241843, 0.1908778895664474, 0.1906175768893698, 0.18758121910302536, 0.18793726291345514, 0.18435795289342818, 0.18418930705798708, 0.18315765245453172, 0.1819691379433093, 0.17912445071598757, 0.1802411790451278, 0.177066789859015, 0.1766319749471934, 0.1765772426581901], "val_losses": [0.3120516616365184, 0.249305527171363, 0.22900042682886124, 0.221000075340271, 0.22204773354789484, 0.2195878028869629, 0.22455072921255362, 0.2144527568117432, 0.2125094772680946, 0.2047664221862088, 0.20666883432346841, 0.19959813388793365, 0.19777695283941601, 0.20091918953087018, 0.1927073870016181, 0.1958354705053827, 0.19257648289203644, 0.19425825094399246, 0.1916118371097938, 0.19655327207368353, 0.19093783361756284, 0.19284914919863577, 0.18452126986306647, 0.1928267848232518, 0.18375933818195178, 0.18575911547826685, 0.19489253927832065, 0.2059793524120165], "train_ious": [0.44671088173324114, 0.495804545807018, 0.5188332354730887, 0.533288022638231, 0.5427389545771094, 0.5511916268994844, 0.556378494948149, 0.5638891881520763, 0.5692329991986788, 0.5714811224868334, 0.579788553002088, 0.5804367612885387, 0.5850714756634791, 0.5901532615872397, 0.5933471857637599, 0.5958064000351705, 0.5965953626386495, 0.6018203011025555, 0.6019366037478477, 0.607196621596813, 0.6077459885374356, 0.609983810858018, 0.6118888516464961, 0.6172279807860435, 0.6153844484276533, 0.6202307889858879, 0.6209341858284201, 0.6216726515280165], "val_ious": [0.44258210516494245, 0.5042263716459274, 0.5235137579881625, 0.5354825305765955, 0.5465805619091227, 0.5445171402416363, 0.524438257234684, 0.5530929078442465, 0.5534423088681872, 0.5714837794286618, 0.5626065512930136, 0.579179361894511, 0.5856545541597449, 0.5818535869104278, 0.5938729095286217, 0.5916076462337937, 0.5908670807662219, 0.5925694952408472, 0.5948243115259255, 0.5956918525954951, 0.5961726325145665, 0.5986075453136277, 0.6062499045029929, 0.5927906697211058, 0.6106581102678742, 0.6073369999294697, 0.5932629216408385, 0.5631308331005814], "training_time": 749.1274337768555, "avg_gradient": 0.0025635036301476554, "memory_usage": 1396.9375}