{"train_losses": [0.28014907410935214, 0.25196441109089746, 0.23816442935039167, 0.22730720148462316, 0.22348549986339133, 0.21839874262071174, 0.2151772643075041, 0.21161948193026625, 0.20822306220298228, 0.20659365650752318, 0.20530086723358734, 0.20060567865553108, 0.19898910034933817, 0.19799046850074892, 0.19569406204897424, 0.1951043639008118, 0.19171879780681236, 0.18975015843044157, 0.18869341164827347, 0.1878365774679443, 0.18661986178030138, 0.18446414399406183, 0.1840724932110828, 0.18326222054336383, 0.1834910090850747, 0.18110560731071493, 0.1789732306547787, 0.17850699866919414, 0.17879230707235957, 0.17749335892174556, 0.17601047488658325, 0.17639776691794395], "val_losses": [0.261579153654368, 0.25538692947315134, 0.23275206043668414, 0.21949590191892956, 0.22662310885346454, 0.21076487749814987, 0.21954746965480887, 0.2135938840067905, 0.20991226091333057, 0.2009504690118458, 0.20696273316507754, 0.20199365136416061, 0.19362873616425888, 0.193386721222297, 0.20393127688895102, 0.19367803341668585, 0.1883466059099073, 0.1895026136999545, 0.19116881975661154, 0.18665726191323737, 0.18745720710443414, 0.18414372724035513, 0.18736201621915982, 0.1902532418784888, 0.1812715569268102, 0.1830170112459556, 0.18438883384932642, 0.18116178655106088, 0.18206068452285684, 0.184941076066183, 0.18169611109339673, 0.1954387244970902], "train_ious": [0.441011914767433, 0.48567328259240883, 0.5112028941782057, 0.5297297777041148, 0.5373923413023569, 0.5459485868990857, 0.5519864176386506, 0.5588408997957256, 0.5642762360689434, 0.5676597105744093, 0.5705788113662726, 0.5785561975469625, 0.5818561570367955, 0.583773169828498, 0.58632023330184, 0.5888234727300594, 0.5948471234220524, 0.5980274826288224, 0.5999092678876891, 0.6023850554897304, 0.6040113429012508, 0.6074452781914802, 0.6086206158650096, 0.6105737896717112, 0.6089085227661375, 0.6135156290686649, 0.6174831397399521, 0.618463172266881, 0.6182328525768672, 0.620014206654784, 0.6223079926077869, 0.6221325766241205], "val_ious": [0.45971916788730066, 0.47450969141462584, 0.5211060879671056, 0.5480703367055326, 0.5282260799321574, 0.5580283455226734, 0.545920179589935, 0.553315521582313, 0.5617231486932092, 0.5817707941152049, 0.5647042074065279, 0.576082000265951, 0.5899630402741225, 0.5960303115240043, 0.57132674926433, 0.5869968390983084, 0.5993616542090541, 0.597188723260078, 0.5928293155587239, 0.6035699626241907, 0.6062478416639826, 0.6088577316723008, 0.6064671457245729, 0.5989856545044028, 0.6133544853200084, 0.6137961494749871, 0.601617183158363, 0.6163543901149777, 0.6160257804221, 0.6104546448458794, 0.6159509334011354, 0.599661573983621], "training_time": 858.0658586025238, "avg_gradient": 0.0032503745475350996, "memory_usage": 1396.9375}