{"train_losses": [0.28212149846165074, 0.25371849723160267, 0.23920399339302725, 0.2300025461970464, 0.22368010084914125, 0.21889600578857504, 0.2149974247035773, 0.2113897120985, 0.20869066768690295, 0.20570837649638238, 0.2030028578541849, 0.1988344701897839, 0.19850351191733195, 0.19698446438364361, 0.1963576619391856, 0.1928893638693768, 0.19241240288576353, 0.18925922938986964, 0.18971459340790045, 0.18719589110949766, 0.18722932672371034, 0.18401810534946297, 0.18408133300102275, 0.18390376242282597, 0.1822530462042145, 0.18127270488311414, 0.18051813963962637, 0.17796123100687627, 0.17857127782443297, 0.17630758112215478, 0.17541287758428117, 0.17566174714137678, 0.17476552983988886, 0.17382424025107984], "val_losses": [0.2622371746794037, 0.25136711642793985, 0.2371760613244513, 0.234713158853676, 0.22521353448214737, 0.21918534325516742, 0.23293659641690875, 0.21526802849510443, 0.211390334950841, 0.2029000857601995, 0.2066170874497165, 0.19779479859963708, 0.19713691622018814, 0.19967108932526215, 0.19334011816460153, 0.19382557726424673, 0.20291267108658087, 0.19719692611176035, 0.1960870328804721, 0.19291450925495313, 0.19167993120525195, 0.19311424215202747, 0.19146410051895224, 0.18834213718124057, 0.18475050090447717, 0.1850131808415703, 0.18496228624945102, 0.18988457127757694, 0.18214882132799728, 0.18657356435837952, 0.18533903263185336, 0.18172572617945465, 0.1887856469206188, 0.1905942449103231], "train_ious": [0.43201593944610545, 0.483121838501614, 0.5087229227782157, 0.5252154084273437, 0.5352874780478686, 0.5458465725507423, 0.552037466560369, 0.558035991815985, 0.5631187366240701, 0.5687710043528804, 0.57369721221967, 0.5813063149866852, 0.5816536865372592, 0.5840713008698346, 0.5856878782851977, 0.591494012462056, 0.5920802024935466, 0.5980675954749617, 0.5970016542444194, 0.6020914700044234, 0.6018091332761276, 0.6076288897598134, 0.6076405191443102, 0.6077289777821387, 0.61096844514427, 0.6124162954156817, 0.6144155629411123, 0.6185878191845141, 0.6166948682048184, 0.6207851677917055, 0.6229837580543499, 0.6220689311191658, 0.6240613607392795, 0.6257175698984362], "val_ious": [0.46680726478065265, 0.4807011106091997, 0.5261521689269855, 0.5231368178906646, 0.5360121763702751, 0.5486748311398685, 0.522730761896009, 0.549831995497579, 0.562725835952206, 0.5750262981307679, 0.5586103788320568, 0.585214583122212, 0.5853446821371715, 0.5814019121985504, 0.5919600500576739, 0.5915927874005359, 0.5768083640630695, 0.5832308835309484, 0.5883152631745823, 0.5960737106160842, 0.5990829556316569, 0.5927144353804381, 0.5958721873120986, 0.6040067022693331, 0.608339999680934, 0.6077278597631317, 0.6089688144300294, 0.603087801432264, 0.6138686956702799, 0.6072579138520834, 0.6063085779331732, 0.6125901052053423, 0.5993053066557732, 0.5939036098079403], "training_time": 912.2790198326111, "avg_gradient": 0.0049668488476720596, "memory_usage": 1396.9375}