{"train_losses": [0.27144900069612526, 0.24521788695584174, 0.23120289401191732, 0.22442779633338036, 0.21731190674978754, 0.21231693928332432, 0.20849744060441203, 0.2066677561758653, 0.20454897618164186, 0.20115376855044262, 0.1986687558338694, 0.19634661305209863, 0.19384177093920502, 0.19239984760465828, 0.19121462463036829, 0.18937460762327132, 0.1883591086320255, 0.18597231610961582, 0.18409429369089397, 0.18313414441502612, 0.18354889847662137, 0.18187265251965626, 0.17926077949612038, 0.17955294048980527, 0.1764698054479516, 0.17594566439156947, 0.17595949947186137, 0.17656392774180227, 0.1732108499854803, 0.1715851963052283, 0.17029193310957888, 0.17216073081869146, 0.169951930642128, 0.17069710086545217], "val_losses": [0.26092053399137827, 0.2677197955224825, 0.2456149510715319, 0.23259052018756451, 0.2180442628653153, 0.21579758466585822, 0.2123872964926388, 0.21416383722554083, 0.21046585848797922, 0.20863476363213165, 0.2136168146262998, 0.198879172620566, 0.20173209257747815, 0.2028347467598708, 0.20541121162798093, 0.20370942840109701, 0.197160462970319, 0.19344668025555817, 0.1937358078101407, 0.1959592644935069, 0.19564497697612512, 0.19148157472195831, 0.18822933506706488, 0.18678794185752454, 0.19562051931153174, 0.18759712933198266, 0.18574290657820908, 0.18544026982525122, 0.1851919011577316, 0.18687966627919156, 0.1892193980191065, 0.19017705677644067, 0.18372112091468729, 0.19239017626513605], "train_ious": [0.4533292008563876, 0.49944615010442084, 0.5235433596847716, 0.5350603558177104, 0.5484458486401085, 0.5556102629642986, 0.5638214421283074, 0.5678120171786223, 0.5714821658920551, 0.5775098842771157, 0.5827860246425953, 0.5863040432441928, 0.5909204033837804, 0.5929709050966344, 0.5957123201502406, 0.5986247103715288, 0.6004799779882467, 0.6049458548642584, 0.6082608377479988, 0.6103137722913768, 0.6091694418826826, 0.6115460486515709, 0.6175021968134073, 0.6160455054563023, 0.6215783081192902, 0.6226104826167007, 0.622875875806895, 0.6217756915459598, 0.6273208222203498, 0.6306195881595645, 0.6323708204039629, 0.6300597454326741, 0.6333157924422322, 0.631540318816036], "val_ious": [0.4769001244634822, 0.4859647703343543, 0.5047603151288585, 0.5233236268378686, 0.5413916197375975, 0.551817825091058, 0.5552545980266902, 0.5559003888696864, 0.5637608742800312, 0.5657633944698004, 0.5516605498134226, 0.5792620661466019, 0.5813033341065696, 0.577843579477158, 0.571520151435465, 0.578249343711397, 0.5811231980721155, 0.5934225111335948, 0.5962816252224689, 0.5889587367790333, 0.590555870446606, 0.5967857604441434, 0.5991642023774162, 0.6074861562338428, 0.5922939513904459, 0.6012505441904067, 0.6105913629998332, 0.6077327069596966, 0.6111302935126898, 0.6101868806973746, 0.6021740671949111, 0.6044572162023488, 0.6120776158312093, 0.6022733994152234], "training_time": 912.4552097320557, "avg_gradient": 0.0028133677602692345, "memory_usage": 1396.9375}