{"train_losses": [0.28020977066910785, 0.25507670074053435, 0.239645812984394, 0.2318773299617612, 0.22559186378898827, 0.21937121272734975, 0.21662735550299936, 0.21387728319867796, 0.21123405578343765, 0.207057213248766, 0.20609293635124745, 0.2038740894716719, 0.2007092550072981, 0.1987997190621884, 0.19887099334079286, 0.195221235813654, 0.19381336236129637, 0.19220567518926185, 0.18971574403669522, 0.1890964367143486, 0.19078552609552507, 0.18559788977322372, 0.18592997859029667, 0.183536846190691, 0.1826137448458568, 0.18084181496954482, 0.1805439296623935, 0.17827364081597846, 0.1801793029450852, 0.17769999980278636, 0.17613069567343462, 0.1752111993568099, 0.17453592497369516, 0.1747275669451641, 0.17236069889496203, 0.1719933319027009, 0.1727361517917851, 0.17046355836741303], "val_losses": [0.28066956996917725, 0.25303813037664996, 0.23921096292526825, 0.23288993245881537, 0.2280516786419827, 0.21818787798933362, 0.2183771000608154, 0.22025174356025198, 0.21419086598831674, 0.21265719863383667, 0.21067695643590845, 0.21086532719757245, 0.20803877063419507, 0.19767864372419275, 0.20138815531264181, 0.1988192929521851, 0.1955019034769224, 0.19332977287147357, 0.19491490268188974, 0.1932978895695313, 0.192076169602249, 0.1931928778472154, 0.19004847498043723, 0.18867813925380292, 0.19048545282819998, 0.18507252892722253, 0.1878732562713001, 0.1823869729819505, 0.1892356279751529, 0.18523678637069205, 0.18447086733320486, 0.18467079200174497, 0.18629609404698663, 0.18589676981386932, 0.183199986167576, 0.1848400445735973, 0.17931436520555746, 0.18355585051619489], "train_ious": [0.4356987357714913, 0.48090956454583705, 0.5091487566630049, 0.5229497070869676, 0.5340398547873982, 0.5452921508770923, 0.5500606619145557, 0.5543160305722898, 0.5603125862561275, 0.5671329860831948, 0.5689582179529943, 0.5722602199277153, 0.5787063158400683, 0.5816753719379938, 0.5820269852444743, 0.5876941729498943, 0.5908633720507659, 0.5935566913930403, 0.5982869121691455, 0.5990953848197842, 0.5965140133124328, 0.6061081927323687, 0.6048140040450338, 0.6092459711151711, 0.6109042945115463, 0.6137401973423752, 0.6145387728685056, 0.6185480519265368, 0.614914211512044, 0.6194290210479414, 0.6222988283936532, 0.6238702239225742, 0.625705417893503, 0.6250787618151612, 0.6287161321311754, 0.6297436451026492, 0.6284631685070367, 0.6324249487640204], "val_ious": [0.4432189027792304, 0.48599362006221986, 0.5154259270731952, 0.5215582152207692, 0.523090827724208, 0.547324518362681, 0.5475677864059157, 0.5409544141612191, 0.5595852682987847, 0.5518670127443646, 0.5661719173624896, 0.5657632765562638, 0.5645524608916132, 0.5821369525747022, 0.5748269141152285, 0.5828914804303128, 0.5867752508408782, 0.5881727657456327, 0.5813929496899897, 0.59174702996793, 0.5921906740337178, 0.5935663028039795, 0.5995293965806132, 0.5990584170904711, 0.5917473066112269, 0.6071219863235087, 0.6039768090282662, 0.6118491272563519, 0.5991610724856887, 0.6081921961428464, 0.6089492457500403, 0.6108534636272901, 0.6051137278909268, 0.604083477370981, 0.608492302721825, 0.6091056805158008, 0.617702343541643, 0.6112363113873246], "training_time": 1013.4816372394562, "avg_gradient": 0.004048302130444623, "memory_usage": 1396.9375}