{"train_losses": [0.2811182670943115, 0.25118523034388607, 0.23529065627118814, 0.226491987462277, 0.2226430231138416, 0.21611639857292175, 0.21223243779462317, 0.2083236528965442, 0.20608472378681536, 0.20429963610418464, 0.2023755690973738, 0.19966356715430383, 0.19711338566697162, 0.19496328634736332, 0.19512017055050188, 0.19254011855177258, 0.19130208448547384, 0.18939609023863854, 0.1874530457932016, 0.1856962772815124, 0.18453443163762923, 0.18403156676694102, 0.18442440745623215, 0.18224097156654234, 0.18106677545153577, 0.18060960547755595, 0.17894847650566828], "val_losses": [0.26066430982040323, 0.23842776307593222, 0.24576918651228366, 0.22856685519218445, 0.21843717959911926, 0.21826687779115594, 0.21055810185878174, 0.20760763145011404, 0.21260293087233667, 0.21012898016235101, 0.20559526072896045, 0.21075864946064743, 0.1997657013328179, 0.19678340236777844, 0.1953447020572165, 0.19403650514457538, 0.19219370996174606, 0.19186827799548273, 0.19053832635931348, 0.19155435652836508, 0.1904237921471181, 0.1857806120229804, 0.1951809107609417, 0.19013624865075815, 0.1872683206330175, 0.18418440449496973, 0.19171486665373264], "train_ious": [0.43631146569912216, 0.48797337322131434, 0.5162442720130734, 0.5314852715726349, 0.5379970956971681, 0.5492469751262578, 0.5562570032164236, 0.5636073196495793, 0.5680595086752505, 0.5718689474506656, 0.5749996302892333, 0.5797396142413649, 0.5843418140666209, 0.588455508476582, 0.5881058477621149, 0.5921165633514736, 0.5945882092675436, 0.5975615739606427, 0.6014717336798056, 0.6046662346284459, 0.6067624299962451, 0.608150381540907, 0.606624741161215, 0.6111330631850422, 0.6131234213817811, 0.6139508969541908, 0.6163302827356517], "val_ious": [0.48209524219450745, 0.5109138664776001, 0.5019429759054943, 0.5221095220118328, 0.5463438435741094, 0.552668238679568, 0.562479991627776, 0.5696757612884908, 0.5583065613240435, 0.5670045005238574, 0.5730623738921209, 0.5701845044243163, 0.5824069704698481, 0.5849133861669594, 0.5885674709427183, 0.5918756051771882, 0.5954918625994006, 0.5932469830132913, 0.5972907035679056, 0.5950359252915866, 0.5964815299148145, 0.6048651646444761, 0.5932784955138748, 0.6004808657411216, 0.603704977294673, 0.6094395796889843, 0.5936567753121473], "training_time": 724.136045217514, "avg_gradient": 0.003551808951306842, "memory_usage": 1396.9375}