{"train_losses": [0.2790237346097179, 0.24964923751742943, 0.23650605142440484, 0.2255594800023929, 0.22168281828255756, 0.216583336662987, 0.21139394807750764, 0.20853980638734673, 0.20737341038234855, 0.20408351541213368, 0.20116068706240342, 0.19937880839342656, 0.1975643000686946, 0.19432024317591087, 0.19318052753806114, 0.19130901619791985, 0.19091241409921128, 0.18891483909733917, 0.1884883977472782, 0.18678033238519792, 0.1836372684363438, 0.18564203907938107, 0.182687530051107, 0.18233603085188763, 0.1800761705507403, 0.1794756801555986, 0.18018240951325581, 0.17735334331898586], "val_losses": [0.27107899409273395, 0.2557492346867271, 0.23315779119729996, 0.21872850021590357, 0.21255577064078787, 0.22600482890139456, 0.2040065705128338, 0.21010093034609503, 0.20244940597078073, 0.20285879010739533, 0.19948945226876633, 0.19340994792140048, 0.19381214937438135, 0.19277216234932776, 0.190530758836995, 0.19534979177557904, 0.18803922702436862, 0.18620167316302008, 0.19044241050015326, 0.1872937863935595, 0.18438117594822592, 0.18811201466166455, 0.18519242852926254, 0.18824588475020035, 0.18447192887897076, 0.1869719702264537, 0.18330091043658878, 0.18582311240227325], "train_ious": [0.44190054944972845, 0.49236764221627677, 0.5145397961841546, 0.5333310862112307, 0.5404305343880601, 0.5503764080180635, 0.5586186824771371, 0.5630657801917497, 0.5671028241083242, 0.5722535832960535, 0.577785724207111, 0.5810249122264595, 0.5835861265119433, 0.588944342797217, 0.5920319783406846, 0.5956817580306012, 0.5960218218573627, 0.5993918946579746, 0.6009767336797885, 0.6031890514212241, 0.6084715112827827, 0.6055887809050255, 0.6111369476370191, 0.6107667628405749, 0.6155273264300994, 0.6162920892778514, 0.6146198957618596, 0.6197659358706161], "val_ious": [0.46678044711766037, 0.4803273091497627, 0.5156919519970381, 0.546718028576478, 0.5503457966058151, 0.5506855031286461, 0.5674009085565374, 0.5683544798605685, 0.5783722912487775, 0.5668642125699831, 0.5795840247385743, 0.5888455469107282, 0.5838360201189483, 0.5865885770839193, 0.5879084681687149, 0.5899810553460881, 0.5983662769414376, 0.602891373893489, 0.5878822926593864, 0.6015944247660426, 0.6063445815141651, 0.6014842259279198, 0.6071197213470072, 0.6032609155644542, 0.6102454861005148, 0.600304921468099, 0.6053503440774005, 0.5986288952222769], "training_time": 747.0963354110718, "avg_gradient": 0.0024981949403131763, "memory_usage": 1396.9375}