{"train_losses": [0.27864461400262686, 0.2537446400231641, 0.24025484798071178, 0.23057703722430312, 0.22630582215345424, 0.21984337853348773, 0.21687707223969957, 0.2128320032649714, 0.21150094473167605, 0.207791355236069, 0.20554618059617022, 0.20361433834161446, 0.20078276292137479, 0.19914805719062037, 0.1970440899224385, 0.19612018440080725, 0.19328607489233432, 0.19342594180742037, 0.19161963649094105, 0.19074610312995705, 0.18939139216166476, 0.18813281959813574, 0.18484011673085068, 0.184897243409701, 0.1846561708042155, 0.18421173087604667, 0.18182915019924226, 0.18083938948162223, 0.1802400629967451, 0.17950488991387512, 0.1774475457875625, 0.1763668650680262], "val_losses": [0.26030368811410404, 0.2487190262131069, 0.22977290723634802, 0.2255007174351941, 0.22035546050123547, 0.2138977834711904, 0.21153398635594742, 0.21102413243573645, 0.2126201996984689, 0.2137861906186394, 0.20494226722613626, 0.20324381473271744, 0.2007275586542876, 0.19575518596431482, 0.19821879494449365, 0.19125355035066605, 0.19058943313101065, 0.19153501579295035, 0.18936837108238883, 0.18575968722934308, 0.18752002230157022, 0.18318630042283432, 0.18555589344190515, 0.18920136178317276, 0.18890628931315048, 0.18204126118317895, 0.18580787272556967, 0.18156658890454666, 0.18410041377596234, 0.18261971000743948, 0.182785218824511, 0.18468841294879498], "train_ious": [0.441126683332107, 0.4844652154361425, 0.5085149351507425, 0.5256418034812247, 0.5338580688542649, 0.5449385471857975, 0.5498445376861782, 0.5577605403419855, 0.5603735815139783, 0.5661660272466101, 0.5708221244099349, 0.5742143168505549, 0.5789738726680694, 0.5822523822063116, 0.5859516187692468, 0.5866197610031004, 0.5923868173166463, 0.5921157707554707, 0.5955754478016624, 0.5973764460371889, 0.5999394189836323, 0.6011654920876025, 0.6069823525630047, 0.607356554896071, 0.6076384424299437, 0.6094620513959207, 0.6122377403620356, 0.6141530760712385, 0.6151663641026915, 0.6169745084168253, 0.620810637385517, 0.6222588398318364], "val_ious": [0.46487816466369486, 0.48032675305570377, 0.5224183540845263, 0.5326807020583013, 0.5393333579751028, 0.5503495784773342, 0.556680165771125, 0.5608553219100704, 0.549455263044523, 0.5505701612303223, 0.5655323057502941, 0.5707302687392718, 0.5718552902124929, 0.5843918524358582, 0.5826010343389235, 0.5942094131656316, 0.5933588594198227, 0.5920688760453375, 0.5978827476501464, 0.6019836199888283, 0.5980160340018895, 0.6068706402312154, 0.6043249169985454, 0.5933930549932561, 0.5987799819828807, 0.6078169224918752, 0.6012430502020795, 0.6100881199042003, 0.6064285482617392, 0.6075970955948898, 0.60624468628911, 0.602915452874225], "training_time": 858.4028279781342, "avg_gradient": 0.005184481005939464, "memory_usage": 1396.9375}