{"train_losses": [0.28140974959925463, 0.2517070007389006, 0.23631600250044596, 0.2293972275827242, 0.22428047324976194, 0.21765356089757837, 0.21396480605978033, 0.2106314535536196, 0.20631085724934287, 0.20645407206662322, 0.2032858015888411, 0.200261564925313, 0.19952426024753114, 0.19577412201982478, 0.19391525488184846, 0.19347684708950313, 0.19174097721343455, 0.19034947527815466, 0.18777828274861627, 0.18805254995822906, 0.18583592740089996, 0.1848224676821543, 0.1827003327400788, 0.18332934760205125, 0.18178859895662122, 0.18095958095205866, 0.1791591215878725, 0.17890279294679995, 0.17817213467281798, 0.17615498051695203, 0.17517170026574447, 0.1767801587348399, 0.17270163948769154, 0.1733766047526961, 0.17101265125624512, 0.17276546666803566, 0.17127349770263486, 0.17029256082099417, 0.16947561073238435, 0.16925757775164169], "val_losses": [0.26445295888444653, 0.24095231553782587, 0.2428289243708486, 0.22330830764511359, 0.22484731965738794, 0.2147472338831943, 0.2050417101253634, 0.20538010674974191, 0.22964022502951, 0.22229599434396494, 0.19806637744540753, 0.20240446989950928, 0.19579437083524207, 0.20013035283140515, 0.19949095372272574, 0.19146203767994177, 0.19221618156070294, 0.19017540209967157, 0.1854011387280796, 0.1904028181148612, 0.19249628678612088, 0.18459571541651434, 0.19622870923384375, 0.18632646066986996, 0.20133169351712518, 0.1820784664672354, 0.18879699609849765, 0.1819340573704761, 0.18155024200677872, 0.18207528960445654, 0.18132367600565372, 0.17846886360126993, 0.18445630403964416, 0.18120144501976346, 0.1842820670293725, 0.1818478758568349, 0.1797533660479214, 0.17548961386732434, 0.17655264974936194, 0.18207432070504065], "train_ious": [0.4314323020688974, 0.48677485943704374, 0.5153891609144816, 0.5253705314859964, 0.5342704452358297, 0.5466712683817183, 0.5541344273673452, 0.5601097101318665, 0.5674067901960319, 0.5671736525128719, 0.5733892603952819, 0.5780295325794079, 0.5802755547498446, 0.586452446985936, 0.5893874789817611, 0.5906942918140817, 0.5940735015640225, 0.5962898370040498, 0.6005622026497038, 0.6004584317190055, 0.6043416100243724, 0.6066555658328358, 0.6105063777902853, 0.609472870880711, 0.6117753231547016, 0.6125729005189912, 0.6165301352199438, 0.617133541815523, 0.6181794025975725, 0.6215711657119835, 0.6233020767137624, 0.6206985304429047, 0.6283155087435588, 0.6263710178326868, 0.6300067668375757, 0.6278071418080643, 0.6301518092876754, 0.631661954133407, 0.6338849091443464, 0.6342754224720207], "val_ious": [0.4681902678980343, 0.5034306489902994, 0.49786010762487637, 0.5343395290167438, 0.5307777593101282, 0.5502125916705615, 0.570072396725848, 0.5725436407154884, 0.5206591303365817, 0.5270388020553449, 0.5840866665045421, 0.5758426013416138, 0.5874405172855957, 0.5801073507122372, 0.5783575317565947, 0.5933552855166836, 0.5955990198729694, 0.5932156802087593, 0.6047000433655753, 0.5991787247467731, 0.5957073381413585, 0.6054848855820255, 0.5939098581455755, 0.6021195701930834, 0.5827170288649159, 0.6145258930282317, 0.5987425204636395, 0.6119620203971863, 0.6163709811542344, 0.6133758086657177, 0.6144537692484648, 0.6201826852300893, 0.6150812774464705, 0.6114882055831994, 0.6148086833781092, 0.6153048918299052, 0.6182914412971856, 0.6262898261564366, 0.626507683508638, 0.60961716654508], "training_time": 1069.1336755752563, "avg_gradient": 0.004247328580283089, "memory_usage": 1396.9375}