{"train_losses": [0.2768106260539397, 0.24986743740737438, 0.23857211078638615, 0.22657581491638784, 0.22198641721321188, 0.21709107866753702, 0.2141841707508201, 0.20859758021390956, 0.20755440928041935, 0.2040832291316727, 0.20208783666400806, 0.2003159178825824, 0.1966578039624121, 0.1956703712272903, 0.19604971794330556, 0.19283603488103204, 0.19113960351956927, 0.18795203012616737], "val_losses": [0.2670003810654516, 0.24789247629435165, 0.23218655910180963, 0.2210259269113126, 0.2274031959798025, 0.21358675898417182, 0.2133515846470128, 0.20450193694104318, 0.20670877785786337, 0.20460752527350964, 0.2002377063035965, 0.2044662784623063, 0.19613393590502118, 0.19990707124057022, 0.1977910098174344, 0.20655395446912103, 0.1909510629332584, 0.21347549654867337], "train_ious": [0.44233702998304697, 0.49021886561767813, 0.5111996578727512, 0.5314193150919418, 0.5408546327194873, 0.5491409720448047, 0.5532678702873163, 0.563920612487456, 0.5653470214186372, 0.571810348202353, 0.5754470300955185, 0.5793820248133895, 0.5854095640605774, 0.5866433227623717, 0.5867643161420376, 0.5925671780023026, 0.594594408744487, 0.599900318012721], "val_ious": [0.46296215392109275, 0.4988677930356801, 0.5222696738614553, 0.5360395693476648, 0.5316603018537812, 0.5519768125984978, 0.5545806321113006, 0.5693731100662894, 0.5615643686142522, 0.5681576767693396, 0.5771681778672813, 0.5745445902364843, 0.5845792084068491, 0.5808886935313543, 0.5811022669076918, 0.5643663522989855, 0.5979697646006293, 0.5654075430787128], "training_time": 482.7935571670532, "avg_gradient": 0.0038714969591279566, "memory_usage": 1396.9375}