{"train_losses": [0.28318028921342414, 0.25146515877998393, 0.238643287235628, 0.2316646829409444, 0.2236223522087802, 0.21786482097662013, 0.21285399697397067, 0.2095884530926528, 0.2069299837331409, 0.2044956237077713, 0.20310014040897723, 0.19878836235274439, 0.19856727714447872, 0.19714975753880065, 0.19501170022008213, 0.1917745984442856, 0.19119556126711162, 0.18904229674650275, 0.18627535462703393, 0.18691608212564303, 0.18567627927531366, 0.1836636583928181, 0.18085583882487338, 0.18155649336783783, 0.1810015576041263], "val_losses": [0.2740452419156614, 0.2555994174402693, 0.23238996545905652, 0.24552786479825559, 0.22023860267970874, 0.21650591687015866, 0.21288477758998456, 0.20921832128711368, 0.20540523107932962, 0.20750312863484674, 0.20495073302932407, 0.20482508125512497, 0.19900472073451334, 0.19481219156928684, 0.19880862469258515, 0.1959052691641061, 0.19195449093113776, 0.1942190268765325, 0.19322145697863205, 0.18502326633619226, 0.18714765426905258, 0.18754583176063455, 0.1844713331564613, 0.1898636127943578, 0.20848377923602643], "train_ious": [0.43257395461399084, 0.4874905303012634, 0.5095514513390219, 0.5238891934193127, 0.5363020879364963, 0.5463809575345637, 0.5555240733522006, 0.5616673711633338, 0.5662691340498306, 0.5714503139041474, 0.57340424389079, 0.5819883472353652, 0.5815825233964815, 0.5850919270213101, 0.5876849387650903, 0.5938430564559023, 0.5952080846696657, 0.5983817793320916, 0.6030281994329847, 0.6018366969150047, 0.6045854501966113, 0.6086123952831044, 0.6128131543164668, 0.6125232595680415, 0.6135033302117086], "val_ious": [0.45364573705887457, 0.4840018093801927, 0.5171307285410771, 0.5138209552868552, 0.543792309752409, 0.5460918331923693, 0.557654889597409, 0.5547714648039445, 0.5646685085434845, 0.5706160621366638, 0.5712307501530303, 0.5682157912979955, 0.5723407218853631, 0.5921650338863983, 0.5842571990645449, 0.585114917029505, 0.5942961139523464, 0.5842838073554246, 0.5930839884972225, 0.6041164015946183, 0.6031557269718335, 0.6042552756658498, 0.6074383347362711, 0.6004078040520351, 0.5698216099669969], "training_time": 670.3693594932556, "avg_gradient": 0.006297200952887292, "memory_usage": 1396.9375}