{"train_losses": [0.2778468719157188, 0.24810906831660998, 0.23494696641421836, 0.2278622333770213, 0.22375012658860371, 0.21861834815986778, 0.21474863532120766, 0.21010768826565016, 0.20769139079620008, 0.20370684766575045, 0.20343989206720953, 0.20108805621123832, 0.19790253731543603, 0.19467954337596893, 0.19365071780655696, 0.19111646541758723, 0.18986817740875742, 0.18788151070475578, 0.18676557521457257, 0.18602293462533018, 0.18441683199742567, 0.18330634741679483, 0.18349109112244585, 0.18203219334068504, 0.18070918532169383, 0.1789617866439664, 0.1778547622911308, 0.17799207470987155], "val_losses": [0.26916352076374966, 0.23976255629373633, 0.2451323947828749, 0.2278137573081514, 0.2204968229584072, 0.22394176993681036, 0.21153812563937643, 0.21574556147274765, 0.2137762104039607, 0.21242789891750916, 0.2018406086641809, 0.2106222866669945, 0.19917273100303567, 0.20252501802599948, 0.19222073872452197, 0.19512255198281744, 0.19296657099671985, 0.1875084567329158, 0.18868178971435712, 0.19266315841156503, 0.19132246336211328, 0.19453056189029114, 0.18996517036272131, 0.18922180520451587, 0.19058510855488156, 0.19281999086556229, 0.18722987693289053, 0.2048305891778158], "train_ious": [0.44199074268091365, 0.4932022539331863, 0.5181379014275215, 0.53101314485505, 0.538497181825232, 0.5470039731404488, 0.554048114091806, 0.5614755770218544, 0.5666732151277258, 0.5737842990328439, 0.5738253049768401, 0.5791555153934851, 0.5845055102870085, 0.5900134371350642, 0.5925031071123871, 0.5969210177983926, 0.5989687163652717, 0.6019468293997685, 0.604226147297068, 0.6056756430130072, 0.6085474637971408, 0.6099724509901759, 0.6112392563642797, 0.612632341089024, 0.6147702319034632, 0.6178979258174484, 0.6199972546402958, 0.6197090468004994], "val_ious": [0.4610098417902338, 0.508720279711744, 0.5105973573914471, 0.5196480042692544, 0.5419665285642595, 0.5398690203825635, 0.5579024304946264, 0.5450032809074373, 0.5504379747570425, 0.5613314839808838, 0.5729747984720313, 0.5596073587303575, 0.5761799207632095, 0.5782816716726278, 0.5874240080947462, 0.5866809271383976, 0.5893515143273533, 0.5986806584009227, 0.598108920282212, 0.5901851999586905, 0.5970642445743944, 0.5800624854754709, 0.5953763680181641, 0.5949436568695566, 0.6009303659632587, 0.592929856068846, 0.5984497340261073, 0.5710943494585977], "training_time": 747.3559904098511, "avg_gradient": 0.0026279363740558653, "memory_usage": 1396.9375}