{"train_losses": [0.2828356643085894, 0.25605262670180073, 0.24161396685825742, 0.2329244203865528, 0.22649669598626054, 0.22177845782235914, 0.21850698603236157, 0.21356895209654517, 0.21011204070047193, 0.20710486076448276, 0.20469522727248463, 0.20227606400199558, 0.20033499817161457, 0.19664562096738297, 0.1950204014454199, 0.19373949932987275, 0.1923703864702712, 0.19082711223998797, 0.18912298054150914, 0.18785483624948107, 0.18649297037526316, 0.18637475071717863, 0.18431434051498122, 0.18391109808631564, 0.18166589267227962, 0.18210346041166264, 0.18040747454632883, 0.18095444264295307, 0.17893922466622747, 0.17566875829968764], "val_losses": [0.2703764202154201, 0.25024159803338675, 0.2335403911445452, 0.2329167046624681, 0.2233290724132372, 0.2320464428352273, 0.2147542183165965, 0.21698556905207428, 0.2163749019736829, 0.20831212012664133, 0.20630190942598425, 0.20351168934417807, 0.20302172879809918, 0.20230083491491235, 0.19857882902674054, 0.1918797272702922, 0.19784306248892908, 0.20190375427836957, 0.19288341862999875, 0.20162967398114826, 0.19091554536767627, 0.18717100989559424, 0.1888837338141773, 0.19135045195403305, 0.1852845750425173, 0.18099410086870193, 0.18465278362450394, 0.18084405427393707, 0.18032417446374893, 0.19513253802838532], "train_ious": [0.43369202084916975, 0.47720039114895946, 0.505020783134345, 0.5220222021520573, 0.5336223314583737, 0.5401470509182281, 0.5469614346984072, 0.556362248795188, 0.5616466302316688, 0.5678590571750761, 0.5721113490129729, 0.5771438800662324, 0.5803098721780638, 0.5863376358604948, 0.5888118681808312, 0.5918501472451547, 0.5943042766032873, 0.5977799572266529, 0.6002920702423737, 0.6022489388891755, 0.6044466415069238, 0.605320465305577, 0.6092401024871975, 0.6100415768290781, 0.613444291325151, 0.6129212086291418, 0.615657715693764, 0.6152117548753386, 0.6179850833571475, 0.624213214477767], "val_ious": [0.4581660013915836, 0.49169850263042725, 0.5160792863023455, 0.5204317522221718, 0.5366004755099614, 0.5317604455395021, 0.5564289341370265, 0.5482970573331997, 0.5540689383296, 0.5673417420922847, 0.5692611045163611, 0.5714024506185368, 0.5795246077620465, 0.5684834016837934, 0.5822785812011664, 0.5941096894119097, 0.5808369953563248, 0.5807949481666953, 0.592763034329898, 0.5892681723487552, 0.589797544522562, 0.603938578263573, 0.5993785672429678, 0.5943921381148738, 0.6093349903821947, 0.6111068224561387, 0.6107029143882836, 0.6147404265576515, 0.6116664802682574, 0.5878852398499198], "training_time": 802.6083407402039, "avg_gradient": 0.003998196499223526, "memory_usage": 1396.9375}