{
  "train_losses": [
    0.2812976540754671, 0.25243300782597583, 0.23952946010167184,
    0.22995001134341178, 0.22263230990780436, 0.217719462254773,
    0.2140793665919615, 0.2111045407212299, 0.20870320361269556,
    0.20601561365892057, 0.20385573812476968, 0.20027790016130262,
    0.19819642846351085, 0.19829933960800586, 0.19560184030105238,
    0.1925606434435948, 0.19163816195467245, 0.19001128289686597,
    0.18942294099732584, 0.1878142113108998, 0.18773854734457057,
    0.18546741941700812, 0.1837122516463632, 0.1819222976818033,
    0.18145712772789208, 0.1816463737708071, 0.18019854212584702
  ],
  "val_losses": [
    0.2700967604051466, 0.23915256268304327, 0.23233690210010693,
    0.22843387334243112, 0.2192406686751739, 0.2169269401094188,
    0.21648093053828116, 0.2181242837206177, 0.2068489585881648,
    0.20921527140814325, 0.2111797031501065, 0.20364199254823767,
    0.20832778157099432, 0.20317656676406445, 0.19705565889244495,
    0.19354333015887634, 0.19148192749075268, 0.1975792795419693,
    0.1919555939410044, 0.1948529763714127, 0.189023666407751,
    0.18449233666710232, 0.18987286544364432, 0.18252289489559506,
    0.1891402278257453, 0.18365183310664218, 0.19575764174046723
  ],
  "train_ious": [
    0.43582697666526016, 0.4854012865411197, 0.5101402555524872,
    0.526790863604865, 0.5389666475247645, 0.5483320289277944,
    0.5543976247148666, 0.5598465919332662, 0.5650336323440935,
    0.5696308543716649, 0.5731958555516555, 0.5795580927228585,
    0.5828245505690575, 0.5829505505769145, 0.5883425416937771,
    0.5936161688920383, 0.5948049332136693, 0.5972739581720554,
    0.5987595991379973, 0.6022474458036217, 0.6018162669371003,
    0.6063550666406535, 0.6092976372742998, 0.6123960443057007,
    0.6127497985743096, 0.6134665694789613, 0.616227263557738
  ],
  "val_ious": [
    0.4523693393322006, 0.510537245027397, 0.5240029529600904,
    0.5282383771694225, 0.5458339683819509, 0.5418129187563191,
    0.5472013852086619, 0.549855913049069, 0.5613680170929951,
    0.5639138661216999, 0.5523756682008937, 0.5655272366560024,
    0.5666843037242474, 0.5777985961108967, 0.5801249317068984,
    0.5904532005821449, 0.5934047824230748, 0.577866832415263,
    0.5948278195616128, 0.5886351947767147, 0.5980131187732669,
    0.605252068111862, 0.5918793937434321, 0.6083932713322018,
    0.593145001841628, 0.6081462208775509, 0.5914977613998496
  ],
  "training_time": 720.1855306625366,
  "avg_gradient": 0.0038551645454901573,
  "memory_usage": 1396.9375
}
