{"train_losses": [0.28307219457043253, 0.25482350336792675, 0.24114709857689298, 0.23332502943990024, 0.22722662628992743, 0.22199189298502778, 0.22300175893241944, 0.21789155212109504, 0.21379149259756441, 0.21293777640423048, 0.2089477963745594, 0.2077441724908093, 0.2054435670699762, 0.20375801226043183, 0.20151815077532892, 0.19967912647711195, 0.19823797095728957, 0.19661184335532395, 0.19443977567488732, 0.1933851409703493, 0.19220864351676858, 0.19069882036875124, 0.18964757883678313, 0.18784198642748853, 0.1873546240284391, 0.185064643378491, 0.18499886989593506, 0.1845740642722534, 0.18268064085556113, 0.18100012895529685, 0.1807839002298272, 0.18078049142723498, 0.17954206628643948, 0.17971077407507793, 0.17662283000738724, 0.17633791275970315, 0.17583919608074686, 0.17444795750729417], "val_losses": [0.2595791165595469, 0.2777981651218041, 0.2518443539738655, 0.23466577056957327, 0.2319383873887684, 0.22256412292304245, 0.2211358388480933, 0.22366554322450058, 0.22061384760815164, 0.2099388008532317, 0.20755095002443893, 0.2109599787255992, 0.20800753780033276, 0.20274767409200253, 0.2037503797075023, 0.21028270961149878, 0.20081383443397025, 0.19707628436710523, 0.1964573636651039, 0.19548230747813763, 0.1940577862703282, 0.20504862782747849, 0.1917144983359005, 0.19012293187172516, 0.1909069286092468, 0.19150380239538525, 0.19547263824421426, 0.1891177902403085, 0.1901712861397992, 0.19180655479431152, 0.18725018527196802, 0.1851085317523583, 0.18710912116195844, 0.18361401979042136, 0.18730225090099417, 0.1911342960336934, 0.1830008525563323, 0.19358355713927228], "train_ious": [0.4322395607250392, 0.48011819251637533, 0.5064380453980488, 0.5208744682587575, 0.5320158386737969, 0.5414137380818527, 0.5394224106347649, 0.5493755094383074, 0.5559536559048338, 0.5575887314111426, 0.5651548593372538, 0.5666753943415656, 0.5703182008819307, 0.5741881982463858, 0.5784792521077651, 0.5810760953396127, 0.5838504311885092, 0.5873609725115958, 0.5913482859082845, 0.5928073136162929, 0.5948964716947597, 0.5975319730738796, 0.5994946521477426, 0.6024774217411225, 0.6036717527802437, 0.6081944363920588, 0.6082546495549058, 0.6088691912591456, 0.611718818113424, 0.6141877870304863, 0.6154764261690601, 0.6150149847718253, 0.6177807208420573, 0.617482961087987, 0.6220723953691948, 0.6229122594754763, 0.6248408153761125, 0.6265268068814622], "val_ious": [0.4728630497187807, 0.4441684093596279, 0.48068850271511776, 0.5211858586340711, 0.5141245574838874, 0.5317099455042161, 0.5365117588552873, 0.541114854099958, 0.5447817600291709, 0.5560001834579137, 0.5636661336689756, 0.5517875517624011, 0.5650778868492098, 0.5723557110497915, 0.5720008246708607, 0.5653835971286332, 0.5741849215566248, 0.5842763662770173, 0.5871269702911378, 0.5839170690463935, 0.5895602804595146, 0.5689838815858398, 0.5938374052445095, 0.5971964081560355, 0.589457439555638, 0.5926232862731684, 0.590014733914016, 0.601557003631108, 0.5928361813227336, 0.5954776773418204, 0.6034974976294283, 0.607052245001862, 0.6011520105859507, 0.6080324813939524, 0.6023266030394513, 0.5981117530145506, 0.6136487188978471, 0.5950609298719877], "training_time": 1015.6048355102539, "avg_gradient": 0.004164151083158042, "memory_usage": 1396.9375}