{"train_losses": [0.2846359302816184, 0.2548458572153164, 0.24434320742021437, 0.23491320678073427, 0.22931453731396925, 0.2233150412692972, 0.21939833915751913, 0.21711616088514743, 0.21084646346128505, 0.21070034154083417, 0.20711505162003246, 0.20514053559821585, 0.20300681127802186, 0.2002561705429917, 0.1984398407942575, 0.19566095758067525, 0.19498821623299434, 0.19364989670398441, 0.19222934406412684, 0.19120222006155096, 0.1883222418634788, 0.18784386939976527, 0.1874296766422365, 0.18555017722689587, 0.18465325495471124, 0.1826989411011986, 0.18218300783115884, 0.18019031806160574, 0.17965197498383728, 0.1793668075748112, 0.17890896810137707, 0.17889867650102015, 0.17638904609433984, 0.17596342714260454, 0.17514793437136256, 0.17475593494980232, 0.1732139772857013, 0.174732423265991, 0.1712745714770711], "val_losses": [0.2616904377937317, 0.24235731006964392, 0.25494517645110254, 0.2515783442751221, 0.2216301848706992, 0.21823925006648767, 0.21862156624379364, 0.21890629860370056, 0.20696820059548254, 0.21590084291022757, 0.20545827726955, 0.1985825935135717, 0.19745569319828696, 0.20477183681467306, 0.1928017916886703, 0.20856897144213968, 0.19341528610042905, 0.19358394845672275, 0.19075810455757639, 0.1881696364801863, 0.1915559321641922, 0.18517695756062216, 0.1827538016697635, 0.18316622564326163, 0.1849786788225174, 0.1857428544241449, 0.18447274617526843, 0.18262155224447665, 0.1804168535315472, 0.18005694189797278, 0.18403655258209808, 0.18131371360758078, 0.17866524568070535, 0.17686996900517007, 0.1784653372090796, 0.17841027903815973, 0.17990234882935233, 0.1767200574926708, 0.19200332300818485], "train_ious": [0.4309577654072409, 0.4800745824864809, 0.4998867624047877, 0.5171243913903616, 0.5273490971953106, 0.5388826193368952, 0.545045506209135, 0.5500376820024373, 0.5606490111221438, 0.5607618832339845, 0.5666276822811451, 0.5714995370286963, 0.574908811059119, 0.5794093468482943, 0.5828841226040453, 0.5885503658673905, 0.5890017339176887, 0.5914602592263536, 0.5932373489806617, 0.5951532955834834, 0.6010593990592852, 0.6020331984736783, 0.6023639865975448, 0.6055873666984446, 0.6067560655267341, 0.6110564211140505, 0.612434429319009, 0.6148417956479215, 0.6159720440813599, 0.6165567153821823, 0.6182697304672954, 0.617364722479513, 0.62209416763938, 0.6224253319635773, 0.6240473538097262, 0.6246788919619896, 0.6278630733166054, 0.6250812645623648, 0.631093899408976], "val_ious": [0.4661623003042265, 0.5042709879901098, 0.4745863440676013, 0.48848967513312463, 0.5354359412322873, 0.5460488275773282, 0.5337009328430978, 0.5447071771258893, 0.5632363205802612, 0.5558149422640385, 0.571161373153977, 0.5835063960673152, 0.5794014015059539, 0.5714494440218676, 0.5889754839565444, 0.577759994868783, 0.588856886478438, 0.5879403022320373, 0.5973744753046313, 0.5984043794265693, 0.5888603457074234, 0.6058582495088161, 0.6108604069205299, 0.6089304990094642, 0.6035750296668728, 0.6034827988216841, 0.5993642178566558, 0.6099438343359076, 0.6142392404701398, 0.6142473026462223, 0.6074149450962095, 0.6096237794212672, 0.6145049067942993, 0.620076385745104, 0.6150648729956668, 0.614637033878893, 0.6151591208965882, 0.6206589218067089, 0.5970312067563983], "training_time": 1065.9509468078613, "avg_gradient": 0.004119267363405762, "memory_usage": 1399.4375}