{"train_losses": [0.28491204061909864, 0.25414623166232003, 0.23866528321219527, 0.23022778405119543, 0.2240090921683156, 0.21864089143017065, 0.21482506151432576, 0.2121957740543977, 0.20769896058608656, 0.20625619323033353, 0.2041668804443401, 0.2006455433919378, 0.19765157641276068, 0.1986570461936619, 0.19450524570825306, 0.19238735516758068, 0.1911331909182279, 0.19068410652487175, 0.18897529359421003, 0.18712470664278322, 0.18604312966699185, 0.18534721628479336, 0.18451280470775522, 0.18342487813661928, 0.18212296611264997, 0.17997759718285955, 0.18061547532029773, 0.17693717024572517, 0.17798219313440117], "val_losses": [0.26717104795186414, 0.2434566043641256, 0.2423122547890829, 0.2316084983556167, 0.22221396993035855, 0.21670947385870892, 0.21222241611584372, 0.21188203148219897, 0.21312566328307855, 0.20219523686429727, 0.20713270293629688, 0.20554512577212375, 0.1996524612540784, 0.2039415133388146, 0.19620263220175452, 0.20118267153916153, 0.19284206434436466, 0.1999500487809596, 0.19005705189445746, 0.19466701020365176, 0.1990178162636964, 0.18740392379138782, 0.19184808206299078, 0.1835942368792451, 0.187108323301958, 0.18270460192276083, 0.18787713640409967, 0.18487421196439993, 0.18798423331716788], "train_ious": [0.4340902605377464, 0.4822418486996405, 0.5095741361433614, 0.5265089968300384, 0.537102055101507, 0.5468946505283965, 0.553074273429271, 0.558763044467871, 0.5659688666894817, 0.5686708488164172, 0.5720562020829622, 0.5785143862923846, 0.5838026928620925, 0.581844161386075, 0.5889138269467631, 0.5936825577763544, 0.5953280357778935, 0.596044563890799, 0.5997361920342063, 0.6027505200194276, 0.6045795262831709, 0.6055652011131895, 0.6070236700816433, 0.6091547044722931, 0.6109613931157452, 0.614840764282406, 0.6142035598556201, 0.620434403581464, 0.6191539856726709], "val_ious": [0.4681284964300585, 0.5012661487511967, 0.49096491932868963, 0.5246491620074146, 0.5342372732533925, 0.5528559660997943, 0.5563775117414586, 0.5598673032245773, 0.5617289895164795, 0.57580174808053, 0.5722064475218456, 0.5634352569130884, 0.580031917794891, 0.5764377495084984, 0.5826417289782263, 0.5791171536497448, 0.5955120132885118, 0.5787243657353993, 0.5976242911124576, 0.5898407019566798, 0.5778530350197917, 0.6027440307796864, 0.6017261404490125, 0.6102077822754349, 0.6033106880343478, 0.6109682014886884, 0.5964944109968517, 0.6084595216789106, 0.5962758280228878], "training_time": 776.0129883289337, "avg_gradient": 0.003646123596998054, "memory_usage": 1396.9375}