{"train_losses": [0.2804995509593383, 0.2524836904004864, 0.24274748369403507, 0.2311342044369034, 0.22411130959896938, 0.21948671073693296, 0.2159314175824756, 0.21351708641842657, 0.20962109384329422, 0.20745514681481797, 0.20432480278870332, 0.2009357517666143, 0.19874638667249162, 0.19660213759735876, 0.19516632333397865, 0.1927963631308597, 0.192294932577921, 0.19154066381895024, 0.18761565698229749, 0.18752001477000507, 0.1872236533495395, 0.18460427176045335], "val_losses": [0.25673172234193137, 0.24426599721545758, 0.24184952093207318, 0.2217530093115309, 0.22473213983618695, 0.21922921842854956, 0.21269165756909744, 0.21678739948117215, 0.2036159760926081, 0.20658828350512878, 0.2081807696301004, 0.19681573270455652, 0.194283501609512, 0.19694374858037286, 0.1922072930180508, 0.19879703709612723, 0.19078193378189337, 0.19104531310174777, 0.19552978678889896, 0.1862273796097092, 0.18440667475047318, 0.19455411058405173], "train_ious": [0.4373420951752988, 0.4842035083937041, 0.503712245816554, 0.5236787852169813, 0.5365015600902449, 0.5447873299050591, 0.5510817204696546, 0.5552123170076072, 0.5627190181040679, 0.5665934557716051, 0.5719045265645218, 0.5779510238680284, 0.5825316922172254, 0.5861838123072749, 0.5889494463909365, 0.5927517773664517, 0.5936848254523419, 0.5947825516695562, 0.6013083778105781, 0.6024015462160976, 0.6024764181263205, 0.6069058150161001], "val_ious": [0.4694926492545917, 0.5011176172157992, 0.5135968072690824, 0.5398219260184662, 0.5366170803705852, 0.5341137978045836, 0.5575250035178834, 0.5479013669318048, 0.5692927668923917, 0.5520903515642968, 0.5580448853796807, 0.5865906779316888, 0.5926373667907023, 0.5878391531498536, 0.5908102771078331, 0.5811606189910915, 0.5936850996121117, 0.5974519516246907, 0.5902120902918384, 0.6056300675955371, 0.6044910997152327, 0.5778778482606443], "training_time": 590.0246901512146, "avg_gradient": 0.003947687885253292, "memory_usage": 1396.9375}