{"train_losses": [0.2800179705347704, 0.25569474648522295, 0.24082253387440805, 0.2321408423392669, 0.22329786541345326, 0.2186688242237205, 0.21299688655721105, 0.21074432806800242, 0.2064632366856803, 0.20474167589260184, 0.2012968624577574, 0.1987757010628348, 0.19744283066171667, 0.19629009408147438, 0.19435431954005492, 0.19179998905114506, 0.1905360356297182, 0.18881297281578832, 0.1869426210127447, 0.1864123194599929], "val_losses": [0.26364710343920666, 0.2469418259418529, 0.23256841431493344, 0.2321341261267662, 0.22539367591557297, 0.21684168570715448, 0.21982383371695227, 0.209529802851055, 0.20714620986710425, 0.2169433297670406, 0.1978630209746568, 0.20084027686844702, 0.20202507078647614, 0.1987747780006865, 0.20186957716941833, 0.19310747734878375, 0.18936664416738178, 0.19330409104409424, 0.19074050434257672, 0.21748366498428842], "train_ious": [0.44053904121012794, 0.47936870176615065, 0.5054526168421127, 0.5226130442882794, 0.537600221004391, 0.5451877583088219, 0.5556198873327693, 0.5593494002207899, 0.5677481515576013, 0.5711860079588236, 0.5762751399390941, 0.5815434281484803, 0.5839152888975283, 0.5861427572866282, 0.5890681404566422, 0.5945002044132657, 0.5963066204086594, 0.5995668378537116, 0.6027177803326342, 0.6038530229226404], "val_ious": [0.4571122282549091, 0.499887864658798, 0.522984849586003, 0.5301779766661534, 0.5301714036343753, 0.5409088442506998, 0.5503539395505104, 0.5526537830414978, 0.5684782324925712, 0.5446421900305194, 0.5845890086198198, 0.5712441987749459, 0.5776530808728675, 0.5841546594232752, 0.580387892714445, 0.5929705904445784, 0.5926043913848159, 0.5954570141823395, 0.5954128769428834, 0.5419361772744553], "training_time": 535.9171907901764, "avg_gradient": 0.004174290568379177, "memory_usage": 1396.9375}