{"train_losses": [0.28503923587824986, 0.25814787954415963, 0.24284315473683502, 0.23420895312143408, 0.22638618759810925, 0.2233404353584932, 0.21836552817536437, 0.21416588411059068, 0.2093454800222231, 0.20713437648247118, 0.20562525474182938, 0.20460964026658432, 0.20111392325033312, 0.1976699684139179, 0.19663833033131517, 0.19540234266415887, 0.19446799734040446, 0.19332829401220963, 0.1914790388520645, 0.19002480205634367, 0.188170678022763, 0.18794410076478255, 0.1849353293199902, 0.18425659155068191, 0.18549944039272226], "val_losses": [0.26407817815956863, 0.2481305858363276, 0.2394402370504711, 0.24116392271674197, 0.2287879378899284, 0.2185697140900985, 0.22409149388904157, 0.21028409282798352, 0.2088355114278586, 0.21368393269569977, 0.23557171776242877, 0.20874591949193375, 0.20371736715669217, 0.20138705262671347, 0.1962963689280593, 0.19483555723791537, 0.20026081087796585, 0.19746182373036508, 0.1993315404523974, 0.19353300106266272, 0.19271576469359192, 0.20439339331958606, 0.18955466442781946, 0.19104307306849438, 0.19736049356667892], "train_ious": [0.42809866288817433, 0.47530663002660295, 0.5014964150183872, 0.517371232661864, 0.5322214226251923, 0.5387006489209079, 0.5471379865986713, 0.5547182413115019, 0.562732587635949, 0.5667113470102567, 0.57061051507143, 0.5717576698440573, 0.5775642409596753, 0.5836009095436423, 0.5857197760563829, 0.5883839350679647, 0.5899394993548809, 0.5927969683771543, 0.5953128717407802, 0.5974836937975193, 0.60146612080111, 0.6016294854706615, 0.6068033255312756, 0.6081470863866635, 0.6063598646525885], "val_ious": [0.46462549603935593, 0.48579395141290577, 0.5073482345627702, 0.5137640896482744, 0.5337456052286038, 0.5467196839011234, 0.5326047537551409, 0.5556109859675601, 0.5671191785646522, 0.5500884069048839, 0.5255097157281376, 0.5629010720961335, 0.5737292690985445, 0.5716981706411942, 0.5841708459715911, 0.590179343154465, 0.5802197758702263, 0.5813196249630139, 0.5835368445386058, 0.5947470464136291, 0.5963147340909294, 0.5764621530753978, 0.6022457031236178, 0.5992887225272, 0.5841158315323401], "training_time": 668.070062160492, "avg_gradient": 0.0020525557233241217, "memory_usage": 1396.9375}