{"train_losses": [0.28207745686497376, 0.25302468143079593, 0.23960738207982935, 0.22921665296282456, 0.22219986209402914, 0.2176110121704962, 0.21397667442974838, 0.20982301672515663, 0.2056080784810626, 0.20345584578488185, 0.2005665478013132, 0.19798016361892223, 0.1961592701466187, 0.19436899653595427, 0.19260845503405385, 0.19134731963276863, 0.18850334312604822, 0.1877629182746877, 0.18816529813668, 0.1846488435631213, 0.18506544755528803, 0.18185331089341122, 0.1812557781358128, 0.18340329396659913, 0.17913586322380148, 0.17889235403550707, 0.17658137708254482, 0.17754345873127814], "val_losses": [0.2656774310314137, 0.24480023299870285, 0.23205124522032944, 0.22888780612012613, 0.22598253158123596, 0.2091934998398242, 0.20881388465995374, 0.20509636240160983, 0.20100916274215863, 0.20156405639389288, 0.20508053801629855, 0.1962182583368343, 0.19769775219585584, 0.1921218986744466, 0.20703950427148654, 0.1898442241160766, 0.19152567082125208, 0.1862580941423126, 0.18846162667740946, 0.18445428881956183, 0.18448161366193191, 0.18226327228805292, 0.1846886555785718, 0.18530181277057398, 0.18213172256946564, 0.18215227872133255, 0.18703229304241098, 0.1897667967106985], "train_ious": [0.4350211322273842, 0.48422109956542647, 0.5094102483674664, 0.5279415239836426, 0.5395022121028622, 0.5469966419581054, 0.5546019366146, 0.5618593151262704, 0.5684184478730828, 0.5743568558515845, 0.5782062952285226, 0.5828530720394589, 0.5865734546728756, 0.5897112062227895, 0.5932691352630871, 0.5946588763508244, 0.5997495159398819, 0.6016158049629219, 0.6010920093327329, 0.6074001216802046, 0.6063792214229486, 0.61200675935201, 0.6132665171247461, 0.6105068240152753, 0.6170592828505278, 0.6176631521919501, 0.6219509552786313, 0.6198508173659227], "val_ious": [0.4602813901028771, 0.4943297678145811, 0.5077340721652126, 0.517624577642351, 0.5402441134919291, 0.5624079224856003, 0.560295710745065, 0.5690360039040662, 0.5751890302568243, 0.575170397542525, 0.5705558258122293, 0.5875688324803889, 0.5844401475312054, 0.5923071961472, 0.5818294502686762, 0.5933032044465991, 0.5954595128263253, 0.6019437300122304, 0.5960161528293639, 0.6056953824084738, 0.6060553888479868, 0.6067431951346606, 0.6049579565507777, 0.6041405468747237, 0.614042691130569, 0.6128093146759531, 0.6016054937373037, 0.601472271957259], "training_time": 750.8516020774841, "avg_gradient": 0.004222096544681041, "memory_usage": 1396.9375}