{
  "train_losses": [
    0.2775064829898917, 0.2487263815558475, 0.23783914267045,
    0.22897464506652043, 0.22338708473936372, 0.21788170480209848,
    0.21422691497465837, 0.2112770930904409, 0.20861174619716147,
    0.20444161428705507, 0.20242995088515076, 0.1991475216396477,
    0.19948113231879214, 0.1967462251043838, 0.19472991124443387,
    0.19277915666284767, 0.19098955741071183, 0.19131191212521947,
    0.18701270570897538, 0.18660353059354035, 0.1862074001489774,
    0.1841031355054482, 0.1833179568790871, 0.1822622313933528,
    0.1812798706409724, 0.17891951812350232, 0.17870949718939222,
    0.1774779814902855, 0.17775823345974737
  ],
  "val_losses": [
    0.28237574774286023, 0.2647653069833051, 0.2405428795710854,
    0.2416217446975086, 0.22219998519057813, 0.2240058008743369,
    0.21655597019454706, 0.20668960621823435, 0.20306196905996488,
    0.20325017850036206, 0.19966626296872678, 0.1975863028479659,
    0.19782498900009238, 0.19606189267790836, 0.19423631578683853,
    0.1915370621111082, 0.19117979834909024, 0.1915567607983299,
    0.18992703084064566, 0.18658139070738916, 0.19022900287223898,
    0.1872916283166927, 0.18743115436771643, 0.18758115949838058,
    0.18589931208154428, 0.18411295504673666, 0.18876180894996808,
    0.18478489958721658, 0.19252594754747723
  ],
  "train_ious": [
    0.4397072510007581, 0.4916833989538143, 0.5120397143713806,
    0.5273235106057876, 0.5374735462330821, 0.5465804535247709,
    0.552857669637255, 0.5588011057048604, 0.5647264157246419,
    0.5712901811668842, 0.5747388116475464, 0.5810883799972743,
    0.5799318091754897, 0.5859347917139531, 0.5897415219333725,
    0.5923075574463692, 0.5954252044143885, 0.5957788510814954,
    0.602893176286117, 0.6036247636421005, 0.6045269118486973,
    0.6083267204247524, 0.6094336796389971, 0.6118673013280267,
    0.6127610386389751, 0.6173838754387004, 0.6179424941647741,
    0.6200501607272073, 0.6197586419141813
  ],
  "val_ious": [
    0.45661116186259465, 0.49392432039198675, 0.5148128104814584,
    0.5239128305212309, 0.5345493395259414, 0.5423860355563785,
    0.5505584504293358, 0.5681552027446636, 0.5729602421971335,
    0.5729806343282478, 0.5788839880539024, 0.5880608364291813,
    0.5864182175069615, 0.5877584966196528, 0.5912791602853416,
    0.5953691541284755, 0.5943092233028965, 0.5912119258141171,
    0.5982142840174662, 0.6045711090167364, 0.6020700685355976,
    0.6026741192824598, 0.604161615173022, 0.605374680481095,
    0.5980078485132992, 0.6116159942702972, 0.6002834160690724,
    0.609507113479186, 0.5953289322231127
  ],
  "training_time": 773.5422625541687,
  "avg_gradient": 0.003143599123312509,
  "memory_usage": 1396.9375
}
