{"train_losses": [0.2871888528537491, 0.2586461723498676, 0.24600755803934907, 0.23723613001082255, 0.23011228482684362, 0.22556462325155735, 0.22177917162037414, 0.21797844233072322, 0.21523521395157214, 0.21238384687382242, 0.21141771259515182, 0.207263867897184, 0.20575869067207628, 0.2027442664231943, 0.2014655517819135, 0.20050261663677899, 0.19800522065033083, 0.1957692003444485, 0.1946239688474199, 0.1932847503086795, 0.19154403472076292, 0.19132043129724005, 0.19035078107338885, 0.18786140134477097, 0.18685815361854824, 0.18629524411390658, 0.18526277512959813, 0.18462165121151053, 0.18190932856953662, 0.18289251714620902, 0.18238611333072186], "val_losses": [0.27446014077767084, 0.26629075764313986, 0.24636667837267337, 0.23339075400777484, 0.2271629769517028, 0.23254861715047256, 0.22350084781646729, 0.2171327008501343, 0.21630451309940088, 0.21251311639080878, 0.2091067038152529, 0.21357352221789566, 0.21398292255142462, 0.21183425900728806, 0.20699346486641013, 0.20476740501497104, 0.20298031847114148, 0.19874134303435034, 0.19900160282850266, 0.20113289421019348, 0.19538332813459894, 0.20120131451150644, 0.19332763390696567, 0.19302903763625934, 0.19622635128705398, 0.19243764488593393, 0.19154807212560074, 0.19122257148442062, 0.19526622768329538, 0.19636496609967688, 0.19608918707007947], "train_ious": [0.4248804634629304, 0.47269916476384916, 0.4968495253689479, 0.5132846255935188, 0.5264641041664975, 0.5343543439563634, 0.5412028642992178, 0.5474528738068066, 0.5530608290995376, 0.5583514700495248, 0.5601018791937312, 0.5672732411843276, 0.5693898110825947, 0.5751349834752256, 0.5777735136773279, 0.5794242482254467, 0.5842695165479527, 0.5873992196891621, 0.589847256038068, 0.5913622752371905, 0.5952969714459297, 0.5956226796775622, 0.597682285621978, 0.6009901956371639, 0.6035130074706627, 0.6042945629552655, 0.6065013688867504, 0.6074848819686017, 0.6120889077260008, 0.6102799389349378, 0.6115512582270995], "val_ious": [0.4532430163328198, 0.4732335656881332, 0.5021101973842883, 0.5265432906107625, 0.5336868859071663, 0.5276597560099934, 0.5384546268893324, 0.5496681863846985, 0.5541127669638481, 0.5538434168134909, 0.5639662725338037, 0.5582583613585733, 0.5594308680814245, 0.5684589827838151, 0.5675478290388549, 0.5757882275443146, 0.5747087487707968, 0.5806607938763025, 0.5834086615106333, 0.5766623508239137, 0.5878719834313877, 0.5773423545170521, 0.5933472520631294, 0.5931988332582556, 0.5817406171041987, 0.5917667053315949, 0.5955385423224905, 0.5953313574410868, 0.5932139670071396, 0.5868502200945562, 0.5841235848872557], "training_time": 830.4381275177002, "avg_gradient": 0.0035107026402992018, "memory_usage": 1396.9375}