{"train_losses": [0.27699516673126945, 0.2505196912781052, 0.2371793851742278, 0.22888986588172291, 0.22404598428503328, 0.21775412089798762, 0.21488817829800688, 0.2130694279204244, 0.20724224874182887, 0.2063961176444655, 0.20351150567116943, 0.19990580577565276, 0.19761192669039188, 0.19642007164657116, 0.19382908875527588, 0.19308571711830472, 0.19133275601526964, 0.19051268737277258, 0.18847481955004775, 0.18616914660062478, 0.18589417944135872], "val_losses": [0.26012053535036417, 0.24440941862438037, 0.24064768850803375, 0.23786000356726025, 0.23403783822837082, 0.2307105449878651, 0.23903358565724414, 0.22254209479560022, 0.20888324859349625, 0.20939896676851355, 0.20639385574537775, 0.20797689777353537, 0.2000445509734361, 0.2033166266653849, 0.19729900295319763, 0.19666498413552408, 0.20690643916959348, 0.1920682752261991, 0.19200541176225827, 0.19365566223859787, 0.20633779401364533], "train_ious": [0.44119985810939893, 0.48739066355578275, 0.5133506398702015, 0.5276560691333768, 0.5360264704441249, 0.5473571232371571, 0.5534955302280361, 0.5553757964592912, 0.5661882267913957, 0.5683273431993482, 0.5733630632360774, 0.5796310600379241, 0.5834086224220801, 0.5854575048484234, 0.5898171041322788, 0.5916928060460783, 0.5942055537648822, 0.5962478156754932, 0.599435466139213, 0.6046994253993032, 0.6043180280189583], "val_ious": [0.47286684001269547, 0.5063340397200724, 0.5129659106765967, 0.512644379467204, 0.5266654953576516, 0.5142844014841575, 0.5000790541154752, 0.5404339749096095, 0.5620315958192384, 0.5663435817628668, 0.5677502280560094, 0.5695696244205253, 0.5799685468276341, 0.5755626932866331, 0.5820657597935718, 0.5852680381225502, 0.5753630699886791, 0.5943418551182401, 0.5925281827432523, 0.5984935237877611, 0.5651097246918123], "training_time": 560.4508748054504, "avg_gradient": 0.0029750380179133368, "memory_usage": 1396.9375}