{"train_losses": [0.2844330679787242, 0.2582247286387112, 0.24369658343493938, 0.23297071837536668, 0.22696911567903083, 0.22155330767450127, 0.21827122026487536, 0.2141324561899123, 0.21053454231308855, 0.20990213792285192, 0.20686671502240325, 0.2043804115737262, 0.20157904218396414, 0.1989643417460763, 0.19796755205353964, 0.19473628149084424, 0.1951892450451851, 0.19241683168903642, 0.19081165503872477, 0.18826870061457157, 0.18785895415298318, 0.1874924829310697, 0.18578119608371155, 0.18374454918438973, 0.1827681837198527, 0.18156170018989107, 0.18038758473551791, 0.17869637922748274, 0.17973810280470745, 0.17767823438929475, 0.17732992055623428, 0.17647688617200954, 0.17527586578027063, 0.17372066414226656, 0.17363785158680833, 0.1720050052618203, 0.17301150816290276, 0.1700988656476788], "val_losses": [0.2730441372031751, 0.25639699691015744, 0.24285218119621277, 0.2467905678178953, 0.2500441829147546, 0.23069738434708636, 0.22291364164456076, 0.2215911091669746, 0.21831552587125613, 0.2159430783080018, 0.21020698514969452, 0.20726617911587591, 0.209308671562568, 0.20389613411996677, 0.20303800831670346, 0.20941506196623264, 0.2005812616451927, 0.20732666552066803, 0.19773667953584506, 0.19887419854817184, 0.20042770064395407, 0.198418321168941, 0.19870907230221707, 0.18995487689971924, 0.18845293184985284, 0.19273978892875754, 0.20081016810043997, 0.18713137313075687, 0.18686507804238278, 0.1864921606105307, 0.18881008482497671, 0.18561711777811465, 0.1896473224396291, 0.18614589001821435, 0.1875295195242633, 0.18921163386624792, 0.18531625426333884, 0.1897995935186096], "train_ious": [0.4302113523075792, 0.4735648187849183, 0.5007872259433286, 0.5219055121575576, 0.5317217430126837, 0.5420666433654834, 0.5472616043103781, 0.5548478973948437, 0.561469932721145, 0.5625927399142068, 0.5683531164043195, 0.5720671530866965, 0.577034326243228, 0.5814619816947674, 0.5841861526495303, 0.5894559339984604, 0.5892412450326525, 0.5938498016608799, 0.5963790037709732, 0.6003325616104016, 0.6023540414761805, 0.6024150589238046, 0.6054527768730256, 0.6087606585436112, 0.6106894825031796, 0.6127144677051599, 0.6153562634211515, 0.6169302604444651, 0.6161535185208354, 0.6201466800833956, 0.6199466810170292, 0.6220807484958485, 0.6240557726958526, 0.6263752943579701, 0.6272841360473977, 0.6293254960058391, 0.6276838890668275, 0.6329139587131957], "val_ious": [0.4545380228023598, 0.4819633801994117, 0.5057853029473968, 0.5060081808031469, 0.4857492991115735, 0.5298256808217022, 0.5374737279354663, 0.5450750744861105, 0.5472708461077317, 0.5553906178776767, 0.5618335652178612, 0.5673817071145859, 0.5655647760284119, 0.5751673058755159, 0.5787974320676016, 0.5608057436951693, 0.5768117851753165, 0.5552802973467371, 0.5863267617381137, 0.5826274464311807, 0.5816264927819157, 0.5838975081409233, 0.5847568761395371, 0.5960614486880925, 0.6017580491261205, 0.5957016368275105, 0.5831465470618095, 0.6036490279695262, 0.6051535383946653, 0.6052421717971997, 0.6024932101152948, 0.6074768998052763, 0.5978455597507779, 0.6042743644852571, 0.6059918800989788, 0.6054979487173799, 0.6087657826534215, 0.5996783434048945], "training_time": 1017.2059969902039, "avg_gradient": 0.00298389241057645, "memory_usage": 1396.9375}