{"train_losses": [0.2792384166108525, 0.24881326067058937, 0.23688239685219267, 0.22872299336544846, 0.22483023952530778, 0.21805672517613225, 0.21438216766261536, 0.21154524855639623, 0.20951970051164212, 0.20348786910914857, 0.2028817521489185, 0.20129882398506868, 0.1984810608074717, 0.19726966572520527, 0.19484891766763252, 0.19188668684143087, 0.19153495165316956, 0.1898847256341706, 0.18727779048292534, 0.18703379854559898, 0.18533245506493942, 0.18594818157346352], "val_losses": [0.2631273052614668, 0.24785947022230728, 0.22973826819139978, 0.2378729403666828, 0.2356849448836368, 0.21912528930798822, 0.21427109254443127, 0.20889219350141028, 0.21629187821046167, 0.2032521959880124, 0.2058332319492879, 0.19995031926942908, 0.19928834619729416, 0.2026829596446908, 0.19489877347065054, 0.1923311038509659, 0.19796563555365024, 0.19003204515446787, 0.1934799289573794, 0.19213620735251385, 0.19059315647767938, 0.19769858147787012], "train_ious": [0.43956785293910094, 0.4916484394259209, 0.5136185382641313, 0.5273449285144823, 0.5353670282208399, 0.547264974537319, 0.5537295246199855, 0.5584818421174649, 0.5618835196870826, 0.572417934411678, 0.5735189867192421, 0.5760920097430544, 0.5812802746676019, 0.5843156191749845, 0.5886630862411382, 0.5936650823315849, 0.5944913314196513, 0.5974315002668591, 0.6022310684556549, 0.6020775165786781, 0.6052313730984494, 0.6043280122828656], "val_ious": [0.46628901945508044, 0.5079530777706617, 0.5182812273286391, 0.5102064012401345, 0.5150446327052254, 0.5520313277408695, 0.5531934432793354, 0.5646450122197468, 0.5519217832580857, 0.5780104891113613, 0.5690276909997498, 0.58146968462329, 0.5813511646744136, 0.5678283274173737, 0.5877689412538556, 0.5946779752123181, 0.5839565605788991, 0.6003846005685087, 0.5948435098364733, 0.5979518348324125, 0.5987807713125065, 0.5804554796305256], "training_time": 590.311128616333, "avg_gradient": 0.004138145035733518, "memory_usage": 1396.9375}