{"train_losses": [0.28303250006359554, 0.25915452368233516, 0.24497253561149473, 0.2359764644795138, 0.22909508321596228, 0.22398794823042725, 0.21872406064168268, 0.2154210051116736, 0.2125676525351794, 0.21035391448632532, 0.20874872390666735, 0.2068175525283036, 0.20352289323573527, 0.201249561475023, 0.19899390330133232, 0.19896385648652262, 0.19481308377631332, 0.19352300262645536, 0.19127455353736877, 0.19002752888785757, 0.18995020473780838, 0.18803792989448362, 0.18763999373692533, 0.18566086896411751, 0.184080194843852, 0.18423269891544528, 0.18223597149810064, 0.18204579631919446, 0.18148708578361117, 0.18088833445116229, 0.17996144359526428, 0.1783237215941367, 0.1767290540687416], "val_losses": [0.26695973166952963, 0.2512643356686053, 0.24433672622494076, 0.23324006471944891, 0.23174811057422473, 0.2183212126078813, 0.21855251005162363, 0.21939269874406897, 0.21377694347630377, 0.2105846599392269, 0.21185890326033469, 0.20397899105497028, 0.20370976400116217, 0.19782778879870538, 0.19875638996777328, 0.19816065126139185, 0.1915672625536504, 0.19373517127140708, 0.19620969859154327, 0.19391799005477325, 0.19528313013522522, 0.19054506945869196, 0.19283101740090744, 0.1935691305476686, 0.18548862279757208, 0.18895281721716342, 0.18714042331861414, 0.18307238752427307, 0.18887423853511395, 0.18490440009728723, 0.18493574209835217, 0.18513691716867944, 0.19693753868341446], "train_ious": [0.4344920696947131, 0.4733385420741808, 0.4990847754305688, 0.5151290797453, 0.5275419754502562, 0.5366278960760954, 0.546888671059539, 0.5520830815792948, 0.5566636853028034, 0.5613443938394388, 0.564988425028497, 0.5682804783185321, 0.573720187380694, 0.5782044523436088, 0.5817030890156389, 0.5826082232313743, 0.5889094394726163, 0.5916075128252094, 0.5950057305179643, 0.5984060413379603, 0.5975634621969166, 0.6010015231111777, 0.6027117124286253, 0.6052976483344167, 0.6078993173829021, 0.6065995194881725, 0.6109677610945875, 0.6112149390729439, 0.6129442188294901, 0.6140201409765775, 0.6158312376642574, 0.618089552050915, 0.621193573364745], "val_ious": [0.46825240282476815, 0.4845612069618874, 0.49904488588588825, 0.5251993941872017, 0.5174291507489438, 0.5480595857336902, 0.540534584418587, 0.5498357218676717, 0.559375876749771, 0.5635388776444006, 0.5679834247499274, 0.5683011354311652, 0.5750929715408797, 0.5840251944635227, 0.5828505508277727, 0.5872078663197116, 0.5937615725873173, 0.5907377093166544, 0.5898237329894219, 0.59312339083872, 0.5878343012021936, 0.6020405098148015, 0.5989475854928942, 0.5983761739039768, 0.6098516272461932, 0.60156857341096, 0.6024563653745514, 0.612686358716177, 0.6056045049774476, 0.6087228902008223, 0.6104690255462258, 0.6096288568299749, 0.5883064527010573], "training_time": 883.6405162811279, "avg_gradient": 0.0038553364200144334, "memory_usage": 1399.4375}