{
  "train_losses": [
    0.27965926265586977, 0.24998447282806688, 0.2367689011051603,
    0.22594280711010747, 0.22182579662488855, 0.21766084651260273,
    0.21279516621776248, 0.2109680396059285, 0.20605930726489294,
    0.20609346194111783, 0.20223797104604865, 0.19994036691344302,
    0.1967264176548823, 0.1960597989027915, 0.1952714314279349,
    0.1921545944136122, 0.19087294092320878, 0.18952695466578007,
    0.18788789010242277, 0.18626235530752203, 0.184379353147486,
    0.18456924342266892, 0.18259323493618032, 0.1814993909033744,
    0.18272879347205162, 0.17939829526712064, 0.17922463689161383,
    0.17788461555281412, 0.17869238037130106, 0.1758461099765871,
    0.1756107214352359, 0.17586662215383156, 0.17342984020386054
  ],
  "val_losses": [
    0.26091747957727185, 0.2975456293510354, 0.23546636298946713,
    0.22992423759854358, 0.24776672669078992, 0.22599898019562598,
    0.2247204100308211, 0.21566805535036584, 0.21934496384599936,
    0.2154835546794145, 0.20479619664990384, 0.20408307825741562,
    0.21131957873054172, 0.2037780103476151, 0.2056954956572989,
    0.20299517104159231, 0.20402115389056827, 0.20094329896180527,
    0.20366470288971197, 0.19629991572836172, 0.20141992620799853,
    0.19367194402477014, 0.19358310524536215, 0.19452380291793658,
    0.194120062434155, 0.19033427925213522, 0.1891354212294454,
    0.18809624631767688, 0.19088250333848206, 0.1911581663981728,
    0.1940142126834911, 0.19213277781787125, 0.1991689418968947
  ],
  "train_ious": [
    0.43875578307357727, 0.4889368513140124, 0.5140541679887238,
    0.532478314082044, 0.5401612610380724, 0.548275077769506,
    0.5561470326468132, 0.560098258589489, 0.5685314295840436,
    0.5687524663365405, 0.5753083601863925, 0.5789613329629968,
    0.5848310405685421, 0.587106284779915, 0.5873839471327224,
    0.5929516101444978, 0.5956280930642633, 0.5969044488949187,
    0.6003926089168459, 0.6040681605969648, 0.6065763747454552,
    0.6069735289159892, 0.6097980790596079, 0.6121775665037011,
    0.6098332742526045, 0.6160854965016462, 0.6158015366805634,
    0.6187619032959143, 0.6167619658121162, 0.6222903827286285,
    0.6228051776255386, 0.6227167513815385, 0.6259875497848227
  ],
  "val_ious": [
    0.46988478270561806, 0.39354118035323365, 0.5199859873324201,
    0.5249571554038834, 0.49316664644773467, 0.5412355907585309,
    0.5472348906855653, 0.5535909213881561, 0.5448323082232821,
    0.5537176747684894, 0.5694895822932754, 0.5747599176306654,
    0.5664276590813762, 0.5717810843733773, 0.5742481046396753,
    0.5799161256223486, 0.5730556692334189, 0.57981162680232, 0.565739028047824,
    0.5839208265145618, 0.5832813334637795, 0.5954937220051669,
    0.5930631158576497, 0.5847903278426848, 0.587588220834732,
    0.5993437384781629, 0.6020931098340215, 0.6016096399314163,
    0.6006369843431142, 0.5982180736635042, 0.591354443975117,
    0.5988564940466395, 0.5803625911906146
  ],
  "training_time": 880.0203151702881,
  "avg_gradient": 0.003118699025354099,
  "memory_usage": 1396.9375
}
