{"train_losses": [0.28520942876196426, 0.25658584620965563, 0.24242561359120451, 0.235066216762947, 0.230088474633901, 0.225572036822205, 0.22163836795674718, 0.2178561531169259, 0.2151225882217936, 0.21011832210680711, 0.20895879148789073, 0.2048195533292449, 0.20354231455079888, 0.2012428391886794, 0.19822337429808534, 0.19736789944379227, 0.1958194331306478, 0.19379219947301823, 0.19206219798196916, 0.19032728542452274], "val_losses": [0.2699908572046653, 0.25898191462392395, 0.23439479716446088, 0.23844331146582312, 0.22206523917291476, 0.21850697955359583, 0.23638312842534936, 0.21467704941397128, 0.21029834092959113, 0.20748544808315195, 0.2150239639956018, 0.20451607360788013, 0.20310514582240063, 0.2117542718415675, 0.19920251907213873, 0.20227395127648892, 0.19498160999754202, 0.19621382167805795, 0.18975755896257318, 0.2196528370613637], "train_ious": [0.43003209645584056, 0.4764051885222614, 0.502170925285073, 0.5169864106599402, 0.5257642587673833, 0.5350338500263032, 0.5416280639938252, 0.5479776905174704, 0.553693363820945, 0.5618824773076652, 0.5646958026387123, 0.5708140945197016, 0.5734005664893681, 0.5776233094865865, 0.5828459861593833, 0.5851924859419249, 0.5877623494876466, 0.5909182942215948, 0.5934069392041884, 0.5967979281060937], "val_ious": [0.45872689934744354, 0.4636431538324425, 0.511718961423722, 0.5114921157558759, 0.540488135771475, 0.5416498228475666, 0.5281295199757037, 0.5547642446514489, 0.5569012478209922, 0.5713431005892547, 0.5552128464847372, 0.5633326600427215, 0.5768585384323978, 0.551898403120214, 0.5811851238426954, 0.5822259723276332, 0.5862280821454696, 0.585865883939508, 0.5976829576319542, 0.5502393319123032], "training_time": 534.4300277233124, "avg_gradient": 0.005448350090821737, "memory_usage": 1396.9375}