{"train_losses": [0.2824891032246144, 0.25387022223161615, 0.24196279575319393, 0.232819691705315, 0.22548787198636844, 0.22317290905377138, 0.21741231887236886, 0.21505491419330888, 0.21091066560019617, 0.2084215545783872, 0.20656189209093218, 0.20342975547132286, 0.20156053332206997, 0.19914344171790974, 0.1981558823229178, 0.1955678751287253, 0.1940483100226392, 0.19202219370914542, 0.19141944619300572, 0.19026414418350096, 0.1887848564302144, 0.18721518155349337, 0.18620292097330093, 0.1870896590306707, 0.18343740960826044, 0.1831489632958951, 0.18234433727743832, 0.18134543826074703, 0.17983213569159093, 0.17969350946014342, 0.177498503871586, 0.17726290541822495, 0.17761472231991912, 0.1762841861371113, 0.174638864705744], "val_losses": [0.2770688488431599, 0.2575766479839449, 0.2474750649669896, 0.2298180253609367, 0.23375971874465112, 0.2213209844801737, 0.21841480712527814, 0.21740265806084094, 0.21343327734781348, 0.21513046486222226, 0.2142905741930008, 0.20434327585541684, 0.20350470037563986, 0.19843053590992224, 0.20338048494380453, 0.21424568347308948, 0.19240957822488702, 0.19880373549202215, 0.20876925406248673, 0.19107027708188348, 0.1940426155924797, 0.19011357394249542, 0.19009614703447922, 0.18722134083509445, 0.18278548542572104, 0.19499286166999652, 0.18676789849996567, 0.1850596186907395, 0.1848398871395899, 0.18416187912225723, 0.18718081518359805, 0.1842632361728212, 0.1852983706023382, 0.17961403695137604, 0.18927113387895667], "train_ious": [0.4309711154063985, 0.4826959641245395, 0.5047036598342052, 0.5223722470843276, 0.5351822974727208, 0.5396472980146821, 0.5493457720115567, 0.553287477461972, 0.560107258863855, 0.5647800022169303, 0.5681274251985375, 0.5745331223892126, 0.5775019385568473, 0.5815211141455002, 0.583322201734004, 0.5883763302927434, 0.5913446356096991, 0.5945113882746383, 0.595740896312223, 0.5975032241448112, 0.6006290267990978, 0.6019789634299452, 0.605281476093375, 0.6032499010688153, 0.6100237992038762, 0.6101881086394406, 0.6118989987973719, 0.6128648673386675, 0.6167336880512859, 0.6169207247271052, 0.6198008412468261, 0.6204458315303361, 0.6209271053473157, 0.6225171275436879, 0.6257415083979346], "val_ious": [0.4480818000932536, 0.46749729166428233, 0.5042420831927356, 0.5309173996033877, 0.528841444115708, 0.5392742894481921, 0.5392134737061418, 0.5517056787359543, 0.5537261790123539, 0.5488529820805009, 0.5586280902658683, 0.5720102350780929, 0.5720402285240699, 0.5848752800105274, 0.5735922287339748, 0.5579771572265073, 0.5902009135571077, 0.583237881893697, 0.5694696885952051, 0.5963918817216072, 0.5928529090639474, 0.6015255740587261, 0.5962874470413595, 0.6022862131180972, 0.6099267087984777, 0.5901314890471058, 0.6054027812636417, 0.6021584276703821, 0.6058784563472306, 0.6087844183911449, 0.6048679708138756, 0.6034739002369452, 0.6030118443827697, 0.617431569142618, 0.600088693741439], "training_time": 939.3951234817505, "avg_gradient": 0.0035851046346172828, "memory_usage": 1396.9375}