{
  "train_losses": [
    0.27781962943465816, 0.24885880922817666, 0.23650114991418694,
    0.22703129117903503, 0.22171658237019312, 0.21519733414701794,
    0.21388422568207202, 0.2103173118894515, 0.20665233663242796,
    0.20502915079502956, 0.20005082703478957, 0.1983529068529606,
    0.1975053200579208, 0.19420076801401118, 0.19196824956199396,
    0.1908814242190641, 0.19138076844746651, 0.18733210076132548,
    0.18698979857499184, 0.1855474525819654, 0.18397136607571787,
    0.1841070968657732, 0.18151224274998126, 0.18156203805752422
  ],
  "val_losses": [
    0.2536325299221536, 0.24768188466196475, 0.22932876484549564,
    0.2297301454388577, 0.21964043735162073, 0.22008109772982803,
    0.21326906298813614, 0.2207768572413403, 0.20742653115935947,
    0.1996428639344547, 0.20168989086928574, 0.1972451524242111,
    0.20035234676754993, 0.19160891065131064, 0.19717553355123685,
    0.20243566256502402, 0.19563214513270752, 0.1950957940324493,
    0.19640555686276892, 0.18913554238236469, 0.18812665213709293,
    0.18874102506948554, 0.18614670861026514, 0.19935158186632654
  ],
  "train_ious": [
    0.4424438190341089, 0.49154515931571774, 0.5142305848607117,
    0.5298427086917383, 0.5406116891274418, 0.5513942137738501,
    0.555128409675714, 0.5609564683467579, 0.5680552262650883, 0.57034711788098,
    0.5791079266995623, 0.5822483002599601, 0.5842120446048787,
    0.5890503992205078, 0.5933200658123562, 0.5954052593720998,
    0.5949560231596662, 0.6011403569060821, 0.6018437810134197,
    0.6050827036733214, 0.6072231061972571, 0.6074250769140065,
    0.6120565497464894, 0.6121943074184051
  ],
  "val_ious": [
    0.48621780025786243, 0.5012801889924036, 0.5295289013048876,
    0.5326480811488802, 0.5401010437720065, 0.5398307725571203,
    0.5519065027651578, 0.5456375639507737, 0.5726571730945422,
    0.5790753597798554, 0.5831514776184941, 0.5855551215185636,
    0.5826244898464368, 0.5960490522177323, 0.5854522153951118,
    0.5790917495454565, 0.5896904529004858, 0.594460967010346,
    0.5857075003610143, 0.5977168795855148, 0.6028124532405882,
    0.6047316096399141, 0.6019192435171294, 0.5834234393593194
  ],
  "training_time": 640.4238464832306,
  "avg_gradient": 0.003071378611727298,
  "memory_usage": 1396.9375
}
