{"train_losses": [0.2771925940785719, 0.24697955681577974, 0.23426944219871706, 0.2252249328986458, 0.22118000062587467, 0.21694647885211135, 0.21229368683112704, 0.21011444723800474, 0.20674593811449798, 0.2040359466944052, 0.20189911685884, 0.19795198811461096, 0.197877148328268, 0.19563609515519245, 0.1942833115387222, 0.19007561857933583, 0.18961672970782156, 0.189446693610238, 0.1869185019446456, 0.18605569855350515, 0.18396807599650777, 0.18366366851588953], "val_losses": [0.26880001665457437, 0.248665201275245, 0.23944621630336926, 0.23956889205652734, 0.2214579523905464, 0.21966620210720145, 0.20888804449983264, 0.2050982043147087, 0.21307891898829004, 0.2073223811128865, 0.19768148757841275, 0.20155498612186182, 0.2034154135895812, 0.21100172206111575, 0.19953373981558759, 0.19059484257646228, 0.19898980337640512, 0.1935214400291443, 0.18795924536559894, 0.19472241498853848, 0.18930597182201303, 0.1964161719964898], "train_ious": [0.444420248263286, 0.49521815981985856, 0.5176288722271933, 0.5341352551797595, 0.5410830517016026, 0.5494002758160883, 0.5576553981535242, 0.5611048315962154, 0.5667143375005409, 0.5722486463955777, 0.5754429259593937, 0.5829462819341301, 0.5832036794635697, 0.5868240228813627, 0.5905074627827042, 0.5967894097709138, 0.5983693414516207, 0.5986134907689651, 0.6032230830818848, 0.6050638780537723, 0.6083627182828343, 0.6088875017088395], "val_ious": [0.46812161522499035, 0.495396202997021, 0.5253475551371989, 0.5249189464510351, 0.5389828590163287, 0.5434203912382541, 0.5537684339544047, 0.5690828989381375, 0.5448523077411928, 0.5696272359810016, 0.5822477636561877, 0.5793278992607974, 0.5733184827410656, 0.5629468391770902, 0.582576326701952, 0.5925834673470346, 0.5796337658944337, 0.5905671748130218, 0.6014504417561104, 0.5949761178614439, 0.5987388068351194, 0.5765930664712104], "training_time": 588.526704788208, "avg_gradient": 0.0036417452670993457, "memory_usage": 1396.9375}