{"train_losses": [0.28199189804170444, 0.25739539689991786, 0.24182392907855305, 0.2338644309860209, 0.22788325510919094, 0.22163035591011462, 0.2186755444044652, 0.21423654800847822, 0.2119378948017307, 0.20844244009450727, 0.20575781854922356, 0.20416905649978181, 0.20142463562281235, 0.20099629477962203, 0.19689979096469673, 0.1952105247942002, 0.19351014673061992, 0.19246269203722477, 0.19085684361989083, 0.19131554646984392, 0.18854591493373332, 0.18716011074898037, 0.18676980924995049, 0.18403740842705188, 0.18287204432746637, 0.18150158299376135, 0.18200166572047316, 0.18058371236142906, 0.17955969087779522, 0.17636295286533626, 0.17734558718359988, 0.17558489253987436, 0.17465884570518267, 0.1744860438225062, 0.17205896544391694, 0.1720750821835321, 0.17085613269844782, 0.17155678529778254, 0.16961698387951954, 0.16990648347722448, 0.16890903262664442, 0.16616010099001552, 0.16773918894645962], "val_losses": [0.26272268722886627, 0.24827670273573502, 0.23751535169456317, 0.25507670835308405, 0.22833115899044534, 0.22416592421738998, 0.2197155709499898, 0.21290518602599268, 0.21145650452893713, 0.2271086152480996, 0.21651533505190973, 0.21028429820485736, 0.22728753349055414, 0.20049065869787466, 0.21832048633824225, 0.20727550497521524, 0.1987667041628257, 0.20400260874758597, 0.20138162828010062, 0.19411517128996228, 0.19174909300130347, 0.1918669074125912, 0.1963324323296547, 0.19326294861409976, 0.19413603939439938, 0.1987943947315216, 0.18830154026332108, 0.20641987252494562, 0.1903615895172824, 0.18897200764521307, 0.1878239107520684, 0.1909580687465875, 0.18546715281579806, 0.1904676634332408, 0.18824680117161377, 0.1951157359973244, 0.19058351996152298, 0.18775806964739508, 0.18247888075268787, 0.18344000759332077, 0.1861385628581047, 0.18696274737948956, 0.1872760938561481], "train_ious": [0.4311412821591962, 0.4743350335545297, 0.503362647946114, 0.5184299284457297, 0.5292965059803018, 0.5411874345787192, 0.5454292869924203, 0.5542760781025974, 0.558397769199117, 0.5643237299029377, 0.5689598249028562, 0.5717598224679633, 0.5768742816171786, 0.5778332334281744, 0.5859122197481171, 0.5880424195117707, 0.5919097504322083, 0.5933208249617313, 0.596024446189403, 0.5951012586769852, 0.599580958377624, 0.6024822653203769, 0.6038081931031269, 0.6081935855141588, 0.6101651297531269, 0.6128709586742133, 0.6116694038652856, 0.6144248451767627, 0.6160916419348854, 0.6223860761501652, 0.6201050034251767, 0.6235248916175054, 0.6252381072744081, 0.6255584654492745, 0.6294476078904191, 0.62934977075328, 0.6315273427121018, 0.6308141000892802, 0.6333800970536209, 0.633196090118609, 0.6352279610068036, 0.6397394167556278, 0.6377762226738792], "val_ious": [0.46384312622789026, 0.49127733621044434, 0.5143856600574824, 0.4936742171429205, 0.5316672761371168, 0.5414220191862271, 0.5453828551631045, 0.5578778161518816, 0.5600581648557083, 0.520307156810726, 0.555053759528243, 0.5544722034879352, 0.5224302963934082, 0.5800067009269328, 0.5518925177014393, 0.569192348614983, 0.5804742682671202, 0.5754442988098531, 0.5814327446446905, 0.5925444444452507, 0.593398945055146, 0.593325390331987, 0.58432437479496, 0.5960516387569731, 0.5927741767271706, 0.5878950692173363, 0.6027540111023447, 0.5754637251729551, 0.6014502355154009, 0.5996451602465862, 0.6034084366283554, 0.6035134159568427, 0.6055861085221387, 0.5971473153086675, 0.6031846086616101, 0.5901846887840739, 0.6047108467074408, 0.6083425017802611, 0.6138490928687911, 0.6117808974307516, 0.6093307137489318, 0.611176410662955, 0.6046551075102626], "training_time": 1147.059302330017, "avg_gradient": 0.00217537106276943, "memory_usage": 1396.9375}