{"train_losses": [0.2793961176243813, 0.24926824576180914, 0.23695162335491698, 0.22873128124553224, 0.2201304806639319, 0.21581769653636476, 0.21329494565725327, 0.20763744624412578, 0.2052605009597281, 0.20179701053901858, 0.2005023927954228, 0.1977189422139655, 0.19672471738379935, 0.1938525543588659, 0.1916709006966456, 0.19114519388455412, 0.18915060494580996, 0.1885683613464884, 0.18607484516890152, 0.18832640212191187, 0.18285596054857192], "val_losses": [0.2619033967671187, 0.2509664766814398, 0.24254968373671823, 0.22652669866447864, 0.2211026040756184, 0.21644281466370044, 0.22616240576557492, 0.2103219832415166, 0.20581239008385202, 0.21022313476904578, 0.2011446194804233, 0.20280533316342728, 0.21304582156564877, 0.1955932725382888, 0.1978547025633895, 0.2027293165092883, 0.19812435915936594, 0.19403357285520303, 0.19091522466877234, 0.19502802257952484, 0.21170018516156985], "train_ious": [0.44101129577198245, 0.4907674894978603, 0.5129361155078463, 0.5293435516186816, 0.5436962513064131, 0.5502685674506688, 0.5559014925814195, 0.5649350279051323, 0.5693448989287666, 0.5753742271251439, 0.5785573995199759, 0.5828222148660301, 0.585404266481814, 0.5899653962772824, 0.5940027397827826, 0.5954045852025353, 0.5989268261237422, 0.5998016314014144, 0.6047170804138634, 0.6000239555386528, 0.6100068910290368], "val_ious": [0.464853933431964, 0.4855231237800225, 0.49346843167491566, 0.5374214728025423, 0.5433917491548302, 0.5521111978568893, 0.5464894678713619, 0.5594552735919537, 0.570250744620959, 0.5695124793311823, 0.5790095124123752, 0.5743645392898199, 0.5571755877007607, 0.5871480398851893, 0.5812327423389408, 0.572369740277097, 0.5824376634065654, 0.5916322422200353, 0.5960153116696124, 0.5888136148020842, 0.5683659921953644], "training_time": 564.4100289344788, "avg_gradient": 0.00393550309006074, "memory_usage": 1396.9375}