{"train_losses": [0.28139038011431694, 0.25068665903223597, 0.23755109771762206, 0.22904065470008747, 0.22223378604520921, 0.21713571274734061, 0.21362393997285678, 0.21046056331175825, 0.20722660584294278, 0.2039325766913269, 0.20092629649392937, 0.19790590214340584, 0.19707161293405553, 0.19467346135364927, 0.19411392509937286, 0.19123326169083948, 0.18820781997688438, 0.18909141210758168, 0.18733569680024748, 0.18493669528676115, 0.18352694525990798, 0.18407537156473036, 0.18183632316472736, 0.18109569423224614, 0.17880682412372984, 0.1780691492654707, 0.17700341635424158, 0.1768123129301745, 0.17667268443366754, 0.17488554865121841, 0.17398589679404444, 0.17218641807203708, 0.17151505629653516, 0.17007810824915118], "val_losses": [0.26525907250850095, 0.23787948327220004, 0.23506393542756204, 0.23380678438622018, 0.2158191894059596, 0.22337082870628522, 0.21590804405834363, 0.24844659897296326, 0.20630363763674445, 0.2042536635113799, 0.20106148590212283, 0.20463567065156024, 0.20316552597543466, 0.20118815808192544, 0.19846273893895355, 0.1960876444759576, 0.19992182565772015, 0.1984863355755806, 0.19175065956685855, 0.19149773082007532, 0.19021801942068597, 0.1882553680435471, 0.18668175747861032, 0.18539923785821252, 0.1839337232320205, 0.18839849175318427, 0.18989055215016656, 0.18194676741309787, 0.18517165015573087, 0.18985905627841534, 0.1808768721378368, 0.183596921355828, 0.18300194293260574, 0.19970566617405933], "train_ious": [0.4359066881487431, 0.48893171030542115, 0.511214816915816, 0.5275881828713244, 0.5391400423494802, 0.5475497421795041, 0.5548600288296952, 0.5604692190561604, 0.566806991301153, 0.5716019364856724, 0.5777232851563155, 0.5829636609532696, 0.5840085867414438, 0.5893005514382452, 0.589970308477464, 0.5948503294932668, 0.6000769193405688, 0.5992573485642244, 0.6016701609976047, 0.6070647833032021, 0.6087339697000772, 0.6078255610081594, 0.6119739629760169, 0.6130536664007368, 0.6174005649551966, 0.6183385946180512, 0.6205385539518753, 0.6207299530506136, 0.621721587643243, 0.6248214116347007, 0.6256736846289775, 0.6289859614942381, 0.6306577577539116, 0.6331677161481069], "val_ious": [0.46985903738633444, 0.5089154206756231, 0.5219914908858314, 0.5265522589502128, 0.5446280427816984, 0.5386490437431612, 0.5516601401394692, 0.48834023127953213, 0.5628785903471103, 0.5682226317948189, 0.5800102508586386, 0.5686287666144576, 0.5755109041929246, 0.5789363265469454, 0.5832971042912939, 0.5883712956438893, 0.5834423683691715, 0.5854147432938868, 0.593041933749033, 0.5979584798864698, 0.5979770406864692, 0.6003276627996693, 0.6071362994287324, 0.6029111289459728, 0.6079991047365079, 0.6021893026604169, 0.6021560661602711, 0.6121210047732226, 0.6080255977053575, 0.6021759721679963, 0.6145430146784024, 0.6089486309151718, 0.6094243679789527, 0.5877520407455553], "training_time": 912.1450762748718, "avg_gradient": 0.0053303234528045, "memory_usage": 1396.9375}