{"train_losses": [0.28410779611895914, 0.25383804147334205, 0.24069450828044311, 0.23207457323113215, 0.2265743324128182, 0.22350851810820724, 0.2188286735959675, 0.2160604758107144, 0.21121036123646342, 0.20906854801527833, 0.20594748887030975, 0.20560522806709228], "val_losses": [0.2703112985776818, 0.2458789565640947, 0.24446797759636588, 0.24057282248268957, 0.22809282690286636, 0.21971153305924457, 0.22340627208999966, 0.21692861292673193, 0.21537493266489194, 0.2138006729276284, 0.21003369857435641, 0.27948817578346835], "train_ious": [0.4311234420620957, 0.48154197417307604, 0.5065839151865331, 0.521579359455601, 0.5326759498296443, 0.5384828293615065, 0.5467422473905744, 0.5517806178093821, 0.559708436249175, 0.5641056190690268, 0.5689921545377675, 0.5708399761630139], "val_ious": [0.4660824228456055, 0.499603951430839, 0.5124740143832954, 0.515925556205321, 0.5246583734085594, 0.5419943017372185, 0.5393578026821648, 0.5523238211222317, 0.5467263139460399, 0.5561428612125091, 0.5617481267106705, 0.4575275151409965], "training_time": 321.9761173725128, "avg_gradient": 0.00618739625211909, "memory_usage": 1396.9375}