{"train_losses": [0.28315745383177116, 0.25562811723869777, 0.24433025563864605, 0.23102521928756134, 0.22603735173849956, 0.2216348009912864, 0.21649484846578992, 0.2125423051740812, 0.2117780119828556, 0.20833038822140382, 0.20538195659932884, 0.20406723767518997, 0.20083609936030014, 0.1995345311968223, 0.1984352880845899, 0.19642146935929422, 0.19485425876210566, 0.19234748962132828, 0.1913421537079241, 0.18951146636644137, 0.18725612306076547, 0.1868738950756581, 0.18609418460856314], "val_losses": [0.2737611175879188, 0.2543612708864005, 0.24017547686462817, 0.242109512505324, 0.2305029037853946, 0.2210501856777979, 0.22651687426411588, 0.21690642930891202, 0.2160792690904244, 0.2117751551711041, 0.2158747992437819, 0.2073501756657725, 0.20836944748526035, 0.2043255327836327, 0.20527327773363693, 0.2192227053253547, 0.20129099423470703, 0.1989322230219841, 0.1973113867899646, 0.19637885009465011, 0.19654422609702402, 0.19961137194996295, 0.21146655147490295], "train_ious": [0.4314816665691516, 0.4779468227609777, 0.5001528239336567, 0.5242317599392888, 0.5328921363891468, 0.541325831677819, 0.5507536579085434, 0.5569812068040819, 0.558294706883422, 0.5655020840897942, 0.5700664109941844, 0.5721503501029116, 0.579014649371738, 0.5807808896769647, 0.5828151174321555, 0.5866516045146231, 0.5893572341866689, 0.5937469360297145, 0.5956713242483309, 0.5983283338879328, 0.6026589859654939, 0.6032294240118802, 0.6046511934719225], "val_ious": [0.441375906592694, 0.4854923519103424, 0.5067329747953278, 0.5070259882056195, 0.52884455986213, 0.5433472972633182, 0.5340794588344684, 0.5504481667193815, 0.5445760384849878, 0.5638639693674833, 0.5524624352869779, 0.5657737075850584, 0.5681829409322874, 0.5717534556768943, 0.5678693300140075, 0.5567823793145193, 0.5781072732331097, 0.5814181676377421, 0.583064925843391, 0.5897149659585262, 0.5885408341452696, 0.5814809984918955, 0.5632192693326783], "training_time": 616.7423005104065, "avg_gradient": 0.0032172948665890005, "memory_usage": 1396.9375}