{"train_losses": [0.27762330793168233, 0.24728089060796343, 0.2328515285221131, 0.22567581514949384, 0.21839477502457474, 0.214946119600664, 0.21147334138336388, 0.20595289928757626, 0.2056184998187034, 0.2028766645361548, 0.19906919336189394, 0.19664205699835136, 0.19450538394891698, 0.19274983336420162, 0.1905562526181988, 0.190768724469387, 0.18763746321201324, 0.18700882241777753, 0.18615307707501494, 0.1841113993331142, 0.18195965343519396, 0.18179770380906438, 0.18213793991700464, 0.18085262414229952, 0.1785288953586765, 0.17806951734034912, 0.1755560424340808, 0.17634530956654446, 0.1747772036039311, 0.17415939886932788, 0.17321295469351436, 0.1729656517829584, 0.1716743651777506, 0.17216592654585838, 0.17303132889387401, 0.17021592520177364, 0.16947869413896746, 0.16929739656979623], "val_losses": [0.26375878764235455, 0.2430945340058078, 0.24707594027985696, 0.22711474675199259, 0.221979270486728, 0.2123250961303711, 0.2138240907503211, 0.21292251834402914, 0.20325882052597793, 0.24563618846561597, 0.20033366006353628, 0.1967788805132327, 0.20324288826921713, 0.19400419651166254, 0.20854720376108005, 0.20259449890126352, 0.19550911499106366, 0.20258868226538534, 0.19735585574222647, 0.18882742038239603, 0.19029128940209097, 0.19228335502354996, 0.18864451802295187, 0.18930973760459735, 0.1985176179720008, 0.1945270840888438, 0.19196568915377493, 0.18717209541279337, 0.18419565811105396, 0.18482174789128097, 0.1821998166649238, 0.184132714310418, 0.1816734778492347, 0.1851024332901706, 0.18351327563109604, 0.18203887667344965, 0.1869611063081285, 0.18595399351223654], "train_ious": [0.44406128704439896, 0.49524102376207074, 0.5208278565357126, 0.5334584760223174, 0.5460010535097211, 0.5524948630481957, 0.5581130472322304, 0.5682138129798833, 0.5688425599178975, 0.5741072399946657, 0.5821128850397854, 0.5850105907606042, 0.58935636497926, 0.5923126717840416, 0.5964036903519564, 0.5958199227309745, 0.60094770681167, 0.6024798046311604, 0.604321983035492, 0.6076311358939047, 0.6121580483580845, 0.6125399058387763, 0.6116483560830787, 0.613993722675503, 0.6172882231033368, 0.6187305328962598, 0.6232335300765175, 0.622231431899295, 0.6243515345605387, 0.6253819577395916, 0.6271890040109124, 0.6273148448570914, 0.6299889638911987, 0.6286391905252483, 0.6277143091935184, 0.6324644353834614, 0.6332601251053634, 0.6341089368730354], "val_ious": [0.481265208967354, 0.5110444671649862, 0.5088590022878371, 0.5365071486735691, 0.5390765608652779, 0.5584784154442773, 0.5551553798326547, 0.5649969672811206, 0.5711042796788008, 0.5272951983455298, 0.5739309731600942, 0.5865093279575956, 0.5692826388538748, 0.5865508926951365, 0.5715696075256321, 0.5782617272242256, 0.5843072233424672, 0.5738022245358729, 0.5896149534678112, 0.6041808016058328, 0.5981151528548504, 0.5963447394146435, 0.602010850457178, 0.6006603986024858, 0.5852718634018002, 0.5924431938624035, 0.6040799447159837, 0.6068875085616456, 0.6106902779876323, 0.6109250323927921, 0.6166208412336268, 0.6102971926979396, 0.6121394789737206, 0.6069554865792178, 0.6104841746281886, 0.6173143239988798, 0.605906093682068, 0.6038414585417595], "training_time": 1018.3545761108398, "avg_gradient": 0.003695432390806166, "memory_usage": 1396.9375}