{"train_losses": [0.2776163045478904, 0.2502684053843436, 0.23954907140654066, 0.22875254779406215, 0.22366027590697227, 0.2190281544690547, 0.21477587180941002, 0.21262465514566586, 0.208968553773087, 0.20758145958509133, 0.20471240442408167, 0.20216473856050035, 0.19924523665205293, 0.1968759607685649, 0.1966389018394377, 0.19333650779141032, 0.19225560242067213, 0.1903526925522348, 0.1883669637305581, 0.188423496387575], "val_losses": [0.25181666437698447, 0.25158069120801013, 0.24154120651276215, 0.2257529088984365, 0.22405994910260904, 0.22032521632702454, 0.22751158799814142, 0.20961122862670734, 0.2041898677530496, 0.2015684979117435, 0.20510627977226092, 0.20677355029012845, 0.19920215820488724, 0.19733080624238306, 0.19370787234409995, 0.19307387523029163, 0.19341182514377261, 0.18977457317321197, 0.19121166059504385, 0.20773399070553158], "train_ious": [0.43808304856656155, 0.49004465050023527, 0.509994217990965, 0.528755115642064, 0.5386020434831361, 0.5468134277540705, 0.5538913453456719, 0.5581997613813997, 0.5640978692774324, 0.5669200838799926, 0.5716404834951182, 0.5764434283086356, 0.5811058530664968, 0.5859472025455773, 0.586469490459, 0.5919373851215493, 0.5937388758512506, 0.5971062620696813, 0.6006955154024175, 0.6016091880914959], "val_ious": [0.48439236201237934, 0.4913744805515675, 0.5000520411176959, 0.5324079957993135, 0.5365362857346949, 0.547202098628749, 0.5336832003532979, 0.5618460916954539, 0.5730055814635928, 0.5753268003463745, 0.5741081151409426, 0.5708775561356889, 0.575297412664994, 0.5820672557405804, 0.5869245758091194, 0.5904076371503912, 0.5899133261131204, 0.5964767980402794, 0.5959017710841223, 0.5632565916664358], "training_time": 536.1856319904327, "avg_gradient": 0.004299532433108679, "memory_usage": 1396.9375}