{"train_losses": [0.27315930139435374, 0.2450766707568065, 0.23139792259620584, 0.22463592344328112, 0.21927148379061534, 0.2154510753310245, 0.2102306916014008, 0.2078449409455061, 0.20368421620324903, 0.20243284397799036, 0.19818099458580432, 0.19719734196753605, 0.1943805517385835, 0.19355444448149722, 0.19114169948126958, 0.19045295153299105, 0.18906543857377509], "val_losses": [0.26111913601989334, 0.24431298608365265, 0.23335657884245334, 0.2201842892429103, 0.22139457321685294, 0.22861584437930066, 0.21438364295855813, 0.2070251631995906, 0.20440214937147888, 0.20034802640261856, 0.2042035019916037, 0.1976810194875883, 0.20247427179761554, 0.19345316582399866, 0.19067355407320935, 0.2042475397820058, 0.21797593585822894], "train_ious": [0.4497420326806608, 0.49778538858652965, 0.5226667477762788, 0.5343292007843656, 0.5441051609274272, 0.5509513952647861, 0.5603355417918896, 0.5638537482776939, 0.5723739106586013, 0.5740305861809116, 0.5821984767157962, 0.583671547661441, 0.5892600012214286, 0.5907955648026608, 0.5945105803185612, 0.5966436712314251, 0.5987655989609764], "val_ious": [0.4629212149243425, 0.5060485431897466, 0.5192977594940558, 0.5422745479837707, 0.5375177872137745, 0.5306698899122252, 0.5545367868482203, 0.5673837704934936, 0.5745556583439093, 0.5779269164887029, 0.575972906489303, 0.5849708351104154, 0.5809601059426431, 0.5947001515955166, 0.5981331037870352, 0.5720484852790833, 0.5542760661978654], "training_time": 453.32646894454956, "avg_gradient": 0.003402165774197825, "memory_usage": 1396.9375}