{"train_losses": [0.2844186421969663, 0.25464922416469327, 0.24456872653378092, 0.23271094724212005, 0.22626288542928902, 0.22172489592238612, 0.21640601009130478, 0.21221192278291867, 0.20876526063227135, 0.20585001810737277, 0.20277391860018606, 0.20028550971461379, 0.20045150006594864, 0.19712077704784664, 0.19497745216864606, 0.19244566810843738, 0.19055279830227728, 0.1890773748088142, 0.18706298125502857, 0.18570933199447134, 0.18557847153557383, 0.1835166837858117, 0.18304766277256218, 0.18225092367957468, 0.18098906670575557, 0.1805044979504917, 0.1794106916564962, 0.1775559337566728, 0.17521761965168559, 0.17463967835773592, 0.1742363687928604, 0.1765703327305939, 0.1742819319276706, 0.17291129234692323], "val_losses": [0.269071067156999, 0.24828885042149088, 0.23562600560810254, 0.2374571775612624, 0.22091330749833066, 0.2173833066354627, 0.21660608344751855, 0.22109724807998407, 0.21761214635942294, 0.19892835163551828, 0.1995712528410165, 0.20110413529302762, 0.2109577046788257, 0.19846987367972083, 0.19132848051579102, 0.19367716040300287, 0.19496839493513107, 0.19032928412375244, 0.18973115248524625, 0.18564262014368307, 0.188382089138031, 0.18626903677764145, 0.19079446436270422, 0.18996212599070175, 0.18742820134629373, 0.18443092509456302, 0.18708683194025702, 0.18145756002353586, 0.19062182987513748, 0.17943083592083142, 0.18907681075127228, 0.18199427296286044, 0.1873104517226634, 0.18715162575244904], "train_ious": [0.43010668297875276, 0.48022211580604746, 0.499154269911241, 0.52103991261211, 0.5328800535450379, 0.5411335597273663, 0.5504183657467364, 0.558110260526123, 0.564556143206099, 0.5693365773321062, 0.5751826014315737, 0.5797925766125539, 0.5786830585287966, 0.5848852052636768, 0.5886755253633728, 0.592819111664658, 0.5964713457809842, 0.598651865524226, 0.6026737519904324, 0.6054990644148296, 0.6052096205884997, 0.6091740881295308, 0.6096074062844982, 0.6110286599268085, 0.6132648479787339, 0.6147666955231758, 0.6170148682659086, 0.6196285148245705, 0.6236313930780125, 0.6249394932410856, 0.625075621125491, 0.6221275306914165, 0.6256436829765638, 0.6278099335082199], "val_ious": [0.4523018850148589, 0.4959229873358339, 0.5218086510464766, 0.512292737978092, 0.5349872484803201, 0.5506173432737157, 0.5493480463822684, 0.5382177700167116, 0.5562317837839542, 0.5786613320958789, 0.5787056855101518, 0.5803826429705691, 0.5690399127593938, 0.5829318334227023, 0.5959786699301954, 0.5891940343207207, 0.5874409893716592, 0.5963748689147009, 0.5957713200562241, 0.6049511579499728, 0.5980804454589235, 0.6046585149091221, 0.5953600892554158, 0.6026565048141758, 0.6029787635889606, 0.6092560593632684, 0.6050268642712331, 0.6144419303838757, 0.6024260829756226, 0.6195866063885067, 0.6036989749341771, 0.6095909687919893, 0.6033405832190446, 0.5966963733451951], "training_time": 911.9844110012054, "avg_gradient": 0.0020422757924080394, "memory_usage": 1396.9375}