{"train_losses": [0.2776294899699481, 0.2526046348654706, 0.23804379635207032, 0.23045763251898083, 0.22175686474403608, 0.21624884924486928, 0.21533843810143677, 0.2114004900921946, 0.20801939629018307, 0.20603706752476486, 0.2033196422878815, 0.20104611195299937, 0.1996752079576254, 0.19754739834562593, 0.19589360414639764, 0.19276604833810226, 0.1915535476544629, 0.1904159874209891, 0.1895146698731443, 0.18786575369860814, 0.18749678612727186, 0.18673114786329476, 0.1849683261597934], "val_losses": [0.25892721926388534, 0.2510773215604865, 0.23393529847912167, 0.22639692445164142, 0.21578412729760874, 0.2223778574363045, 0.20920897210421768, 0.2192149593130402, 0.2118300393871639, 0.2115296967651533, 0.21045565637557404, 0.19845512671315152, 0.19763746630886328, 0.19569776207208633, 0.19541377477023913, 0.19289694078590558, 0.1906669641966405, 0.20036533604497495, 0.18944884739492251, 0.19199493559806244, 0.18939891749102136, 0.18660401293764944, 0.19934243773636612], "train_ious": [0.4417823899884884, 0.4852703671524488, 0.5121350538363492, 0.5254857706688885, 0.5402006565768651, 0.5516507663642585, 0.5519316640237104, 0.5595577311688578, 0.5652440273999304, 0.56809914700579, 0.572793554946564, 0.5772599402437174, 0.5800642794996935, 0.5836193571272105, 0.586833122577788, 0.5924475848458817, 0.595155506462291, 0.5969111527437749, 0.5984332067487033, 0.600836132855519, 0.6020543133651001, 0.6034177156786124, 0.6065385153760083], "val_ious": [0.48118365426426346, 0.49134475165519165, 0.5119863360904265, 0.5391252130485963, 0.555301138996214, 0.5457895214574924, 0.5623994277439257, 0.5571166136558504, 0.5599063089576322, 0.5684424226266751, 0.56072207291921, 0.579446589385254, 0.5841305437295333, 0.586160910734232, 0.5838743195585583, 0.5927683849265609, 0.5983300800772682, 0.5690365463927174, 0.6006915698880735, 0.5943986620160117, 0.5961059854514358, 0.6051443171673927, 0.5774446591950847], "training_time": 627.4114758968353, "avg_gradient": 0.003911610533643402, "memory_usage": 1396.9375}