{"train_losses": [0.28377903017984785, 0.25698584310062556, 0.24223257803722567, 0.23260284255704153, 0.22553580845503704, 0.22227735720250918, 0.21667223075485748, 0.21275788245965604, 0.21026588182734407, 0.20633815812027972, 0.20396998030659946, 0.20262570946436861, 0.20045778924680274, 0.19866987747018752, 0.19671979635629966, 0.19407463656819385, 0.19249072290309097, 0.19227472368789755, 0.1895928795085005, 0.18848061221449272, 0.18740847067016622, 0.1859745189709508, 0.18507444534612738, 0.18334693728905657, 0.18246949536968832, 0.18108745704850424, 0.1810633195159228, 0.17943097699595534, 0.17907075551540955, 0.17706897822411163, 0.1755950496248577, 0.17460019943182883, 0.17491368876527186, 0.17399186341334943, 0.17252265054570592, 0.1721693786751965, 0.1710728329160939, 0.17368920860083206, 0.17097454639556614, 0.17038780863842237, 0.17074678797760737, 0.1665901240447293, 0.16636884382561498, 0.16676936347199522, 0.16724521018888638], "val_losses": [0.27133065721263055, 0.2588703441231147, 0.23397353745025137, 0.22462629947973334, 0.22224036571772202, 0.2175050257988598, 0.20926713943481445, 0.20621549208527026, 0.20837697548710782, 0.21584806753241498, 0.1998961156477099, 0.1972227002615514, 0.19547858153996261, 0.19998013746479285, 0.18819565649913705, 0.19763662568900897, 0.19099116131015445, 0.18481373333412668, 0.18517975411985232, 0.20430529473916345, 0.18333471177712732, 0.18226355184679446, 0.18131089437267053, 0.1836065802237262, 0.18140121484580246, 0.18318625021239984, 0.1892591753731603, 0.1811484892083251, 0.180154949426651, 0.18121744562750278, 0.1783892933441245, 0.17889720007129337, 0.18025945839674576, 0.1782443387352902, 0.17662420901267425, 0.17847129767355713, 0.17733673103477643, 0.17684786734373673, 0.17419040721395743, 0.1756057755454727, 0.17511422122302261, 0.17746720657400464, 0.17733202777479007, 0.17297465224628863, 0.1861696878205175], "train_ious": [0.43055495836070173, 0.4772201249564904, 0.5040062067733294, 0.5212540116053129, 0.5335444497835378, 0.5389991717656023, 0.5490041281758009, 0.5560767545864201, 0.5604479228672773, 0.567427069650612, 0.571955911491228, 0.5745598078313947, 0.5777751165779607, 0.5815106472135453, 0.5847814900503644, 0.5897665812593438, 0.5921659138647541, 0.5929526121396081, 0.5965070941525958, 0.5993959815173906, 0.6011471749971742, 0.6033965906371241, 0.6053279033605603, 0.6087153959425462, 0.6098707825809286, 0.6124984329917295, 0.6131707688496598, 0.6156557049008384, 0.6158524402349754, 0.6198088866321071, 0.6222419106010072, 0.6239645182546498, 0.6237166753929594, 0.6250489996611208, 0.6278984508868579, 0.627945723309033, 0.630460999582125, 0.6262487926236959, 0.6308583944388059, 0.6310086079697678, 0.6308273323744106, 0.638518665471803, 0.6385172466221062, 0.6383170715492704, 0.6369480008556363], "val_ious": [0.4485345536815948, 0.48930317854535743, 0.5197328701615332, 0.5415551025366439, 0.5469265605012575, 0.5479182162578554, 0.5559414430804875, 0.5694238923598027, 0.5727278255466103, 0.5442282049984171, 0.5820477110320242, 0.5754288199587142, 0.5852929649577624, 0.5729346160871396, 0.6025627009246661, 0.5885876831801042, 0.5988392756469006, 0.6061062437036764, 0.6035426438286684, 0.5763216236795203, 0.6099716034056485, 0.614358356681423, 0.615799594832503, 0.6143964105758115, 0.6144993918529454, 0.6124804598697715, 0.6085834412471108, 0.6158760434043579, 0.6163577031398165, 0.6190517238084822, 0.6231497662222903, 0.62138885691546, 0.6208964361660722, 0.6196844001179156, 0.6202040072800457, 0.6242983775294346, 0.6224620510702548, 0.6252977442050327, 0.6300922390343485, 0.6262236695358719, 0.6283899174220319, 0.6253385632366373, 0.6249619033457577, 0.6341648281052493, 0.6124503854392233], "training_time": 1206.2526104450226, "avg_gradient": 0.004813879001452028, "memory_usage": 1396.9375}