{"train_losses": [0.276140384942941, 0.24694870541925015, 0.23324111338866793, 0.2250276685732862, 0.22121043738139712, 0.21489104183147784, 0.20930236626578413, 0.20909398356857506, 0.20445966315658196, 0.20355698514891707, 0.1999664123615493, 0.1973933469828056, 0.19587767448114313, 0.19375010806581247, 0.19119567707504914, 0.18790708668529987, 0.18684575779606466, 0.18597697377528832, 0.18523631001944127, 0.18311524107728316, 0.18293172809416833, 0.18164661631959936, 0.17935128526195235, 0.1775266063278136, 0.17669999316010787, 0.17636536450489707, 0.17526126207540865, 0.1753794241534627, 0.17406130881737109, 0.1721731787952392], "val_losses": [0.2694653820084489, 0.2382466692639434, 0.24848043983397278, 0.2204736461457999, 0.23160530950712122, 0.21517211295988248, 0.21544631667759107, 0.21047824070505475, 0.20885236269753912, 0.21271221663640894, 0.20665267952110455, 0.20792641620273175, 0.2002648876413055, 0.1961456417389538, 0.1957520304814629, 0.19174557729907657, 0.19329449890748315, 0.19509736902039984, 0.18966912672571515, 0.188470217520776, 0.19542321206434912, 0.18877828639486563, 0.18532868539509567, 0.1853479425544324, 0.18606253259855768, 0.19025334521480228, 0.18364456295967102, 0.18192142215759857, 0.1818676286417505, 0.19402277275272037], "train_ious": [0.4473154286759487, 0.4958662156663511, 0.5202931514468743, 0.5344558848149101, 0.5404378302611302, 0.5514960542753122, 0.5611688155896852, 0.5618127463520438, 0.5707632569407207, 0.572090412557557, 0.5789230348731298, 0.5838248769118302, 0.5866366645888139, 0.5911292619463326, 0.5956006117597005, 0.6012950796579972, 0.6031206875931526, 0.6045474557988885, 0.6060967966914177, 0.6103773780599024, 0.6099633498360281, 0.6127767282659593, 0.617038488442051, 0.6197800563405391, 0.6207899807048015, 0.6223913892779663, 0.6236173549963945, 0.6236786531905336, 0.6262797027070452, 0.6296131656221725], "val_ious": [0.4619832878959351, 0.5117456780179687, 0.5007265555685846, 0.5433644483918728, 0.5364405629427538, 0.5548220713069475, 0.5573666208032247, 0.558696243102136, 0.564303726605747, 0.5550132047223009, 0.5646451722452606, 0.5665152208960577, 0.5770781174086144, 0.5896170698646187, 0.5887247792620588, 0.590699791908264, 0.5902687434269034, 0.5872640851615132, 0.5949552972679553, 0.6002954251092414, 0.5872508211844211, 0.6018800787303757, 0.6074613207492277, 0.6080787715272628, 0.6062863035046535, 0.600055810118067, 0.606859093343002, 0.6099393845036409, 0.6136098152053528, 0.5924490307984146], "training_time": 800.3358097076416, "avg_gradient": 0.002051840636083457, "memory_usage": 1396.9375}