{"train_losses": [0.2793402733362239, 0.2485771221311196, 0.23837692079984624, 0.22905947996870332, 0.2250546070382647, 0.21729359403252602, 0.21326662429972834, 0.21097580157220364, 0.20618707338429015, 0.20406299084424973, 0.20021712221205235, 0.198881473797171, 0.19674901194546535, 0.1951839522175167, 0.19285849757168605, 0.1918294294534818, 0.18968354853922906, 0.1897023763993512, 0.18799600029445213, 0.1852544678942017, 0.18482234984960244, 0.18315280115474825, 0.18299997889477274, 0.1815079121000093, 0.18086578283944857, 0.178906273825661, 0.17749049522630547, 0.17740253901675992, 0.17616064247229826, 0.1753739661982526, 0.1745881200970515, 0.17239465726458508, 0.17316786726207836], "val_losses": [0.2576703341758769, 0.2423709148298139, 0.2396241708294205, 0.23767883298189743, 0.21983654991440152, 0.21566284383120743, 0.21710831833922345, 0.23171767106522684, 0.2158822595425274, 0.2030514938675839, 0.20470285577618558, 0.19872580598229947, 0.1944597774873609, 0.20601420201685117, 0.1951831158088601, 0.2047374436388845, 0.1943676896069361, 0.20074603447447653, 0.19125701584245847, 0.1901054058385932, 0.18723419697388358, 0.18654355763093286, 0.18561226421076318, 0.20076638622128445, 0.1863162038118943, 0.1888263300061226, 0.19429088545882184, 0.18612189493749454, 0.18893679555343545, 0.18194533560587012, 0.18394549223391907, 0.1843134258752284, 0.1900193228021912], "train_ious": [0.43773257558611967, 0.4931091973153144, 0.5121653948681081, 0.5280271112864865, 0.5350434821692929, 0.5484925561679017, 0.5556219627783785, 0.5595354672683321, 0.5690709039352946, 0.5720203966982119, 0.5792338193218776, 0.5812733615546124, 0.5854429612341139, 0.5874404614602313, 0.5923760553848915, 0.5944798649761122, 0.5980076048577176, 0.5974823874623878, 0.6005521414504533, 0.6050664215092209, 0.6056596939114555, 0.609227965977313, 0.6087724526507269, 0.6115782626945039, 0.613782310669405, 0.6171702779829497, 0.6193210704495079, 0.6188463253387508, 0.6218809961624766, 0.6230362237471603, 0.6239952689603616, 0.6285068417588867, 0.6266501029764399], "val_ious": [0.47198469591313513, 0.503731300001559, 0.5059078709370848, 0.5113566928151725, 0.5431765071723773, 0.5481873788479446, 0.549641412237416, 0.541381723854853, 0.5478052207525226, 0.5713876330334208, 0.5689689977013546, 0.5815238857614823, 0.5848180580398311, 0.5761005396860235, 0.5913145935189895, 0.5760731975669449, 0.58857469563035, 0.5821928619474603, 0.5983614532843878, 0.5973548904277277, 0.6038978378409925, 0.6068753144447354, 0.6080013196105543, 0.5818446989076724, 0.6073888043562572, 0.6000117264364079, 0.5920758983795195, 0.6077156567919083, 0.6040592865235563, 0.6137525406868563, 0.6039664268061734, 0.6111278851395067, 0.5986112494399581], "training_time": 885.4057331085205, "avg_gradient": 0.003337156085178521, "memory_usage": 1396.9375}