{
  "train_losses": [
    0.27663326060966303, 0.24857452244538328, 0.23574140319681686,
    0.2263600793869599, 0.22052205159612323, 0.21631464653688928,
    0.21217612331004246, 0.20800008892041186, 0.20551119752876137,
    0.2025410229259211, 0.2017781412957803, 0.19903506160430287,
    0.1974773369729519, 0.1942776764702538, 0.19272215761568234,
    0.19351615683863993, 0.19034869968891144, 0.1888675513960745,
    0.18777822646433892, 0.18438844277482966, 0.18437387672779354,
    0.18401450194094493, 0.18296815009544726, 0.18290631667427396,
    0.17997378289051677
  ],
  "val_losses": [
    0.27409913261299546, 0.24398464903883313, 0.23547342257655185,
    0.22780242562294006, 0.22735658968272415, 0.2150359662330669,
    0.22059418066688205, 0.20842305894779123, 0.2214608156810636,
    0.20682228227024493, 0.2102301823704139, 0.20824986728637115,
    0.20325372368097305, 0.20305931730114896, 0.1973278328128483,
    0.20282110312710638, 0.1971773420986922, 0.19533773025740747,
    0.1954830489728762, 0.19413891629032468, 0.19042372509189273,
    0.1915376280312953, 0.19525963715884997, 0.19404151355442795,
    0.20414567317651666
  ],
  "train_ious": [
    0.443512146071821, 0.4925969088639039, 0.5157815190167099,
    0.5321676837739303, 0.5422875010610924, 0.550016377526133,
    0.5575043165489381, 0.5645635392570839, 0.5690641916100531,
    0.5747592472403804, 0.5759003592142159, 0.5807113631803918,
    0.5831460335116454, 0.5895272475005924, 0.5922506038585434,
    0.5912674545593882, 0.5968578427598097, 0.5995044993317644,
    0.6008271215402563, 0.6071686250144159, 0.6078587909215603,
    0.6083098497187744, 0.6096388248969679, 0.6098435054114762,
    0.6150351562469768
  ],
  "val_ious": [
    0.4568177454065585, 0.5042521550819494, 0.5145306161780286,
    0.533948569626048, 0.5309395543907, 0.5482578096182449, 0.5395012797004937,
    0.5641952042562375, 0.5552027054886888, 0.5685314322295396,
    0.5563695511740185, 0.5578334782866466, 0.5755897106035897,
    0.579963097969691, 0.5853671440179797, 0.5795920573282932,
    0.5878092292426289, 0.5894128768772319, 0.5915454751339513,
    0.5895215594682142, 0.5993754053893298, 0.5946923723255378,
    0.5874298888704051, 0.5924209524755892, 0.5833339121030725
  ],
  "training_time": 667.0807678699493,
  "avg_gradient": 0.0038535217316549306,
  "memory_usage": 1396.9375
}
