{"train_losses": [0.27953671218584414, 0.24821092965810196, 0.233607216535703, 0.2255223492241424, 0.21928938810268175, 0.21425923761790214, 0.2110407669097185, 0.21636901075101417, 0.20520059505234595, 0.20199301506838072, 0.19973964122650417, 0.19732849559058313, 0.19747338662652866, 0.19466120190918446, 0.19306890010509803, 0.19128071395275387, 0.18956281026096447, 0.1876599251738061, 0.1859649682984404, 0.18681790436739507, 0.1845081233136032, 0.18446464034850182, 0.18039496915171976, 0.17984473575716434, 0.17956625006121138, 0.17802912669013377, 0.1773179140265869, 0.17658418003955614, 0.1753757244542889, 0.1738945580209079, 0.17302299566243007, 0.1737091044045013, 0.17189514442630435, 0.17051779470689918, 0.17026675047109957, 0.1709818858653307, 0.1689605192159829, 0.1700510736554861, 0.16741000496498917, 0.1670588231443063, 0.16638328288884266, 0.16587612478305463, 0.1681719980324092], "val_losses": [0.26542479868816293, 0.2382295141401498, 0.23206788981738297, 0.2408338270109633, 0.23692455434280893, 0.21932767169631046, 0.21517216025487237, 0.2084580219310263, 0.21973652003899866, 0.20718926061754642, 0.20426566607278326, 0.20631911249264426, 0.20238262252963107, 0.19901874434688818, 0.1933626963392548, 0.2001061591765155, 0.19564630447522455, 0.21504989136820254, 0.19220857030671576, 0.19183023468307828, 0.19635701503442682, 0.18934826909200006, 0.18896031412093536, 0.1850024649630422, 0.19099858532781186, 0.18758808756652084, 0.19119724825672482, 0.18614619063294452, 0.18686461902183035, 0.185237146590067, 0.18913767972718115, 0.18453753804383072, 0.18505701876204947, 0.1829619197093922, 0.18710923810368, 0.18904331715210623, 0.1849372607210408, 0.18096511357504388, 0.184131506992423, 0.1823643931876058, 0.1858850931343825, 0.18733502373747205, 0.18428621829851813], "train_ious": [0.4376618059816436, 0.49254147724612907, 0.5203828029604495, 0.5346481531480518, 0.5449827625213759, 0.5534821902604206, 0.5597462806094817, 0.5518051621274669, 0.5699541061252786, 0.5751675013722719, 0.5793993001722771, 0.5842906159443266, 0.5835920756385812, 0.5887695209163684, 0.5918530057845774, 0.5953442194647545, 0.5989596016597053, 0.6017528007859769, 0.605129679368026, 0.6026084861461669, 0.6075674028176329, 0.6074370858461959, 0.6132705095021622, 0.6152596393249176, 0.616835526852072, 0.6184437246318317, 0.6199338194792682, 0.6210863115130991, 0.6231238393895867, 0.626118453354507, 0.6271132018039193, 0.6258849343419941, 0.6293048275553663, 0.6315774651433245, 0.6319152830519539, 0.6307632428040538, 0.6344779503626234, 0.6329790714426319, 0.637233642294355, 0.6379191204365613, 0.6391559887299504, 0.6400738365516281, 0.6355247492159621], "val_ious": [0.4709673228039258, 0.510642719225607, 0.51154469039993, 0.5054084071214647, 0.5213428454986516, 0.5500096196065778, 0.5570254630368688, 0.5616066596214325, 0.5285637094706729, 0.5693729837303577, 0.5734910243663233, 0.5668493177795755, 0.5735985375400903, 0.5779781948397122, 0.5885290214117022, 0.5859622877577078, 0.5808457563752714, 0.5633220007454142, 0.591446470307267, 0.595495802120886, 0.5933527836333151, 0.5988559349291566, 0.6024198188729907, 0.6047956984544147, 0.5997196692919384, 0.6050729619852012, 0.6013043624335441, 0.604859179560689, 0.6063057026569394, 0.6085483846457107, 0.5986381786457008, 0.6105692244094351, 0.6098905639803928, 0.612617447324421, 0.6071201536966404, 0.6059564453536186, 0.6085249258988146, 0.615585721489312, 0.6135311048963796, 0.6185434676598811, 0.6099937813005586, 0.6117018143767895, 0.6084826633982037], "training_time": 1155.3578577041626, "avg_gradient": 0.0032881678257354855, "memory_usage": 1396.9375}