{"train_losses": [0.28193219224719895, 0.25187845495731936, 0.23850084582100745, 0.22878792687602664, 0.2236450771274774, 0.21705673408249151, 0.21266872055180694, 0.20846716476523358, 0.20635583859098994, 0.20395473107371642, 0.20062404101633508, 0.19983011953856633, 0.19665081053972244, 0.19479260188729866, 0.1932359734631103, 0.19151452483366366, 0.18889733258148897, 0.18855209389458533, 0.18721093634224456, 0.18621757521253565, 0.18453306963910227, 0.18227810121100882, 0.18203416588189808, 0.18030626197224078, 0.18094906526739182, 0.17934283063463544, 0.17921824615610682, 0.17611624349070631, 0.1772049149579328, 0.17625715737433537, 0.17518332560101282, 0.17279926071996274, 0.173102550127584], "val_losses": [0.27379314601421356, 0.24484282278496286, 0.23095922722764636, 0.224911040585974, 0.23517174953999725, 0.21464392963958823, 0.22434317255797592, 0.22278834004764972, 0.20519163913053015, 0.20653719584579053, 0.19861630868652594, 0.19755009335020315, 0.19977380108574164, 0.19637752291948898, 0.2009392364517502, 0.19098940621251645, 0.20211032065360443, 0.19252013220735217, 0.20013756790886755, 0.19554993801790735, 0.19140145441760187, 0.18757551033859668, 0.1882323136796122, 0.1866318415040555, 0.18290632606848425, 0.18406218938205554, 0.17974020767471063, 0.180544919617798, 0.184136468431224, 0.1826364044909892, 0.18749912147936615, 0.18507642817238104, 0.1941555978163429], "train_ious": [0.43686464005926, 0.4856252454059278, 0.5106463073280408, 0.527558446281414, 0.5378473172963096, 0.5487739217832035, 0.5569550231153121, 0.5649638433225347, 0.56844979033306, 0.5737519297964762, 0.5785052606269067, 0.5804341600640963, 0.5854178408457752, 0.589813752018887, 0.5922849053058075, 0.594757909036201, 0.5998782644021335, 0.6003050082835596, 0.6025358575085796, 0.6047868828518664, 0.6071790870333066, 0.6108519764806049, 0.6121167632872642, 0.6147884956520537, 0.6131415865991428, 0.616300261323003, 0.617173371323641, 0.6223115546871787, 0.620552596244691, 0.6220517945678338, 0.6242692818784198, 0.6277772481890691, 0.6267792267211968], "val_ious": [0.46813575567110727, 0.5015345667151436, 0.5197682940009711, 0.5231430665522383, 0.5312587285171383, 0.5563492970406145, 0.5210084196018138, 0.5474785263987554, 0.5700319532466972, 0.5565370051325229, 0.582000402652699, 0.5794779755499053, 0.573963025557822, 0.5862131563649661, 0.5765192877987158, 0.5972274829080138, 0.5815455464349276, 0.5933054517144742, 0.5831060487291088, 0.5813703135303832, 0.5997555141431697, 0.6033379135356434, 0.6032004354224688, 0.6001329923021622, 0.6094969087752744, 0.6093278101820878, 0.6135428182888721, 0.6147545200327168, 0.6100550812223683, 0.6104412685701812, 0.6020002712806068, 0.6134724891272144, 0.5937079683594082], "training_time": 884.7737150192261, "avg_gradient": 0.0028144093711424453, "memory_usage": 1396.9375}