{"train_losses": [0.2847658702698739, 0.25786532299674075, 0.24364066601771375, 0.23469192145959192, 0.22613365689049597, 0.22398963643480901, 0.2185283764872862, 0.21645607969359212, 0.2130041924993629, 0.2107098168167083, 0.20653713599819204, 0.2059124050580937, 0.20449073709871457, 0.20274165256515794, 0.19928995932897794, 0.19809884756155635, 0.19605138614449813, 0.19627445417901743, 0.1936174584147723, 0.19102058268111685, 0.19066760122128154, 0.18902800920540871, 0.18789912039495033, 0.1861776831033437, 0.18563796037241168, 0.18406490536163683, 0.18304076839400374, 0.18135963769062705, 0.1815213591022336, 0.17941281725854977, 0.17847411593665247, 0.17785854921068833, 0.1780065877120132, 0.17693114353586797, 0.1756891869008541, 0.17552418294160263, 0.1736484209642462, 0.17287123357148274, 0.17314590829546037], "val_losses": [0.2714915265855582, 0.25867666174536164, 0.2349768089859382, 0.24279816513476166, 0.2249447463647179, 0.22863053724817609, 0.22080310369315354, 0.2130187250997709, 0.21044064507536267, 0.21174274125824805, 0.20430794034315192, 0.2063746228814125, 0.2226783798440643, 0.20489876199027765, 0.2110081868975059, 0.20128743965988574, 0.19748592020376868, 0.208514257941557, 0.19214779235746549, 0.19570299140785052, 0.18812968031219815, 0.18991090486878934, 0.19079503417015076, 0.19136403695396756, 0.18717410998499912, 0.19292815969042157, 0.1867651958828387, 0.1845571751827779, 0.18707881770704105, 0.18659284127795178, 0.18000530354354694, 0.181459355937398, 0.18468692380449045, 0.18728667594816373, 0.18234660476446152, 0.18930690314458765, 0.1792904051101726, 0.18166957050561905, 0.19150362293357434], "train_ious": [0.43037167606978416, 0.4747790832450423, 0.5013064937801033, 0.5191018375149671, 0.5332300586868888, 0.5377579853478546, 0.5470463472647943, 0.5508993894563635, 0.5568969325850839, 0.5616781608458015, 0.5687999422459498, 0.5700225706981578, 0.5725376792252058, 0.5754717694244526, 0.5813351247621618, 0.5831151879460048, 0.587320705146893, 0.5870805321180307, 0.5915210811772207, 0.5967823223251361, 0.5968311515947182, 0.6003856385207694, 0.602458911907414, 0.6047844546644585, 0.6068193251132102, 0.6081165939677453, 0.610034897491552, 0.6136883103113243, 0.613088214095088, 0.6171608993216701, 0.6189508838174138, 0.620228931955669, 0.6196297192271202, 0.6214416879566684, 0.6228695701321828, 0.6236981826739896, 0.6269765185813114, 0.6287072458021019, 0.6282964282925578], "val_ious": [0.4559082502256269, 0.477127266210922, 0.5092323766886325, 0.4978484870946924, 0.5339395460011304, 0.5231430197971455, 0.5431940036191456, 0.5527083321973898, 0.5594018879144089, 0.5564467198606851, 0.570562700646511, 0.5665758844950924, 0.5528270211340726, 0.5674950661866562, 0.5588847691382187, 0.5785488263852355, 0.5818575162818466, 0.5620930119269137, 0.5923043724851332, 0.5853824060464252, 0.6002251333084658, 0.5910292388736338, 0.5967061297185178, 0.5945285187251327, 0.6002776121747665, 0.5957770980354669, 0.6003222888794496, 0.6075373404267906, 0.6031039907880451, 0.6038588853417963, 0.614890402857808, 0.6135570216869961, 0.6073959117782288, 0.6047923841338229, 0.6110827603201936, 0.6018741184818572, 0.6189604243938474, 0.6133669958166452, 0.5934757812731509], "training_time": 1042.924038887024, "avg_gradient": 0.002535831876135302, "memory_usage": 1396.9375}