{"train_losses": [0.2784121162055627, 0.25335433398899826, 0.23870440240463484, 0.23316974184759284, 0.22707677818834782, 0.22167003600169782, 0.21843187073650566, 0.2156016802334267, 0.210643717047313, 0.20869482543481432, 0.2039075445221818, 0.2049947908229154, 0.19979739772236865, 0.1976452838305546, 0.19737249677595886, 0.195125763506993, 0.19310108985265959, 0.19213890681124252, 0.18999791874185853, 0.18883824065003707, 0.18645904618112938, 0.18696382981927498, 0.18493870410906232, 0.18369118909796942, 0.18252891237321106, 0.18323873939073604, 0.18083481668778087, 0.18081244802021462, 0.1807838590896648, 0.1787837461123, 0.17709628889418166, 0.176885139035142, 0.17625171715474647, 0.17494596443746402, 0.17216892143630463, 0.17479551996549833, 0.17204971700582816, 0.17203158796157525, 0.16956238497210585, 0.16935644784699316, 0.16926633987737738, 0.17153085986881153, 0.16750651857127313, 0.16815608343028504, 0.16611688276347908, 0.16687222440605579, 0.16597643559393677], "val_losses": [0.2585898641010989, 0.2417446242078491, 0.25596309841974924, 0.24267842296672903, 0.22080886558346127, 0.21940186393001807, 0.22485547707132672, 0.22702540975549948, 0.20563213786353235, 0.21633467466934866, 0.2130497742606246, 0.20983158181542935, 0.20050604803406674, 0.20362372502036716, 0.2147460391987925, 0.19797522704238477, 0.1969003136391225, 0.19028034093587295, 0.19315366446971893, 0.19311802639909412, 0.18700426201457562, 0.18716633255067078, 0.18854147616935812, 0.20083069283029306, 0.19153833389282227, 0.18659167477618094, 0.18511270731687546, 0.18283898545348126, 0.19928660470506418, 0.18388960121766382, 0.1841100778268731, 0.1858104043032812, 0.18542771397725397, 0.17792961195759152, 0.1877561768759852, 0.1840809991826182, 0.18070885927780814, 0.18236010262499686, 0.18326982499464697, 0.18057488552902057, 0.1849721100019372, 0.17942570700593616, 0.17989250304906265, 0.177646416036979, 0.17839932798043542, 0.17842332759629126, 0.18540262657663095], "train_ious": [0.4392522845241794, 0.4825528468666735, 0.5104517202716373, 0.521000965727844, 0.5318298455381741, 0.5410147635941057, 0.5467422670698252, 0.5513315033977451, 0.559720241667136, 0.5627823418573193, 0.5714807499847983, 0.5705472379382969, 0.5793092892761679, 0.5822918548424176, 0.5840631782792614, 0.588180844280599, 0.5910886552022847, 0.5936769660616265, 0.5968689659907337, 0.5991183376290662, 0.6026438829907472, 0.6033880911443545, 0.6055610038987972, 0.6083192191478133, 0.6098264748959438, 0.6092984581339188, 0.6128306339724342, 0.612868201797423, 0.6141053881982098, 0.6173902302440526, 0.6204627332803998, 0.6201144407732763, 0.621240764262452, 0.6237924549782619, 0.6289786055036215, 0.6233756252281045, 0.6288988687421962, 0.6289807342100837, 0.633157041085803, 0.6335786398554194, 0.6336043750786264, 0.6302424336149209, 0.6371528989486935, 0.635270156506179, 0.6385948691463124, 0.6381592145864515, 0.6396906841276345], "val_ious": [0.47339645891949755, 0.5091465128504712, 0.4852803160530935, 0.5210852127360259, 0.5440739842428678, 0.5459271995485692, 0.5396931107709372, 0.5276339380205541, 0.5730668040721312, 0.5548173953657565, 0.5558036153299222, 0.5674662194822145, 0.5797777197499205, 0.5799762196298958, 0.5582128108843515, 0.5817510446776514, 0.5879049566776858, 0.5989832763654601, 0.593652345995972, 0.598826506431552, 0.6059663267671198, 0.6010625904452972, 0.5974241881698802, 0.5931584403134774, 0.6023541049680847, 0.606586693637613, 0.6095036790854691, 0.6104017940984255, 0.5972577715697497, 0.6132659646479981, 0.6116620567829711, 0.6086795155120932, 0.6091506943322611, 0.6223936240742172, 0.6060137031734852, 0.6125052927628808, 0.6197367727324583, 0.6143596282471783, 0.6145984595236573, 0.621097131267838, 0.6129342838042025, 0.6177938535161641, 0.6225835570822593, 0.6231306447930959, 0.6244506928799808, 0.6230659646832425, 0.6107581715652909], "training_time": 1257.0438380241394, "avg_gradient": 0.005808149038607309, "memory_usage": 1396.9375}