{"train_losses": [0.27500248870447924, 0.2455708335923112, 0.2334781529624825, 0.22764983465490135, 0.22058320563772452, 0.21901173338941907, 0.2129017868605645, 0.20895962506208732, 0.2060897156758153, 0.20382072047694869, 0.20046063804108163, 0.19936872063123662, 0.19604392422606115, 0.19483961675154127, 0.192908622081513, 0.19046847279305043, 0.1886405151175416, 0.18853649262176908, 0.18819082568845022, 0.18556094922773217, 0.1842976474891538, 0.1834172421823377, 0.18065287707292516, 0.18021514898409013, 0.17854391896854277, 0.1787236187930988, 0.17713966795607752, 0.17689492512980234, 0.1772820295199104, 0.17507933161180952, 0.17403117129984108], "val_losses": [0.26579767886711203, 0.2394589354162631, 0.26314361620208493, 0.22285411247740622, 0.22844923838325168, 0.22713810658973196, 0.21905967074891794, 0.20560625001140262, 0.20808337078146313, 0.20278702352357947, 0.20160423867080524, 0.19758189825907999, 0.21142369735500086, 0.20567899910004242, 0.19033292162677515, 0.19658093737519305, 0.19155602772598682, 0.19559850155011468, 0.1928536571238352, 0.19661469530800116, 0.18488144906966583, 0.18186447089133057, 0.1902508641714635, 0.19508504640796911, 0.1826961630064508, 0.18332356441280115, 0.18341753664224045, 0.18984905338805655, 0.18927973606016324, 0.18005339283010233, 0.18587202837933664], "train_ious": [0.44729592802278934, 0.49771611959390016, 0.5200069615536408, 0.5294399376202756, 0.5428082067789373, 0.5458426873968998, 0.55669445120662, 0.5629925991044099, 0.5683071080163338, 0.5715282418751628, 0.57830384541033, 0.5808448924318607, 0.5868689120355721, 0.5886778316959954, 0.5920728969833128, 0.5961648818051469, 0.599523154181847, 0.5994137455371842, 0.6005119101508802, 0.6048328861378242, 0.6082073619076303, 0.6091474762213405, 0.6138229733467965, 0.6150771829205146, 0.6176683420612327, 0.6174935487949328, 0.6201818702013596, 0.6208286717318109, 0.6197874666448088, 0.6247045216353044, 0.6262274318091248], "val_ious": [0.4705154022228891, 0.5071359119121578, 0.46364636859600095, 0.5446993952644043, 0.5331293636042139, 0.5186975414770235, 0.546839772683123, 0.5667215408622355, 0.562867227671803, 0.577634557865668, 0.5811062580433446, 0.5817164055247239, 0.5584101740648779, 0.5720427567544192, 0.5926639474388482, 0.5878312866324965, 0.5994935083216516, 0.5878618601439655, 0.5993673237769501, 0.5792230924834377, 0.60420043874478, 0.6131637683813124, 0.6014576919268873, 0.5927169463340787, 0.6084745863209601, 0.610122430367746, 0.6101469499045524, 0.6052147160837615, 0.6030887764865074, 0.6144322798303936, 0.6023077329863673], "training_time": 831.2451064586639, "avg_gradient": 0.0025732398117165314, "memory_usage": 1396.9375}