{"train_losses": [0.28233881732044014, 0.2579537958878538, 0.24267639908129754, 0.23407433246788772, 0.22902949462118355, 0.22336116870460304, 0.22003456310409567, 0.21527793307019316, 0.213014367400952, 0.21035010529601056, 0.208969933912158, 0.20737379546398702, 0.2037335014699594, 0.2021735366433859, 0.20442936350793942, 0.20019285081197385, 0.1989656886814729, 0.1963632486598647, 0.19508218603289645, 0.19399968866744768, 0.1911641804744368, 0.19191198091468084, 0.18991657516554647, 0.1878999167162439, 0.18697220338103565, 0.18651991021697936, 0.18475211978606557, 0.18382584522275822, 0.18372030734367992, 0.18060736997943858, 0.18101455894825252, 0.1812437871552032, 0.17863651073497275, 0.17734952449150707, 0.17819367251966312, 0.17594473047748857, 0.17576554490496282, 0.17659806071416193, 0.17438126744135565, 0.1739478789107955, 0.17312190260576166, 0.17233387704776681, 0.1706370981005223, 0.17292562540134657, 0.16904656103123789, 0.16834154158182765, 0.167793994202562, 0.16719803052104037, 0.16561019056193207], "val_losses": [0.2667709129012149, 0.24509341690851294, 0.23530336663774823, 0.246209510318611, 0.2447278072004733, 0.22403190479330395, 0.2215889284144277, 0.2162081612193066, 0.20930090384638828, 0.206989249781422, 0.20982653939205667, 0.20117572273897089, 0.20189450875572537, 0.20800931168639142, 0.2030179426074028, 0.1969363825476688, 0.20082460473413052, 0.1933615356683731, 0.1990208408754805, 0.19591897823240445, 0.19311196130254996, 0.195227461664573, 0.18994098998930142, 0.1924945508008418, 0.188422243880189, 0.1898149083489957, 0.19072761483814404, 0.1914551219214564, 0.18803856780995493, 0.1924739301852558, 0.19168435749800308, 0.18436378337766812, 0.1827868929375773, 0.18145948939997217, 0.1831143329972806, 0.18638610937025235, 0.18541888179986374, 0.1887462799963744, 0.1787026407925979, 0.18400675285121668, 0.18053584610638412, 0.1823289815498435, 0.17833880140729572, 0.1779965029462524, 0.1785763540993566, 0.1800054123868113, 0.17961772142545038, 0.17772879386725632, 0.17823622440514358], "train_ious": [0.43493571361540334, 0.47423617938614393, 0.5021243780257479, 0.5185004032446424, 0.528744797694726, 0.5380858473101824, 0.5446991424845613, 0.5527491631877165, 0.557239460394434, 0.5623895225749498, 0.5644676191327367, 0.567461145852787, 0.5737831779364226, 0.5769781974022805, 0.5731982967775797, 0.5802225975346739, 0.5822678745008897, 0.5862322848668134, 0.5891136581591077, 0.5907752777895202, 0.5957736791907875, 0.5947156844903594, 0.5986904787520564, 0.6017695027201069, 0.6033726378303508, 0.6043684988458087, 0.6076109537827792, 0.6092116869446162, 0.6096543581697388, 0.6153716734354047, 0.6142327572232574, 0.6138735328247581, 0.6181405426907363, 0.6214652376222436, 0.6194480732083324, 0.6227818424071091, 0.6229497514449166, 0.6215828205256357, 0.6259416115564713, 0.6267379936964618, 0.6284542293220323, 0.6291475891527059, 0.6322565526310087, 0.6286037339680436, 0.6353027822746746, 0.6366339765921023, 0.6372092974142756, 0.6387645235096197, 0.640860298837441], "val_ious": [0.4706542540503585, 0.49005328615506477, 0.5131037467415781, 0.5056782924178718, 0.49431746258683834, 0.5287997503427492, 0.5397278288568275, 0.5535845676625983, 0.5600505290903905, 0.5690326183170513, 0.5699808783289315, 0.573707618791124, 0.5754030055325964, 0.5676153043042058, 0.5672629950703054, 0.5855896008619365, 0.5776383576617725, 0.5891591783450998, 0.5862108814543572, 0.5799191345771155, 0.5910633085430534, 0.5879066219364388, 0.5978519355041394, 0.5961581114409625, 0.5983329912026725, 0.600138338363689, 0.596894272427628, 0.599301893857942, 0.6029460771360259, 0.5978399508673212, 0.5968583539344262, 0.6086719994959623, 0.6098291971113372, 0.6152604740598927, 0.6122267041085422, 0.6017594177653826, 0.6130365994961366, 0.6049606970686843, 0.6203365174756533, 0.6114505304806476, 0.6158685928237612, 0.6173809002275052, 0.6224005224480144, 0.6218687986982042, 0.6219378804814987, 0.6169038741053013, 0.6199583136948986, 0.6222781009864116, 0.6200064712244532], "training_time": 1311.6116251945496, "avg_gradient": 0.004640492211701006, "memory_usage": 1396.9375}