{"train_losses": [0.2784166251835616, 0.24886542315716328, 0.23527071827455706, 0.2274439190716847, 0.22153636869852958, 0.21679935215607934, 0.2126475523185471, 0.20894036960342657, 0.2061901372735915, 0.20612780182905818, 0.20158407359343508, 0.19754983946357085, 0.19828419476423575, 0.19607911364215871, 0.191824687887793, 0.1917104339632003, 0.19008419654615547, 0.1885493662532257, 0.18563100096324217, 0.1853304701330869, 0.18371466644432233, 0.18258634679343388, 0.18074930337784084, 0.17994359872587348, 0.17921065846863, 0.17851650812055753, 0.1773746066281329, 0.1760431275419567, 0.17524657511840697, 0.17373546885083552, 0.1725724664233301, 0.1730449044186136, 0.17222233221906683, 0.1704010847632004, 0.1699836231444193, 0.1687565138158591, 0.16792991870771284, 0.16830894180937953, 0.16701304669613423, 0.1670700244443572, 0.16569000539248405], "val_losses": [0.27113610538451566, 0.24221243644538132, 0.23468172874139703, 0.22985030645909516, 0.24174606605716373, 0.22314012439354605, 0.22304099603839542, 0.21615939522567001, 0.21536853132040604, 0.21443113717048065, 0.20323335638512735, 0.2053090790691583, 0.2039965896502785, 0.2114416228040405, 0.2132039847581283, 0.19793178886175156, 0.19696254186008288, 0.20013477718052658, 0.19227320312157922, 0.20005804105945255, 0.2029097005724907, 0.19197826702957568, 0.18819109350442886, 0.19695475503154422, 0.1885478091628655, 0.19464198240767355, 0.19272334679313327, 0.1960411308252293, 0.18914280767026154, 0.1907982512012772, 0.1887123001658398, 0.19107335773499115, 0.18793092959600946, 0.18620774085107056, 0.18900198845759683, 0.18527125988317572, 0.18303263511346735, 0.18544386521629666, 0.18681465056927307, 0.1853984762793002, 0.19427612035170846], "train_ious": [0.4396664344864237, 0.4928543243989133, 0.5165338252495595, 0.5307582296377074, 0.5413689555033396, 0.5485783978162901, 0.556903522812586, 0.5631996388344662, 0.5677730301260084, 0.5678539258306444, 0.5763902959508306, 0.5835877041993798, 0.5822596487899624, 0.5862646403088085, 0.5944357475508815, 0.5947618149220942, 0.597384879176599, 0.5995114963447697, 0.6054899215266324, 0.6059932341070278, 0.6091185292040091, 0.6104324989668699, 0.6144757373393446, 0.6155858437760153, 0.6175403203545275, 0.6179484265546002, 0.6210288256946681, 0.6217036112279132, 0.6235961410878366, 0.6261771897366945, 0.6281095480789312, 0.6277161762118335, 0.6289993580700697, 0.6322409669882141, 0.633376949993165, 0.6349295387989368, 0.6367502268673717, 0.636473313945791, 0.6378774449661154, 0.6386624455343984, 0.6409502785814843], "val_ious": [0.4590443912623585, 0.505854446818863, 0.5185236679255099, 0.5257063925914142, 0.5120280725152596, 0.5301569130109703, 0.5324676379129507, 0.5495695629413576, 0.5488925000679664, 0.5544068253990533, 0.5691493615724037, 0.5656925014395646, 0.5776523075241972, 0.5630468104196631, 0.5462047719005225, 0.5804768921672432, 0.5863409904034242, 0.5763922143673551, 0.5931080307649528, 0.5848253533460092, 0.5707809303117835, 0.597549832817437, 0.5998163359320682, 0.5839469221191129, 0.6015870091707809, 0.5951128172269767, 0.5906289675529454, 0.5909549066985863, 0.6034238288799924, 0.6000950930343159, 0.6038090467884922, 0.6022131034861442, 0.5999944115030594, 0.6061115683852761, 0.6071860081907631, 0.6119795396276142, 0.6096213475085687, 0.6107086830812952, 0.6098300229380097, 0.6091873028140138, 0.6012171649414559], "training_time": 1099.8340451717377, "avg_gradient": 0.004850393276027141, "memory_usage": 1396.9375}