{"train_losses": [0.2841313631152329, 0.2566403341682061, 0.24304447987157365, 0.23332839046159518, 0.2256493008007174, 0.22436910875789498, 0.2187098161843808, 0.21538360514070676, 0.21241495021335458, 0.21004674194947534, 0.207590293949065, 0.20510407610108022, 0.20246963356824024, 0.19918946387327235, 0.19831660308915636, 0.19751503448123517, 0.19691594349949257, 0.19394884793006856, 0.1931832155779652, 0.19129955703797547, 0.18944055538462556, 0.19006828931362732, 0.187021316960454, 0.18613667850909027, 0.18556329551274361, 0.18411074999881827, 0.182405568011429, 0.18263376860514932, 0.18007482677374198, 0.18304204471085384, 0.18159406939926354, 0.19174386779575245], "val_losses": [0.2621357052222542, 0.25825209526912024, 0.23557856516993564, 0.228462104888066, 0.23047255919031476, 0.22741070713685907, 0.23362860310336817, 0.22658685108889703, 0.2096628491645274, 0.20689470126577045, 0.21359960993994836, 0.20874873872684396, 0.20266561339730801, 0.20104717592830243, 0.2004631142253461, 0.20585034625685733, 0.20255651940470157, 0.19929142944190814, 0.1993981635440951, 0.19226707323737766, 0.19682834329812424, 0.19104815533627634, 0.20330463252637698, 0.19029568524464316, 0.1918029856422673, 0.18989115953445435, 0.18616248570058658, 0.1915915462633838, 0.18428427855605664, 0.18601397943237555, 0.18228615593651068, 0.20160328110922937], "train_ious": [0.43395163541308773, 0.4773235154486653, 0.5016630206635029, 0.5208384745308884, 0.5331431814887815, 0.5366099218473488, 0.5460892026515115, 0.5522012308887817, 0.5580292961465707, 0.5617247651992497, 0.5655620230118867, 0.5705115057366048, 0.5744817823819489, 0.5807069609670531, 0.582601283663425, 0.5835969347668731, 0.585131759174924, 0.5911025822810505, 0.5917593750400821, 0.5948261193715145, 0.5982187632201371, 0.5975356093891283, 0.6026380621976611, 0.6042061476171883, 0.6055150766843472, 0.607767370192037, 0.6105481125954269, 0.6109658667574756, 0.61492128972558, 0.6104707831273904, 0.6122104205407094, 0.5962853333980277], "val_ious": [0.46262177663004933, 0.4789936893444131, 0.5176612148466319, 0.5209638595149136, 0.5385597019955732, 0.5258277637371119, 0.5330096044834108, 0.5349169307644817, 0.5618635478658953, 0.5671293634003487, 0.5529862393935523, 0.555316537618637, 0.5740909103466116, 0.5798244268997856, 0.5820357017758965, 0.5768104305733806, 0.5809602465318596, 0.5829815002887144, 0.5802931478921921, 0.5897825580576191, 0.5862489770288054, 0.6006279153668362, 0.5774275351693665, 0.5996183277904126, 0.590848670489546, 0.6018407750820768, 0.6025961307079895, 0.5936195755350416, 0.6066829655049503, 0.6052860509658206, 0.609182974782543, 0.5769822228214013], "training_time": 859.712073802948, "avg_gradient": 0.00335452180961862, "memory_usage": 1396.9375}