{"train_losses": [0.2793531042078267, 0.2491806249903596, 0.23902535730082056, 0.22974235402501147, 0.22351687401533127, 0.21891705473156078, 0.21562168334165346, 0.21179190666779227, 0.2094125605147818, 0.20613862663183524, 0.2055333575800709, 0.20298596884569395, 0.19966219891996487, 0.19847615540999433, 0.19730069148151771, 0.19525579346910768, 0.1931635569781065, 0.19336066006318384, 0.18955163325628507, 0.18997159681242445, 0.18804797829817171, 0.18625645703919555, 0.18497891732208108, 0.18456814624369144, 0.1831638509326655, 0.18133145198225975, 0.179374307717966, 0.18225171805723853, 0.17981332823958085, 0.17743638700441175, 0.1781729758595643, 0.17718835345104986, 0.17506439214491326, 0.1747620132468317, 0.17226592815764571, 0.17232773752640124], "val_losses": [0.2555437039421952, 0.25542029868001526, 0.2340962857655857, 0.22702729831571164, 0.22459681656049646, 0.21455953496953714, 0.20989229756852854, 0.207575140763884, 0.21174735640702042, 0.20438222813865412, 0.21111916621094165, 0.2060699239373207, 0.19446068321881088, 0.2077135809737703, 0.19637002407208734, 0.19194151169579962, 0.19678064954021704, 0.18752159372619961, 0.1897822058071261, 0.18860427516957987, 0.1879342716673146, 0.1879873123505841, 0.18827607093945795, 0.18374462879222372, 0.18713553962500198, 0.1823574437395386, 0.193719986340274, 0.1865264685905498, 0.1843881091993788, 0.18137720518785974, 0.1816659530867701, 0.18394377892432007, 0.18253146241540494, 0.18046666066283765, 0.18032408376102863, 0.18882503068965414], "train_ious": [0.4390155750299818, 0.4908293586332299, 0.5096349035646173, 0.5257771458962689, 0.5379459357725973, 0.5460767194466745, 0.5516144158723563, 0.5580964271195125, 0.562590747747732, 0.5677322192468501, 0.5699039490866483, 0.5736617036433755, 0.5799935263838024, 0.581781612844139, 0.5838934205796409, 0.5873613502236378, 0.5914665295378022, 0.5910535371605896, 0.5976534040941709, 0.5976280828101052, 0.600465295377417, 0.6031758144929791, 0.6060535711222801, 0.6066482041732987, 0.6098145707577897, 0.6126658647064714, 0.6160381577801014, 0.6104803518864553, 0.6153791321684486, 0.6191726071031199, 0.6180026865955713, 0.6201835677999518, 0.6232157687562099, 0.6238380451889142, 0.6282992665858371, 0.6278996738618698], "val_ious": [0.4704185581725575, 0.4837883754052978, 0.5134020603221395, 0.5306331892160402, 0.536345156746498, 0.5480547024719958, 0.5595224670309952, 0.5663926432962004, 0.5600160455358202, 0.5740624826023545, 0.5580751651871033, 0.5742272155872289, 0.5891304808682291, 0.5561277030602746, 0.5871016806450443, 0.5957933498033579, 0.5821141764737555, 0.6025455881288087, 0.5964685728152593, 0.5964002194611921, 0.6051707069079079, 0.6022384952807771, 0.6011122229738513, 0.61075165392696, 0.6027615981689397, 0.611688204217648, 0.5917836589657742, 0.6079897239156391, 0.6109836386597675, 0.6133034652557924, 0.6130403958368992, 0.6080261810102326, 0.6163054659314778, 0.6208426090686218, 0.6173072699187457, 0.605587916313738], "training_time": 987.0545032024384, "avg_gradient": 0.004558132786326341, "memory_usage": 1399.4375}