{"train_losses": [0.27776748136333795, 0.2476386561503877, 0.23331145035183948, 0.22637094460103824, 0.22058752600265585, 0.21690942865350973, 0.2127789256527372, 0.20849906053879988, 0.2062919991819755, 0.20326368300163228, 0.20024206092500169, 0.19888097306956415, 0.19759556707804618, 0.1940372792760963, 0.19172272734020068, 0.19209386456919753, 0.18837229891315752, 0.18740698517016743, 0.18671528031320675, 0.18564740090590456, 0.18546233804005643, 0.18260514695683253, 0.18176535759931026, 0.17971015211356722, 0.1788164286509804, 0.17860764038303625], "val_losses": [0.26925544505533966, 0.2358097618688708, 0.2229578588967738, 0.21785662549993265, 0.21392719609581906, 0.21474721962990967, 0.20871004267879154, 0.21184195318947668, 0.21847565310156863, 0.20030043079801227, 0.20024803054073584, 0.19950222288784775, 0.20916131365558374, 0.19437933356865592, 0.1950656230682912, 0.1945683123624843, 0.18607573373162228, 0.196532576304415, 0.19300136812355206, 0.1862328839690789, 0.1869152735756791, 0.19158821164265924, 0.18385218245827634, 0.1876423242299453, 0.18720310343348462, 0.19842759746572244], "train_ious": [0.4399350527263372, 0.4933770892034839, 0.5190075314131333, 0.5303155441053107, 0.5411879652976129, 0.5473020383143338, 0.5558662721752259, 0.5632633664037872, 0.5675394778558309, 0.5726444566811338, 0.5777299199523273, 0.580779581398204, 0.5830308041818765, 0.5898934225349323, 0.5934569161871206, 0.5929716552297274, 0.5993962984910047, 0.6020747518193895, 0.6029983660125212, 0.6056166496397791, 0.6051194455636586, 0.6107751123499178, 0.6130491789376391, 0.6159365695455801, 0.6171517420722088, 0.618573967259431], "val_ious": [0.47396449334379553, 0.5030441599479619, 0.5410704036121785, 0.5457213590110558, 0.5522980398457983, 0.5541028924610305, 0.5568759529918863, 0.5587360831922379, 0.5363437736379928, 0.5719345399866935, 0.5813594615977743, 0.5842361502025438, 0.5660156663777172, 0.586045930351036, 0.5924012095168016, 0.5904509405726971, 0.6050378526898396, 0.5861140755207643, 0.5944133834994356, 0.6038308096104774, 0.6037567633649578, 0.5904663332562515, 0.610580934778504, 0.6050290415684381, 0.6066441039244336, 0.5832453933746918], "training_time": 693.6910979747772, "avg_gradient": 0.004775147399884276, "memory_usage": 1396.9375}