{"train_losses": [0.28049509786069393, 0.2536222949300123, 0.24297693809089455, 0.23281082842984926, 0.22535887101422186, 0.22170347137295682, 0.21701805593202944, 0.21484951723528944, 0.2101431806450305, 0.20828342089510482, 0.2056572728830835, 0.20348612073323, 0.20166841303200825, 0.19812863295816857, 0.19894693573207958, 0.1959111049933278, 0.19406762670563615, 0.19170169678071272, 0.19141931556489156, 0.19167335331439972, 0.18806751655495685, 0.18844248694570168, 0.18621729759742384, 0.18506671350611292], "val_losses": [0.2664710989464884, 0.23927975931893225, 0.2572161668668623, 0.24559336997892545, 0.23676986117725787, 0.2152293619254361, 0.22017288953065872, 0.21803392534670624, 0.21220547025618347, 0.21861395466586817, 0.21099657500567642, 0.20895547549361768, 0.20788927408664123, 0.20057983696460724, 0.2073282790572747, 0.19452296424171198, 0.19678575059641962, 0.19541894093803738, 0.1985116584793381, 0.19389402056517807, 0.19533969267554904, 0.19724533253389856, 0.1950646959569143, 0.21278268552344778], "train_ious": [0.4362403105782428, 0.48274970443352416, 0.5025660304379634, 0.5215724953922671, 0.5341913205288026, 0.5407933601974577, 0.5491100769705962, 0.5532976258006215, 0.5620534499108356, 0.5648658465108146, 0.5702960746011871, 0.5739915456244912, 0.5778740184462585, 0.583266240261171, 0.5823620730552119, 0.5874763689395307, 0.5903613739039588, 0.5948179463005584, 0.5959167048551031, 0.5950963550611682, 0.6011088057488636, 0.6004276038619915, 0.6050607790441616, 0.6069953836824582], "val_ious": [0.4655501772312151, 0.506356228844843, 0.4833289556529213, 0.48877619228501246, 0.5200907146369201, 0.5471822564368662, 0.5483717472440953, 0.550163329511449, 0.5499175383128981, 0.5463209618692815, 0.5540774913801664, 0.5616247712270072, 0.5684148096951886, 0.5807652903207836, 0.5689515676619349, 0.5843273340791896, 0.584496478887572, 0.5871108811402668, 0.578515975371651, 0.5880529128986857, 0.5929501907549044, 0.5834073227816734, 0.583878696180772, 0.5550507922535359], "training_time": 644.0290365219116, "avg_gradient": 0.004940464244418712, "memory_usage": 1396.9375}