{"train_losses": [0.28142233605942, 0.2520499075560466, 0.23666614601793495, 0.22886860281552956, 0.22151473917714928, 0.21686905290445554, 0.21272256865125636, 0.2083661352162776, 0.20716776302003342, 0.20540119942439639, 0.20149476915273978, 0.2009423417241677, 0.19805243068739123, 0.195736534650559, 0.19292694273526254, 0.19269963945059673, 0.19122418429216612, 0.18937002025220706, 0.18778212822001913, 0.1861580734991509, 0.18452541692101437, 0.1838133889047996, 0.18408946417596028, 0.18095041349854157, 0.17939719768322032, 0.17998607966886915, 0.17929340939482916, 0.17819541287810906, 0.17491821685562964, 0.17547401032694007, 0.17581135755323846, 0.17274469971332862, 0.17313593132016453, 0.17287411062937716, 0.17120618235481821, 0.1699813968785431], "val_losses": [0.26957367425379547, 0.25022843512503995, 0.24202768860951715, 0.2212962877491246, 0.22408682464257532, 0.22507750696462134, 0.21081507594689078, 0.22960912306671558, 0.20506565596746362, 0.21595998140780823, 0.19734624125387357, 0.2039590338649957, 0.2023014332289281, 0.19987625110408533, 0.1950509172418843, 0.19581981068072113, 0.19120425860518994, 0.18935104427130325, 0.18645961031965588, 0.18853224619575168, 0.18692513879226602, 0.19470136321109274, 0.18452513541864313, 0.1927859203323074, 0.18874586956656497, 0.18269631460956906, 0.1874503496548404, 0.18083435523769129, 0.1815634531819302, 0.19012466202611508, 0.18133150138284848, 0.18302465165438858, 0.1824076778214911, 0.1807329742156941, 0.17955951133499976, 0.18378556908472723], "train_ious": [0.436373504486097, 0.4859343428650627, 0.5141431473303532, 0.5279043005860371, 0.540650845653769, 0.5486770723339014, 0.5561455205298853, 0.5642115898646307, 0.5655688630497976, 0.5690948751525605, 0.5756055423315022, 0.577004844079847, 0.5829134022520072, 0.5865243971887707, 0.5915163153431552, 0.5913032939576588, 0.5947980273353017, 0.5976832704483599, 0.6010456443696784, 0.6044676429659558, 0.6069527106980485, 0.6084078560596791, 0.607500689401143, 0.6123849074693691, 0.6153554048227227, 0.6146701161844145, 0.6160974122475888, 0.6177414159519952, 0.6234381911547291, 0.6224543055438475, 0.6218384097235792, 0.627607746940592, 0.6268064364035062, 0.627235879716666, 0.6303484403136849, 0.6322481555567271], "val_ious": [0.4689035139222075, 0.4984242740100707, 0.5129162582798281, 0.5459047404752262, 0.5271125270620638, 0.5377320716346519, 0.5624400323283842, 0.5277546731674153, 0.571910300332567, 0.5581947088889455, 0.5848305445650349, 0.5785493569961491, 0.5803091083315836, 0.5892940500508184, 0.5875820184963337, 0.5856733158014825, 0.5990382009658262, 0.5966363171304482, 0.6039732560731361, 0.5997773739306824, 0.6015987059344416, 0.5918146194755166, 0.6093859357246453, 0.5994712248228599, 0.599748329407927, 0.6140913388867308, 0.6075228059637373, 0.6153629888658938, 0.6184692084789275, 0.6046753489020943, 0.6171152185702669, 0.6142658837463546, 0.6135327686434205, 0.6164675961801972, 0.6188293514044391, 0.612722531824872], "training_time": 959.6094608306885, "avg_gradient": 0.003888141313756119, "memory_usage": 1396.9375}