{"train_losses": [0.2769957844815824, 0.24816516657238422, 0.23662742988570876, 0.22882995398148245, 0.2232193694976361, 0.21859462664503118, 0.21555157491694327, 0.21066303705067738, 0.20750680962658447, 0.2043295956986106, 0.20407544781008494, 0.20073380305067354, 0.19681932412735795, 0.19782567396759987, 0.1945122328951307, 0.19361898286835008, 0.19227696566478067, 0.19029882112922875, 0.18951100151499975, 0.18664299461828626, 0.18554977254699107, 0.18468983082667642, 0.1826651282608509, 0.18160454750708913, 0.18202751964006736, 0.1802853505410578, 0.1784950289875269, 0.17687112344023975, 0.17735780281541141, 0.1765067967707696, 0.1752192742474701, 0.174356611850469, 0.17326273655761842, 0.17313465103507042, 0.1708502371026122, 0.1711950775073922, 0.1710703504960174, 0.16868079267442226], "val_losses": [0.2534151417405709, 0.24380212698293768, 0.23958575595980106, 0.2235053997972737, 0.22279283274774966, 0.21057639173839404, 0.21762370447749677, 0.20986582597960596, 0.20905014127492905, 0.20305065130409988, 0.2030941750044408, 0.19678021902623383, 0.20108717032100842, 0.20110599243122598, 0.1964542026753011, 0.20407806045335272, 0.1953383101069409, 0.18997668021399042, 0.1923225194863651, 0.19087317132431528, 0.18426734371029813, 0.18650374723517377, 0.1891258316843406, 0.18520390598670297, 0.18273005764121594, 0.19108218148998593, 0.18440552768499954, 0.17988164884888608, 0.187392456052096, 0.18472907497831012, 0.18250687226005222, 0.18448925504217978, 0.18472018319627512, 0.19049596786499023, 0.1848917496593102, 0.18049310309731442, 0.1801175559344499, 0.1814616614061853], "train_ious": [0.4438002733311252, 0.4927143255869547, 0.5142997608290635, 0.52801732821525, 0.538446438836231, 0.5469622060764529, 0.5512942615356566, 0.5601956209410788, 0.5658358982831669, 0.5713793215868267, 0.5721580477404423, 0.5781235393622649, 0.5854415530203909, 0.5824401512526081, 0.5890477833108625, 0.590903778223024, 0.5936159413793812, 0.5967605798032837, 0.5974965795226721, 0.6035926763670173, 0.6055080924669037, 0.6064909067598807, 0.6102307356786038, 0.6123904267299, 0.6115569890733213, 0.6141200355537564, 0.6174734603559628, 0.6199508859519508, 0.6195464931644394, 0.6213432696202529, 0.6233008664263334, 0.625052126367455, 0.6270283392050129, 0.6267722198280739, 0.631074472344008, 0.6300633896304213, 0.6315513932942481, 0.6346282157777011], "val_ious": [0.4711712832036227, 0.4993928248683611, 0.509764377405678, 0.5429983520205471, 0.5465264500699181, 0.5594441854003547, 0.5459864434340725, 0.5580612982528796, 0.5568728511748106, 0.5712983057550761, 0.5747397351956023, 0.5862803066122357, 0.5788527336241543, 0.5842472997264586, 0.5829286374475644, 0.5746759215126868, 0.5960210430017415, 0.5994097424158151, 0.5985208071660305, 0.6008101369159808, 0.6068167712377466, 0.6054790324491003, 0.6040783846291944, 0.6026383297166962, 0.6104057848021605, 0.6010186603103859, 0.6118708954773088, 0.6184994142124619, 0.5991111492765121, 0.6064635055220644, 0.6133325901152431, 0.6152185730744101, 0.6104724405036455, 0.6058492323626643, 0.6117785488781722, 0.6184969246387483, 0.6228939744009487, 0.6167671073606048], "training_time": 1016.4844946861267, "avg_gradient": 0.005187022920142611, "memory_usage": 1396.9375}