{"train_losses": [0.28159710910657176, 0.2498019488285417, 0.23592969103027944, 0.22937444322135137, 0.22269515353052513, 0.21763038173641847, 0.21389959404326003, 0.2108112643270389, 0.2074219956184211, 0.2050333395600319, 0.2023059809985368, 0.20018467501453732, 0.19834174426353496, 0.19595897473070933, 0.19322905964825465, 0.1926759443367305, 0.19148820897807245, 0.19001017008786616, 0.18850379299534403, 0.18770605981673882, 0.18608779865114586, 0.18604362585946269, 0.18392958321973032, 0.18220321242899998, 0.18125865203530891, 0.18104322513808374, 0.17930078279712927, 0.17852900995184545, 0.17715984623393286, 0.1767428422589665, 0.1757962369238553], "val_losses": [0.2919838091601496, 0.2460974963462871, 0.24565599081308945, 0.22613515866839368, 0.22169864890368088, 0.21622513040252353, 0.22316925843124805, 0.2237655572269274, 0.20351265111695166, 0.2034149169921875, 0.20246632947869922, 0.22772061274103497, 0.20176981389522552, 0.19761238376731458, 0.19975465795268182, 0.19409088822810547, 0.1950623584182366, 0.19370125428490018, 0.19318964105585348, 0.19350265646758286, 0.19340644355701364, 0.19301644615505054, 0.19085721477218295, 0.1893105694781179, 0.1888798692304155, 0.19233565032482147, 0.19142656611359637, 0.1828357175640438, 0.18544305375088815, 0.1828593151724857, 0.21356014129908188], "train_ious": [0.43638214524021274, 0.4906544291238852, 0.5161293257513774, 0.5276186323684198, 0.5395381724650875, 0.5480318489228039, 0.555046918518517, 0.5605951293871022, 0.5660443464159103, 0.5707242475903556, 0.574971997435542, 0.579659051059381, 0.5817950803084654, 0.5869174973796243, 0.5913456390085426, 0.592745998253425, 0.5945296032165267, 0.597208858238182, 0.5995418081141033, 0.6013381598868232, 0.6042261581490004, 0.6038698917389778, 0.6074122036604778, 0.6112924970254517, 0.6129480270479901, 0.6131153622831124, 0.6164991409126399, 0.6182427871162479, 0.6195651794905248, 0.6201938760021459, 0.6217511663402336], "val_ious": [0.4333254538368488, 0.4993979331591855, 0.5066086030092791, 0.5380573356929031, 0.5385832473419715, 0.5482551733004875, 0.5370672598913095, 0.5367161541961241, 0.574586676514667, 0.5732753194760586, 0.573561987799147, 0.5317649788398672, 0.5700306438881416, 0.5826995148175004, 0.5793687286584273, 0.5925976420226305, 0.5901660498069679, 0.5948574178028799, 0.5966727819995604, 0.5917794328668843, 0.5873703466377397, 0.5924457043841267, 0.5987318197022313, 0.6025082427954329, 0.6033586546562719, 0.5952215896568437, 0.5974964806135149, 0.6104574361141177, 0.6036400687003483, 0.6117804706960485, 0.5629960009153337], "training_time": 830.4199998378754, "avg_gradient": 0.00283837620440938, "memory_usage": 1396.9375}