{"train_losses": [0.27657706752095534, 0.2490350915847913, 0.2358942497521639, 0.22826398617547491, 0.2235970312486524, 0.21855951869941276, 0.2143208318916352, 0.20932015809028046, 0.20975652523338795, 0.20626929248480694, 0.20419383729281632, 0.2020531046487715, 0.20014471204384512, 0.19651956022109673, 0.19630638032179812, 0.19418226838435815, 0.19180179678875467, 0.19096640319280003, 0.1899818468676961, 0.18793702392798403, 0.18798957400671815, 0.18493026422093745, 0.18330229324815067, 0.18386655649089295, 0.1821752925929816, 0.18259227259651475, 0.1809207894231962, 0.17941156191670377, 0.17931832859049673, 0.17882208607119063, 0.1772567641151988, 0.17718461261171362], "val_losses": [0.31198487268841785, 0.24557222523119138, 0.2323170696263728, 0.23337374076895093, 0.2321208760790203, 0.21852651951105698, 0.21793614457482877, 0.21096015203258264, 0.21365960622611252, 0.21035242534202078, 0.2040884643793106, 0.2099159107260082, 0.20122417483640753, 0.20270656016857727, 0.1972142483877099, 0.19836143857758978, 0.2010477761859479, 0.20357930401097174, 0.19013068403886713, 0.19111654518739038, 0.19936019538537317, 0.19057646264200626, 0.19134972536045572, 0.18885487965915515, 0.19224418926498163, 0.190581862045371, 0.18726949328961578, 0.18554656142773834, 0.18698783639980399, 0.1830266471142354, 0.18636004659144775, 0.19190049365810727], "train_ious": [0.44344381976744485, 0.48979445749326894, 0.514231879938988, 0.528156216107849, 0.5371034026307907, 0.5455753519537228, 0.5535116208366295, 0.561527495906837, 0.5613617323662925, 0.5675983600912321, 0.5718109494318133, 0.5751588590227175, 0.5788392716667793, 0.5854216731436876, 0.5854992468611917, 0.5895186207540655, 0.5932998871025833, 0.5955396182835103, 0.5975905323158137, 0.6009901124390137, 0.6001444039461402, 0.6054617804137695, 0.6087431437943289, 0.6075095376134781, 0.6106646109534348, 0.6104045013586675, 0.6129995874952577, 0.616071596633697, 0.6162011988353039, 0.6168587233169355, 0.6201485899155555, 0.6203463209819966], "val_ious": [0.4577257820013641, 0.5037897229194641, 0.5250072380986769, 0.5190370390596596, 0.5257282036802043, 0.5487706672022308, 0.5533603298059407, 0.5609293020721794, 0.5487752850504889, 0.5576144787280457, 0.5761881572180899, 0.5562805805517281, 0.5787575847428778, 0.5788838118314742, 0.587604480161183, 0.5834855441597926, 0.5797374194514924, 0.5761331064977507, 0.5986254927904711, 0.597961579327998, 0.578675658374593, 0.5957966507345006, 0.5943246481643206, 0.5975476805714595, 0.597963335721389, 0.5993296268625538, 0.6024344176917836, 0.6081580739954243, 0.6048056576131049, 0.6093051498350889, 0.6059875952592793, 0.5953503089106602], "training_time": 858.1650726795197, "avg_gradient": 0.003009547144297297, "memory_usage": 1396.9375}