{"train_losses": [0.27426719884185685, 0.24966129579621812, 0.23390640261704507, 0.22508212000779484, 0.2211025594531194, 0.21669171572379445, 0.21239403116962183, 0.2089709408743226, 0.20597600062256274, 0.202962726354599, 0.19975729229981484, 0.19783462276277336, 0.19592684701732968, 0.19422763343090596, 0.19349637133595737, 0.18918205198386442, 0.1881815335996773, 0.18813435085441754, 0.18443413394624772, 0.1839266129485939, 0.18315048912621062, 0.18112394351350225, 0.18056203943231833], "val_losses": [0.2708501018907713, 0.2517423263710478, 0.23551245746405228, 0.23661823732697446, 0.2277792497821476, 0.22122813080963882, 0.21950777684864792, 0.2127775031587352, 0.22056952151267425, 0.20610885386881622, 0.20075696641984192, 0.2001326550608096, 0.2006232054985088, 0.20963984306739725, 0.20057797529127286, 0.20063001370948294, 0.19672449645788773, 0.20135167759397757, 0.19476476829984915, 0.20059137370275415, 0.19433990153281586, 0.19263263986162518, 0.20735892750646756], "train_ious": [0.4465483924006176, 0.4898797246101108, 0.5171137350894836, 0.5322811200782871, 0.5406825699560023, 0.5486018898208499, 0.5560813843394103, 0.562338787279483, 0.5679386197116927, 0.573639801284973, 0.5798435435238958, 0.5826382461017459, 0.5858318698524994, 0.5890934191428231, 0.5910322458307812, 0.5981676170899385, 0.5997636339262774, 0.6009574229086655, 0.6068743305361793, 0.6079850729176962, 0.609154463408218, 0.6120247194624466, 0.6135204313457873], "val_ious": [0.4533531296512356, 0.4955596503788148, 0.5189025993796363, 0.5088259527000829, 0.5373708862757338, 0.5440380589469619, 0.5529915714177531, 0.5598457737461381, 0.556382882098357, 0.5699817702390145, 0.5797382351280986, 0.5776386268544887, 0.5820518919955128, 0.5584915420715361, 0.5787746908440107, 0.5878158522688824, 0.5874640162008395, 0.5858631676089935, 0.5931586541127467, 0.5783667901287909, 0.5942165579484854, 0.5930582781632742, 0.5768670191367468], "training_time": 613.6525831222534, "avg_gradient": 0.0031929564928960524, "memory_usage": 1396.9375}