{"train_losses": [0.28091060993788036, 0.25012017138626264, 0.23689516269318436, 0.22857961463539497, 0.220693102106452, 0.21670295759711578, 0.21387918010030105, 0.20829384126093076, 0.20546976776550646, 0.2023710694326007, 0.1996431084268767, 0.19770915611930515, 0.19431869110659414, 0.19429503948144292, 0.19234350760993751, 0.18926568580386433, 0.1893126176589209, 0.18707256302561448, 0.18674313082643176, 0.1858581183883159, 0.18339688679122407, 0.18207749206086862, 0.1823166657401168, 0.18086070899406206, 0.1780673970022927, 0.17899688649112763, 0.1798195365978324], "val_losses": [0.25974736362695694, 0.23740513493185458, 0.2343897304457167, 0.2194171415075012, 0.21835626758958981, 0.21996258944272995, 0.21099759508734164, 0.20871478772681692, 0.2041553608749224, 0.21711544757303985, 0.20251049101352692, 0.19879312165405438, 0.19708536306153174, 0.19855879830277484, 0.1950319270076959, 0.19239767414072287, 0.1921375358234281, 0.19112928762384082, 0.1907922327518463, 0.1882392291141593, 0.18623344762169797, 0.19264423199321912, 0.18722988308771796, 0.18256794175376062, 0.18185563255911288, 0.18567323101603467, 0.19524486589690912], "train_ious": [0.438330172403358, 0.4900623776180587, 0.5132703611060331, 0.5293387898338449, 0.5426686351066049, 0.550097727176288, 0.5550046280242398, 0.5643437498829501, 0.5709240255148512, 0.5756370037038253, 0.5803155299762021, 0.5837493488106174, 0.5895570516586307, 0.589929466338261, 0.5937979109045387, 0.5987934448040914, 0.5989824357456053, 0.6028540896764697, 0.6043745738224705, 0.6058659296536791, 0.6094737984779952, 0.6122194394685223, 0.611773270195809, 0.6146930466419545, 0.6181394799032072, 0.6178707954460295, 0.6157771197242151], "val_ious": [0.471024063186369, 0.5017373599651931, 0.5150560630836349, 0.5460115567497585, 0.5468045362959739, 0.5365246492235556, 0.563655048392821, 0.5672686294369074, 0.5712040496477182, 0.563986461231674, 0.5643439057512559, 0.5772577478833819, 0.5860134259514187, 0.5804740872935972, 0.5871544072161552, 0.5883252687644268, 0.5934758542672446, 0.5945002032794815, 0.5905934859445131, 0.6007262798755066, 0.6039658752472504, 0.5911927104428196, 0.6016631094009979, 0.6080899115489877, 0.6085938381544057, 0.6053974099349285, 0.5900079502143721], "training_time": 723.8562886714935, "avg_gradient": 0.0043470043371734105, "memory_usage": 1396.9375}