{"train_losses": [0.2771265357732773, 0.24690609611570835, 0.2328912838483634, 0.22388334110703156, 0.21994096307974795, 0.2131001358932775, 0.21055350282593913, 0.20631346843488838, 0.20285955087646193, 0.20033580024281275, 0.19850298316906329, 0.19679401742051478, 0.19479672691744307, 0.19373036394624607, 0.1917218689037406, 0.18980500012960122, 0.18784984233586685, 0.18687634178153847, 0.18513712246456873, 0.18291344137295432, 0.18209541354166425, 0.18111744976562003, 0.18086231669977956, 0.17808287930877312, 0.178496527283088, 0.1776999069134826, 0.17670232219540555, 0.1759631948788529], "val_losses": [0.2543928078983141, 0.2443498473452485, 0.23121211289063745, 0.22657095478928607, 0.2280577625269475, 0.2127114851837573, 0.21178479039150735, 0.21181538927814234, 0.20332721005315366, 0.2155360129216443, 0.20912138016327567, 0.20356912327849347, 0.20359032439148944, 0.2142362967133522, 0.19527634362811627, 0.1970752409618834, 0.19366741536752038, 0.19086651180101477, 0.19240084096141483, 0.1927602702508802, 0.1906475858843845, 0.1903830850901811, 0.1873094112328861, 0.1993632669682088, 0.18957845348378885, 0.18932058694569961, 0.1851883242311685, 0.19627713314864947], "train_ious": [0.44455998254082824, 0.4960042336766703, 0.5211092950641245, 0.5361604531012153, 0.543316979447137, 0.555964086339741, 0.5601576690872508, 0.5679824600347141, 0.574846123655637, 0.5789350498521673, 0.5825583705327643, 0.5850043628850708, 0.5890911174533159, 0.5911211262362592, 0.5947418927714448, 0.5984219644704589, 0.6015120447221877, 0.603251447982114, 0.6058243499069975, 0.6094648951421615, 0.6113729295523267, 0.6139879446422709, 0.6134510013828246, 0.6186951628845674, 0.6177202239092712, 0.6190005940911564, 0.621210398611383, 0.6228533396362391], "val_ious": [0.48377893767927005, 0.4942596107721329, 0.5212837405826735, 0.5337019828350646, 0.5327107203395469, 0.554444208957147, 0.554291684018529, 0.55944267735965, 0.5743350218171659, 0.5538548414689907, 0.5681141958288525, 0.5738038586965507, 0.5776172241438988, 0.5659693790518718, 0.5876639511274255, 0.5854283214911169, 0.5915264331776163, 0.5935594277537386, 0.5961512098277825, 0.5987454568562302, 0.5971018423636754, 0.5999140594748483, 0.5993196793656419, 0.586421286282332, 0.5961971386619236, 0.5951321189818175, 0.60790675835333, 0.5923876412536785], "training_time": 751.6561439037323, "avg_gradient": 0.004892820499268287, "memory_usage": 1396.9375}