{"train_losses": [0.2860903843589451, 0.2606246315104806, 0.24798986380514892, 0.23829842593682848, 0.2286586648096209, 0.22400071147991263, 0.22100298827433068, 0.21668372983517853, 0.21313258503442226, 0.21001938997727373, 0.20813430424617685, 0.20492705759470878, 0.2013799934445516, 0.2014937936935736, 0.19878412329632303, 0.19796229526400566, 0.19637186558026334, 0.19462213754329993, 0.19256662010498668, 0.1916887864632451, 0.19030524458250273, 0.18997455858018086, 0.18775369607560013, 0.18534181509976802, 0.18653465086675208, 0.18321018666028976, 0.18386727539093597, 0.1815625845414141, 0.18092115247703117, 0.17837247479221094, 0.17908519425469896, 0.17765686669103478, 0.17761003630964653, 0.1761428006803212, 0.17548130371648332, 0.17524328973630202, 0.1744846614158672, 0.17376764620775761, 0.17190166943423127, 0.17183709954438003, 0.16991036701137605, 0.1702092162778844, 0.16774360001411126, 0.16896503677834634, 0.16851543756606785], "val_losses": [0.2786563427551933, 0.2535018762168677, 0.24389137651609338, 0.2308451238533725, 0.22748256118401236, 0.23827693125476007, 0.22004958922448364, 0.21562402468660605, 0.21552374278721603, 0.20981467547624008, 0.21545280969661215, 0.2105720464302146, 0.20746954822021982, 0.2028503492474556, 0.20256666029277054, 0.2161534493384154, 0.2081073107926742, 0.2028934168426887, 0.19848174666580948, 0.19367290741723517, 0.19669752406037372, 0.19598817987286526, 0.19823285224645035, 0.19172894533561624, 0.19783876706724582, 0.18983805892260178, 0.19236364863488986, 0.19231046639058902, 0.18919733587814414, 0.19121941179037094, 0.1917119858705479, 0.19217007672009262, 0.18887490228466366, 0.18586984697891318, 0.18503974993591724, 0.18701004496087198, 0.18392623313095258, 0.18690885959760004, 0.18457700474106747, 0.18502515198095984, 0.18331839986469434, 0.18235805047594983, 0.18314330862916034, 0.1843484147735264, 0.18588271283585092], "train_ious": [0.4266407478592594, 0.47041430008476204, 0.4941310077851663, 0.5116467623283036, 0.5286193857698337, 0.5367658632820932, 0.5424705946251102, 0.5503217534742495, 0.5573638229212466, 0.5617364918192225, 0.5655483291146978, 0.5710465236958386, 0.5768215637384119, 0.5770705629518069, 0.5820250708231892, 0.5834191168887891, 0.5865279703900432, 0.5894604193019698, 0.592896396105272, 0.5946475609705071, 0.5965658430064069, 0.5979658625480059, 0.6016163467497064, 0.6053785255205801, 0.6039340486884978, 0.6095555690319644, 0.6087161161653372, 0.6122777831835158, 0.6138923341489354, 0.6179034516647239, 0.6173737669984503, 0.6196750713431313, 0.6200278784701786, 0.6223998235511609, 0.6234805540762085, 0.623826841081398, 0.6251029467777065, 0.6270186735884006, 0.6298248065986493, 0.6290393176394097, 0.6329632763197456, 0.6330343235446061, 0.6373454398759033, 0.6348407948254675, 0.6352438102273839], "val_ious": [0.4431517277506815, 0.4860124365575072, 0.5060066362653955, 0.5271776285076488, 0.5322698455141938, 0.5226997751472654, 0.5432395831398342, 0.5572789635347283, 0.5552395634029221, 0.5674258459737337, 0.5527958349473233, 0.5608718287253726, 0.5685504983732665, 0.5701231967279877, 0.5784651298021926, 0.5533212356377338, 0.5789485815642538, 0.5799646876428438, 0.587586970216986, 0.5951014610304349, 0.5858221652283185, 0.5879974574714469, 0.5880599410637565, 0.5961785126423491, 0.5841440139473348, 0.6006821519222812, 0.5949774980545043, 0.5913221583418224, 0.6008654502422912, 0.5997670381397442, 0.599223095005837, 0.5996598679086438, 0.6058559130499327, 0.6080401714729227, 0.6099308187115019, 0.6055351605881816, 0.6120525535897933, 0.6056344327719313, 0.611932334260664, 0.6087834746509359, 0.6135924527610557, 0.6140237891155739, 0.615159051141877, 0.6108134077942889, 0.6094967571721559], "training_time": 1211.4142155647278, "avg_gradient": 0.0029316231245168243, "memory_usage": 1396.9375}