{"train_losses": [0.27956191992954066, 0.2551909878688014, 0.2399988763196313, 0.23292119720059892, 0.22767559106907118, 0.22061037903894548, 0.21887884070367916, 0.21348512569523376, 0.21052995607580827, 0.20787589276290458, 0.20550417948676192, 0.20383756996496863, 0.20071589015424252, 0.1992076253923385, 0.19662251947042736, 0.19520493151377077, 0.1930973489323388, 0.19192596913679785, 0.19135572356374367, 0.18925655835672564, 0.18753541123283946, 0.188302012241405, 0.18465712342573248, 0.18489464688236298, 0.18419091395385886, 0.18193368743295255, 0.18047314218204955, 0.18031522372494574, 0.1798053139253803, 0.17846253692455913, 0.17748817655703295, 0.17520178255179655, 0.17644263147983863, 0.17358679300093133, 0.17346155011783476, 0.17231790664727273, 0.17330415117675843, 0.17182454321047533, 0.1701409428825845, 0.17101596571181132], "val_losses": [0.2646339535713196, 0.24731166174878244, 0.2358353176842565, 0.23198591043119846, 0.2282383973183839, 0.22416817137728567, 0.21551791092623834, 0.21430933961401816, 0.2223216505802196, 0.2135646323794904, 0.20611259729965872, 0.21063105438066565, 0.20005963451188544, 0.2145659842568895, 0.19791789255712344, 0.20160066660331644, 0.1963069516679515, 0.19473497051259744, 0.19495517760515213, 0.19651523977518082, 0.19595977890750635, 0.20360817954592084, 0.18908995908239615, 0.19107388121926266, 0.1872949911200482, 0.1933930564833724, 0.18911781550749487, 0.18728943914175034, 0.18873285340226215, 0.18457744821258212, 0.18537728488445282, 0.18236143984224484, 0.18561106272365735, 0.18060159586046054, 0.18169911950826645, 0.1865490140474361, 0.18505972397068274, 0.18567374737366385, 0.1850676769795625, 0.20027836800917334], "train_ious": [0.43894141394665215, 0.48010488699419757, 0.5074908093589802, 0.5212094414763258, 0.530826441673697, 0.5423231560574923, 0.5468462096068304, 0.5560961858085964, 0.5601900286324648, 0.5650787066830241, 0.5692588830015797, 0.5727718229527058, 0.5784000224717283, 0.5815733487623327, 0.5858053522913351, 0.5885299830225067, 0.5920669506641401, 0.5947650478261971, 0.59529986637442, 0.5992568778279036, 0.6023212244221265, 0.6011521267718162, 0.6068263495529908, 0.6072576571309913, 0.6080452032063316, 0.6126803947963576, 0.6145188033688762, 0.6149695665184137, 0.6155647163589795, 0.6181412481743357, 0.6203620257800901, 0.6242217006350774, 0.621913776611504, 0.6268219149307064, 0.6269237685786638, 0.628900099761676, 0.6268359280150867, 0.6297695377598636, 0.6328287366507709, 0.6312990824597473], "val_ious": [0.4718065731551334, 0.4945168185277262, 0.5176754789291949, 0.5290358040643774, 0.5296908155947492, 0.5274387906858887, 0.5522127467868984, 0.5547880181583806, 0.5422260283991911, 0.5602218024972556, 0.5666343366754228, 0.5638702899433564, 0.5809666063042654, 0.5653247470441071, 0.5786744006302047, 0.5771104367314905, 0.5859191115351691, 0.5883873716212701, 0.5866736041894859, 0.5913402014884397, 0.5861029793386875, 0.5778195756501044, 0.6003451975791352, 0.5937853796758513, 0.6037475641654885, 0.5974651650674101, 0.6014457146326702, 0.6045167232337206, 0.601654735164366, 0.6088130778592564, 0.6090490524319634, 0.613699284368667, 0.6098656425441521, 0.6154737872058065, 0.6149509324543717, 0.6034089583849562, 0.6062903620194697, 0.6071813274984774, 0.6099109641019849, 0.5812394852223604], "training_time": 1073.5931465625763, "avg_gradient": 0.005115579037341677, "memory_usage": 1396.9375}