{"train_losses": [0.2799446363326, 0.24836354022440704, 0.23792609564312125, 0.22947875896225806, 0.2254912715567195, 0.2203315070465855, 0.21564418611967046, 0.21193961175563542, 0.2103801842616952, 0.20817412112070166, 0.20586961807440157, 0.2043849499491246, 0.20020733409277772, 0.19801521382254103, 0.1973404612230218, 0.19484785822746548, 0.1938059267628452, 0.19222360614525236, 0.19089744531590006, 0.1902634324910848, 0.1879121018168719, 0.18655139985291855, 0.18661174583046333, 0.184187194413465, 0.18274960853159428, 0.18208287640110307, 0.18204786426023298, 0.1799203440061082, 0.18029864318668842, 0.1779671760842852], "val_losses": [0.2647156067516493, 0.2487323183728301, 0.2394994552368703, 0.24359766167143118, 0.2228225923102835, 0.23316822524951852, 0.21489019918700922, 0.2092945909370547, 0.21124000555795172, 0.21259137210638626, 0.20669457996669022, 0.2023065916222075, 0.19959076817916788, 0.20442869902952857, 0.19982806690361188, 0.1968551106427027, 0.19862815025060074, 0.1943394357095594, 0.19928570415662683, 0.1902174833028213, 0.19141291988932568, 0.2091519408251928, 0.19939199381548425, 0.19040532831264578, 0.19375921947800595, 0.1933920480634855, 0.18770918023327124, 0.18852315162834915, 0.186935284215471, 0.19541819847148398], "train_ious": [0.44065095532172643, 0.4929910240883846, 0.5117549992611875, 0.5269421483727471, 0.5335882498842222, 0.5428678900867269, 0.5514500760135873, 0.5572243613339424, 0.5597683400779532, 0.564505308677537, 0.5682452120210812, 0.5714259133066818, 0.5784368932895039, 0.5827818749121572, 0.5832266568921615, 0.5896581119277335, 0.590865221360455, 0.593319184700216, 0.5955653221386931, 0.5964158910556118, 0.60100132977401, 0.602587221595256, 0.603221444224102, 0.6073391399737714, 0.6093336311371429, 0.6109102667457814, 0.6119181336160157, 0.6153038241833013, 0.6143335226545305, 0.6186737440310526], "val_ious": [0.47341097934522497, 0.4922885754402134, 0.5183848872564841, 0.5012477276765781, 0.5386907085776328, 0.5275623930105265, 0.5548079661701035, 0.5556208309919939, 0.5554313834594643, 0.5512198853319971, 0.5662353205076163, 0.5690041642258132, 0.5784811897986176, 0.5668373807616854, 0.5784800590380378, 0.5882054360016533, 0.5814866900875949, 0.5903238565593526, 0.5811719309160676, 0.5986426215672838, 0.591677179803019, 0.5712096172830332, 0.5810281120348667, 0.5978794229635296, 0.5920293994139935, 0.5966973548782046, 0.6046084897673649, 0.6020886686401088, 0.6042017856801766, 0.5942076198432759], "training_time": 754.244832277298, "avg_gradient": 0.00816921851077597, "memory_usage": 1389.48828125}