{"train_losses": [0.28273918593059416, 0.2536957625137723, 0.23971756823036983, 0.2327880212308272, 0.2275148483560137, 0.2206212960831497, 0.21851947069492028, 0.21473012921278892, 0.21070639934876692, 0.2098882178897443, 0.2060268876021323, 0.2054048392759717, 0.20102504551734612, 0.19950283116296583, 0.196484148097427, 0.1959011985555939, 0.19384319837326588, 0.19223737732871718, 0.19199801868070726, 0.1894833371853051, 0.18920858261053977, 0.18852371908724308, 0.18742955791885438, 0.18519262005777462, 0.1842014834932659, 0.182799124037442, 0.18174690753221512, 0.18301704210107742, 0.18035400334907614, 0.1795477408753789, 0.1786511128201433, 0.1787407160129236], "val_losses": [0.260915312430133, 0.24541993827923483, 0.261332129654677, 0.24177186547414117, 0.21936672051315723, 0.22689453901156134, 0.21956426553104236, 0.209320616139018, 0.20689352180646814, 0.21962671921305035, 0.2048395010440246, 0.20241555960282034, 0.20592452650484833, 0.19533497807772263, 0.20663221925497055, 0.1969616066502488, 0.18987250846365225, 0.1944915937340778, 0.1959870379904042, 0.18703087807997412, 0.1910760755772176, 0.18402118916096893, 0.19426973649989004, 0.19117337854012198, 0.18604482451210852, 0.18873937751935876, 0.1865689090412596, 0.18180581765330356, 0.18221412534299103, 0.18365879583617914, 0.1814436919015387, 0.18725406896808874], "train_ious": [0.4373883316900741, 0.48237690256665583, 0.5074219126794217, 0.5206202540978572, 0.5298040399894767, 0.5421601118168968, 0.5460439781401899, 0.5522249536183865, 0.5593002432066458, 0.5607001327950022, 0.5683985063941148, 0.5694238282470167, 0.5773196233895379, 0.5803210984213633, 0.5847906693276291, 0.5870492226727633, 0.5901876487701696, 0.5933589869435282, 0.5931108208994073, 0.5979110115356202, 0.5984657084488351, 0.599286779491366, 0.6019361565510429, 0.6056857601456022, 0.6079843004328618, 0.6094916025581567, 0.6116184634358985, 0.6092654528717198, 0.614971231939136, 0.6156825329838457, 0.6171990634630558, 0.6182774577451791], "val_ious": [0.4663944043543027, 0.4968300209097241, 0.4655065358332965, 0.5201302014183308, 0.540788091071274, 0.540605248424454, 0.535231882247372, 0.5597257025647853, 0.5692307209407074, 0.5400844787557919, 0.5666396191370658, 0.5780268948579179, 0.5630171784888143, 0.5881891840178033, 0.5574997145196665, 0.5879830333633701, 0.5972270702106366, 0.5913421390713127, 0.5820453948732734, 0.6025610782098078, 0.5922433757695598, 0.6077791199735973, 0.5965024682058804, 0.5951589907425038, 0.6065705746844194, 0.6023082085277722, 0.6103648104961367, 0.6166402842255606, 0.6130973197843719, 0.609422508141269, 0.6136859869179518, 0.6028591463531274], "training_time": 807.3401501178741, "avg_gradient": 0.0030240816366603747, "memory_usage": 1389.48828125}