{
  "train_losses": [
    0.27947910421568417, 0.2520517442051483, 0.23640461168859317,
    0.22859782223468242, 0.22143367289201074, 0.2165234420934449,
    0.21364256026952164, 0.21061901731983476, 0.20900905205179815,
    0.20529855366634286, 0.20335748443460983, 0.1991780554956716,
    0.1996106722432634, 0.1963020317742358, 0.1961492936572303,
    0.19381925876697767, 0.19235199900424998, 0.19008260973445748,
    0.1896470582679562, 0.1865183301270008, 0.18751966532157816,
    0.1863554319285828, 0.18506191727583823, 0.1852811263145312,
    0.18287363364968612, 0.1811278918353112, 0.18122551517318125,
    0.1806476244945889, 0.17859415896236897
  ],
  "val_losses": [
    0.2587375190594922, 0.24168285921863888, 0.2364931647544322,
    0.21993905079105627, 0.21432070952394736, 0.21404319256544113,
    0.2111728887843049, 0.2088812113456104, 0.20258140985084616,
    0.20723023751507635, 0.19761549681425095, 0.20118489731913028,
    0.202918685324814, 0.19534762786782306, 0.1952997115643128,
    0.19733963582826697, 0.19211069494485855, 0.19107327934192575,
    0.18962700470634128, 0.18974356547645901, 0.1940266907862995,
    0.1902792580101801, 0.1897377783189649, 0.18354676728663238,
    0.18718275233455325, 0.1873754956152128, 0.18935781684906586,
    0.19248307431521622, 0.20429314057464185
  ],
  "train_ious": [
    0.4388163791416023, 0.4861789841636803, 0.5139908230445089,
    0.5278547865649061, 0.5398196767529714, 0.5492602020394114,
    0.5545137567256673, 0.5601225832504209, 0.5625102243561677,
    0.569632853070895, 0.5723057628433775, 0.5806463361866231,
    0.5787331721596963, 0.5846515669338946, 0.5866094530168648,
    0.5902293390337973, 0.5926075542102688, 0.5964646211460879,
    0.5977141836091229, 0.602864620586236, 0.6011900330043359,
    0.6029035072179806, 0.6059916991254557, 0.6044943538372928,
    0.6099254416058892, 0.612320695936248, 0.612457375811494,
    0.6138918937008447, 0.6166664468313469
  ],
  "val_ious": [
    0.47930226107870333, 0.5000875185149303, 0.5179035348304805,
    0.5401348994261977, 0.5531782149404718, 0.5538846485424732,
    0.5616143894368324, 0.5594713493533756, 0.5752987213756728,
    0.5683919007795445, 0.582902268871017, 0.5800573713537576,
    0.5741699260214103, 0.5905522060567056, 0.5902649669543557,
    0.5829069111226262, 0.5959654364033021, 0.5943608594977338,
    0.598589163975439, 0.6002010437457457, 0.5902677301479423,
    0.598572886508444, 0.6040373638920162, 0.6128366652174274,
    0.6033283981724061, 0.6052729189395906, 0.5976043462321378,
    0.6005431515151176, 0.5766570343487504
  ],
  "training_time": 729.4853842258453,
  "avg_gradient": 0.004548366100264573,
  "memory_usage": 1389.48828125
}
