{"train_losses": [0.2813330707342728, 0.25151086720111576, 0.23885410562481568, 0.23041271709877512, 0.22476401544459487, 0.22013172385809215, 0.21560906238206054, 0.21254142203732676, 0.20915581788057866, 0.20680801376052524, 0.20418781487514143, 0.20191799128509086, 0.20020359641183977, 0.19784583920693916, 0.19610041282747104, 0.19451233679833618, 0.1931011757772902, 0.19010783108356205, 0.1915045424324015, 0.19013814101724522, 0.18864466112269007, 0.18570814370785071, 0.18467356418461903, 0.18361290382302325, 0.18393629829844702, 0.1815778338552817, 0.1812504461116117, 0.1819427696907002, 0.17955650769821976, 0.1786369754244452, 0.17643510687934316, 0.17692359358720158, 0.17613385803997517, 0.17546906597588374, 0.17426234734771046, 0.173269660414561, 0.17362532586507176, 0.17258258844199387, 0.17281587389500244, 0.17155473217692063, 0.1707184646764527, 0.1688582242021094], "val_losses": [0.2618345666838729, 0.23823904213698013, 0.2316864097247953, 0.2222745246861292, 0.22414290710635806, 0.20867873857850613, 0.22135571131239767, 0.2607152047364608, 0.20085779901431955, 0.21135754980470822, 0.21193400090155395, 0.20535435851501382, 0.20000559253537137, 0.19539445347112158, 0.19012993606536285, 0.1937581614955612, 0.19787980033003766, 0.1885118665902511, 0.1898119459333627, 0.1868985156002252, 0.18668475844289945, 0.18800970620435217, 0.18587822531876358, 0.18365556066450867, 0.1885320220304572, 0.18150378342555917, 0.20036896933679996, 0.18358905613422394, 0.18758371537146362, 0.18037092847668607, 0.18785373510225958, 0.18173777668372446, 0.1838970644318539, 0.18438007164260614, 0.18348695694104486, 0.18247876640247263, 0.17821789014598596, 0.1817461161509804, 0.1832529951048934, 0.18112633085769156, 0.183187546937362, 0.18433758648841278], "train_ious": [0.43758216415585877, 0.48763013134400074, 0.51145494343254, 0.5266272987954425, 0.5367035326426444, 0.5443892617156538, 0.5519684674623222, 0.5570411378976662, 0.5628214811069376, 0.5680022532849203, 0.572493298708097, 0.5770781749616499, 0.5796535097170566, 0.5832434995234876, 0.5875451342891091, 0.5892596219976742, 0.5924503192629503, 0.5977996516486871, 0.5957578811524574, 0.5978987714194735, 0.6010123505324559, 0.6051724915919096, 0.607872364097747, 0.6083204019004887, 0.6088345615004286, 0.612887930718885, 0.6135246013493642, 0.612306993184746, 0.6165406523083431, 0.617598902974008, 0.6220569481560285, 0.6211599278385223, 0.6227856744890629, 0.623735540425, 0.6256157929158735, 0.6276003146625083, 0.6271143836927585, 0.628799461800119, 0.6280236889918642, 0.6305063426278636, 0.6314785218109258, 0.6346656527856126], "val_ious": [0.46223157255545916, 0.5043844650836959, 0.5229770823017411, 0.5411370615812315, 0.5357884235572125, 0.558212226283723, 0.5377301312443138, 0.4741058663829513, 0.5704799760942874, 0.5501758511299674, 0.5622716178928596, 0.5645703694958617, 0.5807792410470437, 0.5892540006965831, 0.5960035509821298, 0.5930141510738843, 0.5652268470629402, 0.5971021397390226, 0.5985234470471091, 0.600643820952678, 0.6052012707012286, 0.6035054427558098, 0.6030800975319268, 0.6095397411913112, 0.598963962085005, 0.6119139915791111, 0.583347152756608, 0.6031014411777692, 0.6044155007255251, 0.6153456875379535, 0.6077940133602722, 0.6119579705207244, 0.6058611995068149, 0.6106243284716122, 0.6151403104481491, 0.6163643896579742, 0.6209330910789794, 0.6158139049143031, 0.6126989260099936, 0.6192421805167544, 0.6157849999009699, 0.6083410876816597], "training_time": 1056.0089547634125, "avg_gradient": 0.003474849602862274, "memory_usage": 1389.48828125}