{"train_losses": [0.2820611260831356, 0.25505251283554925, 0.23785047386975391, 0.22877076122423876, 0.22490953232931055, 0.2199374180611061, 0.21531153923791388, 0.21094415012909018, 0.2092467428225538, 0.20552101415460525, 0.20394072479203992, 0.20144406171596568, 0.19934482670024686, 0.19866911945459637, 0.1965381243954534, 0.1955972260431103, 0.19297809923148673, 0.19218437114487524, 0.19153678401008897, 0.18999284360071886, 0.18873326553274755, 0.18818991193952767, 0.1870052967544483, 0.18426741117044634, 0.18433191416704137, 0.1820829375444547, 0.18187997263410818, 0.18109123773224975], "val_losses": [0.26581792792548303, 0.2456591216766316, 0.23086633338876392, 0.22032774790473605, 0.22018855097501175, 0.21243552539659583, 0.20943700392609058, 0.20754683406456656, 0.20209630222424216, 0.22369280101164526, 0.19880582618972528, 0.19664754524179126, 0.1966303706817005, 0.1970500281971434, 0.19619412072326825, 0.19207335231096848, 0.19007433691750403, 0.1967318427303563, 0.190113616378411, 0.18840160188467606, 0.18920836306136588, 0.18471860529288, 0.18708220674939777, 0.18467596043711124, 0.18892250015683795, 0.18306289937185205, 0.18557619011920432, 0.19348706628965295], "train_ious": [0.43420624776532024, 0.4810915819058812, 0.512939158962041, 0.5290517511683097, 0.5359551967054171, 0.5450824454588737, 0.5527309960537197, 0.5604230302075547, 0.5635324862880118, 0.5699663799310077, 0.5722098553256281, 0.577599869960028, 0.5807469920187756, 0.5814227455876008, 0.5861003524691298, 0.5882468076719755, 0.5925354178508986, 0.5940990894492988, 0.5947045355603313, 0.5980036379094573, 0.6000598391544991, 0.6012631806990375, 0.6038090960271117, 0.6084194491090981, 0.6081696609440056, 0.6120255094399488, 0.6123183832328387, 0.6131821923173857], "val_ious": [0.45751096265039576, 0.499423079084659, 0.5217165840060816, 0.5374227327065192, 0.5429999658810919, 0.5588467753883721, 0.5603618613187816, 0.5677937584510747, 0.5730247113151826, 0.5388182645690612, 0.5778149377176728, 0.584605796613555, 0.5855260668457417, 0.5805259439824284, 0.5816919548787932, 0.5899770890457041, 0.595758327971334, 0.5860009234452593, 0.5941824170126432, 0.5989270061254501, 0.5985286829696185, 0.6033104999341825, 0.6010338303403578, 0.6073621327894321, 0.603865720655607, 0.6088383107081704, 0.5999808492867843, 0.5830862705690274], "training_time": 704.0185916423798, "avg_gradient": 0.004196910900865843, "memory_usage": 1389.48828125}