{"train_losses": [0.28066321527180466, 0.2500020076075326, 0.23771931927489198, 0.22855646049846773, 0.22205085704184097, 0.21909455064198244, 0.21333021881139796, 0.21173873495148576, 0.20893908429728902, 0.20613235494364862, 0.20259285475248875, 0.2010877191534509, 0.20039468525868395, 0.19859566847267357, 0.19663327511238016, 0.1961245331103387, 0.19225960038602352, 0.1907543833974911, 0.18901173511277075, 0.18853630627626958, 0.18704519574732884, 0.18705507845658323, 0.18510858917041964, 0.1844627361582673, 0.1824028649083946, 0.18208942295092603, 0.1811011755110129, 0.18052342833708163, 0.17878278474444928, 0.1791764331738586, 0.17754033005431943], "val_losses": [0.27239344074674277, 0.24338058220303577, 0.228214119763478, 0.2405293881893158, 0.2184517642726069, 0.2170198420467584, 0.2188185521441957, 0.21068293018185574, 0.20213492765374805, 0.20003284805494806, 0.20739602167969165, 0.20242432051378748, 0.20071993152732434, 0.20763931131881216, 0.19671222632345947, 0.1998027951821037, 0.20632925370465155, 0.1929673050408778, 0.1960207541351733, 0.1974057837024979, 0.18969091740639313, 0.19036776345709097, 0.19317620765903723, 0.1961954397999722, 0.19028731014417566, 0.1899868777912596, 0.19040053499781567, 0.18776806314354358, 0.18852802204049152, 0.18555092001738754, 0.193686968282513], "train_ious": [0.43933209504230314, 0.4912099960813487, 0.513788978447733, 0.5290523781778588, 0.539664175901292, 0.5443398053015487, 0.5552180177545631, 0.5582275494285251, 0.562678131153402, 0.5679455696456676, 0.5742000746608209, 0.5772674343940141, 0.5791294320445993, 0.5808662568097528, 0.5845606345413388, 0.5864527818841344, 0.5927657236115658, 0.5949141405306867, 0.5987938137698003, 0.6002966227090878, 0.6020023584689788, 0.6020269337501647, 0.6059030713918421, 0.606367882449126, 0.6105162575301053, 0.6107203834082767, 0.6117934506872422, 0.6138293250207448, 0.6165191516604113, 0.6157849266909172, 0.6194902513230192], "val_ious": [0.47554283038429584, 0.5070903032370234, 0.5319587223339773, 0.5215152440511662, 0.5465133647987811, 0.5496933482911277, 0.5349120161887528, 0.5621812574673389, 0.5710489810376927, 0.5774913855652879, 0.5662739970113921, 0.5709611957055936, 0.5702513035224829, 0.5586804181769273, 0.5869249422913012, 0.5809302075185636, 0.5763476093610128, 0.5885536927675853, 0.5772615787775621, 0.5823649837486986, 0.6002096114815146, 0.5902550648088041, 0.592667340800382, 0.5821403103030246, 0.6024111101160878, 0.604060084923454, 0.601975965327111, 0.6027988724518514, 0.6029935386301812, 0.6060213206902795, 0.5997040654006213], "training_time": 783.7567489147186, "avg_gradient": 0.004353026149859233, "memory_usage": 1389.48828125}