{"train_losses": [0.27760964510557445, 0.2506264833652455, 0.2353633923213119, 0.2286641353984242, 0.2227421844297129, 0.21881565378735895, 0.21359418705105782, 0.21102627828393294, 0.20841199524052764, 0.20539532488454942, 0.20432551091779833, 0.2020764557401771, 0.19919005659935268, 0.1968855840842361, 0.19507482720781927, 0.19449433392804602, 0.19299716583412627, 0.1904777307873187, 0.19033808479814426, 0.189679188977765, 0.18735900626558324, 0.18694499394168024, 0.18562399174856103, 0.18374313713739748, 0.1830077937439732, 0.1818832338018262, 0.18169166091019692, 0.18001126255030217, 0.17970544391352197, 0.17928020866668742, 0.176556209669165, 0.176056695373162, 0.17386714903556783, 0.17511640958811925], "val_losses": [0.26983488837014075, 0.24829687923192978, 0.2419417170078858, 0.23354992821164752, 0.22701037901899088, 0.21938390641108804, 0.22547099415374838, 0.21923373963521875, 0.20952441608128342, 0.2154870357202447, 0.21160555047833401, 0.212401716929415, 0.21049127824928449, 0.20139817245628522, 0.20287062130544498, 0.19574740496666534, 0.20692005623941837, 0.2072015278365301, 0.20731292243884958, 0.20762464792832083, 0.19072563687096472, 0.19682232484869336, 0.1912629967150481, 0.19147657473450122, 0.19110950244509656, 0.19284766944854156, 0.191199343489564, 0.19297621496345685, 0.1904548701384793, 0.1870941124532534, 0.1908482779627261, 0.1915184550959131, 0.18771068460267523, 0.1931576702905738], "train_ious": [0.442260179746275, 0.49006347142267925, 0.5170133566834789, 0.5287770955836859, 0.5385678579247947, 0.5459111370146276, 0.554889010805367, 0.5592795521344831, 0.5643817011428913, 0.569259951808962, 0.5717988852681456, 0.5746336242966896, 0.5800550508758292, 0.5852176552449453, 0.5882256950481215, 0.5897434675607128, 0.5917386714423045, 0.5960457626784192, 0.5967629890403022, 0.5972264631502869, 0.6017203723498877, 0.6028626695059341, 0.6049461705421187, 0.6076069817594859, 0.6095892663343229, 0.6117220764466821, 0.6123098501584668, 0.6156719241669211, 0.6150986353016419, 0.6164797923487165, 0.6212573818106584, 0.6218375871902792, 0.6259780604446281, 0.6235543332886003], "val_ious": [0.46899933000837557, 0.5007936141413192, 0.49114216712937836, 0.5252978661354036, 0.5333663445451986, 0.5447636915073879, 0.5388530757332193, 0.5391481797332348, 0.5580885470777316, 0.5541589964127195, 0.5654146022338798, 0.5632520132306694, 0.5483818571420684, 0.5748013078734495, 0.5789374745842338, 0.5874006823785062, 0.5750194572020269, 0.5686327136945033, 0.5776167870431708, 0.5693763155436172, 0.5956075010092363, 0.5918744415908621, 0.5963510870933533, 0.5928309883760372, 0.5943752421417097, 0.5915717603503792, 0.5980331310327502, 0.5989923626184462, 0.5952414526887563, 0.6020634215379107, 0.5981451117474099, 0.5985614817211593, 0.6037997752428055, 0.5855977688578591], "training_time": 855.0151901245117, "avg_gradient": 0.002980376159036043, "memory_usage": 1389.48828125}