{
  "train_losses": [
    0.27956914172872255, 0.252325711933815, 0.23770915158092976,
    0.23113951694382273, 0.22395786505354487, 0.21959016553085783,
    0.21489914530969184, 0.21187001588227955, 0.2101120453165925,
    0.20850096173260524, 0.20420054378716843, 0.20371806653945343,
    0.2013229419193838, 0.20071762889299705, 0.19689670674826787,
    0.19516753640187823, 0.19364389347965302, 0.193375863701753,
    0.19146927340846995, 0.1907291176688412, 0.18908763352943503,
    0.18740283892206525, 0.18746871112481409, 0.1858553019878657,
    0.18538163327004598, 0.18394651498807513, 0.18213403751344784,
    0.18152613711097967, 0.18030928059116655, 0.18043850815814474,
    0.17946380004286766, 0.17922428047851377, 0.1768990583393885,
    0.1765671429912681, 0.17584297676449237
  ],
  "val_losses": [
    0.26769729541695636, 0.2430405956895455, 0.24339265117178793,
    0.2322406794713891, 0.22221753908240277, 0.21785389048897702,
    0.2175959614307984, 0.20987871289253235, 0.21702368298302527,
    0.20349181767391122, 0.20452792553798013, 0.2003737866230633,
    0.19862678549859836, 0.22199999346681262, 0.19718573987483978,
    0.19159279536941778, 0.1975711992253428, 0.19154224868701852,
    0.20637932776109033, 0.19641246841005658, 0.1958349641898404,
    0.19249992364126703, 0.18852838679500247, 0.19327375130808871,
    0.18630194113306378, 0.1866213157773018, 0.18649632192176321,
    0.1878939432942349, 0.19887851729341174, 0.18754157845092856,
    0.18311651504558066, 0.18499614525100458, 0.18584184283795563,
    0.19010603460280792, 0.19205438928759616
  ],
  "train_ious": [
    0.4377853691213479, 0.48514912110092007, 0.5129126139471069,
    0.524978611888229, 0.5365661120825056, 0.5440570420005184,
    0.5511587712427845, 0.5582767161608178, 0.5610815037743769,
    0.5635672009185606, 0.5717924899705076, 0.5724276323681291,
    0.5762091538180474, 0.5772014538339085, 0.5835116097460621,
    0.5875193511500306, 0.5909297444142293, 0.5912841715026593,
    0.5946503217075619, 0.5960029355533742, 0.5989421841998899,
    0.6020811297323391, 0.6019178761196305, 0.6043755875873397,
    0.6060481163254685, 0.6076690973579022, 0.6112094616544418,
    0.6120880495594891, 0.6142430940939899, 0.6142717037835848,
    0.616001653336528, 0.6165375009826993, 0.6206076451293803,
    0.621257767027271, 0.6225684671190338
  ],
  "val_ious": [
    0.4550593562316203, 0.5051989200106565, 0.5117760092235993,
    0.525314442489458, 0.5411811039067697, 0.550932951811431,
    0.5487864289594733, 0.5593711118335309, 0.5557693975127261,
    0.5685945189949396, 0.5734198313692344, 0.5791052532368813,
    0.5829164420349011, 0.5360334675381148, 0.5800651251405909,
    0.5953772009714791, 0.5862094448960347, 0.5945617658072623,
    0.5687827610451243, 0.5851074293039847, 0.5925671879364098,
    0.5971559614375017, 0.5990738909745564, 0.5879048607919528,
    0.6044870651718499, 0.603879374222479, 0.6057062082100605,
    0.601555791022121, 0.5807683668706727, 0.6042587122191554,
    0.6113574554522831, 0.6059785357851915, 0.6095712295045024,
    0.5980258117551389, 0.5974532996398814
  ],
  "training_time": 880.2648639678955,
  "avg_gradient": 0.003925306595351353,
  "memory_usage": 1389.48828125
}
