{"train_losses": [0.27620882378972095, 0.24792098100094692, 0.23569825639867265, 0.23263114852749783, 0.22277913858061252, 0.21950881312722745, 0.21630765287124593, 0.21401707471712775, 0.2105258675697057, 0.2070336952481581, 0.20351562697602354, 0.20254939689260462, 0.20007514232850593, 0.19830954091056532, 0.19788168654169724, 0.19408170716918033, 0.1948869749903679, 0.19341656573764657, 0.19139952957630157, 0.19005331842471723, 0.18980348102100517, 0.18734065321800503, 0.18698523825277452, 0.18553470812090064, 0.18415340805507224, 0.18351362564641496, 0.18355619032745776, 0.18274117010119167, 0.18062700533672518, 0.18082789914763492, 0.17946643957301325, 0.1783350719867841, 0.17640695267397424, 0.17757075741563155], "val_losses": [0.26190099444078363, 0.2439834692555925, 0.2354291622405467, 0.22278578514638153, 0.23190517010896103, 0.22219866222661475, 0.21938184033269467, 0.21620416738416837, 0.2199613043795461, 0.20487246435621512, 0.20645465053941892, 0.2082020711639653, 0.2075701851559722, 0.1983513342945472, 0.19566628790420035, 0.2036174872647161, 0.19935433987690054, 0.19985403703606647, 0.19602434466714444, 0.20551538467407227, 0.19439113755588946, 0.2004027110726937, 0.19087265755819238, 0.18765683796094812, 0.1883557629973992, 0.1954563438244488, 0.18986361117466635, 0.18984060410572134, 0.19045238423606622, 0.18689593284026437, 0.18812286594639654, 0.1867534330357676, 0.18218340303586877, 0.18940426538819852], "train_ious": [0.44785047612706386, 0.4936621602948592, 0.5162719971351865, 0.5236173886805774, 0.5401304088316964, 0.5456584196105811, 0.5505220139318185, 0.5556203549646811, 0.5611769111044165, 0.566882734578373, 0.5735776965924796, 0.5742376023984476, 0.5783110840273078, 0.5819341305481348, 0.5840495429609134, 0.5897547222026016, 0.5882459348202612, 0.5908939775241455, 0.5946229233042054, 0.5974854156914831, 0.59766791474776, 0.6017971243439377, 0.6026607456522577, 0.6049353356162708, 0.6078345510514751, 0.6082860554797929, 0.6082527589970741, 0.6107787392169665, 0.6143019073575305, 0.6138944343488288, 0.6161002149616464, 0.6179527149576206, 0.6215730506008952, 0.6193617081836515], "val_ious": [0.4630158078195392, 0.495118331865988, 0.5073059075984403, 0.5382790538495865, 0.5200297761222591, 0.540029137030892, 0.5396448878058488, 0.5420028701208642, 0.5443700452645619, 0.5687286646469779, 0.5643829282211221, 0.5648752861264825, 0.5630285722621973, 0.5823427820983141, 0.5879660041435905, 0.5766972882160243, 0.5733987362920372, 0.5833440340947414, 0.5814567949028983, 0.5790782672339592, 0.592776242589605, 0.5792962830999623, 0.5938152092090552, 0.6005563517843467, 0.6014072797868566, 0.5911181009765984, 0.599572865643363, 0.6008318658324255, 0.5969757485216942, 0.6051378705795261, 0.6044227206620618, 0.6046172529459001, 0.6115585764249166, 0.5971434189789537], "training_time": 859.5266621112823, "avg_gradient": 0.003688789787090167, "memory_usage": 1389.48828125}