{"train_losses": [0.2799861205174871, 0.25229131819113443, 0.23989142526103102, 0.22958058296986247, 0.22571707201068816, 0.21947969488151695, 0.2170341434362142, 0.212743465019309, 0.2098157845599496, 0.20701715544514035, 0.2042641830023216, 0.2023519242749266, 0.20101243354704068, 0.19863355240744093, 0.19750691148573937, 0.19537204900837463, 0.1931940027229164, 0.1917424700830294, 0.19157534052172434, 0.1897203454180904, 0.18783533224916976, 0.1875568823483975, 0.18572903991393422, 0.1846541240811348, 0.18574114281522192, 0.182802134476926, 0.18139685998144356, 0.18167716977388962, 0.1802036884524252, 0.17885286603932796, 0.1801674770920173, 0.1761927944810494, 0.1766293356600015], "val_losses": [0.2625908815990324, 0.2647838864637458, 0.2357737664943156, 0.23184400861677917, 0.22820030055616214, 0.22321671571420587, 0.21615471010622772, 0.21035053840150003, 0.21276026154341904, 0.20347698162431302, 0.20889106133709784, 0.20161434910867526, 0.2117129548088364, 0.19831070465886075, 0.2147867715229159, 0.1947552377115125, 0.2042340953712878, 0.19288824239502783, 0.21082588414783063, 0.19559747045454773, 0.196885470462882, 0.2003952080140943, 0.18946398729863373, 0.19136970749367838, 0.19396410979654477, 0.19434670877197516, 0.1874079655693925, 0.18727336402820505, 0.18738071620464325, 0.18997060896261878, 0.18405689137137454, 0.1860409035630848, 0.1941199050001476], "train_ious": [0.44066255443149066, 0.4876431512335935, 0.5095865425208341, 0.5285632760412449, 0.5345486092070739, 0.5456422214544768, 0.5493757448874519, 0.5566525190690721, 0.5622590294080797, 0.5681253082618332, 0.5722651786130405, 0.575178415986939, 0.5781784255219543, 0.582447386306265, 0.5843379804189656, 0.5883500840568889, 0.5917596588100215, 0.5950850942104623, 0.5957462689366892, 0.5975113777254807, 0.6012375555608587, 0.6017410438777746, 0.6050496789208356, 0.606637257542731, 0.6056452863242315, 0.6107357287428516, 0.612247918449018, 0.612491244315237, 0.614571898203829, 0.6174572577727012, 0.6149477499766628, 0.6225567960544774, 0.6210803633042863], "val_ious": [0.4736471294924832, 0.4744564877903981, 0.5229682130874067, 0.5166849564167038, 0.5310975977260133, 0.5344725379693336, 0.5432905816081641, 0.5582982509032539, 0.560548589065455, 0.5721932245769362, 0.5597273804571319, 0.5765283325876015, 0.566439852334451, 0.5785036702518879, 0.5617561614599781, 0.5874430306147839, 0.5777484446332074, 0.5918385444775872, 0.5623481323321662, 0.5875114874131437, 0.5747845859631247, 0.5781102482823359, 0.5920665797548017, 0.5967619188021923, 0.5963835571555124, 0.5922691007887108, 0.6017236497955044, 0.6018529290306396, 0.5995764591987581, 0.5969092889108523, 0.6051243934510411, 0.6049696023481479, 0.5824623649966888], "training_time": 832.1708846092224, "avg_gradient": 0.002888646804978697, "memory_usage": 1389.48828125}