{
  "train_losses": [
    0.28401496974022494, 0.25071873119019944, 0.23680439542817033,
    0.2296031604156546, 0.22282347828149796, 0.21841733019960963,
    0.2151468935544076, 0.21200101466282553, 0.2082622731509416,
    0.2050769631953343, 0.20363397669533026, 0.20326426835811656,
    0.198915624667121, 0.19718603052846764, 0.1957848075291385,
    0.19444535948012187, 0.1937594944206269, 0.19130940370909547,
    0.1915132762135371, 0.1884650423636903, 0.18818272642143394
  ],
  "val_losses": [
    0.2733828781739525, 0.2595753407348757, 0.24027581383352695,
    0.23592797310455985, 0.2253508901466494, 0.22430580174145492,
    0.22323792946079504, 0.2225584974107535, 0.21489219561867093,
    0.21272845404303592, 0.20930614743543707, 0.20507882665032925,
    0.20877834312293841, 0.20648811789958374, 0.2147727219954781,
    0.19984965447498404, 0.19928121923104578, 0.2020301773496296,
    0.19993527201206787, 0.1994858147657436, 0.20706809409286664
  ],
  "train_ious": [
    0.4384748109521857, 0.4890909096685007, 0.5145470055926972,
    0.5271140159904094, 0.5386570527663699, 0.5466049653140529,
    0.5527641121298074, 0.5571425052332706, 0.564355119549926,
    0.5694775733610856, 0.5727809262664421, 0.5740277931850023,
    0.5808334578962431, 0.5842888351475846, 0.5866754655388814,
    0.5892240244193354, 0.5906098213424719, 0.5949470802493719,
    0.5948150320977406, 0.6000492026408512, 0.6002691808710066
  ],
  "val_ious": [
    0.44542671545692114, 0.45288428016330884, 0.5127935427902401,
    0.5244807105349457, 0.5386033656372541, 0.5380702610465062,
    0.5378629441062609, 0.5289607511266419, 0.5595548846151517,
    0.5543303701324739, 0.5652332135300705, 0.5699861358473265,
    0.5671703932077989, 0.5701053596061209, 0.5528237886618877,
    0.5779060341309811, 0.579268914633903, 0.5753921669894372,
    0.5775138366481533, 0.5819234085687691, 0.5605164001817289
  ],
  "training_time": 527.9501752853394,
  "avg_gradient": 0.004586910757261359,
  "memory_usage": 1389.48828125
}
