{"train_losses": [0.28088099339410016, 0.253165158321676, 0.2378498310952083, 0.23149421252310276, 0.22493358798649, 0.22107714698042558, 0.21691011669843094, 0.21439276020164075, 0.21174547351572826, 0.20840398319389508, 0.20595477812963983, 0.2031283175329799, 0.20070433908182642, 0.19913239785186623, 0.19738291446929393, 0.19582568935078123, 0.19446480468563412, 0.1940607764636693, 0.192748902608519, 0.19138234481215477, 0.18856533884030321, 0.18703443581319373, 0.18654036602896193, 0.18703112937510014, 0.18487772758564222, 0.18338942592558655, 0.1834262044209501, 0.18118983207513456, 0.17992320972616258, 0.18013892679110818, 0.18160981409575627, 0.1775675724543955, 0.17703674004777617, 0.17537345113637653, 0.17631756093191064, 0.17530462988044904, 0.17579335330621057, 0.17316990370011848, 0.17151555167916027, 0.17080409573796002, 0.17123966623583567, 0.17930648459688478, 0.17055675354988678, 0.17027627263704073, 0.1685349265842334, 0.16798587904676146, 0.17004632342444814], "val_losses": [0.25664742776881094, 0.23833724370469217, 0.2489983578738959, 0.2298258996528128, 0.23212666356045267, 0.2183930248669956, 0.211579246689444, 0.21237171052590662, 0.20685950310333914, 0.20898393444392993, 0.2092810030216756, 0.20274412308050238, 0.20104682672282922, 0.19784680527189505, 0.19544183268495227, 0.19808785034262616, 0.19871059675579486, 0.19988550180974213, 0.1930836623777514, 0.2042967382332553, 0.19159525924402734, 0.19031421419071115, 0.1895935049523478, 0.186386165411576, 0.19158225668513257, 0.19033951053152914, 0.18829926718836246, 0.1865053005192591, 0.18786787047334338, 0.18286608321511227, 0.18637999244358228, 0.18084197037893793, 0.18565383067597513, 0.18228920970274054, 0.1803908697936846, 0.18578063502259876, 0.18078566634136697, 0.1813953781257505, 0.1821248722465142, 0.17938162062479102, 0.1847021106792533, 0.1799430960546369, 0.17913615897945737, 0.18155524620543356, 0.1779622442048529, 0.17916926547237064, 0.1846231857071752], "train_ious": [0.43719419500237144, 0.4840935378240937, 0.5121004470232605, 0.5229236400429754, 0.5355895249901906, 0.5427835430625986, 0.5494646251309608, 0.5541572969244872, 0.5595092931897313, 0.5650717938399837, 0.5698648310009985, 0.5744214585401874, 0.5780834631211514, 0.5819680536894694, 0.5839897422254949, 0.5871824411594349, 0.5898113260450573, 0.590798165055289, 0.5927623608082102, 0.5956965127176995, 0.600558084368274, 0.6027888622188915, 0.6033425814323664, 0.6029568751868996, 0.6074203849918605, 0.6091507180337454, 0.6102197276077406, 0.6131382159132892, 0.6157917716148971, 0.6156553856056668, 0.6131917848319245, 0.6198099298753601, 0.6203620602255284, 0.6234010663153468, 0.6226137266426844, 0.6233859381274038, 0.6227783229795921, 0.6274266984799631, 0.6308807508237121, 0.6319522222207077, 0.6306767090615151, 0.616763579564682, 0.6319503847887556, 0.6324139142381974, 0.6357948613771495, 0.6366725240064706, 0.6335708701416202], "val_ious": [0.4831096950000609, 0.5085112733253535, 0.5033175905329592, 0.5260705087279927, 0.5218275388081868, 0.5484096813892972, 0.5577810973576875, 0.5608609580043433, 0.5687812618587326, 0.5694993010897569, 0.5632395391230999, 0.5732502766709398, 0.5772158630948134, 0.5822393192329268, 0.588080024373704, 0.5834778961927994, 0.5779102744831556, 0.5704372168883035, 0.592759066733761, 0.5791429961505143, 0.596389982363452, 0.5915743587673574, 0.5983280530874282, 0.6049055636361025, 0.5960596542859423, 0.5981907369433969, 0.595010648171107, 0.60528447597787, 0.6038440545831903, 0.6103521410537804, 0.6015127925337225, 0.61559649977995, 0.606771353362263, 0.6096474683803059, 0.6148852172537127, 0.6047590878130734, 0.6127649301636048, 0.6133942157030107, 0.6143923028223756, 0.6217346834963646, 0.6134640973979147, 0.6163058287423588, 0.6187011420294858, 0.6153799051391907, 0.6206632954054985, 0.6204220872858296, 0.6111876418193181], "training_time": 1186.073293209076, "avg_gradient": 0.0033642974126079778, "memory_usage": 1389.48828125}