{
  "train_losses": [
    0.2779126905876657, 0.24675827546288137, 0.23504351686848246,
    0.22841081922144993, 0.22248209826648235, 0.21749605521883653,
    0.21408499323803445, 0.2099513152371282, 0.20594041673061642,
    0.20443225457616473, 0.20040132307811923, 0.19981478648665157,
    0.19887777717541094, 0.19596374002487763, 0.19368148586996223,
    0.19234425760805607, 0.19011869265333467, 0.19009134554020737,
    0.18831046897432077, 0.18675885859714902, 0.1862062229572431,
    0.1851600827244313
  ],
  "val_losses": [
    0.2617551920854527, 0.25839584806691046, 0.22912027200926904,
    0.21827843137409375, 0.21905349000640537, 0.21993617000787155,
    0.24770439092231833, 0.22526495353035306, 0.21076742300520773,
    0.20808784145375955, 0.20831824936296628, 0.2001479478633922,
    0.1982010424784992, 0.20571693421705908, 0.19764883816242218,
    0.1980535307008287, 0.18867978097304053, 0.19088399669398431,
    0.18933238866536514, 0.18926523885001306, 0.189915359992048,
    0.19722491340792697
  ],
  "train_ious": [
    0.44485868721444555, 0.49571160437620204, 0.5175441967836322,
    0.528958223139246, 0.5392704378219619, 0.5483073789788329,
    0.5543329092687457, 0.5613702661155358, 0.5686125819017921,
    0.5713115088857602, 0.5788506737005884, 0.5802331895607968,
    0.5818235004401728, 0.5870916950313942, 0.590867527531109,
    0.5929889996414601, 0.5975464074400023, 0.5976322032511235,
    0.6002694336508494, 0.6033391091918603, 0.6045009013859256,
    0.6058079296911975
  ],
  "val_ious": [
    0.4817598364923311, 0.49716877775347745, 0.5306230288916742,
    0.5457062625150749, 0.5346096545673799, 0.5454136778910955,
    0.4773124454246051, 0.5295324577153595, 0.5615325201896652,
    0.5645920606195063, 0.5627136556566625, 0.5821541489466375,
    0.5806792970152868, 0.5671509670606556, 0.5857868578986848,
    0.5755974380434423, 0.5976405802412311, 0.5969066075656727,
    0.6007255944220915, 0.600095412005549, 0.5967024497795796,
    0.5820620984270953
  ],
  "training_time": 553.2455186843872,
  "avg_gradient": 0.0035845633305308386,
  "memory_usage": 1389.48828125
}
