{"train_losses": [0.2802982975769302, 0.2524576575859733, 0.2409779584116262, 0.2308815309534902, 0.2254045338410398, 0.22205333184936774, 0.2168128330098546, 0.21344771503430346, 0.21142206219551357, 0.2079002092713895, 0.206840461200994, 0.20447906527830206, 0.2019926459407029, 0.19975385126536307, 0.20029052662784638, 0.19687005715525668, 0.1957908350488414, 0.1934571438671454, 0.19317199548949365, 0.19118666762243147, 0.19039846778563832, 0.18832313277475213, 0.18642899531709112, 0.18469482919444208, 0.18427023566935374, 0.18494452827650568, 0.1840850271122611, 0.18221038264100967, 0.18114774107285167, 0.18053468041445897, 0.18054517512412174, 0.17813633884424748], "val_losses": [0.25546841064225073, 0.24144912187172018, 0.23518856938766397, 0.23301131245882614, 0.2290668021077695, 0.2221636247375737, 0.21407124788864798, 0.20657291198554245, 0.2099623336740162, 0.2069624238040136, 0.20752640165712521, 0.19926521311635556, 0.19666471753431403, 0.1963155308495397, 0.19455322266920752, 0.19574356500221335, 0.19516153860351312, 0.19908011218775873, 0.19259677600601446, 0.1956142018670621, 0.19047753156527228, 0.1864871774678645, 0.1912521525569584, 0.1860985146916431, 0.1926507246883019, 0.192251808617426, 0.19021167055420254, 0.18381463282782098, 0.18761197833911233, 0.19695044308900833, 0.18118543210236923, 0.19033852705489035], "train_ious": [0.43691323582670133, 0.4845278406164783, 0.5070603888319886, 0.52403583134646, 0.5342817368606726, 0.5399256963822721, 0.5492136383402179, 0.5548748172603657, 0.5589155957534695, 0.5650726901232332, 0.566708914341702, 0.5708511406690745, 0.5750121694004189, 0.5790752664316392, 0.5792288679791531, 0.5836647860165959, 0.5862267662001694, 0.5901382053135962, 0.5907559244745021, 0.5941403726304787, 0.5961542457234169, 0.5998088450211548, 0.6024382739071393, 0.6065567083440829, 0.606584787044836, 0.6058268168590204, 0.607141408637382, 0.6104705541570118, 0.6124735897865845, 0.6141673621276145, 0.6132651993437953, 0.6180293267403826], "val_ious": [0.4771355434820273, 0.5060668968852016, 0.5242947729817334, 0.5226947694368985, 0.5324859861014547, 0.5493203557055929, 0.5588355595650881, 0.5719622654327449, 0.5650336407664895, 0.5648398209309232, 0.5703714440266292, 0.5833641256111255, 0.586170562799426, 0.5851069468518962, 0.5917255239210266, 0.5838242866422819, 0.5915228448052339, 0.5834948362215705, 0.5955470016469127, 0.5887829127950944, 0.5959440597157548, 0.6066196748743886, 0.5986054749160573, 0.6051210486802503, 0.5992969557426976, 0.6025218220724575, 0.6019276443167009, 0.6056295641954395, 0.603906483537909, 0.5901638481064119, 0.6134281506141026, 0.5922034823376198], "training_time": 807.291321516037, "avg_gradient": 0.003967942872742858, "memory_usage": 1389.48828125}