{"train_losses": [0.2823722609521254, 0.2545795593734669, 0.24070645739202914, 0.23281579893892226, 0.22715875174364317, 0.22220046939733235, 0.21853836714897468, 0.21471675671637058, 0.21378567831023879, 0.2104242682133032, 0.20894644555190336, 0.20540996470853037, 0.20310051642034366, 0.2008954803256885, 0.2011759937133478, 0.19833651241724906, 0.1975413991705231, 0.19568237702807653, 0.19490145697541858, 0.1933526210486889], "val_losses": [0.2698859261429828, 0.2520349511633749, 0.23492001159035641, 0.2422359851391419, 0.22954362339299658, 0.22288110463515573, 0.21554565267718356, 0.21766069855379022, 0.2142567304165467, 0.20661967280118362, 0.20442465142063473, 0.20736044515734134, 0.20084290983884232, 0.2075005189880081, 0.20302199345567953, 0.2012189422612605, 0.19783624682737433, 0.19440561306217444, 0.20041304697161136, 0.21514860734991406], "train_ious": [0.4302392506939686, 0.4798919061549763, 0.506654852974242, 0.5208630415246536, 0.53108379509354, 0.5402853034598672, 0.5463711978138791, 0.5523937016023674, 0.5541927523209134, 0.5601341781084949, 0.5627170224012671, 0.568853345065229, 0.5732776095577773, 0.5770019007225834, 0.5776211220933043, 0.5812625886629458, 0.5831085661075249, 0.5865696197834566, 0.5875741001488505, 0.5911041873952615], "val_ious": [0.4591527583374493, 0.4944882894987646, 0.5066274991933851, 0.5136415782398069, 0.5270205466211706, 0.5394890070825382, 0.5462420442398043, 0.5468366031629452, 0.5474835694700048, 0.5620328414699304, 0.5694073678358743, 0.5646591218917267, 0.5708099711632384, 0.5636934799992519, 0.5681775931430898, 0.5760611230912414, 0.5859158235615581, 0.5877666970094045, 0.5751236854256064, 0.5474334279264229], "training_time": 505.5800521373749, "avg_gradient": 0.003185437009915676, "memory_usage": 1389.48828125}