{"train_losses": [0.2797167311705973, 0.2510690120575221, 0.23839538269068883, 0.2311375873244327, 0.2235093528161878, 0.2200792136237673, 0.2164217468513095, 0.2119162197670211, 0.20923178327148376, 0.208678110462168, 0.20454888847535072, 0.20221356383484343, 0.20076734694125858, 0.19866530338059302, 0.19767259061336517, 0.19544672002287014, 0.1942726678174475, 0.19341127801200617, 0.19185030039237894, 0.19025939856858357, 0.18905929670385693, 0.18790070283348145, 0.18654557779107406, 0.18592942716634792, 0.18595604841475902, 0.18352147823442583, 0.18293234195722186, 0.18038950374592905, 0.18022556554364122, 0.18122153235194477, 0.1803283848516319, 0.17813181342638057, 0.1784529222742371, 0.1758097402913415, 0.17528699241254642, 0.17541152951510056, 0.17467588971814382, 0.1758014083556507, 0.17288628082884394, 0.17278373630150504, 0.17037782089217848, 0.1719152906342693, 0.16928186551060365], "val_losses": [0.2648504405565884, 0.2397869660154633, 0.24308999951766885, 0.23943805565004764, 0.23394728711117868, 0.21862518884565518, 0.22847372649804407, 0.2111865424591562, 0.2102882926878722, 0.21116160957709604, 0.2287259024122487, 0.202491144447223, 0.1980382278561592, 0.2106378548171209, 0.2012296801675921, 0.19851267953281818, 0.19626141339540482, 0.20737787660049356, 0.19483621094537817, 0.19998054303552792, 0.19870835477891174, 0.19758859276771545, 0.18845512005298035, 0.19621301053658777, 0.19044190839580868, 0.19431009661892187, 0.18820880191481631, 0.1850659711205441, 0.18378065461697785, 0.19182125900102698, 0.1874807415449101, 0.18618550119192703, 0.18244851510161939, 0.18611342071191125, 0.18385961295469946, 0.18199535621249158, 0.1833011660238971, 0.1845037804349609, 0.18593490318111752, 0.18043218488278595, 0.18184064263882843, 0.18205451317455457, 0.18690093347559805], "train_ious": [0.4390991045182327, 0.48885412462919536, 0.5116104997046619, 0.5239882973171234, 0.5378949876766705, 0.5434523830595223, 0.5506153958377201, 0.5578045734622774, 0.563052046234193, 0.5646362275533056, 0.5716204578461861, 0.5747461403733577, 0.5771713451468858, 0.5814042881779049, 0.5824779250483584, 0.5867075581589475, 0.5893690971036749, 0.59174975094156, 0.592941543330317, 0.5965572487616886, 0.5994166289118753, 0.60096118302233, 0.603195156902075, 0.6041803606178449, 0.6046661339376284, 0.608267797400122, 0.6099807352259536, 0.6136422768991061, 0.6142731384522675, 0.6137541310618753, 0.614297736544108, 0.617829483596311, 0.6175618103124957, 0.6218117442575918, 0.6227148393358013, 0.6231809090013087, 0.6241697718159877, 0.6225036775180396, 0.627892093220051, 0.6276610141107134, 0.6319043594210042, 0.6294410321591558, 0.6336768108109634], "val_ious": [0.4533077105879784, 0.5066826677192813, 0.5168598461626231, 0.5169464629413425, 0.5261624102359231, 0.5480256616205409, 0.5289385165425314, 0.5580468826751777, 0.5676865955625754, 0.5660240760316019, 0.5319739384711651, 0.57802294065123, 0.5816122600133868, 0.5597626929697785, 0.5779578353183856, 0.5862452005562576, 0.5898984199848727, 0.5752685173698094, 0.5877149146104202, 0.5808279656845589, 0.5886158033989478, 0.588293077937071, 0.6028952788615572, 0.5907842443473097, 0.5962988587393278, 0.5962175199950949, 0.6000715563262718, 0.605515092395354, 0.6109943098348121, 0.598941241917403, 0.6040672141572705, 0.6038537725158359, 0.6131392957075783, 0.6077427911585654, 0.6115551234587379, 0.6159591933955316, 0.6131004477324692, 0.6082344808872194, 0.6123498313236927, 0.6186179650434547, 0.6175131683332331, 0.6125579005566196, 0.6099407897479292], "training_time": 1086.162852525711, "avg_gradient": 0.002868171307806161, "memory_usage": 1389.48828125}