{"train_losses": [0.2812159758709047, 0.2512294667894426, 0.23787728875227596, 0.22982972512102645, 0.22447096880363382, 0.21968052471461502, 0.21536119857236094, 0.2143112872119831, 0.20967418959607248, 0.20593090161033298, 0.20508708310839924, 0.20198290114817413, 0.19962145906427634, 0.19747203134972116, 0.19610398619071298, 0.19481397104328094, 0.19398551361392374, 0.19073239454756613, 0.19215847454641177, 0.18823107072840567, 0.18753444751643616, 0.18693630113873794, 0.18495805982662283, 0.18348561259715454, 0.18375943147617838, 0.1833891587574845, 0.1818832437629285, 0.17911572721989258, 0.17852051240270553, 0.17878670747513356, 0.17759741381134675, 0.1763500707304996, 0.17672502937848153, 0.17460928946409537, 0.17337996051039384, 0.1733467362659133], "val_losses": [0.2648497155827025, 0.25040403785912885, 0.24142830559740897, 0.22669296096200528, 0.22866988797550616, 0.23469338954790778, 0.22834423281576322, 0.21218133329049402, 0.21763999177061993, 0.20936458525450333, 0.20642166098822717, 0.20631885172232337, 0.20213196037904077, 0.20545819920042288, 0.20094393290903256, 0.20184825101624365, 0.1956317962511726, 0.19435327694467877, 0.2014356628060341, 0.2021385253123615, 0.20577212455479996, 0.19204460278801297, 0.19436247420051825, 0.19278946421716525, 0.19311675202587378, 0.19198029099599176, 0.187060140721176, 0.1886611849717472, 0.18972810325415237, 0.19259754827489023, 0.18803337443134058, 0.19413355478773947, 0.189293648885644, 0.18501131106977878, 0.18514632012533105, 0.19659595742173816], "train_ious": [0.43399693135912776, 0.48706127705889335, 0.5114591398370872, 0.5257782471244749, 0.5359306148914754, 0.5442867764150321, 0.5520303627017185, 0.5542143740947696, 0.5615584194876151, 0.5688184526195558, 0.5710793271984742, 0.5753184192530486, 0.5794679025269074, 0.5844017351451126, 0.5854781620420407, 0.5879296899597712, 0.5894925204524094, 0.5955642244198183, 0.5939489979350913, 0.6001216174251791, 0.6010445810422513, 0.602741894244716, 0.6060285001885202, 0.6092351375390657, 0.6089080883109051, 0.6091462989216267, 0.6117090838758845, 0.6164746506382589, 0.6179312374172868, 0.6172094797526577, 0.6191736613062848, 0.621769267309835, 0.6213887556307556, 0.6248849032149794, 0.6269842586547569, 0.6268565538676754], "val_ious": [0.474299411194912, 0.4854053029979484, 0.5081396127740541, 0.5273098946697471, 0.5322852217848749, 0.5359636907992156, 0.538510279594988, 0.5543767719165139, 0.5416236449626908, 0.5625771121054454, 0.5685545193112413, 0.5666565465322437, 0.5775369606588197, 0.5690764912228654, 0.5829682404148407, 0.5789861966302429, 0.5888180385033288, 0.5878435703723328, 0.584059305381084, 0.576058413023534, 0.5766207349041234, 0.5944949299960894, 0.5907038700753365, 0.5933704831893892, 0.592067120515782, 0.596124686192775, 0.6044664089230525, 0.6025213610002961, 0.6009776508030683, 0.5985387609056804, 0.6034645755653795, 0.5983334343502485, 0.6044953949209575, 0.6078131341415902, 0.6091544163831764, 0.5808002186426218], "training_time": 913.9448978900909, "avg_gradient": 0.0031427085162166937, "memory_usage": 1389.48828125}