{"train_losses": [0.281602348646392, 0.25004749728933623, 0.23845053415583528, 0.22949132185591303, 0.2236142662232337, 0.21913091805966003, 0.21551492381031098, 0.21183752632983352, 0.20813773467164973, 0.20723331719636917, 0.2044598903183056, 0.20328934936095838, 0.20064936108563258, 0.19864038167440373, 0.19720734866416972, 0.1963825455826262, 0.19456166296225527, 0.19327753814666168, 0.19069494088382824, 0.19111760292688143, 0.188028269406894, 0.18810135676808978, 0.1862296943107377, 0.18576938845217228, 0.18471410554712234, 0.1826018537192241, 0.18091137537165827, 0.1823853066434031, 0.17935844186855399, 0.18018962572450223], "val_losses": [0.2582169424580491, 0.2507556547289309, 0.22570064631493195, 0.22065247562916382, 0.22205234383759292, 0.21785402038823004, 0.22378138776706613, 0.20232060000948285, 0.205777601055477, 0.2040247502534286, 0.21441332153652026, 0.198448462654715, 0.2045070522505304, 0.1957527259769647, 0.19529433127330698, 0.19375411518242047, 0.19611806001352228, 0.19461060736490332, 0.1961667738530947, 0.18937764673129373, 0.19061326721440192, 0.1910055065932481, 0.1891696433658185, 0.1923373778877051, 0.18869569184987442, 0.18473011028507483, 0.1948961463311444, 0.1882369965314865, 0.18634214317021164, 0.18853323032026706], "train_ious": [0.4418693414038938, 0.4894836547420077, 0.5112085137786211, 0.5280129993739336, 0.5381478797914329, 0.5449261072267223, 0.551504744000841, 0.5578957728609657, 0.5643315326584419, 0.5668941729472601, 0.5715596817055906, 0.5744342313188573, 0.5774336252091584, 0.5820430349288646, 0.5841792711745135, 0.585960136321576, 0.5887499745341314, 0.5921741583101131, 0.5962343149535034, 0.5954860644280043, 0.6010640873101313, 0.6003698079266411, 0.603977584428546, 0.6049602959790956, 0.6076399560855785, 0.6099915548727131, 0.6134502521675564, 0.6113946639217333, 0.6168833851706289, 0.6151253879070282], "val_ious": [0.47787816941306205, 0.480910433375317, 0.5359767293152603, 0.5362549162861229, 0.5297814197298409, 0.5449465664400571, 0.551324033650799, 0.5662507090879523, 0.5682138902121695, 0.5688861120438231, 0.5545598104380178, 0.5790811666975851, 0.5701827836641367, 0.5853914417650387, 0.5870588350555171, 0.5925119655287785, 0.5844274562770042, 0.5844225572503132, 0.5852064121028654, 0.5962351733359739, 0.5951507884091225, 0.5942508370979971, 0.5964530086603719, 0.5974806698336118, 0.6001036234092022, 0.6072569098593533, 0.5895342708065889, 0.6005796099054639, 0.6054482047540555, 0.5924801055503928], "training_time": 754.3985886573792, "avg_gradient": 0.004279352045735307, "memory_usage": 1389.48828125}