{"train_losses": [0.28081111974366335, 0.2512783186267252, 0.23745775230876778, 0.22924301684226678, 0.22279241721591223, 0.2177483802256377, 0.21331560951860054, 0.210337714575555, 0.20737624281774397, 0.2056819698570863, 0.20455351399014826, 0.20081666136241477, 0.19846092917672967, 0.1965200864588437, 0.19553226030067258, 0.19299750086729942, 0.19148496473612991, 0.18940357199829558, 0.18932023207130638, 0.18700717996967875, 0.18656105718210989, 0.18437832399554874, 0.18440882302820683, 0.18364561413941177, 0.18280816248253637, 0.18074271860330002, 0.17831386990197326], "val_losses": [0.26805625758741214, 0.24094026535749435, 0.24146530323702356, 0.23118191503960153, 0.2160088092736576, 0.2210199797283048, 0.21991923516211304, 0.20944716554620993, 0.20881214122409406, 0.21045154786628226, 0.19965732097625732, 0.21587173997060113, 0.19729773894600247, 0.19955474203047546, 0.1928638786725376, 0.2002454400062561, 0.19280893711940103, 0.1922331381103267, 0.20020901670922403, 0.19303040303613828, 0.19047244573416916, 0.19537618950657223, 0.19110146553620047, 0.1903533569496611, 0.19147287892258685, 0.1856169026830922, 0.19866630499777588], "train_ious": [0.43701367492558063, 0.4882588458072014, 0.5131673633890308, 0.5272848008173535, 0.5387925188988448, 0.5479175489449848, 0.5559120597722736, 0.5609252344331014, 0.5668817045356054, 0.5693539443655289, 0.5713296634131584, 0.5779670753340791, 0.5817630137114421, 0.5854689915650998, 0.5872345287082849, 0.5922488001161729, 0.5941548776691373, 0.5982094486446482, 0.5984608343114023, 0.6021626526354878, 0.6029998218991621, 0.6071133908370265, 0.606951412461374, 0.6083092652801154, 0.6099904418747493, 0.614021802348071, 0.6175543307394222], "val_ious": [0.4619586849990096, 0.5130018121090488, 0.5091328399552816, 0.5244978277579596, 0.5442243086687033, 0.5410535045076109, 0.5451950938373372, 0.5548150920565579, 0.5613599257624668, 0.5659976567047229, 0.5813778148613116, 0.55668714210607, 0.5838323622078136, 0.5858513047729715, 0.5929231267908345, 0.5826225045366563, 0.5898712944725287, 0.5935808938482533, 0.59259429336458, 0.5909683695737866, 0.5992764156797658, 0.5925572896781174, 0.5983075324607934, 0.6004318236440852, 0.6016248110411823, 0.6091619187938996, 0.5811525887769201], "training_time": 679.0171864032745, "avg_gradient": 0.00689890330039085, "memory_usage": 1389.48828125}