{"train_losses": [0.2808234070468208, 0.25221731457049434, 0.2392902245502109, 0.2318928033599387, 0.22649659694212934, 0.22041604886560337, 0.21759302816961124, 0.2143349620797064, 0.21179280511063078, 0.20797399139922598, 0.20540641985185767, 0.2035827745238076, 0.20206402898158715, 0.19980190937285838, 0.19721609993797282, 0.19628143998915734, 0.19494066759943962, 0.1932986223179361, 0.19201503685959007, 0.1911011277495519, 0.19000494480133057, 0.1883452718510576, 0.1881907617106386, 0.1857988884591538, 0.18643025179272113, 0.18538781911458657, 0.18256179138046244, 0.1811026543702768, 0.18186086740182794], "val_losses": [0.26211238425710925, 0.23692670302546542, 0.24136664362057395, 0.22481974149527756, 0.2304745961142623, 0.21277417469283808, 0.2088853315166805, 0.22554499105266904, 0.20152198199344717, 0.19980837663878565, 0.20173653539108194, 0.20385713518961615, 0.19394441985565683, 0.19416190975386163, 0.21038009226322174, 0.1930474169228388, 0.19165615899407346, 0.1880749340938485, 0.18729808861794678, 0.18674257883559103, 0.18732945394256842, 0.1864656841625338, 0.18601641220890958, 0.18992135835730511, 0.1994385262546332, 0.1848328337073326, 0.18582229866929675, 0.19424526814533316, 0.19034980755785239], "train_ious": [0.44137240467809036, 0.4872043266676478, 0.5102573015821583, 0.5227665271124114, 0.5317515912263291, 0.5434794384392274, 0.5477829376316589, 0.5529574742675694, 0.5582166382152104, 0.5650788004361634, 0.5696566852646463, 0.5723512256383033, 0.5749882079013016, 0.5788630254674647, 0.5839479811273626, 0.5857693544332532, 0.5878782460223075, 0.5912012054274479, 0.5928243190266086, 0.5942844106559307, 0.5963870638954468, 0.5988542062864789, 0.6008376491566502, 0.6039309334279838, 0.6027372484837755, 0.605562742529572, 0.6100570981161317, 0.6117758270407071, 0.6108498263942157], "val_ious": [0.4623878143079903, 0.5088934111206427, 0.5187060996026233, 0.5359708308309746, 0.5198777942121894, 0.5595066191061684, 0.5639123661794525, 0.5270972163348958, 0.5687149442408398, 0.5836121943117917, 0.5789545189211335, 0.5620357542150264, 0.5902769086153612, 0.5900672421507214, 0.5539432986490967, 0.5915452289408532, 0.594886076623115, 0.5997638566338498, 0.6042750926985258, 0.6055846123591714, 0.597067919978197, 0.605657961273539, 0.609558224030163, 0.5915703542422556, 0.5875871654437937, 0.6047733786745347, 0.6081775463577628, 0.6000051850426023, 0.5986545681953429], "training_time": 733.0166690349579, "avg_gradient": 0.005307410728346082, "memory_usage": 1389.48828125}