{"train_losses": [0.2800519682628953, 0.2534813203079545, 0.24099008722797685, 0.230190710367068, 0.22425279110346152, 0.21974116458517054, 0.21721267943149028, 0.21280198560460753, 0.21016040379586426, 0.2080619803265385, 0.20536221183188583, 0.20323190190221951, 0.19965204758488614, 0.19808198859834153, 0.19686360535738262, 0.19566516359539135, 0.1935375379803388], "val_losses": [0.26311487218608026, 0.24210016267455142, 0.22879846620818842, 0.22682599561369937, 0.2171794260325639, 0.21536940660165704, 0.20898206467213837, 0.2089422277134398, 0.25796989319117175, 0.20818946899279303, 0.1996774971485138, 0.1963738549662673, 0.19245897265880005, 0.1939542662838231, 0.2020868471135264, 0.19914622086545694, 0.21293575284273727], "train_ious": [0.4374720200396857, 0.48274250331240276, 0.5071265293366236, 0.5263230053411015, 0.5367743582937166, 0.5439475402235984, 0.5490771790129554, 0.5569956173337458, 0.5615448609696349, 0.565196060589042, 0.569937413585359, 0.5741828073733959, 0.5797927892510442, 0.5834269192123759, 0.5853468448571537, 0.58742082502315, 0.5915350909142391], "val_ious": [0.466314225687065, 0.5085826506433279, 0.5288458507562029, 0.5338837388848914, 0.5489683764568274, 0.5500625112782354, 0.5638789385557176, 0.5641400678002315, 0.4650876348217328, 0.5645790497461955, 0.5766763410706452, 0.5837868929341218, 0.5916358342637185, 0.5861682269884194, 0.5768298847951749, 0.5872121382018793, 0.5498815367835154], "training_time": 428.57879185676575, "avg_gradient": 0.004802727661994471, "memory_usage": 1389.48828125}