{"train_losses": [0.2902959454804659, 0.26476692886132264, 0.24904416363848292, 0.24199617111488528, 0.23283014576072278, 0.22862496259419815, 0.22422738292295, 0.2200700462512348, 0.21682777450136517, 0.2139466135236232, 0.21136570503206356, 0.20882834510310835, 0.20646970808182075, 0.20411570208228152, 0.20190084879489048, 0.20124056643765906, 0.19877037454558455, 0.19837918164937393, 0.1962431619834641, 0.1943179121159989, 0.19297420832773912, 0.19215169492299142, 0.19064975756665933, 0.190071782178205, 0.18786935986060163, 0.18700421990259833, 0.18629878475938155, 0.18576554289978484, 0.18324615336630656, 0.18256529574484928, 0.1815537036113117], "val_losses": [0.27599533841661783, 0.26573271531125775, 0.2482745002793229, 0.25145633745452634, 0.23257835338944974, 0.2251053928681042, 0.22639627787082092, 0.22330145375884097, 0.21799076899238254, 0.2337675985434781, 0.21716056245824564, 0.21868311484222827, 0.21699812619582468, 0.22447237923093463, 0.206308843648952, 0.20331078184687573, 0.20733027289743008, 0.19985778953718103, 0.1990547575380491, 0.20065018729023312, 0.1924520319570666, 0.19947178759004758, 0.19233478508565738, 0.1926670851914779, 0.19417754657890485, 0.1919172704219818, 0.1910447005344474, 0.1889775311169417, 0.1945376503078834, 0.19818702210550723, 0.19456559516813443], "train_ious": [0.4217875956345107, 0.46366747814244097, 0.4914320005454879, 0.5044148440702241, 0.5218701925452637, 0.5294289165378914, 0.5368950249816198, 0.5444600395588339, 0.5503006927615057, 0.5555681225074374, 0.560154162482291, 0.5650225872092922, 0.5688305668856788, 0.5733408280040908, 0.5763143736167231, 0.577811524919842, 0.5825103900894739, 0.5831942274842573, 0.5865147530060748, 0.5895484598974388, 0.5923343962193401, 0.5941736106423362, 0.5975474915534693, 0.5985113399076288, 0.6015294221756251, 0.6035658891002339, 0.6044798005858194, 0.6058157115526823, 0.609522222014873, 0.611360305461331, 0.6135879735043946], "val_ious": [0.44375577752572903, 0.4551268592476845, 0.48905489820501086, 0.48946326495944587, 0.5233162538944811, 0.5330386495460634, 0.5329463254066481, 0.5408147001180097, 0.5468571014378381, 0.5246695498193518, 0.5489146615500037, 0.5437243319507957, 0.5454597117892209, 0.5360579506858536, 0.576975993056228, 0.577922410723092, 0.5647607682191809, 0.5796030952014786, 0.5795651063107065, 0.5778862099716628, 0.5903121660584987, 0.5829110117494196, 0.5952986476645954, 0.5931169237347614, 0.5912758584903636, 0.5906980283882307, 0.5983480668586233, 0.5963138793257698, 0.5939584674610608, 0.5781764977652094, 0.5799738313408864], "training_time": 779.4583051204681, "avg_gradient": 0.0027164186353352583, "memory_usage": 1389.48828125}