{"train_losses": [0.279521602327409, 0.25262101804432663, 0.2356838669789874, 0.22880305633272813, 0.2227077854230352, 0.21871129115638527, 0.21418047429102918, 0.21013895632780116, 0.20710721490499767, 0.2065062181133291, 0.2042980339864026, 0.20003023152442082, 0.19959380858294343, 0.19803545988448287, 0.1964998178831909, 0.1939244977320018, 0.19214311501254205, 0.1907346351477115, 0.18864744172795958, 0.18932787515223026, 0.18668736938549124, 0.1861149526970542, 0.18525222364975058, 0.1845778988107391], "val_losses": [0.25627067069644516, 0.24195505743441376, 0.23647833032452542, 0.22534930058147595, 0.22576823798210724, 0.2221704099489295, 0.2167782038450241, 0.21463840778755106, 0.21014631248038748, 0.27592362139535986, 0.2049826490490333, 0.20837374711814133, 0.20682911639628204, 0.20410925830188004, 0.19653262619091116, 0.20446121789838956, 0.1967626900776573, 0.19560288735057996, 0.20022304129341376, 0.1923538511214049, 0.1923123128388239, 0.19396822802398517, 0.19566478126722833, 0.21397966373225916], "train_ious": [0.43772293898560394, 0.485384631605036, 0.5145056397802591, 0.5272360031587489, 0.5378285218300166, 0.545290835984591, 0.552891267274601, 0.5613960132164805, 0.5651156554619472, 0.5658732118705905, 0.5712524816069916, 0.578628465857195, 0.579029043569513, 0.5820638109808384, 0.5845940860825172, 0.58889724087456, 0.5920638076529123, 0.5952779824535053, 0.598575342230607, 0.5972609712161882, 0.6023131084722886, 0.603384161233038, 0.6047879387827022, 0.6066429954616056], "val_ious": [0.47524812299272295, 0.509405586058679, 0.521809689808583, 0.5302921088709348, 0.531946207302204, 0.5472134116335191, 0.5494313613660092, 0.5604168312705082, 0.5583453385726265, 0.43074481426805694, 0.5743884688270264, 0.567458442263845, 0.573595162966977, 0.5774052054553793, 0.5903936488472895, 0.5719986996356993, 0.5824841090302536, 0.5881624617006469, 0.5682663390601891, 0.5974129377931787, 0.5978162092143211, 0.5973862150441045, 0.5853851340387177, 0.5534234052335006], "training_time": 610.6150662899017, "avg_gradient": 0.00451434805173846, "memory_usage": 1389.48828125}