{"train_losses": [0.2768270374964113, 0.24780727404615152, 0.2351470050280509, 0.227633032704825, 0.22221575515425723, 0.21979780389886835, 0.21503822035763576, 0.2109674113276212, 0.2099499789107105, 0.20596821784325267, 0.20268041875375353, 0.20174741056626258, 0.19918998978708102, 0.19776758762157481, 0.19414021844125312, 0.19426648893758006], "val_losses": [0.2621918579806452, 0.23922296159941217, 0.2370892406805702, 0.2205692153909932, 0.2186283572860386, 0.21679154880668805, 0.2135619057909302, 0.21400244274865027, 0.20454922059307928, 0.20698828250169754, 0.1983505847013515, 0.21111430648876273, 0.20094832907552304, 0.20507531613111496, 0.2001547427928966, 0.22376167320686838], "train_ious": [0.4454257595487802, 0.4941861881078151, 0.5168352880501659, 0.5312643360238574, 0.5411475542122904, 0.5454664886861611, 0.5534414524023515, 0.5606259090043068, 0.5619992674260901, 0.5696945610469667, 0.5751592442933198, 0.5772951581663841, 0.5816031858540963, 0.5847620344788269, 0.5902112436251364, 0.5910328411753625], "val_ious": [0.4663154383500416, 0.5073422435401141, 0.5056163604924645, 0.5333022645850111, 0.5416193983477094, 0.5488267141407814, 0.551890927704348, 0.5532197544108265, 0.566747381851293, 0.5628545837125918, 0.5804216565861221, 0.5623488333346187, 0.57727567743564, 0.564524725727413, 0.5776317264290822, 0.5434372995210731], "training_time": 403.65746235847473, "avg_gradient": 0.006325817952472425, "memory_usage": 1389.48828125}