{
  "train_losses": [
    0.2769718887689321, 0.24894810719010624, 0.23417892274649246,
    0.22807943545605824, 0.223689256073988, 0.21740936560799246,
    0.21334341435652712, 0.2107717350287282, 0.20754674287593883,
    0.20380278733437476, 0.20251703513381275, 0.19921906073780163,
    0.19777742935263593, 0.19773514082898264, 0.19366155605277288,
    0.19250119202162908, 0.19093714897399364, 0.18953350089166476,
    0.18738356929110445, 0.18721356097122896, 0.18569501432711663,
    0.18676363344749677, 0.18282993461774744, 0.1828085911338744,
    0.18300024355235306, 0.18059155506932217, 0.17978030621357585,
    0.1776896313480709, 0.1797565374037494, 0.1770779562547155,
    0.17623006528162438, 0.1740885685481455, 0.17409040876056836
  ],
  "val_losses": [
    0.28349170542281604, 0.24946994690791421, 0.24484108064485632,
    0.23126894818699878, 0.2216744860229285, 0.21754590421915054,
    0.2093475895083469, 0.20860853208147961, 0.20655968105015549,
    0.20768950814786163, 0.20653907339210095, 0.21376793799193008,
    0.19958376236583875, 0.20901336650485577, 0.2152582177001497,
    0.1961138089713843, 0.19308284248994745, 0.1936802222676899,
    0.19002970988335816, 0.19034673629895502, 0.1903164697730023,
    0.1925279984007711, 0.18876898904209552, 0.19272228783887366,
    0.1899046052409255, 0.18964592464592145, 0.1952318620422612,
    0.18805179874534192, 0.1860730359735696, 0.18836214037045187,
    0.18194424522959668, 0.1866058674843415, 0.19187003276918246
  ],
  "train_ious": [
    0.4435062752530465, 0.49215209956510364, 0.51830318864381,
    0.5288171723646965, 0.5373080772064306, 0.5482320374930684,
    0.5560054148992765, 0.5595329531292988, 0.5654340862579968,
    0.5718070087225545, 0.5750642809476973, 0.5804526514873123,
    0.5840495903638824, 0.5844394689344843, 0.5913997977108193,
    0.5934661161964351, 0.596010823936566, 0.5985299578287462,
    0.6015453844506671, 0.6026789622138378, 0.605827639338331,
    0.6037305426122482, 0.6098150504564028, 0.6094875530596232,
    0.6101273868394937, 0.6141526002598845, 0.6149711348116399,
    0.6194952828944592, 0.6157772869843502, 0.6202417818856414,
    0.6219299425357491, 0.6253478685798851, 0.6252116376831047
  ],
  "val_ious": [
    0.43827189548292017, 0.4926722272150758, 0.5060081559678783,
    0.5302727185729622, 0.5417532305354658, 0.5449620520938999,
    0.5585195093915082, 0.5658842914778253, 0.5637915596581886,
    0.5616232966599258, 0.5713697961275129, 0.5632650813330775,
    0.5799478674712386, 0.5670974617419036, 0.5566187820572783,
    0.5817480808582857, 0.5896577191525613, 0.5931506383678188,
    0.5931853649840839, 0.5941621963528617, 0.5975966790448064,
    0.5942195142092912, 0.6000838610141173, 0.5871651695258375,
    0.5982877201792123, 0.5980462267778922, 0.5937585493792659,
    0.6003249853417494, 0.6055683342442996, 0.6014193400092746,
    0.6113124850435531, 0.6059327175219853, 0.5977750969105871
  ],
  "training_time": 829.6139440536499,
  "avg_gradient": 0.005000903519186573,
  "memory_usage": 1389.48828125
}
