{"train_losses": [0.2818356322367554, 0.25678934116402397, 0.24203765222235865, 0.23202582788856133, 0.2263652643431788, 0.221304750798837, 0.21775055927750858, 0.21285115506338037, 0.21057527309850507, 0.20820603471087373, 0.20558587769451347, 0.204472410776045, 0.1999026655179003, 0.19893276723830597, 0.19715199498054775, 0.1964483632017737, 0.19410002895671388, 0.1930457499364148, 0.19260765110021053, 0.19087895435159621, 0.18858253648099693, 0.18820459598108477, 0.18634714485834475, 0.18691750073238558, 0.1850559324350046, 0.18274342357788398, 0.18266444961014, 0.18250911456087363, 0.18076758426816567, 0.18046254543182644, 0.17993037742765053, 0.17945048366875752, 0.17864207575178664], "val_losses": [0.25931999443665793, 0.2476861875342286, 0.2373444211223851, 0.23562872636577356, 0.22427818341099698, 0.2191721453614857, 0.2273475718886956, 0.20666330826023352, 0.20442621733831323, 0.20454779137735782, 0.20436095802680307, 0.203764870762825, 0.20278716119735138, 0.19943958261738653, 0.1977234573467918, 0.19500230835831683, 0.19150004633094952, 0.19407365309155505, 0.1921476572751999, 0.1978306430189506, 0.19059418984081433, 0.19478920588026877, 0.18383427061464475, 0.19054605034382446, 0.18718990165254343, 0.186218593755494, 0.1864672967273256, 0.184839960673581, 0.18388976318680722, 0.18178565735402313, 0.18292590749004614, 0.18607828183018643, 0.18466912663501242], "train_ious": [0.4348736888256835, 0.4776010929026467, 0.5038798215218645, 0.522088649156301, 0.532511914094937, 0.5412172271559639, 0.5489499361078812, 0.5562982265500054, 0.561867357974035, 0.5653554949693492, 0.5696117048678192, 0.5721152671815262, 0.5797623712299524, 0.5811149338125319, 0.5847376189262106, 0.5857927060105663, 0.5900272968886552, 0.592186691833363, 0.5927568504559821, 0.5961268668913324, 0.599373671023742, 0.6004674767778403, 0.6039797576765222, 0.6023389610691348, 0.6058208697300029, 0.6100171318520669, 0.6099886339211812, 0.6102650376117749, 0.6132405041784478, 0.6135480959994208, 0.6153710148688678, 0.6160182852999891, 0.617310476421878], "val_ious": [0.46653821632482007, 0.48567132597816143, 0.519027506635673, 0.5233274036343547, 0.5404732864404069, 0.5491652236036633, 0.5322760435334151, 0.5661168021784312, 0.5683777104469313, 0.5708162493031957, 0.5728782674540644, 0.5720516384943674, 0.5688415560601415, 0.5774200863164404, 0.5840427415526431, 0.5800383810115897, 0.594357405019843, 0.5918024916579759, 0.5950877966656202, 0.5848821181318034, 0.5939678923375363, 0.5839302408090535, 0.6100276017534559, 0.5985765496025913, 0.6032188729099607, 0.6028148728436319, 0.6049796902183175, 0.6086593129928559, 0.6104855153007783, 0.6136665955401849, 0.6113319818092431, 0.6021452282649884, 0.6088382148224375], "training_time": 833.6441822052002, "avg_gradient": 0.005140298419235429, "memory_usage": 1389.48828125}