{"train_losses": [0.28318023795019026, 0.25223354825183103, 0.23751237680730614, 0.23179384183300578, 0.22423740751717403, 0.22008219976787982, 0.21500959652273552, 0.21151001832407454, 0.21116647674985553, 0.20718082607440327, 0.20487832966382089, 0.20280452210294164, 0.19906223103727982, 0.19943109405753406, 0.1969948977879856, 0.1957145926097165, 0.19326827893762485, 0.19333412724992502, 0.19081754917683807, 0.19028599649343803, 0.18803077450265054, 0.18689169661830302, 0.18562974359678186, 0.18551166444692924, 0.18591607305342736, 0.18258233983879504, 0.18266591745550217, 0.1805371610528749, 0.18013773567002753, 0.1793046954047421, 0.17855909539629583, 0.17711806232514588], "val_losses": [0.253394134990547, 0.2494314892784409, 0.2592193617121033, 0.23269178783116135, 0.22096204077420029, 0.21346751276565634, 0.21617099837116574, 0.20233111213082852, 0.21352017735657486, 0.20860932216696118, 0.20684535023958786, 0.1984007293763368, 0.19949336706296258, 0.19294394649889157, 0.19874522737834766, 0.19172616464936215, 0.1995864921937818, 0.19439769860195077, 0.18912235874196756, 0.19609934026780335, 0.1952658046198928, 0.18642699912838315, 0.18247202686641528, 0.1838920404729636, 0.1872180360166923, 0.18893727271453195, 0.18440456072921338, 0.1832292109079983, 0.18706658774096033, 0.1821818782583527, 0.18499260784491248, 0.19012886123812717], "train_ious": [0.43615466249310364, 0.4862380567668142, 0.5136080465239025, 0.5234992364826411, 0.5363159465832991, 0.5437487158654394, 0.5520897787334264, 0.5585781983437317, 0.557674709572524, 0.5660159440738134, 0.570812773499368, 0.573711811794319, 0.579844417779342, 0.5807116708137847, 0.5840236599678577, 0.5866275199729463, 0.5910075489647578, 0.5910895409035511, 0.5959960967302322, 0.5969180512795413, 0.600987879154475, 0.6024108889202276, 0.6048729440764239, 0.6047048101174659, 0.6046936585419417, 0.6104681319084724, 0.6099904687076375, 0.614237244632365, 0.6142562745489932, 0.6158215399237648, 0.6174468260420404, 0.6198254114259842], "val_ious": [0.4812005005668904, 0.5032115018238192, 0.482567052802314, 0.5216059220441874, 0.54811953936798, 0.5587758702644403, 0.5575969031323558, 0.5685072420299917, 0.5565286617780079, 0.570574059434559, 0.5750155723181324, 0.571166741459266, 0.5713744133278943, 0.5887395497681439, 0.5857322807761207, 0.5951041944216992, 0.5770570281623065, 0.5828939453847166, 0.5974978523841802, 0.5899597868539282, 0.5874937833219336, 0.6044800391663676, 0.609198618842208, 0.6078488232864849, 0.599149035370868, 0.596896584915078, 0.6071340925451639, 0.6080461991006049, 0.6002669338730797, 0.6137038732784381, 0.6011135960402696, 0.5989862397529077], "training_time": 809.2035834789276, "avg_gradient": 0.005336174265905595, "memory_usage": 1389.48828125}