{"train_losses": [0.2753191406474165, 0.24829729322506033, 0.23726468962495742, 0.22807006116794504, 0.22434491583186647, 0.21870355113692905, 0.21709101841501569, 0.21332044130110223, 0.2098054541679828, 0.208604558735438, 0.20520262922281804, 0.20405452382629333, 0.20035266851925332, 0.1978506087123052, 0.1974770243725051, 0.19525620592353138, 0.1939276968655379, 0.19243430435333564, 0.19174158678430578, 0.18949247297385466, 0.18788129577170248, 0.1885163224423709, 0.18797955880670444, 0.18512110169167104, 0.18415289777128593, 0.18222079936252988, 0.18284738266273684, 0.18168537561660228, 0.18054195639231932, 0.1809595571425946, 0.1793355105201835], "val_losses": [0.26084239716115204, 0.24417464435100555, 0.23154561772294666, 0.23586866615907007, 0.23552284454521927, 0.2170589294122613, 0.21208808895038522, 0.23120403225007263, 0.20763899742261224, 0.22006460408801617, 0.20238111265327619, 0.2030971474621607, 0.20585587944673456, 0.20710332205762033, 0.21004773287669473, 0.19900530317555304, 0.1963962624254434, 0.19658341550308725, 0.1932336613535881, 0.19594419099714444, 0.19517919615558957, 0.19580491470253986, 0.19733308547216913, 0.19035397955904837, 0.1961144928051078, 0.19409346029810284, 0.19440419226884842, 0.18824197611083154, 0.18520033618678217, 0.18624281397332315, 0.1915343160862508], "train_ious": [0.4439111538956859, 0.4939826535789863, 0.5132738252210877, 0.529697800136131, 0.5360577180981637, 0.5464614954763567, 0.5486615136049796, 0.5562122796486685, 0.5606680193888968, 0.5645810995196952, 0.5695615948002409, 0.572398460618612, 0.5788172907263474, 0.5832089454583504, 0.5841565320025319, 0.5883926837772563, 0.5910309656266718, 0.5930180161435533, 0.5942938909798428, 0.5995639541550821, 0.6015827951655872, 0.6010341907756916, 0.6012305469400641, 0.6063764112583108, 0.6080570149140946, 0.6112043033691419, 0.6103098529620444, 0.6123557275944002, 0.6145481851113878, 0.613155852193418, 0.6167609109070852], "val_ious": [0.4612460558613143, 0.49227150508027145, 0.5266755398200906, 0.5211809498892315, 0.5204370671856229, 0.5475416719049649, 0.55840084798958, 0.5219601789030474, 0.5659534574850745, 0.5427725392839181, 0.574786763476289, 0.5728011029785958, 0.5640865713357925, 0.5703822223172672, 0.5556123645409295, 0.5850266505410705, 0.5845136458891027, 0.5854108342226, 0.5928171277046203, 0.5873053730397987, 0.5891387384870779, 0.5846074886512064, 0.582246137485988, 0.5949276068072387, 0.5845461701569349, 0.5938713874505914, 0.5926211076802101, 0.600258653362592, 0.6081615882939185, 0.6053554659736329, 0.583151360352834], "training_time": 780.6295092105865, "avg_gradient": 0.004472035518128467, "memory_usage": 1389.48828125}