{"train_losses": [0.27797951225353323, 0.24927407770377139, 0.23684897751587888, 0.22962355613708496, 0.22277428647098335, 0.21798055724281332, 0.21447517196445362, 0.2114346506802932, 0.20788221231297307, 0.20558266600836878, 0.20287475435306196, 0.2011996731971917, 0.19932627038139364, 0.19640696558939374, 0.1956176727038363, 0.19392934554944868, 0.19183470065826955, 0.18988659937420618, 0.18939028202515582, 0.1876199488406596, 0.1867984904219275, 0.18509800521575887, 0.18419763186703558, 0.18255625057803548, 0.18125034949701765, 0.18105421571627908], "val_losses": [0.27754799859679263, 0.25480479617481644, 0.24809781040834344, 0.23882112036580624, 0.22488867005576257, 0.230526486168737, 0.22294619485088016, 0.22952010514943497, 0.21730865635301755, 0.21927448394505875, 0.20788859025291775, 0.20964662633512332, 0.20302561055059018, 0.2064310710715211, 0.21250173935423727, 0.20105120928391165, 0.20200234748747037, 0.2007464996498564, 0.19455483523399933, 0.19893901633179706, 0.19589007775420728, 0.19847249790378238, 0.19754493139360263, 0.1950907376797303, 0.1948398905603782, 0.20993766609741293], "train_ious": [0.44458437929827516, 0.4921041476823714, 0.5136026459867538, 0.5256437487306371, 0.5382707495836244, 0.546604842568437, 0.5533036107494348, 0.5578580627730794, 0.5640641830969545, 0.5690013299277726, 0.57307179334263, 0.5754466533013011, 0.5803083355768005, 0.5844710524855316, 0.5861088878650594, 0.5895798246821632, 0.5927116049156673, 0.5972225200654805, 0.597601898446463, 0.6001815102130608, 0.6021966988193816, 0.6051547482501771, 0.6068380622976065, 0.6095488091417844, 0.6120144830665728, 0.6121481880545615], "val_ious": [0.4615237155686253, 0.4940939275682836, 0.5102509669419648, 0.5097178143003712, 0.5396754488996837, 0.536637554674045, 0.5430280663397002, 0.5266423033199448, 0.5574047960664917, 0.5548988878726959, 0.5704108638607935, 0.565703663273134, 0.5787638844787211, 0.5734637636637343, 0.5683748840853788, 0.5744884163141251, 0.5833487873492033, 0.5870121810315313, 0.5909587272267411, 0.5858175311831461, 0.5882385815831198, 0.5773392570191536, 0.5888031839892485, 0.5929586831210316, 0.5903709628011868, 0.5687564263741176], "training_time": 657.738080739975, "avg_gradient": 0.004246845254114612, "memory_usage": 1389.48828125}