{"train_losses": [0.2843603995507178, 0.2563166559228431, 0.2410697609834049, 0.23139680063594942, 0.2257394255341395, 0.2190420791182829, 0.21704545309362205, 0.21163451784978743, 0.21026400622466337, 0.20710920226638732, 0.20338619872927666, 0.20212502413145875, 0.20104126405456793, 0.19742446911075842, 0.19579097741971846, 0.1941548902541399, 0.19304998510557672, 0.19197128292011179, 0.1905502840552641, 0.18907391198951265, 0.1872283726444711, 0.18674435312657253, 0.1858899880848501, 0.18343075032791364, 0.1832930916191443, 0.1828034216457087, 0.18127791016646053, 0.18004466326016447, 0.1799637810529574, 0.17958182096481323, 0.17705930899018826, 0.17493703588843346, 0.17928822775897774], "val_losses": [0.26803451582141546, 0.262770715938962, 0.25205862262974615, 0.24121312505525092, 0.22588139545658362, 0.23444107887537582, 0.2163595991290134, 0.2210233133772145, 0.21150788826786954, 0.2087457507200863, 0.21046504605075586, 0.21139914380467456, 0.20521405987117602, 0.1984935289491778, 0.1964726156514624, 0.2032281115003254, 0.19962911599356195, 0.20521985253562097, 0.19827227909927783, 0.1918558147938355, 0.1906560646451038, 0.19660230531640674, 0.18886544846970102, 0.1947991689262183, 0.18904015519048856, 0.1890972091451935, 0.18504604470470679, 0.19243699474179227, 0.19273438758176306, 0.19023173982682434, 0.1849772136496461, 0.18664979934692383, 0.19083650798901267], "train_ious": [0.4337607407664032, 0.47889621701577434, 0.506899312624465, 0.5247519199291002, 0.5327799599887669, 0.5452177505400302, 0.548042409607898, 0.5588733844351076, 0.5612134488056536, 0.5662482270188091, 0.5727978807644568, 0.5757145427059439, 0.5772008314404797, 0.5836734319834604, 0.5863346425627451, 0.5898149877354721, 0.5916552931826184, 0.5943057699587893, 0.595505893284428, 0.5983184126300221, 0.6021806054033232, 0.6031670367912104, 0.6051096453506879, 0.6088174490824992, 0.6092390087095724, 0.6109295070063379, 0.6132650287362974, 0.6152945096618023, 0.6146856548561567, 0.6165254645697448, 0.620489078209452, 0.6245965935505818, 0.6175751587834915], "val_ious": [0.46062867926514667, 0.48024096987817605, 0.46478862056265724, 0.5089643094418707, 0.5416371043825494, 0.5231138157887737, 0.5474235118515248, 0.5368354545123335, 0.5617850572950599, 0.5634490759044454, 0.5646262097617853, 0.5495414079531379, 0.5659909168447274, 0.5771138938008873, 0.5812856045322142, 0.5775892194630444, 0.5817481085010197, 0.5740363090366557, 0.579757093735363, 0.592685979777488, 0.5952886060096215, 0.5870472473510798, 0.5972976438377213, 0.5886181720357011, 0.5981102281290552, 0.5963167682074116, 0.6068270737710205, 0.5914927971535835, 0.595685034342434, 0.5970871634241461, 0.6077733549518863, 0.6056939620470654, 0.5953265093806862], "training_time": 834.5682542324066, "avg_gradient": 0.008867768993100362, "memory_usage": 1389.48828125}