{
  "train_losses": [
    0.2804142667547516, 0.2522365641982659, 0.23747724003118018,
    0.22898123923527158, 0.22361800949210706, 0.21899492204513238,
    0.21460095614842747, 0.2112025789430608, 0.20841960066362566,
    0.20574995170792806, 0.20250249678350013, 0.20033729149271612,
    0.19935820300294005, 0.1986298888273861, 0.1945712667606447,
    0.19316424332235171, 0.19191621883731821, 0.190546039653861,
    0.18898800153123296, 0.1880946456576171, 0.1871008720734845,
    0.18515813739403433, 0.18545532615288443, 0.1836234286589467,
    0.18286063076685305, 0.1812175824104444, 0.1808750869949227,
    0.17905378787089948
  ],
  "val_losses": [
    0.26807781146920245, 0.25058604517708655, 0.22989820948113565,
    0.22525341938371243, 0.21898788796818774, 0.21725345014230066,
    0.21266223101512247, 0.21037203073501587, 0.20651549036088196,
    0.22834595681532568, 0.20709482515635697, 0.20798485272604486,
    0.20826896927926852, 0.2030749016481897, 0.20220526016276816,
    0.1978655509326769, 0.19555549193983493, 0.19394693134919458,
    0.2093368370247924, 0.19216285257235818, 0.19379796444073968,
    0.18931059085804483, 0.19982783690742825, 0.18918291252592337,
    0.19559802017782046, 0.19480034547007602, 0.18653727193241534,
    0.19471130293348562
  ],
  "train_ious": [
    0.43736433649125195, 0.4860040714991266, 0.513207792236969,
    0.5285669111957155, 0.536989887258497, 0.5460003316942336,
    0.5533553514143696, 0.5593910248059292, 0.5641939239441484,
    0.5683321902069494, 0.5743973272434176, 0.57849257423178, 0.580395121451305,
    0.5813811889485168, 0.5899987148957837, 0.5920711504160496,
    0.5948528455219413, 0.5967932586976584, 0.5993480044754519,
    0.6002470740805501, 0.6024379019180072, 0.6063675404242844,
    0.606016806340304, 0.6086916928921919, 0.6099640851219497,
    0.6134813257317614, 0.6131379269063472, 0.6169621094089487
  ],
  "val_ious": [
    0.4495748397016871, 0.4888815314009571, 0.5259599445954614,
    0.5354153436163197, 0.5471761632656703, 0.5465627351532811,
    0.5554242397564043, 0.5573175381059233, 0.5696015718622484,
    0.5231028432431429, 0.5676389682120171, 0.5635027259156322,
    0.5554863374302353, 0.5741338628357737, 0.5686621875434683,
    0.5808694574280061, 0.586214337228001, 0.5912165866381881,
    0.5733253901851348, 0.5950870256924973, 0.5887793363004492,
    0.5983312916064608, 0.5786164789528084, 0.6007816564777623,
    0.5905027268589409, 0.5907855124577231, 0.6055217653081036,
    0.5904491263023322
  ],
  "training_time": 704.2085568904877,
  "avg_gradient": 0.0032723414155190578,
  "memory_usage": 1389.48828125
}
