{"train_losses": [0.2690352258150992, 0.22573998376079227, 0.2029889989644289, 0.18304606462302414, 0.17089329716628013, 0.16105427499860525, 0.15411814889344183, 0.14704408306304528, 0.14106109224097885, 0.1370094978938932, 0.133575145519622, 0.12905671795749146, 0.1254620272666216, 0.12064327753108481, 0.11804849703026854, 0.11524988629895708, 0.10847772410868303, 0.11151749636653972, 0.10344822364656822, 0.10485306880234377, 0.10224078101632388, 0.09994816322527501, 0.09802830028955055, 0.09248696887136801, 0.09401772928464672, 0.0886814994332583, 0.08808809782013945, 0.08651470712831487, 0.08691465044799059, 0.08223379472189624, 0.07883560734436564, 0.08029513850646175], "val_losses": [0.2493333729064983, 0.22477111220359802, 0.2104929870237475, 0.18092519627965015, 0.1942235189287559, 0.1717194503416186, 0.15913891014845474, 0.15691745022068854, 0.1476778334573559, 0.17808218753856161, 0.15766321851507478, 0.14093345630428064, 0.1441047635415326, 0.14207838945414708, 0.13978495788962944, 0.1363358620716178, 0.13591567718464395, 0.13147872378644737, 0.13307509943842888, 0.13278527250108513, 0.12962429079672563, 0.13513673015910646, 0.13332418660106865, 0.12955400185740512, 0.13129353588042053, 0.13367726945358774, 0.13657573561953462, 0.1321665563661119, 0.133306585252285, 0.134161746048409, 0.13886330422499907, 0.13897653944466426], "train_ious": [0.4619570202025438, 0.5411302939435279, 0.5821706855372674, 0.6182059518237043, 0.6407438824358197, 0.6585591229191725, 0.6709346981800117, 0.6842688985060951, 0.6938439822499302, 0.7016346109086189, 0.7070135333831762, 0.7164387226752611, 0.7233095537277237, 0.7312706576093385, 0.7355929378798044, 0.7408552241606121, 0.7539707443852358, 0.7474426900886967, 0.7629141412351446, 0.7597115433950358, 0.7644159138418624, 0.7684803521935492, 0.7719572668598184, 0.7826102655650914, 0.7799898117132811, 0.7899512817030371, 0.7910108088475214, 0.7942950278520584, 0.7934188980987108, 0.8025792752918998, 0.8096584529764411, 0.806765042299378], "val_ious": [0.505990964886935, 0.5349960807656897, 0.5761075188284336, 0.6262456135473389, 0.6077943256367807, 0.639988268415133, 0.6698211876378543, 0.6720432848602101, 0.6840717319561088, 0.6497455284647322, 0.669863628520482, 0.6945898327706517, 0.6887577603692595, 0.6986130123984988, 0.6984649885823763, 0.7080228948506757, 0.710170416296392, 0.7167694119439609, 0.7153154708769011, 0.7178388330815494, 0.7176624393981438, 0.7133652634810711, 0.7206733922163645, 0.7216337705435959, 0.7191707105308339, 0.7233089392167933, 0.7217448869909064, 0.7241747962391893, 0.7259029843237089, 0.729143234266751, 0.726599233090014, 0.7113561129224474], "training_time": 686.6727678775787, "avg_gradient": 0.007941004790416255, "memory_usage": 1149.87109375}