{"train_losses": [0.2768660726268654, 0.2507774548848038, 0.23495743739540162, 0.226441887733729, 0.22138999791248984, 0.2195047171705443, 0.21370496568472488, 0.210090021400348, 0.2090780057175004, 0.2048602922131186, 0.20237207023993783, 0.2000196336404137, 0.19889921476335629, 0.19827218710080438, 0.19601407039748586, 0.19313834356548992, 0.19183218195710494, 0.19151148945093155, 0.18911814430485602, 0.18850988173938316, 0.1869398770125016, 0.18672462010189242, 0.18534693802180496, 0.18351734745437684, 0.1830297231512225, 0.18359737762290498, 0.18179680617607158], "val_losses": [0.2857363194875095, 0.25282288666652597, 0.23777665100667789, 0.2289139664043551, 0.22137784212827682, 0.21914551212735797, 0.21681900095680487, 0.21026974786882816, 0.21120457124450934, 0.20500473807687344, 0.19895356051299884, 0.2079332444978797, 0.20324015649764435, 0.1975478056980216, 0.20420403584190036, 0.19357375671034274, 0.19119198944257654, 0.1926582912388055, 0.19432192684515662, 0.1906128201795661, 0.19025228885204895, 0.18863334474356278, 0.1906226675795472, 0.1934179611828016, 0.18840302105831064, 0.1890690320211908, 0.191698485094568], "train_ious": [0.4453311282196554, 0.4878210018024496, 0.5172618573828451, 0.5330119685310385, 0.5406484235941931, 0.5461299186167513, 0.5548234343852687, 0.5615731965804444, 0.5626391394306784, 0.570871378848518, 0.5757646770149035, 0.5796997478582722, 0.5814143460297928, 0.5819562086160632, 0.5864807718797868, 0.5916144094713357, 0.594549851519042, 0.5953981530839119, 0.5986862314352093, 0.6011094043328277, 0.6027986642675125, 0.6041440779640194, 0.6056026075629221, 0.6086510374494221, 0.6101316256259663, 0.6093286393561226, 0.612653335907321], "val_ious": [0.43969408357920853, 0.4956830328573351, 0.5206375510796257, 0.5198949452327646, 0.5420655208653298, 0.546732128530309, 0.5365944062022197, 0.5617863121240037, 0.5607599685157555, 0.5711084558911946, 0.5803154177855755, 0.5568951612365417, 0.5724488511897516, 0.5848499899325165, 0.5650811359502267, 0.5900169211453286, 0.5962360296128453, 0.5961766774239748, 0.5891298735919205, 0.5963483148294946, 0.600168249529341, 0.5991518400285555, 0.5900673982889755, 0.5940718199463858, 0.5974547053160874, 0.5928899956786114, 0.5896852824135103], "training_time": 682.7886030673981, "avg_gradient": 0.004150135796742349, "memory_usage": 1389.48828125}