{"train_losses": [0.2785237405611121, 0.24871263596350732, 0.23720897094387075, 0.22903166160635327, 0.22438785571442998, 0.21885456687406354, 0.21511205026636954, 0.21254343450393365, 0.20812756219959777, 0.207184712604984, 0.20362689491847288, 0.2014730733859798, 0.2009443301383568, 0.1979449089292599, 0.19658665035081946, 0.1944832963787991, 0.1948487176357404, 0.1913427738877742, 0.19014238331304945, 0.1889303657833649, 0.18761900366972323, 0.187433293008286, 0.18577963235261646, 0.18476375103320763, 0.18369431485948357, 0.1823768527449473, 0.18235662733407124, 0.1807812378620324, 0.1791286861281032, 0.17746171274262926, 0.1793670353844114, 0.17745064077493938], "val_losses": [0.26508203472780145, 0.24552407439636148, 0.24281621594791827, 0.22491475551024728, 0.23948334060285403, 0.2239640267646831, 0.2244071484259937, 0.21358354260092197, 0.21253863203784693, 0.23750074207782745, 0.20643232082543167, 0.2197892176716224, 0.2434356381063876, 0.20158191640739856, 0.20406579550193704, 0.2057263912714046, 0.20729670382064322, 0.1948771541533263, 0.1923886433891628, 0.19870284556046777, 0.2034962698817253, 0.19259945691927619, 0.18883802061495575, 0.19314560132182162, 0.19803602216036423, 0.20185272978699725, 0.18737680335407672, 0.18626265908065048, 0.18519057463044705, 0.18490892778272214, 0.18901471728863922, 0.19120987861052804], "train_ious": [0.44351956444670965, 0.49163699393039156, 0.5135298537063425, 0.5276307669076797, 0.5357396302447804, 0.5460221248044482, 0.552951153313768, 0.5564241856336595, 0.5650360414731327, 0.566683430818544, 0.5728446930592908, 0.577021748421417, 0.5771027544810292, 0.5833949883454953, 0.585489042751167, 0.589939037418884, 0.5888901535907517, 0.5957257221250429, 0.5980537892251774, 0.6000543132532337, 0.6018788646636667, 0.6022441342365055, 0.6049140553543533, 0.6071303255208164, 0.6089129283808278, 0.6114092687873737, 0.6109813615895704, 0.6143852465286634, 0.616454617916674, 0.6196017134124819, 0.6163859338756059, 0.6198437136152515], "val_ious": [0.4699010310181673, 0.5046656205170397, 0.5032849600133689, 0.5337221943165946, 0.4979645686521046, 0.5427473686311557, 0.5384367265994997, 0.5530565460954888, 0.5582520002904144, 0.5180279651413793, 0.5651592895172645, 0.5465738496918608, 0.5176694701979124, 0.5803532336933026, 0.568214280017908, 0.5690321298181146, 0.5693913663642995, 0.590499368050824, 0.5920972679404244, 0.5852533768916477, 0.5656835281330607, 0.5951903471048327, 0.6005702904169111, 0.5910769506641056, 0.5880801761927812, 0.5828450579142225, 0.6020435006290243, 0.6031329770019089, 0.6057438422804292, 0.6119476135658182, 0.5971362934164379, 0.5941139038490213], "training_time": 809.2915558815002, "avg_gradient": 0.003089142353190784, "memory_usage": 1389.48828125}