{"train_losses": [0.278464719572145, 0.24597353690668292, 0.23247549601871034, 0.22619695232614226, 0.2209663308509018, 0.2153160884652449, 0.21138542461330476, 0.2086249146124591, 0.20533885555746761, 0.20364230620148388, 0.20094032779983853, 0.19780405343550703, 0.19852875699491604, 0.1948652111965677, 0.194566884442516, 0.19243329196520473, 0.19018377452764823, 0.18981796114341074, 0.1890542638366637, 0.18604722926798073, 0.18660562696016353], "val_losses": [0.26812931765680725, 0.2422476086927497, 0.23455189136059387, 0.2493347810662311, 0.2216658663490544, 0.21659296394690222, 0.2187858645034873, 0.21803373616674673, 0.2058284509441127, 0.20532203789638437, 0.20654698947201605, 0.2058702078850373, 0.20768604719120523, 0.20156989473363626, 0.20092672660298969, 0.2029634856659433, 0.19717926337667133, 0.1931225132683049, 0.19160505027874655, 0.19555661924507306, 0.2604173324678255], "train_ious": [0.4427272724932518, 0.49755645845679275, 0.5220788811481948, 0.5321981428811943, 0.5415042568862006, 0.5502180623673445, 0.5575818807102632, 0.5629468817209851, 0.5692359217699025, 0.5732138297264129, 0.5772126720327398, 0.5829984733591905, 0.5817143843657729, 0.5881740431422774, 0.5885689879457157, 0.592317365487849, 0.5965159908476948, 0.5976717860262464, 0.5982121626536052, 0.6038273323489269, 0.6029338301091955], "val_ious": [0.4649579460206239, 0.4922157115694405, 0.5134907883146537, 0.49712014144313516, 0.5482015443452892, 0.5541733827279962, 0.5482915321338006, 0.5470798847036086, 0.5715399341306826, 0.573519854441933, 0.5768472658119339, 0.5756573843351308, 0.5705641613922258, 0.5784509199253026, 0.5780289976493173, 0.577635671781457, 0.592709490786428, 0.5950151807156161, 0.5956887484028721, 0.5901474630919052, 0.4994156450249147], "training_time": 530.9266829490662, "avg_gradient": 0.004291170133419458, "memory_usage": 1389.48828125}