{"train_losses": [0.2865080950052842, 0.25488412833732105, 0.24044532571797786, 0.22982561669271925, 0.22399563528597355, 0.22098979572563068, 0.21588589712653472, 0.2115006495429122, 0.20978748693090418, 0.20758488426065963, 0.2052072126256383, 0.2015246537554523, 0.19986745642255183, 0.19884911446791628, 0.19699190880941309, 0.19601820636054743, 0.19317800867492738, 0.1928187940755616, 0.19148503098150957, 0.18960470430876897, 0.18820988775595374, 0.18710180817414884, 0.18572379681079285, 0.18433477122174657, 0.18381906640918358, 0.1830033864825964, 0.18269675889092943, 0.1801444969099501, 0.1809402448327645, 0.17858275309528993, 0.1776567632737367, 0.17680078882562078, 0.1766581779912762], "val_losses": [0.2697429187271906, 0.24902054926623468, 0.23256347814331885, 0.23889481924150302, 0.2274678132456282, 0.21921828810287558, 0.21633352306873901, 0.21116350623576538, 0.21307360704826273, 0.23007597871448682, 0.21060404084298923, 0.2109781953951587, 0.20440397735523141, 0.2022627595326175, 0.20347462140995523, 0.19780697576377704, 0.19982712521501209, 0.191728881843712, 0.20856533329124036, 0.2008692583312159, 0.19673083074714826, 0.19491788939289426, 0.18924930432568426, 0.19009360249923624, 0.19218158948680628, 0.19940056684224503, 0.19403189809426016, 0.185562949789607, 0.18795689292576, 0.18968252222175183, 0.1865497834008673, 0.18868777415026788, 0.19278382509946823], "train_ious": [0.43336775542601297, 0.48024976105037787, 0.5078259233007395, 0.5270231958424698, 0.5364442884760059, 0.5422753290799649, 0.5508282390301644, 0.5569950239057994, 0.5613266827565605, 0.564735577914162, 0.5696035769322645, 0.5762884696216688, 0.5787804169391376, 0.5810355101914512, 0.5842837627059306, 0.5866221755851008, 0.592014551486658, 0.5929747069443481, 0.5949687363876812, 0.597783104988976, 0.6003751872998214, 0.6022433857231038, 0.6050189191988409, 0.6079123367325984, 0.6090602307323962, 0.610042982019376, 0.6104380810174388, 0.6153328492697598, 0.6130003248327885, 0.617435899063729, 0.6195876825114952, 0.6208907563941204, 0.6211394221130486], "val_ious": [0.45736734169548837, 0.4960516723601713, 0.5194294563886048, 0.4907756769570752, 0.5323008336666702, 0.5374377235986184, 0.5494322129997653, 0.5557645834658456, 0.554466230713803, 0.5264927634726401, 0.5559108545598775, 0.559444040276002, 0.5622509027952732, 0.576359118456426, 0.5709275195132131, 0.5818569334088892, 0.5796417775361435, 0.5914292886205342, 0.5699379057555959, 0.5673537668974502, 0.5851483621459077, 0.5862656894369402, 0.5981493989626566, 0.5970249564751334, 0.5937331979689392, 0.5825449647246926, 0.5862631376670755, 0.6063825602548709, 0.600078962419344, 0.6008449002452518, 0.6080562755249546, 0.6000355857869855, 0.592284344676612], "training_time": 830.0835828781128, "avg_gradient": 0.0029133704342350843, "memory_usage": 1389.48828125}