{"train_losses": [0.28045723522486893, 0.24875672121086848, 0.23647765823356484, 0.22848641985784407, 0.2225585234877856, 0.2192913130249666, 0.213708716566148, 0.21277497158102368, 0.20925019365613876, 0.20540769568280035, 0.20334603718441466, 0.20234306747822658, 0.20054986287394297, 0.1977079341431027, 0.19692631989069606, 0.1949540473844694, 0.19319009570323903, 0.19123815947576708, 0.19034562786312206, 0.18870575790819916, 0.1863173183215701, 0.1853758263523164, 0.18633131682872772, 0.18333147595758023], "val_losses": [0.2744433371269185, 0.23667076327230618, 0.22990333774815436, 0.22746150130810944, 0.22814574708109317, 0.22222665988880655, 0.21560486794813818, 0.22222854099843814, 0.20834301120561102, 0.20522612203722415, 0.20240277635014575, 0.20085510935472406, 0.20010649542445721, 0.19974584002857623, 0.19394553549911664, 0.1953333266403364, 0.19585143774747849, 0.19680533266585806, 0.19163232653037363, 0.1946077806794125, 0.18793313431998956, 0.18700261446444885, 0.19089070221652155, 0.2014247671417568], "train_ious": [0.43551505951483344, 0.4923706273345846, 0.5144951689610443, 0.5285427118989005, 0.5389322598019369, 0.5454006433163001, 0.5536150084673492, 0.5566641618160234, 0.5622379826786725, 0.5693307696045311, 0.5730637257405814, 0.575329721027958, 0.5778651533891326, 0.5825929896015188, 0.5847549929782965, 0.5878556552680505, 0.5914834584986817, 0.5952489876552769, 0.5972398402898209, 0.5999427607849886, 0.6043271437503287, 0.6055919163037037, 0.6032793291345022, 0.6095851099361544], "val_ious": [0.44633061136456503, 0.5141169044418611, 0.5299482254878334, 0.5314555257774781, 0.5306445568584014, 0.5263688586976217, 0.5505828032459038, 0.5232406587920327, 0.5650729351285575, 0.5673262707997059, 0.5704128770292669, 0.5769517171210137, 0.5762683166109996, 0.5782227056181949, 0.5871201293623965, 0.5883252339950509, 0.579915830730528, 0.5847401349008947, 0.5927051364079766, 0.5920570877151213, 0.5976157993942065, 0.6006511333196061, 0.5938531892455144, 0.5753585182238317], "training_time": 603.6069416999817, "avg_gradient": 0.004799504963310684, "memory_usage": 1389.48828125}