{"train_losses": [0.284603179472944, 0.2544778722297886, 0.24172900366070477, 0.2298896590490704, 0.2257880775824837, 0.22269530821105707, 0.21787639197124087, 0.21380375544338123, 0.21176995183138744, 0.20849271750320558, 0.20415041020706945, 0.20211636777157369, 0.20044697294740574, 0.1982638287641432, 0.1971232031836458, 0.19420037758739098, 0.1920007216217725, 0.19222953202931778, 0.18978505103808382, 0.1886893987817609, 0.1883443607746259, 0.18515699073348357, 0.1857096607108479, 0.1847556047141552, 0.18312543096101802, 0.18226626555880773, 0.18110830749830473, 0.18033188476186732], "val_losses": [0.2792184450056242, 0.28255254127409146, 0.24093731298394824, 0.23041009643803473, 0.2226575966114583, 0.22136584669351578, 0.21620722795310227, 0.21930428076049555, 0.2078487665756889, 0.2093002741103587, 0.2013521385581597, 0.20585701549830643, 0.19917430016009705, 0.1996010677969974, 0.19776548607193906, 0.19356891091751016, 0.19667451504779898, 0.1916255147560783, 0.19181181814359582, 0.19556467526632806, 0.19478045306775882, 0.1909195268931596, 0.1902087363212005, 0.1937995416962582, 0.18716448448274448, 0.19113295654887738, 0.18367211229127386, 0.19663969394953354], "train_ious": [0.43229382024382806, 0.4827052637988674, 0.5063766275087128, 0.5263951231819999, 0.5339837869278327, 0.5387898014885358, 0.5483359096274861, 0.5542465085298689, 0.5584529639100253, 0.5639508617367001, 0.572613439320222, 0.5752841045243153, 0.5783869002716266, 0.5825814774286917, 0.5848535401341707, 0.5905029651695404, 0.593891323962505, 0.5935008400592251, 0.5977805216891173, 0.5994631974701431, 0.6007256268159207, 0.6050847195952698, 0.6048844370289124, 0.607294861227274, 0.6101415395412756, 0.6115863992684131, 0.6132711746554441, 0.6142994777663897], "val_ious": [0.42293120175600046, 0.4739076732725337, 0.4875388204295567, 0.5067533306453538, 0.5396128759004067, 0.54269493036512, 0.5426090313256651, 0.5461736947729968, 0.5664995159359946, 0.5618441238783406, 0.571493377936059, 0.5659469275370889, 0.5827312488918719, 0.5801467731379081, 0.5863312964422116, 0.5917068512543388, 0.5869583146295687, 0.5945535405822421, 0.5844360417213995, 0.589802794482397, 0.5906393914550974, 0.5969230107207231, 0.5980485336504121, 0.5945392631102301, 0.602698926044547, 0.5988551056471423, 0.6091823063898777, 0.5874197115932686], "training_time": 708.3184525966644, "avg_gradient": 0.0034008690939488326, "memory_usage": 1389.48828125}