{"train_losses": [0.2801939587554206, 0.2547373961171378, 0.24099258770761284, 0.23161117926887845, 0.22730233973782996, 0.2218788949691731, 0.21842122677227724, 0.21584179446749066, 0.21253321133553982, 0.20965121654064758, 0.2059857454960761, 0.20304116792976856, 0.2040551509708166, 0.19948210129919258, 0.19978880857967812, 0.19723938543187536, 0.19411418335917202, 0.19513089744293172, 0.19140005419435707, 0.19016305535383846, 0.18898952971010105], "val_losses": [0.26151405987532245, 0.2409559306891068, 0.23337064715831177, 0.23516756652489954, 0.22918537161920383, 0.22230584498332895, 0.2150996019658835, 0.20869083864533383, 0.20510576697795288, 0.21105095776526825, 0.20131400097971378, 0.20022982002600379, 0.20359640665676282, 0.2043206921738127, 0.19613352515127347, 0.20965132765147998, 0.1976604659272277, 0.1920144629219304, 0.18947458785513174, 0.18706289711205856, 0.21024482956399088], "train_ious": [0.44073294345761893, 0.4815224367801262, 0.5072875036115666, 0.5248143374379994, 0.5316704733540184, 0.5409615715236766, 0.5468873784917855, 0.5513027810316158, 0.5571362412926082, 0.5627076565625438, 0.568833902694177, 0.5738285618523756, 0.5729914825355663, 0.5804092745310162, 0.5806183256208896, 0.5841207323946813, 0.5907652053604092, 0.5887940176695154, 0.5951496213674546, 0.5969012632858064, 0.6002477871766989], "val_ious": [0.47270497139813256, 0.51225812236468, 0.524456817170848, 0.5162019727454669, 0.5208935130765472, 0.5464313032402509, 0.5514351421076319, 0.5659852133712906, 0.5711459096359169, 0.562871087288511, 0.5749664576589194, 0.5848889938299208, 0.5739982778179472, 0.5752431655275647, 0.591911733366441, 0.566360726304676, 0.5849986046120741, 0.5895954497914383, 0.5978331427643264, 0.6035825901705288, 0.5705154838337415], "training_time": 531.5518229007721, "avg_gradient": 0.005588056446807785, "memory_usage": 1389.23828125}