{
  "train_losses": [
    0.2795610550143149, 0.2552757145755965, 0.24075643556273502,
    0.23313811623855776, 0.22754627344724926, 0.22223766342453335,
    0.21769889800444894, 0.21493728191632291, 0.21217796433231104,
    0.20911719990165337, 0.20734123302542645, 0.20525968358244584,
    0.2031289164138877, 0.200775226659101, 0.20059990801888963,
    0.19736714531546054, 0.1976515074139056, 0.19456286104800907,
    0.1932349235791227, 0.19107828718488631, 0.18962006546233012,
    0.18865863654924475, 0.18972208407586036, 0.18625294052712296,
    0.18616465665400028, 0.18540683502088423
  ],
  "val_losses": [
    0.2786087970370832, 0.25449140013560007, 0.25407923045365705,
    0.24722246210212293, 0.22655768077010693, 0.2302477593007295,
    0.22225071003903513, 0.21988025761168936, 0.2158963851954626,
    0.2117820955488993, 0.2127381057842918, 0.20748046267291773,
    0.21103880036136377, 0.2094146398746449, 0.20052736932816712,
    0.19544551586327347, 0.19790740732265555, 0.1947593021651973,
    0.1961333819705507, 0.1968058357420175, 0.19327446883139404,
    0.18926549962033395, 0.1893972961798958, 0.19550855036662973,
    0.19096506613752115, 0.19586608299742575
  ],
  "train_ious": [
    0.43875240760963313, 0.4818139537844972, 0.5084686945260006,
    0.5217206519151079, 0.5318872249698723, 0.5402295451773248,
    0.5486410384106895, 0.5530246338280648, 0.5576767323781618,
    0.5632265777043675, 0.565990955069445, 0.5694697421530015,
    0.5738932366712373, 0.5784030054034531, 0.5782692808711873,
    0.5843203776664492, 0.5841032628887802, 0.5888788956554906,
    0.5919645836819771, 0.59560808274841, 0.5983458144077358,
    0.5997150794103525, 0.5976369015440561, 0.6037888026971748,
    0.6044942752282687, 0.6059292869615382
  ],
  "val_ious": [
    0.4604955498075141, 0.4844072433053584, 0.49752460204172805,
    0.5031079738468365, 0.5319078806517781, 0.5249555624913477,
    0.5414256450274717, 0.5493748797022778, 0.5472364738799523,
    0.555640033621719, 0.5505021623727204, 0.5644760083245194,
    0.5642261807469354, 0.5656720004651857, 0.5796290597190028,
    0.5872443545123806, 0.582880001353181, 0.5859716519497443,
    0.5879413623740706, 0.5849633031133292, 0.5905136234950329,
    0.6008878423683884, 0.5990747977858003, 0.5896982822729194,
    0.5942668495834738, 0.5859764928835025
  ],
  "training_time": 653.9922621250153,
  "avg_gradient": 0.0043220460868078365,
  "memory_usage": 1389.48828125
}
