{"train_losses": [0.2797213066369295, 0.24953428113266177, 0.2355638159357983, 0.2270529253165359, 0.22222034479288952, 0.21815465058645475, 0.21403144542937694, 0.2104750242408203, 0.20766938882677452, 0.2049408336372479, 0.20330649047442104, 0.2007748347747585, 0.1988165970567776, 0.19698466069024542, 0.19506254209124524, 0.19281505874317625, 0.1930620832287747], "val_losses": [0.273892257200635, 0.24476510642663293, 0.23426734818064648, 0.2430612305584161, 0.23125486820936203, 0.2220149331766626, 0.2171214666703473, 0.21812844179246738, 0.21600632013186163, 0.22034234877513803, 0.205357421675454, 0.20565682908763055, 0.20351223777169766, 0.2114044573643933, 0.20323324333066525, 0.21183328848818075, 0.27070491372243216], "train_ious": [0.44043772030230344, 0.4908884749680329, 0.5164176526654887, 0.5316698013170472, 0.5406251507608784, 0.5477417367308035, 0.5545586699322947, 0.5600930631592655, 0.5650150070803751, 0.5702225027632883, 0.5732745075517373, 0.578127915876499, 0.5814711373245373, 0.5851087963235552, 0.5885847884135831, 0.591357137737931, 0.5914024371059907], "val_ious": [0.4442010073774103, 0.49976611839256413, 0.523845137461372, 0.5016161288688149, 0.5166764704213627, 0.5379922047689341, 0.5459604721138441, 0.5505636809528738, 0.5456389303224674, 0.5536870479151823, 0.573840495036996, 0.5750762297623401, 0.5759122222661971, 0.5543425357428151, 0.5787196103213489, 0.5588200491839559, 0.47010883516159613], "training_time": 429.9226427078247, "avg_gradient": 0.0034759237541068973, "memory_usage": 1389.48828125}