{"train_losses": [0.28354437608757743, 0.25419434994135215, 0.2440232436132172, 0.2355643165824206, 0.22966297999348328, 0.22497335116824377, 0.2207002570933622, 0.21700561629689258, 0.21414395300266537, 0.21016314156029536, 0.20810238296247047, 0.20484704605263213, 0.2031802949698075, 0.20098356133245904, 0.19862205057364443, 0.19502552120905856, 0.19466570967241473, 0.19371130471320255, 0.19247866851156173, 0.18915825774488243, 0.18908235122976097, 0.18757999890848345, 0.18823879050171893, 0.1853538728926493, 0.1854892117983621, 0.18463259854394456, 0.18448897856085197, 0.18183921585264412, 0.1810033889082463], "val_losses": [0.2831259826603143, 0.2574809750784998, 0.23260908314715262, 0.23485579957132754, 0.2259180860027023, 0.23288478767094406, 0.21693103566117908, 0.21697569897641306, 0.22288129025179407, 0.20976915825968204, 0.20700672042110693, 0.21908912095038788, 0.20700463263884836, 0.20748126927925192, 0.20272704537795938, 0.19366493529599646, 0.21443345106166342, 0.21423307709071948, 0.19498338129209436, 0.20245123071515042, 0.19268311657335446, 0.18910315049731213, 0.20066889116297598, 0.1922915817602821, 0.19390194701111835, 0.18744063312592713, 0.2016305703183879, 0.18621011013570038, 0.19245776534080505], "train_ious": [0.4364645097647671, 0.4810692194741273, 0.500693715163979, 0.5164841411068388, 0.5269783069582086, 0.5354796526278703, 0.5428067273257868, 0.5492876809684263, 0.554914179055587, 0.561981784368771, 0.566736647616262, 0.5709564768425794, 0.5743591587018708, 0.5783129676204659, 0.582109664391348, 0.5887631422475628, 0.5892601800893523, 0.5913202049399637, 0.593125464637642, 0.5991081328171751, 0.5988143044861332, 0.6027806233344734, 0.6008724738722261, 0.6060246578485209, 0.6059151079127755, 0.6081192949111908, 0.6072897857082062, 0.6116261331607468, 0.6138803966991275], "val_ious": [0.4507110092950904, 0.48007576070401997, 0.5134069430439367, 0.5248537733071093, 0.5360591750645983, 0.5266116777623908, 0.5459262632589409, 0.5472297438460846, 0.5412625496586163, 0.5629906192205955, 0.5678320103797359, 0.5475360576225362, 0.569456907718078, 0.5660244011576625, 0.5684440268770506, 0.5889909885067872, 0.568567547461261, 0.5645875973977903, 0.5873298863137976, 0.5824671128521796, 0.5934700248897937, 0.599336705993915, 0.5837035358384036, 0.5876420654248501, 0.5961109257262686, 0.6028250842422679, 0.5809090584516523, 0.6011083877604941, 0.586688814819723], "training_time": 729.3406167030334, "avg_gradient": 0.0033092381004033405, "memory_usage": 1389.48828125}