{"train_losses": [0.2786175473390714, 0.2542737819578337, 0.24083002551418284, 0.23168941109400729, 0.2269604089467422, 0.22202723651476527, 0.21794762187030003, 0.21405082827676897, 0.21204750450408977, 0.20657785998090453, 0.2056970435154179, 0.20276922829773114, 0.20181277718233026, 0.19955268963847472, 0.19811571535208952, 0.19655744739524697, 0.19447905189641143, 0.19285550008973348, 0.19221506697004256, 0.18995687438418035, 0.18859416295004927, 0.1878900878617297, 0.18670911754926908, 0.18653615920440011, 0.1836929761035287, 0.1830523914617041, 0.18140389835057052, 0.18273132585960886, 0.17937593575081098], "val_losses": [0.2595431279876958, 0.24387805876524551, 0.2285186904280082, 0.23019765187864719, 0.2219939319335896, 0.21570086414399353, 0.21277010667583215, 0.2267115990752759, 0.2036974588813989, 0.2046045716042104, 0.21495502798453622, 0.19635376139827396, 0.19684438083482825, 0.20155952352544534, 0.19315113127231598, 0.194472446065882, 0.19195330920426742, 0.20507408516562503, 0.1882479122799376, 0.19214220312626465, 0.18798185496226602, 0.19169727712869644, 0.19228989145030145, 0.19062601256629694, 0.18596888333559036, 0.18299405373956845, 0.18507352212200995, 0.18679536781881168, 0.18601333026004874], "train_ious": [0.4376214700616033, 0.4817365251913452, 0.5056308274683743, 0.5229699480738762, 0.531635913700945, 0.5396626824108155, 0.5474278156956038, 0.5552178163189387, 0.5581132761216248, 0.5670279740909304, 0.568737220073092, 0.5742175316681031, 0.5755434451975683, 0.5798732070927168, 0.5826677208145462, 0.5850587411095265, 0.5891157909147982, 0.5921625007429848, 0.5936193749632525, 0.5973820079495941, 0.599387612517761, 0.600859584691732, 0.6026728130013185, 0.6030187024262503, 0.6087151133603809, 0.6099159438972886, 0.6123319817841913, 0.6111734398789163, 0.6157699979409794], "val_ious": [0.4646453679255817, 0.5014901560717735, 0.5296815820578216, 0.5322870966316996, 0.5447452245415121, 0.5432479841553646, 0.5578631635593333, 0.5369746309259663, 0.574124220272769, 0.5717905479064885, 0.5535587166314541, 0.5850746735282567, 0.5808190897755, 0.5782673199107681, 0.5894642450671266, 0.5901086304498755, 0.5888679958340051, 0.56988025445869, 0.6034539285777273, 0.5860913160486497, 0.5999481567870015, 0.5884865328021671, 0.586684648109519, 0.5963537436032641, 0.602487567110338, 0.6126129957644836, 0.6063763352407926, 0.6046040118604465, 0.5996156306802363], "training_time": 733.1188631057739, "avg_gradient": 0.007907694647803288, "memory_usage": 1389.48828125}