{"train_losses": [0.28208583293725614, 0.2486145803299935, 0.23552431376731914, 0.2290830681829349, 0.2228031627347936, 0.21839968131288237, 0.21403724594932536, 0.20953538001555463, 0.20821783732136953, 0.20546746051505857, 0.2039280801039675, 0.20117289232818977, 0.19777044111295886, 0.1969116927003083, 0.19486858987289926, 0.1925772890124632, 0.19198933235653068, 0.18928026723796906, 0.18889145747475003, 0.18693162395578364, 0.18583661844225033, 0.18639121277500753, 0.1854235753417015, 0.1831566163379213, 0.18171080655377844, 0.1823765877634287], "val_losses": [0.2623926164663356, 0.24401240763456924, 0.2313445926360462, 0.2311683264763459, 0.22408240353283676, 0.21461756851362146, 0.21758663136026132, 0.21101081403701202, 0.20820348677427872, 0.21469563083804172, 0.20907826268154642, 0.20856073433938233, 0.1985442466709925, 0.19581069894458936, 0.19712644167568372, 0.19738236911918805, 0.19905916212693506, 0.20359838300425073, 0.1968400060482647, 0.19698587481094443, 0.19135544222334158, 0.20789623195710388, 0.19386832513239072, 0.19182572254668112, 0.18853968349487885, 0.19468834089196246], "train_ious": [0.44163737165998074, 0.49260493300423247, 0.516204283586231, 0.527901111467593, 0.5381531209239494, 0.5465871728146854, 0.5531047641745082, 0.5621578914207824, 0.5639046741028626, 0.56865704216171, 0.5724137134418106, 0.5773827563701335, 0.5829704469744713, 0.5846225181729463, 0.5889583335298562, 0.592674139563156, 0.5937266284464924, 0.5979450602030407, 0.599499348551035, 0.6022355662307873, 0.6049138561862967, 0.603394148250421, 0.6044275800063126, 0.6093596751275272, 0.6124838109033696, 0.6105257737031884], "val_ious": [0.4760598670961199, 0.4859437888515169, 0.5199331102379854, 0.5313134861813077, 0.5409647091359331, 0.5536714617324912, 0.5490287437603094, 0.5611605603193891, 0.5685881374106891, 0.5504852198604224, 0.5671729812587516, 0.5642226169938627, 0.5850119169639503, 0.5886424287505772, 0.5892369902652244, 0.5877690721249234, 0.5880307974158854, 0.5712500102278115, 0.5896164720904999, 0.5903469848891963, 0.5967405699733374, 0.5764146529246067, 0.5911570657854494, 0.5988479740377786, 0.6058971743652785, 0.58682424650676], "training_time": 657.2599613666534, "avg_gradient": 0.005702942300308981, "memory_usage": 1389.48828125}