{"train_losses": [0.2781308409150528, 0.25245272619244846, 0.23845405139676903, 0.22987617932907914, 0.22378553093775458, 0.219720633133598, 0.21556840108140654, 0.2117846875411013, 0.20897326254002427, 0.20848286581104217, 0.20591902805735235, 0.20327359956243765, 0.19972037734544795, 0.19699277809780577, 0.19752475676005302, 0.1963032402260148, 0.19267835994453533, 0.1923299017969681, 0.19241298905209356, 0.18961010776136233, 0.18848574785110744, 0.18666830634617287, 0.18490786218772765, 0.1849933725822231, 0.18495789785747943, 0.18295402792484863, 0.1829469638026279, 0.18086646472954232, 0.17865218367913496, 0.1802264840706535, 0.17832536946820177, 0.17879061036459779, 0.1754092273666807, 0.17422164191046488, 0.1744796189924945, 0.17445597781435304, 0.17465058568379152, 0.17245102957214997, 0.17185378277107424], "val_losses": [0.26541074689315713, 0.25756194993205694, 0.24673951676358347, 0.23110571471245392, 0.22023667751447015, 0.220547526102999, 0.21986904643152072, 0.21906359623307767, 0.21031300723552704, 0.20930225758448892, 0.2107350651336753, 0.2048046271438184, 0.20556730096754822, 0.1999952864387761, 0.20080724552921628, 0.20080800322086914, 0.19915456454391064, 0.19677048565252966, 0.1962737969082335, 0.19703130812748618, 0.19750825445289197, 0.1933280757587889, 0.19438951786445535, 0.1971226541892342, 0.19890399341997894, 0.20261868024649826, 0.18915657763895782, 0.19262396576611893, 0.1862615816619085, 0.19413507373436636, 0.19284620103628738, 0.18872224571912186, 0.18593941143025522, 0.1891007054111232, 0.18615200305762497, 0.18664158815922943, 0.1837103651917499, 0.19788803646098013, 0.19040383884440298], "train_ious": [0.4400230194340742, 0.4850110008340815, 0.5118212938524673, 0.5264708662702552, 0.5372381082101579, 0.5441817481448686, 0.5514917194141424, 0.5575304904925653, 0.5626307874648032, 0.5644516299168271, 0.5682848316441842, 0.5731921416261923, 0.578309214309506, 0.5835470386605334, 0.5826896758399149, 0.5853508770789787, 0.5920867719080138, 0.591966151273337, 0.5929030660485877, 0.5962572531315726, 0.5992734971037812, 0.6028645764226501, 0.6047531201679641, 0.6053236650599951, 0.6060179322418096, 0.6088074799357114, 0.6083788224428457, 0.6124455438035985, 0.6167118553126205, 0.6142650327064851, 0.6168100735631541, 0.6160809537530806, 0.6222561243651566, 0.6243144846048907, 0.6244153744824554, 0.6238717688922438, 0.6236509674809114, 0.6275879980969256, 0.6285447139238967], "val_ious": [0.4479710042368673, 0.4901201070650764, 0.5066588109602099, 0.5242553763631461, 0.5455599136758541, 0.5358180048457092, 0.5435510947220568, 0.5508684971626253, 0.5670140169668888, 0.5613317720700001, 0.5604062255309977, 0.5678695756672086, 0.5645624684250874, 0.5789006864247115, 0.5826103117154992, 0.5800086335427519, 0.5809003797130309, 0.586622664677924, 0.5899895950072053, 0.588639915853307, 0.5851837174184081, 0.595637974747713, 0.5879155224648075, 0.5834636010121608, 0.5846986772789472, 0.5802718023027197, 0.596828512955403, 0.5911590826252232, 0.6086024389318798, 0.595680080678152, 0.6006577682235968, 0.6005940186804621, 0.6104901491299919, 0.6015317014594013, 0.6098135081322297, 0.6087380293486777, 0.6139259340538495, 0.5931662442027659, 0.5961588649214178], "training_time": 986.8334853649139, "avg_gradient": 0.0031998038772683905, "memory_usage": 1389.48828125}