{"train_losses": [0.2780503671130408, 0.24883121802755023, 0.23616911900108276, 0.22939164321059766, 0.2247030162454947, 0.21924822396882201, 0.21592223206939903, 0.21287928837472977, 0.20909319129651008, 0.20840256102383137, 0.20516341276790784, 0.20240795579941376, 0.19991376566822114, 0.1999595687603173, 0.19830941028245117, 0.19584565391035183, 0.19403700028424678, 0.19385271252173444, 0.192628870839658, 0.19027232062881408, 0.18850262600766576, 0.1891783628936695, 0.18720936475564603, 0.1868858147898446, 0.18528847655524378, 0.18538975521274234], "val_losses": [0.35436279683009436, 0.24909334305835806, 0.25484084305555926, 0.22897388397351556, 0.23176455918861472, 0.22140656865161398, 0.21721799380105475, 0.21507560008245966, 0.2292770059860271, 0.2136579353524291, 0.219390244587608, 0.20556498351304428, 0.22042871363784955, 0.20270398226769074, 0.20475861592137296, 0.19984364347613376, 0.1998845539663149, 0.20862374292767566, 0.19914746414060178, 0.19734407378279645, 0.2005547291558722, 0.1920442772300347, 0.19573862818272217, 0.19385477932898895, 0.1932472437620163, 0.20066766700019006], "train_ious": [0.44217894047471695, 0.49172675428723084, 0.5158271678331969, 0.5271149355162312, 0.5359179953356153, 0.5452218326213569, 0.5512596998849638, 0.5558560569703148, 0.5629980454518312, 0.5643002464827418, 0.5696209403483765, 0.5753899697700277, 0.5797061433718687, 0.5797021170349227, 0.5825141664000527, 0.5868789510450503, 0.5893930591966796, 0.5900813668318419, 0.5929663584608097, 0.5968574799489287, 0.5999640899615877, 0.5994145350827687, 0.6025886943806771, 0.6023263764446195, 0.6059218134893021, 0.6054910145484017], "val_ious": [0.44896198236855905, 0.49193634891855564, 0.4910825835405915, 0.5260107499965723, 0.5280393999123918, 0.5457791992719622, 0.5450814146062601, 0.5493027527911076, 0.5395919372854024, 0.5504464811604955, 0.5502124037863552, 0.5668459649103275, 0.5400089921726695, 0.5724276308564171, 0.5724822086268576, 0.577266793968021, 0.5755691385787466, 0.5673571935166484, 0.5816371291875838, 0.5883899700382481, 0.580939175426096, 0.5959746464007142, 0.5834598135257113, 0.5923443278972652, 0.5903952631397523, 0.5732530055270678], "training_time": 662.1474144458771, "avg_gradient": 0.004361075889376698, "memory_usage": 1389.48828125}