{"train_losses": [0.2816056399403707, 0.24952623466758625, 0.2381715894393299, 0.23004152180384035, 0.2255606935561999, 0.21982901608166489, 0.21626628797663294, 0.21506853434054748, 0.21008809412951054, 0.2083128718254359, 0.20606137723054574, 0.2030439799570519, 0.2017470590122368, 0.19920554643739824, 0.1980109560586836, 0.19508817589477354, 0.19491339134781258, 0.19497525627198425, 0.19102698062425075, 0.19055093679091203, 0.1892641711494197, 0.18810894008239973, 0.18810303282478583, 0.18696075807447018, 0.18605283996009309, 0.18482168496626875, 0.18358808391444062, 0.18329641976110314, 0.18248918992669685, 0.17983029547916807, 0.17964605484967647, 0.1800829837827579, 0.17840448758848335], "val_losses": [0.26998330782289093, 0.24866424209397772, 0.2306303077417871, 0.2289964028674623, 0.22518886690554413, 0.21781093530032947, 0.2236952392951302, 0.21216331973024036, 0.20606151547120966, 0.20357576628094134, 0.20061802086622818, 0.20433858814446823, 0.19949051802572998, 0.19599955723337506, 0.19679712990055914, 0.19580112203307773, 0.19246676207884497, 0.1967999384455059, 0.1937305396017821, 0.19268486940342447, 0.18865913055513217, 0.18684414903754773, 0.19120546365561691, 0.19466418805329697, 0.18339329828386722, 0.19611900980057922, 0.18579143382932828, 0.18818677184374435, 0.18364646998436554, 0.18573202646296957, 0.18693011675191962, 0.18044024835462155, 0.19140539383110794], "train_ious": [0.43773890455739306, 0.491124280228995, 0.5120679830889339, 0.5258684234180743, 0.5335017594954244, 0.5437499889159115, 0.5502473846941752, 0.5534748172630433, 0.5611850992924924, 0.5634594283782054, 0.5688236502633577, 0.5736638718973033, 0.5759971451716143, 0.5810827537291291, 0.5828249976578832, 0.5877880496715292, 0.5881290486001451, 0.587992880871331, 0.5956838129871135, 0.5962320843144602, 0.597861467982116, 0.6006948170994503, 0.6004633840335452, 0.6025181984447918, 0.6046505501844744, 0.6064372619856961, 0.6085694010598935, 0.609462850551674, 0.6108268123066078, 0.6150298943014253, 0.6159307228914201, 0.6146319305011327, 0.6177248323633185], "val_ious": [0.4687778302940768, 0.5048800813763038, 0.530528843294883, 0.5343803515036901, 0.5444635810411494, 0.5413933098316192, 0.5352579859503801, 0.5591366311562235, 0.5583589718393659, 0.5749202755050382, 0.571750325785167, 0.5758548908043598, 0.5846243908871774, 0.5878030804620272, 0.5818540844796359, 0.5842595525841782, 0.5936947445506636, 0.5835688859224321, 0.5953914393549381, 0.5969673606796542, 0.6025226308383801, 0.6035434735426004, 0.5932093031596446, 0.5889547987692597, 0.6103780083898185, 0.5906211608561918, 0.6060665418272432, 0.601231543050296, 0.6080460582954297, 0.6050682428522386, 0.6069728993419286, 0.6134581736464433, 0.5921791653702224], "training_time": 829.5813093185425, "avg_gradient": 0.005622873929424976, "memory_usage": 1389.48828125}