{"train_losses": [0.28013434204394405, 0.2500933393350114, 0.2368929434729659, 0.2292804377882377, 0.2253805238591588, 0.21854348221550818, 0.2137984160495841, 0.2106306303454482, 0.20874605246860048, 0.20597006583019442, 0.20449190627297628, 0.20197937840028948, 0.19802222813925016, 0.19631645577433315, 0.19684361585456392, 0.19333006935599056, 0.1918246154875859, 0.1911566262335881, 0.18970431832839613, 0.18853400088846684, 0.1866075741532056, 0.18494783690118272, 0.1842188268252041, 0.1837684362316909, 0.18195794498466927, 0.1804393086096515, 0.1801328839653212, 0.17844558960717657, 0.17791211070573848, 0.17754398164865764, 0.1772675300421922, 0.17454931804019472, 0.17426864584179028], "val_losses": [0.26719376541998074, 0.24901142392469489, 0.25555524003246555, 0.2379422233156536, 0.22428545323402985, 0.2245524525642395, 0.20984769968882852, 0.21537178268899088, 0.20894359797239304, 0.20764381341312244, 0.2022757390918939, 0.20216148962145267, 0.19930673163870108, 0.1995557932102162, 0.20325902784648148, 0.19518995673760123, 0.19417486631351968, 0.19400497007629144, 0.20022834124772446, 0.19322830406220062, 0.19368665697781937, 0.19522594952065012, 0.1925005290819251, 0.190533936995527, 0.18672254519618076, 0.19916983272718347, 0.19513540650191513, 0.19130157646925552, 0.1857733428478241, 0.18665885471779367, 0.1868438840560291, 0.186487071863983, 0.19450718617957571], "train_ious": [0.4403278364300512, 0.4900000171492926, 0.5145792288138816, 0.5274178663241692, 0.5339509223088407, 0.5464384854379771, 0.554318715993693, 0.5601602949849938, 0.5639728583071542, 0.5684085731273111, 0.5707348589447961, 0.5755299005819404, 0.5815050206754516, 0.5857925720620846, 0.585059411499811, 0.5900893841964612, 0.5932902531239431, 0.5947386573838153, 0.5981472443411316, 0.5998873763542243, 0.6031206255589708, 0.6059317358809967, 0.6064090741177403, 0.6082386795593342, 0.6109771297677701, 0.613932274983845, 0.6145106913062969, 0.6178336557594762, 0.618212362292452, 0.6191526307467964, 0.619720705987319, 0.6244657719912733, 0.6249009470144906], "val_ious": [0.4692907298820605, 0.492194521146408, 0.4863918608297472, 0.500584539943847, 0.5397378074518148, 0.536490517034047, 0.5618233661288801, 0.5533416014218675, 0.5510546155813811, 0.567131476557773, 0.5712470861448757, 0.5720311545807382, 0.5788033228853474, 0.580090544577958, 0.5760969204315242, 0.5859006224335106, 0.5905735527259716, 0.5890639871358871, 0.5787021841691887, 0.5882941428301991, 0.5942574091579601, 0.5898536972809528, 0.5932403507008069, 0.5973426747149317, 0.6040067348791205, 0.5920969444340555, 0.5984171523132187, 0.5987684951312299, 0.6095049087552057, 0.597529873251915, 0.6042070755924005, 0.6064198643401049, 0.5869911522537038], "training_time": 831.9904329776764, "avg_gradient": 0.007177849638917647, "memory_usage": 1389.48828125}