{"train_losses": [0.280746866584472, 0.24929001757308192, 0.23503334374855395, 0.22911799909627956, 0.22133210285202318, 0.21759134944042433, 0.21544600998901803, 0.21068436425665152, 0.20780855320070102, 0.20620761058576728, 0.20675212023374828, 0.20294699064739372, 0.19951411401448044, 0.19977757861108883, 0.1979380589302467, 0.19596576723067657, 0.1934935573650443, 0.19169384969965272, 0.18983995558127112, 0.1882439660637275, 0.18652585326977397, 0.18660345479198123, 0.18381887407082578, 0.18428145527191783, 0.18293276226714902, 0.18160261772572994, 0.18115742755648884, 0.17910664253260777, 0.1783079696090325, 0.17827177808984465, 0.1774671322301678, 0.17841338293383951, 0.17502898998234584, 0.17481477161788422, 0.17376309584664262, 0.17348839156329632, 0.17298461448239244, 0.17240783223963302, 0.17151337959196256, 0.17225476516329724, 0.17128606059628984], "val_losses": [0.2689065813370373, 0.2698176619799241, 0.24382750949133997, 0.22535968183175378, 0.22456195529388345, 0.236906080790188, 0.21185260913942172, 0.20815077942350638, 0.20926396581141846, 0.21790737334800803, 0.20389099807842917, 0.20158870097087778, 0.2049508969420972, 0.20339873465506927, 0.2086405028467593, 0.19569449871778488, 0.19830018541087274, 0.19176488790823065, 0.1973000952731008, 0.1974506553100503, 0.19073253481284433, 0.19947594274645267, 0.18814790443233823, 0.18909254896899927, 0.19007524880378143, 0.19387682365334552, 0.18751562645901804, 0.18648768993823425, 0.18958341038745383, 0.18846542193837787, 0.1846201721092929, 0.19206967366778332, 0.18679462405650513, 0.18396528227173764, 0.184837706387043, 0.18415907802789108, 0.1835783389599427, 0.18199507082286087, 0.18524115467848984, 0.18218806515569272, 0.18803431644387866], "train_ious": [0.44054005310897715, 0.49228679383362567, 0.517074040420677, 0.5274171960418641, 0.5409945920919593, 0.5473184096964373, 0.5511653572050992, 0.5592278708582338, 0.5651265376827853, 0.5681710451625395, 0.5667759607127612, 0.5742072585052339, 0.5788495156752026, 0.580047464889029, 0.582496740085923, 0.585864388478407, 0.5912374537708104, 0.5941000675269658, 0.5976895107955176, 0.6008582818119423, 0.603907708186602, 0.6031969148611673, 0.6085971575500312, 0.6079020823581492, 0.6105166011746378, 0.6121610426816391, 0.6128293165154216, 0.6159972062037474, 0.6181242886012882, 0.6177617089579938, 0.6191376360754172, 0.617850223367197, 0.6232636854376481, 0.6237388408162458, 0.626496410024339, 0.626086453164833, 0.6275938969591389, 0.6280926769410352, 0.6295876280553098, 0.6285603268314963, 0.6305987187053844], "val_ious": [0.47873061431058944, 0.4654322379957075, 0.4930504762392112, 0.5348468326788017, 0.5318451417960982, 0.5250980034470557, 0.5501431837893913, 0.5652437883874643, 0.5610616032196127, 0.5486364901281785, 0.5755150622647741, 0.5836895432161249, 0.5703842210164968, 0.57832965751489, 0.5637167731057043, 0.5903660160475884, 0.5849955403718397, 0.5916754618503044, 0.5891117315361466, 0.5856690305298653, 0.6007352873035099, 0.5891217295674311, 0.604875561983689, 0.602167707854423, 0.5988343012505684, 0.5971629544012788, 0.6052862310755078, 0.6079050218281538, 0.6004548940969548, 0.6039511358392412, 0.6075075463108395, 0.5947480802086816, 0.6059643818416457, 0.6130742095950722, 0.6059773618328399, 0.6097440730402436, 0.6089589429506358, 0.6110623211100481, 0.6105996612189475, 0.6177311220030854, 0.6066581697567649], "training_time": 1035.4071516990662, "avg_gradient": 0.003925256238505052, "memory_usage": 1389.48828125}