{"train_losses": [0.27760893730041775, 0.2485043507717226, 0.23670848118870155, 0.22914352219389833, 0.2216538986110169, 0.21798218811011832, 0.21320328675210476, 0.2101456692199344, 0.20914589152064011, 0.2047166501212379, 0.20188632971890594, 0.20218605070334414, 0.19792166068826034, 0.19640616951105389, 0.19562563939910868, 0.19413774217600407, 0.1933686114523722, 0.1909609275829533, 0.19040123915866666, 0.18802806249131326, 0.18787419326279475, 0.18457626235549865, 0.1852300800383091], "val_losses": [0.2815998682509298, 0.25105454189621884, 0.2505356264503106, 0.23217842177204465, 0.22318665586088016, 0.22251970904028934, 0.22184977032568143, 0.21589544415473938, 0.22693898852752603, 0.20489717177722766, 0.20308875000995139, 0.20905270071133322, 0.19969401638145032, 0.2014908499043921, 0.19969169730725495, 0.19891750164653943, 0.20184812306062036, 0.19376930043749188, 0.19438640384570413, 0.20137421462846838, 0.1914351595484692, 0.19561882090309393, 0.20152247859084088], "train_ious": [0.44244683935792856, 0.4940693720743276, 0.5158985868852204, 0.5284106944404217, 0.5410913238706795, 0.5484397896174074, 0.5566317501167457, 0.5625909768800806, 0.5634789152097873, 0.5718480341028471, 0.5762563464434249, 0.5764607443757679, 0.5835560907380303, 0.5860920107882955, 0.5874668419685054, 0.5904804964320384, 0.5914994276304174, 0.5959096837626854, 0.596308553672355, 0.6010699675458926, 0.6015718682412655, 0.6073774800136469, 0.6048915753330014], "val_ious": [0.43243730208580056, 0.49014795949493634, 0.48010240203660465, 0.5188178775319154, 0.5424550929363222, 0.5357223595829977, 0.5447866390796675, 0.5522688717945762, 0.5342025492286335, 0.5695091628510022, 0.5697043661190118, 0.5631614115791045, 0.5767787312683852, 0.5747044673864391, 0.5783579943404682, 0.5785719303117282, 0.5761370285265687, 0.5920660921197008, 0.5834554468376048, 0.5783674682396045, 0.5922478152358014, 0.584050740668739, 0.5713563665099767], "training_time": 588.194286108017, "avg_gradient": 0.0047098840491035425, "memory_usage": 1389.48828125}