{"train_losses": [0.28466357452713925, 0.2536358854368977, 0.24088625917616097, 0.2323967157660619, 0.2274383297594993, 0.22278860292356947, 0.21872794158432796, 0.21465627298406934, 0.21145587365912355, 0.20917321053212104, 0.2074491595444472, 0.20552026035021181, 0.2019169069016757, 0.20276262999876685, 0.199255116769801, 0.19680598556347514, 0.19473509539080702, 0.19460441374584384, 0.19397039816755315, 0.19089347277970417], "val_losses": [0.26591291213813034, 0.24563572134660638, 0.2587481244750645, 0.22988583244707272, 0.2336575612425804, 0.23739781036325122, 0.21523274902416312, 0.2178627433984176, 0.20873589943284573, 0.20651239286298337, 0.2172287112992743, 0.2038279075337493, 0.20823300629854202, 0.2001888570578202, 0.19731778619082077, 0.19956543814876807, 0.20446986219157343, 0.20100279055211856, 0.1955904840775158, 0.21956820105728897], "train_ious": [0.4319862983108538, 0.48273063491544016, 0.5069314879567728, 0.5222563054412604, 0.5308083414869464, 0.5387849627413608, 0.5462766977000065, 0.5525518837992263, 0.5596361333315355, 0.5630303836981027, 0.5665890366054961, 0.5700727352953475, 0.5763887638307138, 0.5744560814962008, 0.5809515383688436, 0.584919950506394, 0.5890480261026088, 0.5886999309818813, 0.5903944666834845, 0.5954170309655046], "val_ious": [0.4571606761951376, 0.49656365271927644, 0.46251724250074744, 0.5222230847331059, 0.5104691742554955, 0.500800279063591, 0.5512264990720196, 0.5432610516098962, 0.5570918418790984, 0.5678035519693209, 0.5591674248377481, 0.569799590801847, 0.5694090140902478, 0.5806091315504434, 0.580313461414282, 0.5843340156302935, 0.5762698635242988, 0.5853115037299585, 0.5867212734360625, 0.5547116988379023], "training_time": 505.1169855594635, "avg_gradient": 0.0072088020613091455, "memory_usage": 1389.48828125}