{"train_losses": [0.2846481306883304, 0.2512218889010989, 0.24038008487095003, 0.2315675147363673, 0.2263830446678659, 0.22115526170186375, 0.21783964773235115, 0.21365632343551386, 0.21086157631614935, 0.21142325890452965, 0.20725894541196202, 0.2055809259738611, 0.20269119893403156, 0.20075994883866413, 0.20026168154309626, 0.19768853639454945], "val_losses": [0.2587822967249414, 0.24264846839334653, 0.2310116945401482, 0.22856167541897815, 0.25450647395590076, 0.2132613918055659, 0.21780408594919287, 0.21394525824681573, 0.20537116799665533, 0.20800340337597806, 0.2062722289043924, 0.20516982156297434, 0.20138269598069397, 0.20014670491218567, 0.19614838193292203, 0.21309083408635596], "train_ious": [0.4357335389468588, 0.4875600562579394, 0.5082738971796593, 0.5243800762446892, 0.5338208404896051, 0.5419817624100738, 0.5486146337960078, 0.556044890261863, 0.5611854415872823, 0.5598540061517903, 0.5679564964080202, 0.5701502208476481, 0.5741386531811693, 0.5791814523762548, 0.5805877759188848, 0.5836802407883218], "val_ious": [0.4714949814521749, 0.4901496741002885, 0.5142478812215986, 0.5337415892576827, 0.4878825214893922, 0.5579585501033327, 0.5457776931748873, 0.5444626326578251, 0.5665645046510558, 0.5649049666480743, 0.5665006996064946, 0.5588933255361475, 0.5721860333629276, 0.582906222861746, 0.5803568114837009, 0.5506243412045465], "training_time": 409.86382031440735, "avg_gradient": 0.0037080594878361652, "memory_usage": 1389.48828125}