{
  "train_losses": [
    0.2791410493461982, 0.25079895839419053, 0.23622060745306636,
    0.22878394899484905, 0.22382456452950186, 0.218648768313553,
    0.21627960273105165, 0.21159117344928824, 0.20903355077556943,
    0.2066587599237328, 0.204931927844882, 0.20154272335702958,
    0.20068098442709964, 0.19822252468894358
  ],
  "val_losses": [
    0.2660198043222013, 0.24135534368131473, 0.23416608766369199,
    0.22396999759518582, 0.23368590778630713, 0.24520991191915845,
    0.21509132761022318, 0.21448128216940424, 0.21066765973101492,
    0.215939497170241, 0.20773885399103165, 0.2043934730084046,
    0.20699454552453497, 0.2192307833744132
  ],
  "train_ious": [
    0.43878775828204153, 0.48793586273340234, 0.5149047421696393,
    0.528325325606958, 0.5374204864914437, 0.546249640484651,
    0.5502938236501339, 0.5596667711177596, 0.5637601458508031,
    0.5679051159624601, 0.5713964680182761, 0.5769922120523622,
    0.5787157707888149, 0.5821804715239483
  ],
  "val_ious": [
    0.46249358507170196, 0.503589945966783, 0.5155424388206523,
    0.5399190951948581, 0.5110813073705937, 0.5242857556196227,
    0.5567404795168102, 0.5600890807699466, 0.5649104612892955,
    0.5509282893676688, 0.5680331399907237, 0.5742504659338274,
    0.5676916753468305, 0.5334065673143967
  ],
  "training_time": 352.0762252807617,
  "avg_gradient": 0.003946774910704964,
  "memory_usage": 1389.48828125
}
