{"train_losses": [0.2767662466706141, 0.24783024912619073, 0.23572678645343884, 0.22724047157427538, 0.22203502261444277, 0.21598915796241033, 0.21196175755366034, 0.21034248877802622, 0.20622220918860124, 0.20523861398839433, 0.20138201886868995, 0.20041398695953513, 0.19713469189794167, 0.1956457372592843, 0.19581685182840927, 0.19429597056106382, 0.19180023346258246, 0.1890622715101294, 0.18934048064376996, 0.19125816460860812, 0.18668709144644116, 0.185305693389281, 0.1850842879680188, 0.18358339741826057], "val_losses": [0.26155558034129767, 0.23679266675658847, 0.23128940780525623, 0.22267187775477118, 0.22458811978931012, 0.21992534107488135, 0.2095380697561347, 0.21052637437115546, 0.208799268240514, 0.21378846596116605, 0.21069036424160004, 0.20364263524179874, 0.2010457285720369, 0.19876046932261923, 0.19986732466065366, 0.20006942036359207, 0.193637582918872, 0.20011834281942117, 0.19740174969901209, 0.19532850967801135, 0.19220353371423224, 0.18970232197771902, 0.19728942539380945, 0.19880305263011352], "train_ious": [0.44292122948968726, 0.49297591463487206, 0.5152283514701369, 0.5302691950422262, 0.5398982571356972, 0.5505539055211821, 0.5573932842445981, 0.5613532913983729, 0.5679809291293657, 0.5699792846065501, 0.5764581914721193, 0.5781933703068376, 0.5849627725564055, 0.5867197676089362, 0.5861842157724111, 0.5899388700507686, 0.5946597775471383, 0.5986658343910304, 0.5987872369047524, 0.5953259115525779, 0.6025621309012608, 0.6060611791368845, 0.607049109819143, 0.608040919986324], "val_ious": [0.4786327624882476, 0.5177074032633201, 0.5301945775315381, 0.5401969220543253, 0.5422018702695335, 0.5474612000195876, 0.5660194440380387, 0.5662621516680373, 0.5622042696113171, 0.561486847590709, 0.5648305385872938, 0.5749444704556811, 0.5703957318395807, 0.5827320462119752, 0.5808265582806821, 0.579886967721193, 0.5915116808120756, 0.5798626915700194, 0.5836112952750662, 0.5930156485326047, 0.5930007074190223, 0.6001543184553367, 0.5905551884485327, 0.582431098041327], "training_time": 606.8420083522797, "avg_gradient": 0.004006703779559776, "memory_usage": 1389.48828125}