{"train_losses": [0.2752731297489094, 0.2520980263209861, 0.23956329699443735, 0.23192813101670015, 0.22495583007517067, 0.22005224284594474, 0.21568671419568683, 0.2117191180586815, 0.20808266321926014, 0.20728770003694555, 0.20220719010609647, 0.2011295189352139, 0.1986203310282334, 0.19785165576183278, 0.1953838706502448, 0.19442188755973525, 0.19273648783564568, 0.19018947041553, 0.18937281689242177, 0.18795401578688103, 0.18724217298238174, 0.18513756107700907, 0.18591237683659015, 0.18435277490188245, 0.18210693311108195, 0.18090456303047098, 0.18174236308297384, 0.18065494007390479, 0.17854303769443347, 0.17745436096320982, 0.1779927711771882, 0.17603734443369118, 0.17602731611417688, 0.1760512843080189, 0.17394560534992945, 0.17539463224618332, 0.17242205045793368, 0.17103399190565813], "val_losses": [0.2651275295926177, 0.2938525126032207, 0.24108959637258365, 0.23469479965127032, 0.22358050391725873, 0.2196783203145732, 0.21193121276471927, 0.21796473990315976, 0.21249505812707153, 0.2065453701045202, 0.2008651187238486, 0.20353016646012015, 0.21004645947528922, 0.20101019416166388, 0.2024471503884896, 0.19882786500713098, 0.19467609375715256, 0.19640845675831256, 0.19631071421115295, 0.19045109917288242, 0.1966480852469154, 0.2003567234977432, 0.1907132740901864, 0.18787985780964728, 0.18909675757522168, 0.1911606905253037, 0.19563452672699225, 0.18980266931264297, 0.1924128535649051, 0.18508253343727277, 0.1851040821360505, 0.18334453974081122, 0.18569574602272199, 0.18543434078278748, 0.1834702219652093, 0.1911804138318352, 0.18573875530906345, 0.19104701701713644], "train_ious": [0.4453911707783795, 0.4855608973868084, 0.509016670718573, 0.5227778338543747, 0.5349882041522559, 0.5452233705723633, 0.551709858160736, 0.5598337805249551, 0.5657090988766023, 0.566963407899374, 0.5763310649148794, 0.5775541656691094, 0.5821100588402023, 0.5842296560497385, 0.5887876541178295, 0.5895741375676099, 0.593264926386916, 0.598082774143288, 0.599387290145176, 0.6011779574488384, 0.6029021521841272, 0.6065218075569995, 0.6053000081168568, 0.608327129072901, 0.6119256964412287, 0.6142782084643842, 0.613509602034869, 0.6147116092236145, 0.618029411342265, 0.6196967242420583, 0.6196131633891576, 0.6226010671344357, 0.6230552851397924, 0.6234621968714225, 0.6264207289162752, 0.6239313085873919, 0.6298105650297976, 0.6316715936729874], "val_ious": [0.46545167278120486, 0.41679550998884707, 0.4993744321923323, 0.5249546389432921, 0.5358019479806871, 0.5422004455889482, 0.5510339321217675, 0.5475122060464777, 0.5619242783041968, 0.5669053963560987, 0.5755355255543322, 0.5693677513711694, 0.5574134462985441, 0.5784464925527572, 0.5759756083505742, 0.5814942162537922, 0.5842469332442767, 0.5877334434485091, 0.5855368248362472, 0.5935879025770271, 0.586997558241305, 0.5771530026542968, 0.5951318799153619, 0.6024532596702161, 0.5954501451789469, 0.5929736587880313, 0.5918984678776368, 0.5990172700173614, 0.5925749853469324, 0.605696431968523, 0.6091024117625278, 0.6088042025980741, 0.6029817494361295, 0.6092319732558901, 0.6104301117036652, 0.5965936758380004, 0.6105624055084973, 0.5952501033527264], "training_time": 962.1741118431091, "avg_gradient": 0.004302344082471654, "memory_usage": 1389.48828125}