{"train_losses": [0.27608429802500684, 0.24626556500468566, 0.23587363990752594, 0.23047824422626392, 0.22256657724147258, 0.21691426343244055, 0.21441967736767686, 0.21010757909844752, 0.20799876895287764, 0.20432396297869476, 0.20291003074658953, 0.2010459558147451, 0.19918137100403724, 0.19791049340172953, 0.19623525141049986, 0.1932329701502686, 0.19406976356454517, 0.19052654188936172, 0.19011884579515975, 0.18835101867823498, 0.1871744163496339, 0.1868125747727311, 0.18445579950576244], "val_losses": [0.2586267010673233, 0.2408316355684529, 0.22883233557576718, 0.23315716405277667, 0.22276662322490112, 0.21634945241005524, 0.21110624172117398, 0.21414449195499005, 0.2039509166194045, 0.2117259787476581, 0.20518118337444638, 0.20549592278573825, 0.20203687866096912, 0.20123473975969397, 0.20179429358762244, 0.1925043003714603, 0.19642419529997784, 0.19802571152863296, 0.1909690875074138, 0.190444966049298, 0.20046881132799646, 0.19158213650402817, 0.2099205721979556], "train_ious": [0.44495547500749466, 0.4957605204882395, 0.5166924791275589, 0.5254519665208851, 0.5392448871895885, 0.5492088241313678, 0.5541834899534781, 0.561217726761664, 0.5650010409670461, 0.5715033592575268, 0.5740009834045088, 0.5782289233436619, 0.580397006502186, 0.583309197663397, 0.5859391705497452, 0.5917960542483607, 0.5908334714131079, 0.5960378893043685, 0.5975148012132745, 0.6012725804163062, 0.602716961686594, 0.6027179895967675, 0.6072425082109975], "val_ious": [0.459459384822327, 0.5139316029954646, 0.5233495217086613, 0.5205917874540106, 0.5398626172024271, 0.5530220380295877, 0.5593445132608, 0.5562174989693407, 0.5714105302872864, 0.550479472655317, 0.5704023641520652, 0.5710224828858307, 0.5700495518420053, 0.578587789034498, 0.5809811288895815, 0.5912342663260473, 0.5827115383269131, 0.5812817369250284, 0.5958499262730281, 0.5964413652385491, 0.585880465697551, 0.5949720735999121, 0.5608931576860124], "training_time": 581.59259557724, "avg_gradient": 0.005806685114031316, "memory_usage": 1389.48828125}