{
  "train_losses": [
    0.28075768992952677, 0.25245111994445324, 0.23867523427242818,
    0.2292938229992338, 0.2234102338552475, 0.2213701531291008,
    0.21612329716267792, 0.21224365812604842, 0.20922900655347368,
    0.20660393960450008, 0.2037773698406375, 0.20216681208947432,
    0.2005954725748819, 0.19988171902039778, 0.1963421929951595,
    0.1956556546299354, 0.19301101257619652, 0.19155967259860557,
    0.19182616447948891, 0.18872584669810274, 0.18944763254536234,
    0.18743266400111758, 0.18520079342567403, 0.18577869082598583,
    0.18471498382480248, 0.18435511632781962, 0.18236898258328438,
    0.18109942608229493, 0.1790427336388308, 0.1796804583105056,
    0.1788578588191582, 0.17887341514553712, 0.17671997488840765
  ],
  "val_losses": [
    0.264881854471953, 0.24588736276263776, 0.2494728970138923,
    0.23092600606057956, 0.23012513699738876, 0.21937259804943335,
    0.22083785222924274, 0.21826189723999603, 0.21859730002672775,
    0.20475375036830487, 0.20596692970265512, 0.20467800938564798,
    0.20738852445198142, 0.19650575162275977, 0.19391539012608322,
    0.19357157628173413, 0.19882312838150107, 0.19084280275780222,
    0.1926200525916141, 0.19177923157163287, 0.19174137743918793,
    0.19533214329377466, 0.188816848008529, 0.18920756908862488,
    0.1914427902387536, 0.18776452444169833, 0.18779773912999942,
    0.18728388813526733, 0.18602245041857596, 0.18708748856316443,
    0.190273468585118, 0.18394713719253955, 0.18945561446573422
  ],
  "train_ious": [
    0.4374568364346752, 0.4855542572998052, 0.5119446310606124,
    0.5278425834587085, 0.5379744121885816, 0.5413335872733073,
    0.5517011433299901, 0.5579043307706066, 0.564016693825091,
    0.5675940487695781, 0.5722950119795144, 0.575517536559399,
    0.5787832990180756, 0.5802146068949631, 0.5867610297881177,
    0.5874142776364869, 0.5922255907477674, 0.5949944810050984,
    0.5946187927131202, 0.5996576409409011, 0.59887888563284,
    0.6025642898959527, 0.6056827376934066, 0.604820111847442,
    0.6074945817067138, 0.6077086169110695, 0.6113403224102829,
    0.6131073435147602, 0.6172675389418569, 0.6162797743859498,
    0.6176129455907623, 0.6181739378666533, 0.6212794040532217
  ],
  "val_ious": [
    0.4554306269771811, 0.4938767247873805, 0.4892872661568117,
    0.5242724182165186, 0.5212111573504365, 0.544303358141063,
    0.5425658847974695, 0.5519356960835665, 0.5423157892149427,
    0.5719469967095747, 0.5693227636857309, 0.5621222832064697,
    0.575592235378597, 0.5858583625244058, 0.586028229067291, 0.592007272269415,
    0.5820196052824241, 0.5932850109926165, 0.5933668462262637,
    0.5910124420255854, 0.5876310148100921, 0.5950367485267527,
    0.5983078447373017, 0.6028455707474033, 0.5955555680869282,
    0.600822922544203, 0.6003189708875573, 0.6030319456173027,
    0.6034496646860372, 0.6010701520287473, 0.5948837794687435,
    0.6093400153128997, 0.5941486330567927
  ],
  "training_time": 830.3260293006897,
  "avg_gradient": 0.004604691093587197,
  "memory_usage": 1389.48828125
}
