{"train_losses": [0.2821552191415559, 0.25160096512864466, 0.2399007495816635, 0.23154891379501508, 0.2251812116769345, 0.2181276720341133, 0.215490960151605, 0.2124924631384404, 0.20941667445003986, 0.2051869715847399, 0.2030429865193108, 0.20165424073195976, 0.1988795223929312, 0.19749893823071665, 0.1948311982433433, 0.19520445321889027, 0.19191372629417025, 0.19072238793191704, 0.1909528973147921, 0.18810618174788746, 0.1874166850162589, 0.18624181081743343, 0.1850162714557803, 0.18223376782691997, 0.18236173754153046, 0.1800112954300383, 0.18108947486009286, 0.17839374344633974, 0.17715050547343233, 0.1779525690590558, 0.1763230221265036], "val_losses": [0.2627911470506502, 0.25164680506872095, 0.2358845265015312, 0.22967074163582013, 0.22818490409332773, 0.21409504536701285, 0.21534608660832696, 0.21330582577249277, 0.21726084565338882, 0.2068450123719547, 0.21543793995743213, 0.19812439122925635, 0.20756323246852212, 0.20408402804447257, 0.19636009925085565, 0.20113293794186218, 0.1939811013315035, 0.20747417956590652, 0.19715553360140842, 0.19466208958107492, 0.19137218367794287, 0.19159000334532364, 0.18734147334876267, 0.19323078607735428, 0.184567259705585, 0.19514862901490668, 0.19046275706394858, 0.18527518018432285, 0.18825675028821695, 0.18686487493307694, 0.3109921210485956], "train_ious": [0.43422627110250184, 0.4867593931655089, 0.5086430455355542, 0.5238480451044396, 0.5338343021770318, 0.5466022243642289, 0.5518725787599881, 0.5573616028641878, 0.5615915493310792, 0.5691036277491112, 0.5731856544920503, 0.5759507244911749, 0.5806044412479886, 0.5829970209818819, 0.5878708465699699, 0.5878406124918358, 0.5931941490026486, 0.5954113390458668, 0.5952199018303902, 0.6000958708641325, 0.6014383245205532, 0.603510987121558, 0.6066705944637458, 0.6105997763790082, 0.6108784947166408, 0.6147557096420854, 0.6129366059018218, 0.617545481339313, 0.620265216283176, 0.6187919913318707, 0.6219630869294424], "val_ious": [0.4633527724207311, 0.4845024306273114, 0.5184051634176916, 0.531756994948871, 0.5311258220370264, 0.5608944365943689, 0.5489750412711198, 0.5537475019261457, 0.5525725880178853, 0.5688121305859608, 0.5580215326685838, 0.579854931520379, 0.5719819755657858, 0.574774715995443, 0.5883394540220067, 0.5797344368437064, 0.5930278994466948, 0.5720429703377296, 0.5849510841611503, 0.5897593580294347, 0.5951556984497153, 0.5931374590465989, 0.6005208678003671, 0.5968786268562509, 0.6063848612965018, 0.5915213754211648, 0.5945634055828704, 0.6061849693457285, 0.6044399870046671, 0.6075559567282166, 0.4718254653440006], "training_time": 779.4075617790222, "avg_gradient": 0.004874410317132776, "memory_usage": 1389.48828125}