{"train_losses": [0.2792908907260584, 0.25014802538182423, 0.2373580066892116, 0.22962338307305522, 0.2233627828081017, 0.21886400271045126, 0.214738502693565, 0.21264268174443557, 0.2095151396225328, 0.20534533586191095, 0.20433455179242985, 0.20195316596199636, 0.19969286227031893, 0.197773148427191, 0.19523060095051062, 0.19392082249016865, 0.19267002331173938, 0.19256106415844482, 0.19197069999316466, 0.1897202429726072, 0.18781890371895354, 0.1876260081063146, 0.1858818445192731, 0.1861878073895755, 0.1814385375574879, 0.18343041918199995, 0.18061938306883626, 0.18040995510376018, 0.1783917465287706, 0.18007593512859033, 0.17883632639827934, 0.17704204332245432, 0.17610399457423584, 0.17550195316257683, 0.1743803886777681, 0.1747164340770763, 0.17355500615161398, 0.17360982890038387, 0.17190267728722614, 0.17324945581671986], "val_losses": [0.268541208103947, 0.24607186732084854, 0.23426490212264267, 0.22893242894307428, 0.2243003667048786, 0.2243630562139594, 0.21403789908989615, 0.21969903001318808, 0.21645321858965832, 0.21328759355389554, 0.21526394395724588, 0.21549911570289862, 0.20943616103866827, 0.20149671610282816, 0.2023166550890259, 0.20026324916145075, 0.2022204936846443, 0.19708751789901569, 0.19690083129250485, 0.19280630576869714, 0.196406542930914, 0.19871455754922784, 0.19174665212631226, 0.19344271913818692, 0.19286804678647415, 0.1910479849447375, 0.19159414586813553, 0.19363136427557986, 0.18848099106031915, 0.18962424410426099, 0.19031841307878494, 0.18806962344957434, 0.19114001322051752, 0.1845237522021584, 0.18425858344720758, 0.19565508773793344, 0.18915393203496933, 0.18534264454375143, 0.18556174927431604, 0.19030930555385092], "train_ious": [0.4373094325588233, 0.4911592336560507, 0.513094536555202, 0.5273304124079317, 0.538016198472916, 0.5463267599866874, 0.5540477936628503, 0.5578082003563211, 0.5626393823304039, 0.5696572319105052, 0.5725891471880934, 0.576524531711703, 0.5805953717858031, 0.5833567654633004, 0.5889295159798602, 0.5902515023514846, 0.5937258320442146, 0.5927892941171711, 0.5943184138640112, 0.5988818743954536, 0.6015100999586823, 0.6016928813271766, 0.6054115116164305, 0.6046460901481518, 0.6122492463800356, 0.6092081872773343, 0.613802868278994, 0.6142257599403029, 0.6177239035782603, 0.6150985266203469, 0.6171881049547504, 0.6201121417832547, 0.6224824435253073, 0.6232748259992704, 0.624843582942866, 0.6244830529650919, 0.6264960839804533, 0.6264294444218926, 0.6297275873737922, 0.6269930315514405], "val_ious": [0.4630228866269624, 0.4986279702920844, 0.515516130388647, 0.5229765527706217, 0.532729850407096, 0.5358255190261897, 0.5553338134634324, 0.5513332224842431, 0.5510867974464445, 0.5556966174339905, 0.5577126868825026, 0.5624397422956384, 0.5622335931529171, 0.5774743651998216, 0.5785112016010975, 0.5778929945351421, 0.5762440858111865, 0.5876927457857822, 0.5857414527647739, 0.5933404221482901, 0.587080610619075, 0.5852361988762153, 0.5947681555281514, 0.5832633188237314, 0.5950934964677562, 0.5888170945471611, 0.601068325880645, 0.6004018129213996, 0.6026577800512313, 0.598937692201656, 0.5966995494521182, 0.6008323186981503, 0.6007449862317762, 0.6072841154924338, 0.6111480960811393, 0.5928105893342392, 0.60169418156147, 0.6046006130999412, 0.6092196722393453, 0.5986467796391335], "training_time": 1038.2190613746643, "avg_gradient": 0.0053367799653122805, "memory_usage": 1389.23828125}