{"train_losses": [0.27998765153081523, 0.25028638120578683, 0.23765632874615814, 0.23002963075819222, 0.2236257862785588, 0.21976095316526684, 0.2158008714247009, 0.21089613299978816, 0.20766683052415433, 0.20638246793785822, 0.20398583700475487, 0.20179488914816276, 0.1991991449309432, 0.19692785058008588, 0.19575434275295422, 0.19327081837083981, 0.1929098822824333, 0.19177807794640894, 0.1898244995947765, 0.18861486220165438, 0.18813965113266654, 0.18655743692880092, 0.18487784023518147, 0.18477286155457082, 0.1840638214641291, 0.18267362556703712], "val_losses": [0.2609654467390931, 0.2437030047826145, 0.2274620183136152, 0.2316388633588086, 0.21890085287716077, 0.24115357709967572, 0.21753451681655386, 0.20462727319935095, 0.20509948581457138, 0.20411344714786694, 0.21297092962524164, 0.19951271654471106, 0.19443962625835254, 0.19182397522356198, 0.19705173114071722, 0.19293717294931412, 0.19508833049432092, 0.18976436620173248, 0.1916789785027504, 0.19032639686180197, 0.19230669834043668, 0.18730790653954382, 0.1878924049113108, 0.18601021235403808, 0.19874295300763586, 0.19367311408986215], "train_ious": [0.43620512566859915, 0.4887853998528872, 0.5119443894026503, 0.5274334851976322, 0.5379046407946643, 0.5450917278564927, 0.5519254107190213, 0.5599298647780347, 0.566160266544076, 0.5683807492040205, 0.5724992733448743, 0.5773799171050394, 0.5816786625031111, 0.5860507250695988, 0.5875823394111964, 0.5922969663920609, 0.5926094743544643, 0.5955450325880361, 0.5980496190596317, 0.6008256957798765, 0.6015846662871216, 0.6041801273282891, 0.6067523810526599, 0.6076307445224645, 0.6091499404738778, 0.6114209671167361], "val_ious": [0.46879040028737945, 0.5026347608022067, 0.5245283330264299, 0.5262494794484497, 0.5467769567301307, 0.49060877434153505, 0.5475723610624025, 0.5705314773148383, 0.5695457652859067, 0.5697205386300018, 0.5536771041975505, 0.578992390114328, 0.5874765610349352, 0.5918960489224697, 0.5763729132603909, 0.5881067844836608, 0.5881657108016638, 0.5948832741250163, 0.5938411177932352, 0.593971983894058, 0.590405668469443, 0.6023567176383474, 0.6010200588599496, 0.6046354429445404, 0.5798890731040982, 0.5782766489015109], "training_time": 656.1889069080353, "avg_gradient": 0.004926668086257219, "memory_usage": 1389.48828125}