{"train_losses": [0.27922311344224476, 0.24940650934434455, 0.23814097751417887, 0.22827855457106364, 0.22353551253352477, 0.2207740434323964, 0.21565933509365373, 0.21279695346627547, 0.2083913538928913, 0.20737999661461168, 0.20450600520100282, 0.2024356877512258, 0.19945526414591333, 0.19953075650593508, 0.19747139805037042, 0.19625896085863528, 0.19306371215244997, 0.19317648827057818, 0.1901002719026545, 0.18874583879242773, 0.1887443811511216, 0.18776102995742922, 0.18703755185655926, 0.18463198200840017, 0.18422282981159893, 0.18278407864272594], "val_losses": [0.27901054853978363, 0.2583079325116199, 0.2367850869246151, 0.23098854817773984, 0.2241094138311303, 0.227551420421704, 0.21481111613304718, 0.21545882296303046, 0.23276718219985132, 0.2142861022249512, 0.21343767934519312, 0.2028599368489307, 0.20713550338278647, 0.20652950036784876, 0.2071564715841542, 0.19741239528293195, 0.19777170406735461, 0.19589216197314469, 0.212701337169046, 0.19114293903112411, 0.19577347454817398, 0.1919964901779009, 0.19261974711780963, 0.19651212154523187, 0.19099690473597983, 0.2011595637254093], "train_ious": [0.4407207822778087, 0.49123158462453576, 0.5115618886345102, 0.5278057983765997, 0.5376495130468106, 0.5414932761611281, 0.550306459510888, 0.5559525894729989, 0.5633971432790809, 0.5657156588158747, 0.5703049451112748, 0.5742957365253698, 0.5798644408367682, 0.5793783656604912, 0.5833247762605331, 0.5856398373194363, 0.5913579235582253, 0.5913058611685816, 0.5961115636687349, 0.5987277186435199, 0.5989223893029967, 0.6015853162692938, 0.6018187548911231, 0.6063548419894516, 0.6069932376992877, 0.6097777603005153], "val_ious": [0.44360294614149176, 0.4842495354621305, 0.5139763187887013, 0.5309290652689728, 0.5442100962003071, 0.5326026678085328, 0.5542448217022246, 0.5565151261246722, 0.5385565584984381, 0.5603998193274373, 0.562763138525728, 0.5724333144616389, 0.5746264939290887, 0.5756232520376426, 0.573365622456523, 0.5884308227594348, 0.580952046358067, 0.5861398305581964, 0.5610909120760101, 0.5986578190240305, 0.5894985360943751, 0.5973027495370394, 0.5900971775037654, 0.5871565391620001, 0.6001084649908371, 0.5855452342741733], "training_time": 657.6165683269501, "avg_gradient": 0.00451243380578041, "memory_usage": 1389.48828125}