{"train_losses": [0.2819336636558823, 0.25420090159320313, 0.23989550356307757, 0.23155309187005396, 0.22609659689276115, 0.22109840640231318, 0.2164353063411039, 0.2116024503889291, 0.21043290602772133, 0.20563510999731396, 0.20304624695816767, 0.20263928393630878, 0.20068796335355096, 0.19806651374244172, 0.19547587835594363, 0.1948443247086328, 0.19325753179905208, 0.1924113376956919, 0.1915720425060262, 0.1888287594622892, 0.18705431639176348, 0.18769556777956692, 0.18628751721395098, 0.185948113789377, 0.1840000002766433, 0.18246880951135055, 0.18217719953669154, 0.17958198730712352, 0.18216124978726325, 0.1777105587332145, 0.17810056836384794, 0.1776234618509593, 0.17727241138725178, 0.17574836491890575, 0.17549711166192655, 0.1758476046278425, 0.1740108784288168, 0.17289490236536317, 0.17291920729305432, 0.17121229004924712, 0.17001081922132036, 0.1724460901611525, 0.1693196532356998, 0.17037980890144472], "val_losses": [0.2628165859243144, 0.2444930646730506, 0.2408955890847289, 0.22813985075639642, 0.22384911127712415, 0.21955402325028958, 0.2221348113987757, 0.21021871139173923, 0.2107618256755497, 0.20862664735835532, 0.20963203712649967, 0.20233756984057633, 0.20076423527105994, 0.2084201512777287, 0.200337427465812, 0.1976660580738731, 0.1928877143756203, 0.19703485330809717, 0.19769021447585977, 0.19792080346656882, 0.1931694428557935, 0.19211457313402838, 0.20116344385820886, 0.19397678841715274, 0.18698293812896893, 0.18485649351192557, 0.1841023910952651, 0.19234119193709415, 0.18400783610084784, 0.19074835693058761, 0.18686274536277936, 0.18628002346857733, 0.181990470899188, 0.18144449721211972, 0.1822708255570868, 0.1878567435171293, 0.18591393886700922, 0.1809497239149135, 0.1859718988771024, 0.18136399595633798, 0.18506875796162564, 0.18196441233158112, 0.1817283082915389, 0.18634903528120206], "train_ious": [0.4343381050225023, 0.48202096870627953, 0.5088285576498162, 0.5239077564328907, 0.5327225358265898, 0.5417335775775323, 0.5501045272078202, 0.5593390812476475, 0.5614918163181214, 0.568204172819421, 0.5739657055262639, 0.5747547564839107, 0.5785019785921645, 0.5835383118710656, 0.5877305761627534, 0.5890748335075554, 0.5915916501611901, 0.5931351937461589, 0.594846509019102, 0.5996613262788106, 0.6026359448830289, 0.6017453535527426, 0.6035393911643304, 0.6043310043388519, 0.6079598407706491, 0.6110360892354579, 0.6110131199053233, 0.615855091345915, 0.6106788564095466, 0.6195453440473561, 0.618794546611067, 0.6197191258703453, 0.6201217654498593, 0.6224659880542234, 0.6237371748016365, 0.6234103044414, 0.6252297102001269, 0.6275010795696925, 0.6278037021773449, 0.6306186212577682, 0.6331878647316193, 0.6284087615600528, 0.6340896529347997, 0.6324366679334121], "val_ious": [0.46330318718716723, 0.49809536121893616, 0.5151144538236702, 0.5238563350361327, 0.531196298374646, 0.5450528966991798, 0.5509872293990592, 0.5582325023369513, 0.5652595082486884, 0.5645641879974931, 0.5688663975916048, 0.579690699344096, 0.5773312579030577, 0.5733380067175713, 0.582505890208742, 0.5852815573630126, 0.5949457570694494, 0.5897237055975458, 0.5877952165361764, 0.5897823140241096, 0.5872258887342785, 0.5899313163498173, 0.5805556661840798, 0.5904144897409107, 0.6023424429738004, 0.6073701666749042, 0.6082826954299123, 0.5960626325745514, 0.6064626920050469, 0.5990187774101894, 0.6014765626278474, 0.6043204909217532, 0.6145747664614, 0.6135128371525502, 0.6136489981326504, 0.6082608954630035, 0.6095720104117323, 0.61497997265795, 0.6067041124122731, 0.6158953015355094, 0.6085266835879589, 0.6190016492121461, 0.6177564561367036, 0.6084509472484172], "training_time": 1112.96999335289, "avg_gradient": 0.006170288564198844, "memory_usage": 1389.48828125}