{"train_losses": [0.28099025437689346, 0.2540128365482973, 0.2383620093536118, 0.22862960746430833, 0.22197183594107628, 0.21942241101161294, 0.2153679581116075, 0.21296071487924326, 0.20778004744130632, 0.20593283260646073, 0.20454046203066473, 0.201152463403085, 0.19791032989387927, 0.19678256749782874, 0.19544126069092232, 0.19543675082209316, 0.19291145605561527, 0.18995406778286333, 0.18972721088515676, 0.18869940896073115, 0.18609988584142664, 0.18642004052905933, 0.18481371600342833, 0.18418313247030196, 0.18303084770298522, 0.1821425933714794, 0.17988986149430275, 0.17962467872902102, 0.17982605399320956, 0.17866931329278843, 0.17827200338892316, 0.17613862965094007, 0.17550648756973122, 0.1766787104146636, 0.17614368041572365, 0.17358238914090654], "val_losses": [0.2599524129991946, 0.25625857548869174, 0.22917372377022452, 0.23095529267321463, 0.23221415151720462, 0.22436651166366495, 0.21319573988085208, 0.21402757776820142, 0.21259547348903574, 0.21412711720103803, 0.20564160755147104, 0.20295901985272116, 0.2049202539998552, 0.20115664957658105, 0.19958893501240274, 0.20007087938163592, 0.19390319838472034, 0.20023815754963004, 0.19565749524728113, 0.19351905908273614, 0.19165755775959595, 0.19987863690956778, 0.18644808945448502, 0.19578397403592648, 0.19466478863488074, 0.19085021349398987, 0.18957836990771088, 0.1868009622330251, 0.19357675799857016, 0.18601121332334436, 0.1900771347724873, 0.18416921664839206, 0.18508331607217374, 0.18301662964665372, 0.18639080517965814, 0.19213484486807947], "train_ious": [0.4342801115544385, 0.4830962137143682, 0.5120969163118931, 0.52835153637157, 0.5406424900435883, 0.5446152731614269, 0.5518047070481638, 0.5568253369327042, 0.5649757697854353, 0.5690228312775708, 0.5716348995009195, 0.577264843319637, 0.5828776357938417, 0.5842917986970019, 0.5874230388443968, 0.5876928735794364, 0.591279599491669, 0.5962126744182215, 0.5968955101418321, 0.5994206472043541, 0.6030685301816119, 0.6032787381090984, 0.6061638263256652, 0.6071281593994817, 0.6092878367913809, 0.6109414696153529, 0.6149979869200702, 0.6158364609531735, 0.6142971837434218, 0.6167175474482172, 0.617923901888771, 0.6215511004346004, 0.6227611768720808, 0.6204592394979968, 0.6215391594214715, 0.6258808798764061], "val_ious": [0.4655042417023494, 0.4842863572032557, 0.52951336554859, 0.5318577900744866, 0.5154512270853141, 0.5403515807744386, 0.5574867880862692, 0.5538084509148112, 0.5645194094682084, 0.5588564388993856, 0.5620435182599054, 0.5757228721311128, 0.5787022956039596, 0.580854421508485, 0.5814019210528637, 0.5799451615067496, 0.5882973517628683, 0.5857202574826669, 0.5838396123785905, 0.5845671017532763, 0.5950676690841066, 0.5846441368693892, 0.6039680182069972, 0.5913925252962803, 0.5875605318857277, 0.5978454081476599, 0.6000406629797341, 0.6059697894514471, 0.6002435137828191, 0.6076366964025774, 0.598457330810851, 0.6067879623261052, 0.6102321115524871, 0.6086498850929563, 0.6045667138220607, 0.5949771693651227], "training_time": 910.5442304611206, "avg_gradient": 0.004062204323999062, "memory_usage": 1389.48828125}