{"train_losses": [0.27795937025676604, 0.24960164636697457, 0.23603323012914346, 0.2280872034151917, 0.22424368276868178, 0.2217424554831308, 0.21790504204514233, 0.21420181024333704, 0.20868004575047805, 0.20774234790840876, 0.20578878194741582, 0.203482982662061, 0.20158977757977403, 0.19913374770270742, 0.1970221358148948, 0.19559982070780318, 0.19401810034785583, 0.19326152895455775, 0.19039511510535426, 0.18848871844618217, 0.18914732118339642, 0.18853523825173793, 0.1856223781309698, 0.18557366858357968, 0.18412058751868166, 0.1847037066422079], "val_losses": [0.2558836165977561, 0.24346069894407107, 0.23112290935671848, 0.2248985420750535, 0.23121141739513562, 0.2232872027417888, 0.21455576821513797, 0.23468074947595596, 0.20955338555833566, 0.2155285218487615, 0.21101709973552954, 0.21762607052274371, 0.20314915931743124, 0.19995039150766705, 0.19934720999520758, 0.20104579206394113, 0.21239715490652167, 0.20918361583481665, 0.19043784588575363, 0.1929407825936442, 0.19304210530674976, 0.18979867612538132, 0.1891338750720024, 0.19045039817042972, 0.18666419548832852, 0.20037328160327414], "train_ious": [0.44053263457802416, 0.4889772173179235, 0.5151357491217229, 0.5287760841673698, 0.536693386355604, 0.5412016163539628, 0.5487442880976894, 0.5547798355312451, 0.5633426345344906, 0.5649629897721435, 0.5690063724051351, 0.5732692453632319, 0.5761606428718217, 0.5808364483325381, 0.5846377916202169, 0.5880418955955818, 0.590420545983142, 0.5915711412503236, 0.5974954101054565, 0.5998814577317756, 0.59986160101666, 0.60083237554932, 0.6053118171251336, 0.6053105033934115, 0.608045641602813, 0.6068368065508379], "val_ious": [0.46495709697837423, 0.5010212329418763, 0.5261547387294148, 0.5367408041720804, 0.5218178527294726, 0.5425151601649713, 0.5475636181839998, 0.5250963238270387, 0.5615059968785964, 0.5363493563904278, 0.5630362322149071, 0.5421770590802898, 0.5794315744137417, 0.5799163821814718, 0.5849210129699846, 0.5843615652858346, 0.5524055357428564, 0.562216333720995, 0.5992301035186519, 0.5930547703435457, 0.589703162079272, 0.5999815716691638, 0.6022411511428114, 0.5977842827206072, 0.605191008552261, 0.5842068184545075], "training_time": 657.4943284988403, "avg_gradient": 0.009358962626834446, "memory_usage": 1389.48828125}