{"train_losses": [0.2802379243885693, 0.25469977270973765, 0.23974924769414507, 0.23324185326371505, 0.227382460690063, 0.22180625018866165, 0.2185132951354203, 0.215713394805789, 0.21163824718931448, 0.20911137249482714, 0.20597052452680858, 0.2045288397728101], "val_losses": [0.26196220841096796, 0.2542298899396606, 0.23397792810979096, 0.22722468104051508, 0.23375202359064765, 0.21579501000435455, 0.2282076886166697, 0.21002012815164484, 0.21033359513334607, 0.21545634224362994, 0.2071532020750253, 0.2736844838313434], "train_ious": [0.4353314065408179, 0.48292578767607197, 0.509807350842849, 0.5217583830859783, 0.5312884130609636, 0.5411784752825465, 0.5477669233105321, 0.5523013533835396, 0.5591711186520428, 0.5629848677503028, 0.5690435310150836, 0.5708667356250939], "val_ious": [0.4755332134124161, 0.4841572960865671, 0.5196921501470649, 0.5280450991746307, 0.5183780281871989, 0.5494619617643565, 0.5372021862346193, 0.5621913106761116, 0.5575467578094938, 0.559054833823356, 0.5601946859472041, 0.47529101155806275], "training_time": 303.4324972629547, "avg_gradient": 0.006793276262981014, "memory_usage": 1389.48828125}