{"train_losses": [0.27791818150359654, 0.25121828549258085, 0.24009083041354365, 0.23080437679005705, 0.22434058728749337, 0.22173385921379793, 0.21701739307331003, 0.2133831881472598, 0.21144781650408453, 0.2080921223792045, 0.20540538656970728, 0.20346914936342966, 0.1998457717506782, 0.19893343422723853, 0.1974792935602043, 0.19536872329595295, 0.19419347340969936, 0.1921521875521411, 0.19217804082385873, 0.18946522927802542, 0.18764617804275907, 0.18874203049294327, 0.18572690807606862], "val_losses": [0.2599440132794173, 0.2556559443473816, 0.23880896458159323, 0.23214226669591406, 0.2325149865254112, 0.21622402350539746, 0.22951341355624405, 0.2114766978699228, 0.21294937671526618, 0.20585407349078552, 0.2089073632074439, 0.20603823240684427, 0.20239418777434723, 0.20051585105450256, 0.20621625690356546, 0.20462691427572913, 0.19666257565436157, 0.19929968598096268, 0.1986468738835791, 0.19360918486895767, 0.19346414830373682, 0.19465021367954172, 0.1996424191671869], "train_ious": [0.43970882986921905, 0.48652823801165906, 0.5076412291846412, 0.5244045513749558, 0.5349800378030193, 0.5400707141050828, 0.5484661272308534, 0.5548266699348673, 0.5581942643916263, 0.5642859914974456, 0.5691908949959106, 0.5718381398937837, 0.5785627238236475, 0.5801460345046243, 0.5830832037372865, 0.5860339956007143, 0.5894847608346868, 0.5925010765592258, 0.5923668055430708, 0.5977262124635172, 0.60113437090447, 0.5993796252794023, 0.6046516294928569], "val_ious": [0.4735188883715783, 0.47214869863313186, 0.5106376060757085, 0.5214593364060789, 0.5117882240725601, 0.5459396006620449, 0.5422195677739985, 0.5626900723015054, 0.5516577751740165, 0.5688648267068724, 0.568054209800734, 0.5697357015333313, 0.580281588478365, 0.5696723074584767, 0.5626692154269286, 0.5685554436151532, 0.5899818397086599, 0.5796115443758343, 0.5749328516531683, 0.5926741912313129, 0.5900479183680769, 0.5904041561095612, 0.57889158786207], "training_time": 581.8777492046356, "avg_gradient": 0.005783941887918671, "memory_usage": 1389.48828125}