{"train_losses": [0.278642901421889, 0.2500082929821118, 0.2372190395127172, 0.22702770210478618, 0.22249933810013792, 0.2179833817417207, 0.21331798584888811, 0.2110136937673973, 0.20731828944838565, 0.20524461275857428, 0.20263050820516504, 0.19981304831478908, 0.19969624864018481, 0.1972376607844363, 0.1940763028257567, 0.1919863441068193, 0.19294773981623028, 0.18988238169771174, 0.18841703511450603, 0.18792665263880853, 0.18564909421231435, 0.18626396179847096, 0.18370584900612416, 0.18335543775364108, 0.18148994194748608, 0.1810532006556573], "val_losses": [0.26664678234121075, 0.2578462210038434, 0.23138399422168732, 0.22242750000694525, 0.2446564393846885, 0.21789568047160687, 0.214871089419593, 0.2076201529606529, 0.2071269203139388, 0.20428657985251883, 0.20235743567995404, 0.2022694757451182, 0.20076700105615283, 0.20543750537478406, 0.19802929072276407, 0.20213652143011923, 0.1938731119684551, 0.19088417745154837, 0.20174286806065103, 0.19293730673582657, 0.1905375463159188, 0.2025662369054297, 0.19636758578860242, 0.19765078535546426, 0.18777843985868536, 0.19985021002914594], "train_ious": [0.4386352588425974, 0.4906060542857301, 0.5136176490535341, 0.5302447943637769, 0.5401849839296463, 0.5472738425098901, 0.55553379903237, 0.5594839816778037, 0.5658870618790388, 0.5692566815169825, 0.5737474452218283, 0.578727347371371, 0.5798697130943551, 0.5846104992796544, 0.5890830836758236, 0.592559826330862, 0.5917279454677005, 0.5962298587504505, 0.5986819838484129, 0.6003898287704887, 0.604113357114619, 0.6031242029714413, 0.607331858434971, 0.6090036938911763, 0.6116416809027612, 0.6127511276931003], "val_ious": [0.4727138362932895, 0.4948014312464256, 0.5234242123754128, 0.5437602634015292, 0.5069236994005633, 0.5480746365543725, 0.5482222707807154, 0.5670952127463577, 0.570866561886193, 0.5740782413361728, 0.5757738794537558, 0.5759175661681353, 0.5784672280584559, 0.5735943779565286, 0.5848018360742624, 0.579645969297575, 0.5903019144915154, 0.5980479991522388, 0.5786526984926584, 0.5902954393970794, 0.5982559636451196, 0.5768737268188725, 0.589257722099622, 0.575439501931702, 0.6038996579422466, 0.5792836471312289], "training_time": 656.5562558174133, "avg_gradient": 0.003461976310910573, "memory_usage": 1389.48828125}