{"train_losses": [0.2878413108056006, 0.25363928938041563, 0.2354680628556272, 0.22923776329211568, 0.2236366633163846, 0.2179450036390968, 0.2142638432914796, 0.2091743810021359, 0.20679860497298447, 0.205893081896331, 0.20300664210125155, 0.20082484096612618, 0.19903888496691766, 0.19808292162159216, 0.19591694373799406, 0.19379142582740472, 0.192478625346785, 0.19020004708157934, 0.18973856808050818, 0.18797434315733288, 0.18687300691786018, 0.18665180314818156, 0.1848860799294451, 0.18437287065645921, 0.1827815652055585, 0.18310218077638876, 0.17988414074415746, 0.1803650161980287, 0.17966784415361675, 0.17722162215606027, 0.17821299495256465], "val_losses": [0.26223903797242953, 0.24751992329307224, 0.23953551799058914, 0.2375967457242634, 0.2302425574997197, 0.21796089831901633, 0.2109024906935899, 0.20857372070136276, 0.2242448161477628, 0.23111602987932123, 0.20773963565411774, 0.20643317861401517, 0.2040721929591635, 0.2003702709208364, 0.20403747714084128, 0.20719090136496918, 0.19722334036360617, 0.19995043232389118, 0.19486876739108044, 0.19346368474804837, 0.19322021046410437, 0.19675361721411996, 0.1947382614016533, 0.1927434212487677, 0.19339336714018945, 0.18803622670795606, 0.19092491981775864, 0.19100809712772784, 0.1877806176957877, 0.1880154379683992, 0.1928694562419601], "train_ious": [0.4310527213990851, 0.48390693746615143, 0.5172889818423898, 0.5276278940069937, 0.5377602803156427, 0.5483108483038951, 0.5538077753415144, 0.5626961641229581, 0.5670458093231572, 0.568639560535118, 0.5734655216768167, 0.5780093976013039, 0.5808529655678546, 0.583126677983049, 0.5873185329787107, 0.5897383006370586, 0.5930349246963214, 0.5964295635728731, 0.598064814734718, 0.6004714777396211, 0.602845871038195, 0.6036096648785517, 0.6066875963647295, 0.6076598668443984, 0.610248345071855, 0.6092725864247133, 0.615314487529838, 0.6141301675875122, 0.6159142156981904, 0.619590821311526, 0.6185095130965328], "val_ious": [0.46890539233235334, 0.49928799422754755, 0.5029996099031491, 0.509957571932371, 0.5294861605633858, 0.5352374207282412, 0.5590546038271726, 0.560580375833788, 0.5354132613410122, 0.5494065964999406, 0.5617949461591415, 0.5648225666820139, 0.5722469378640684, 0.5741129953792129, 0.5746981968050416, 0.5607756898886916, 0.5821012722841207, 0.5834804626478663, 0.5871911666531495, 0.5889552965544272, 0.5917155908933583, 0.5868428634560625, 0.5815001939949781, 0.5906008028465769, 0.5924277214900308, 0.6003134175055268, 0.5968893062377322, 0.5917260232179062, 0.6014009889053262, 0.6026036119547442, 0.5907033867594125], "training_time": 783.6101107597351, "avg_gradient": 0.003486581545943365, "memory_usage": 1389.48828125}