{"train_losses": [0.2811058342618787, 0.2508643498725217, 0.2376783173531294, 0.22880578486491804, 0.22514472788442735, 0.22131338626470254, 0.21563232487634473, 0.2137859665343295, 0.2091330613778985, 0.20882253073479817, 0.20361074044004732, 0.20188117480796317, 0.20008818861906943, 0.1996287867102934, 0.19638349245423856, 0.19588062960816466, 0.1944686461078084, 0.19203263553588287, 0.19133825656836448, 0.18738576729336512, 0.18779200355967748, 0.18632787271686221, 0.18515799826254015, 0.18391845715434654, 0.18278224215559338, 0.1828457087116397, 0.17965558503309023, 0.17947552061599234, 0.17886628607368987, 0.17812136641663054, 0.17653686950064224, 0.17580988241926485, 0.17623473307036835, 0.17644308191602645], "val_losses": [0.27744319905405457, 0.2467793582574181, 0.23181625649980878, 0.22827570723450702, 0.21960115044013315, 0.23061729319717572, 0.21664332954779916, 0.2133048222116802, 0.20718957580949948, 0.2097975210003231, 0.2036951057936834, 0.2035609069077865, 0.207897807592931, 0.20544313542220904, 0.19737150163754172, 0.20647438259228415, 0.19915493091811304, 0.19570413167062012, 0.19237401077280875, 0.1936408352592717, 0.19144741542961285, 0.19238700555718463, 0.19632142458273016, 0.18973599017962164, 0.18795830108549283, 0.1871227411472279, 0.1886727589627971, 0.1884458434322606, 0.18320509856161865, 0.18841082052044247, 0.18349911142950473, 0.18503194853015567, 0.19014755992785745, 0.18794501313696738], "train_ious": [0.43949682539517904, 0.48711939990196523, 0.5124075834409917, 0.5281318858319863, 0.5341926005709429, 0.5406104159419952, 0.5510474774932516, 0.5540108890205186, 0.5626114755059067, 0.5630044224469559, 0.5721000868395189, 0.5754187469897062, 0.5783885793517465, 0.5798042004091152, 0.5853760163097277, 0.5862996106346448, 0.5891616716980934, 0.5925841599810814, 0.5953067340820596, 0.6007774278413562, 0.6004412821021635, 0.6039012580894043, 0.6056009938103565, 0.6079871922299481, 0.6100440221852147, 0.6095675151201262, 0.6155374971744809, 0.6162013539477534, 0.6166867434006669, 0.6174950966260567, 0.62037300615423, 0.622532732784748, 0.62118271128207, 0.62099053348968], "val_ious": [0.4480533552342566, 0.49956112927284796, 0.5194807316082112, 0.5314273977841155, 0.5449635767634364, 0.534198790680671, 0.5470757359179896, 0.5533271775297496, 0.5672547195268712, 0.56396745123725, 0.569090895894645, 0.5760219259106595, 0.5703203768833826, 0.5684019750443058, 0.5887345403864764, 0.5690722977337631, 0.5763283469106839, 0.5847559670607249, 0.5949819126854773, 0.5907815556595292, 0.5943259717761608, 0.5940530794686165, 0.5865219278611998, 0.6019585195226947, 0.6051130823899008, 0.6020576811355096, 0.6023773395496868, 0.600667910947316, 0.6104738103306813, 0.599053564063017, 0.6127960755341295, 0.607991369954054, 0.6043376538200655, 0.5980760254289794], "training_time": 869.7838609218597, "avg_gradient": 0.0036240029248969766, "memory_usage": 1389.23828125}