{"train_losses": [0.2799974784416997, 0.25212992914021015, 0.23901410919168722, 0.22943303588291872, 0.2234052094914343, 0.22027041244765985, 0.2157285789270764, 0.21185923877941526, 0.20847357129273208, 0.20716888182189153, 0.2041111278307179, 0.2032116500903731, 0.20038149845988854, 0.19628582084956375, 0.1959799997832464, 0.1937029406266368, 0.19158818184033685, 0.1907492284865483, 0.18920401224623556, 0.1889828416802313, 0.18808482004248578, 0.18728391996220403, 0.18591181609941565, 0.1841311490406161], "val_losses": [0.25744762822337774, 0.2446805164217949, 0.23111443934233292, 0.22098803552596466, 0.21722831317911978, 0.21764840412399042, 0.2148606634658316, 0.21148263436296713, 0.20954078047171884, 0.2004517083582671, 0.20616304096968277, 0.21321627465279205, 0.20162679319796356, 0.1980736446769341, 0.19997955858707428, 0.19997023143198178, 0.19277914483910022, 0.19039428655220114, 0.19910561131394428, 0.18913275035827057, 0.20358954240446506, 0.1928084168745124, 0.19092758226653803, 0.19874839743842249], "train_ious": [0.43925253987528284, 0.4862970915231584, 0.5109571741650932, 0.5275585711866188, 0.5385231204276935, 0.5441805239280931, 0.552006222847579, 0.5578366785539667, 0.5647687522721464, 0.566831178639246, 0.5723668998242286, 0.5746555541628515, 0.5787783873038017, 0.5861270419605402, 0.5869310624573539, 0.5900171100553395, 0.5947564329574072, 0.5967037093056287, 0.5996824183865732, 0.5998855737996275, 0.601354188515224, 0.6025070818546024, 0.604596225625795, 0.6078435786716314], "val_ious": [0.4801455935922222, 0.48952172210682987, 0.5256986931182336, 0.5432390933451444, 0.5506596830875976, 0.5434221649083537, 0.554495310437852, 0.5582470657384916, 0.5668865621521852, 0.5794013401736384, 0.5721080069956571, 0.5673244267270185, 0.5798580722100494, 0.5833375274703121, 0.5849566129238709, 0.5780851912239323, 0.5980022119871083, 0.5963396572548412, 0.5776105916154556, 0.6000262989082198, 0.5816622771646666, 0.5988376406223876, 0.6016286838313808, 0.5795290381580159], "training_time": 605.8946597576141, "avg_gradient": 0.003501984042093683, "memory_usage": 1389.48828125}