{"train_losses": [0.27598445822039375, 0.24942552646541077, 0.23745079889245654, 0.2309458994347116, 0.22358901669149814, 0.22051419325820779, 0.21531759664092376, 0.21168185576148654, 0.21088084878157015, 0.20848887761973817, 0.20401972030167995, 0.20346815365812052, 0.20211092852379964, 0.20035827143684679, 0.19532820801048176, 0.19544307029117708, 0.19321445027447265, 0.1908553488066663, 0.1915254950037469, 0.18752845093283965, 0.19023225650839184, 0.18696341866060442, 0.1851772427882837, 0.18315586026595987, 0.18437077582854292, 0.18309441119756387, 0.18152073616890804, 0.17978603157984174, 0.17994263727703821, 0.1793944271200377, 0.1779720822106237, 0.17675508380584096, 0.1765965758620397], "val_losses": [0.287099517557932, 0.24205943294193433, 0.24991828591927237, 0.22944765797127847, 0.2224549579879512, 0.22117994855279507, 0.21358893358189127, 0.2076522361325181, 0.21193432451590247, 0.20685820443474728, 0.21134637652531915, 0.20672039914390314, 0.20199734037337097, 0.20931607193273047, 0.1984118754449098, 0.1944973682579787, 0.20529792490212814, 0.19578925131455713, 0.195411732663279, 0.19548806936844534, 0.197256060074205, 0.19320320435192273, 0.18943250729985858, 0.19462498277425766, 0.19163726140623508, 0.19009371814520462, 0.18746294729087665, 0.1880807853911234, 0.1876792188571847, 0.18705186345007108, 0.1865691034042317, 0.18732939401398535, 0.19761544304049533], "train_ious": [0.44193797812297714, 0.4924305492229218, 0.5136751336302016, 0.5248231580885853, 0.5379903478196996, 0.5422480286139507, 0.5517362524093923, 0.5589043008082587, 0.5599832703237951, 0.5642751662087613, 0.5716295250138079, 0.573013013255769, 0.5750738962728905, 0.5787773172816507, 0.5883424184892491, 0.5879069229830862, 0.5914887512723608, 0.5954094732693137, 0.5943191962829532, 0.6021413622235045, 0.5981497219831183, 0.6029504661218844, 0.606299296669338, 0.6092717176762182, 0.6078375585485195, 0.6090548049820503, 0.6125459612711617, 0.6153851657349992, 0.6152970716357233, 0.6155311219070267, 0.6189067357260244, 0.620903685257055, 0.6211278759806917], "val_ious": [0.4245757617164349, 0.5008310081734174, 0.49195873910102283, 0.5316829548581786, 0.538467643701512, 0.5397580450643664, 0.5564420534216837, 0.5649116341618524, 0.5548449706124223, 0.5604413797458014, 0.5605140762484594, 0.5705298528723096, 0.5766206092160682, 0.5682006270989127, 0.5852096309696418, 0.5893634544766466, 0.5659101357062657, 0.584813783566157, 0.5847235838140269, 0.5886970976556559, 0.5865878944379695, 0.5969102004731911, 0.5986815196448477, 0.5902807043082473, 0.5933288087447484, 0.5977339176596075, 0.6019172720287158, 0.6020912715922231, 0.6038795037977938, 0.6022811553616456, 0.608505027665608, 0.6047011860038924, 0.5868356849836267], "training_time": 834.6735804080963, "avg_gradient": 0.005494511563758377, "memory_usage": 1389.48828125}