{"train_losses": [0.2808785995711451, 0.25285091145854927, 0.238120021055574, 0.23042368702590466, 0.22801347052597482, 0.22148594478874103, 0.2188212389693312, 0.21427581750828287, 0.20935292047974857, 0.20662357066960438, 0.20616480108836424, 0.20306545755137567, 0.201165356632808, 0.20062902472589328, 0.19788904569071272, 0.19688007761926754, 0.1929938117771045, 0.19308535762779092, 0.19144894563309525, 0.19000717131016048, 0.18845815478783587, 0.18798412034369033, 0.18739641700749812, 0.1883618317382491], "val_losses": [0.2621070246981538, 0.2514698829339898, 0.23537460066702054, 0.2289434635768766, 0.23223807986663736, 0.21805827740741812, 0.2184965597546619, 0.2064138676809228, 0.20509831412978793, 0.21172170211439548, 0.21084762299838272, 0.21131852301566498, 0.19864366721847784, 0.20197031387816305, 0.213088721036911, 0.19540559500455856, 0.20931555784266928, 0.191523308015388, 0.19878967333099115, 0.19372634751641232, 0.18857665133217108, 0.1920933797955513, 0.188499270249968, 0.20150163737328156], "train_ious": [0.4354081110576625, 0.4843379410820597, 0.512072744576827, 0.5253870522306447, 0.5299961626583685, 0.5414738252327059, 0.5465870752552714, 0.554763977402362, 0.5622022460228291, 0.5678576710431473, 0.5684210462360713, 0.5744220267279422, 0.577631028773992, 0.5784522176760695, 0.583582042729941, 0.5848521222022997, 0.592906521768242, 0.5916902377013712, 0.5951315636436145, 0.5962656441050165, 0.5998921927226626, 0.6005785606693533, 0.6025460110842318, 0.5995206795632838], "val_ious": [0.4615873964368432, 0.4819468977874604, 0.5133080528914065, 0.5241616162053052, 0.5223014127949009, 0.5531103289213732, 0.540988239257232, 0.5674385771803234, 0.5726239000973495, 0.5657159526279008, 0.5613119766332102, 0.5529706538587378, 0.5850399972304053, 0.5810493127159451, 0.557505801536035, 0.5861360748176989, 0.5685343120409094, 0.5968016083689703, 0.5788066752146984, 0.5923891985330028, 0.5976351812697837, 0.595502786014391, 0.603884431547013, 0.5779639024665391], "training_time": 607.4022564888, "avg_gradient": 0.004038204288499016, "memory_usage": 1389.48828125}