{"train_losses": [0.2799471926106059, 0.2488540832925102, 0.23438385906426804, 0.22593191695278106, 0.2238141772053812, 0.2176533875905949, 0.21395765107287013, 0.2121611952619708, 0.20841427989628003, 0.20583948468708474, 0.2036914001826359, 0.20094029783554698, 0.19936546845280606, 0.19864874325044776, 0.19581297185757887, 0.19329021296099477, 0.19240763095086036, 0.1918282176003508, 0.18958520913577598, 0.19024451716762522, 0.1875956190507049, 0.18789194273236004, 0.18552494810327239, 0.18430250121847444, 0.1823164049697959, 0.18086176956801311, 0.18163658419381018, 0.18095300557172816, 0.1792515381846739, 0.17818347858669964], "val_losses": [0.2688695755989655, 0.24340451476366623, 0.22921508356280948, 0.23643632719050284, 0.21872640530700269, 0.22215414144422696, 0.22860244467206622, 0.2089412659406662, 0.21611252394707306, 0.2558148791608603, 0.21341431270474973, 0.20468025427797568, 0.19834341756675555, 0.21136642182650772, 0.20395376889602, 0.20165676202463068, 0.19527042559955432, 0.19556692210228546, 0.19687301050061765, 0.19561643606942633, 0.20191154207872308, 0.19866635002519772, 0.19017132889965307, 0.19187585912320926, 0.199115507952545, 0.19112818040277646, 0.18907434136971182, 0.18984215577011523, 0.18539125245550406, 0.19518571508967358], "train_ious": [0.44176008171010456, 0.49262623783147025, 0.5181872597423149, 0.5336927556689234, 0.5382626944262049, 0.5475605586678651, 0.5541991955614175, 0.5575947965616764, 0.5647272575052751, 0.5689392617323261, 0.572907279475012, 0.5776985679361701, 0.5803704618111901, 0.5825484753518861, 0.5877452526187552, 0.5919412641745548, 0.5934952029931371, 0.5940948903992552, 0.5986205513278642, 0.5975846694647403, 0.6019993498381494, 0.601218685723733, 0.6055901422556758, 0.6071191309154897, 0.6106891141853468, 0.6134113106282727, 0.6124720169582227, 0.6132178668310678, 0.6161189970114955, 0.6181643220825468], "val_ious": [0.4577313826783844, 0.5006259308345075, 0.528259582925534, 0.5174280554056166, 0.544750953498094, 0.5447982813137164, 0.5351024898497954, 0.5615929388913554, 0.54915892386782, 0.4860295213866923, 0.5632476592841356, 0.5678825577100117, 0.5832896135423493, 0.5579485813344734, 0.5735547281261805, 0.5772291611934053, 0.5903390697810961, 0.5909163092357526, 0.5883718623199325, 0.5842162828514542, 0.5709395952846692, 0.5867941917284675, 0.5993464116169057, 0.5986903908028117, 0.5835895661426628, 0.5941646150920704, 0.6002672873977303, 0.5994456511908683, 0.6044864876978638, 0.5820563832918804], "training_time": 754.0779614448547, "avg_gradient": 0.004153711068924704, "memory_usage": 1389.48828125}