{
  "train_losses": [
    0.27845920452281187, 0.25053982792989066, 0.23663549473428208,
    0.2295942503311064, 0.22314460510792938, 0.22054884202130462,
    0.2139553928990727, 0.21101902959787328, 0.2076729403241821,
    0.2052107382889675, 0.20379366069708182, 0.2016942650889573,
    0.19875085370048232, 0.1973795008076274, 0.194465771317482,
    0.19389100640040377, 0.19316406539924766, 0.19048713528267716,
    0.1904305396196635, 0.18841510185081026, 0.188258430313157,
    0.1857126597315073, 0.1846759179202111
  ],
  "val_losses": [
    0.25762386393287906, 0.23726631344660468, 0.2293623144859853,
    0.2281570029647454, 0.22371432703474295, 0.2185191832806753,
    0.21122566804937695, 0.20524485344472138, 0.20529750831749127,
    0.20278860499029575, 0.2052952022008274, 0.21150920248549918,
    0.19728940628145053, 0.19464414372392322, 0.2002771279734114,
    0.19224396542362546, 0.19570441122936166, 0.1903692966570025,
    0.19558933571628903, 0.19416443226130112, 0.19042234155146973,
    0.1895339809682058, 0.19816662273977115
  ],
  "train_ious": [
    0.4401946599979927, 0.48668243776520986, 0.514256040579167,
    0.5263695005273477, 0.538775876191431, 0.5426848589888084,
    0.5533821987177147, 0.5589666749364224, 0.565807833943678,
    0.5692330051915371, 0.5716847830546503, 0.5747936734038848,
    0.5804413702284944, 0.5844418518785116, 0.5883623217974886,
    0.5899365838563099, 0.5914935152167863, 0.5960962829058584,
    0.5961358391990265, 0.6001692824065684, 0.6009739873849828,
    0.6040104655144007, 0.6063444475656838
  ],
  "val_ious": [
    0.47697469948426535, 0.5091425870423731, 0.5263803426338277,
    0.5391075285016627, 0.5419429900205653, 0.5448959636083546,
    0.5608647694622263, 0.5700645351755447, 0.5742827396893846,
    0.5742293611384821, 0.5683681551313056, 0.5427021667145301,
    0.5876898715893427, 0.5902950640605844, 0.5719791389461877,
    0.5936703105335651, 0.590572364088418, 0.5947248233833176,
    0.5926983144836149, 0.5934706230958304, 0.5922684071288592,
    0.6025696973437847, 0.5757506291071574
  ],
  "training_time": 578.1876769065857,
  "avg_gradient": 0.007799971717778504,
  "memory_usage": 1389.48828125
}
