{"train_losses": [0.27529747120064235, 0.24975027694650317, 0.23476040687250055, 0.22841663844883442, 0.22134983069870784, 0.2166604209367348, 0.2130012509777494, 0.21030585735064486, 0.2088354770904002, 0.20653720920824487, 0.2020657316012227, 0.20037217770257723, 0.19892248073997704, 0.19802968228316825, 0.195317508328868, 0.19309924040799556, 0.19296284432968366, 0.1910066209409548, 0.18914799278844957, 0.18877060913845248], "val_losses": [0.27078108619088714, 0.2441375715577084, 0.24724120322776877, 0.23862971073907355, 0.2230717675841373, 0.22023258487815442, 0.22935976671135944, 0.21612714976072311, 0.22774908205737238, 0.21233869408783707, 0.20750411535086838, 0.20135950394298718, 0.20554387407458347, 0.20568047172349432, 0.21250680121390716, 0.20693434483331183, 0.20268593566573184, 0.19810197696737622, 0.19723413787458255, 0.21795325499513876], "train_ious": [0.4470011374062821, 0.49075979509971274, 0.5177385462852921, 0.5284154157599673, 0.541817954161029, 0.5490366845135237, 0.5558747956394287, 0.5608541800815987, 0.563788899207029, 0.5678193470382169, 0.5760042667388917, 0.5785712910195192, 0.5815509198692398, 0.5834945502920427, 0.5878257627288502, 0.591111448202012, 0.5922212102382948, 0.5955861175729743, 0.5987314755178017, 0.5993025841704315], "val_ious": [0.4503081470080043, 0.49827140202556824, 0.5048738440525703, 0.5090659192722775, 0.5371564093275348, 0.5453901340564091, 0.5251063333041426, 0.5555843853432197, 0.5246508011351461, 0.558793932415437, 0.5634807341772576, 0.5738766137240592, 0.5744219262530836, 0.5697994055091472, 0.5550917132177215, 0.5713372349307158, 0.57413723870464, 0.5859365776397182, 0.5871994147698086, 0.5481468348399453], "training_time": 502.7115423679352, "avg_gradient": 0.0050670876212035015, "memory_usage": 1389.48828125}