{"train_losses": [0.2788676698084759, 0.24928541878319305, 0.23635829588317353, 0.22862872619019903, 0.22411922430214676, 0.21758635293530382, 0.21315459874661072, 0.2109340911164232, 0.20734230914841528, 0.2053966639644426, 0.20386196810590185, 0.2017055679436611, 0.198222360857155, 0.19777384740502937, 0.19510746803944526, 0.1934620065047689, 0.19198265461170155, 0.1903763033611619, 0.18896124269003453, 0.18722110071583933, 0.18696089275181293, 0.18647954766841038, 0.18576245738760286, 0.18373523571568987, 0.1840818131585484, 0.1812614070494538, 0.1807414383991905, 0.1801975398607876, 0.17913041425787884, 0.1782128772009974, 0.17712019634959492, 0.17565455757405446, 0.17606987204888594, 0.17427223021893398, 0.17337354620837647, 0.17563220145909683, 0.17318295007166656, 0.17176440908857013, 0.17001866597844206, 0.17195535491666067, 0.17005836817881334, 0.16970913938206175, 0.1699977611070094, 0.16784710477551687], "val_losses": [0.2651819428024085, 0.25930677095185156, 0.23225700952436612, 0.23087543799825336, 0.2369669588363689, 0.2181838886893314, 0.21680880435135053, 0.2210109480049299, 0.21462561999974045, 0.2104793550527614, 0.210649650381959, 0.2035160226666409, 0.20508448164100232, 0.20458776017893915, 0.20349173085845035, 0.20725025107031284, 0.19937020345874454, 0.19614484193532364, 0.19591151890547379, 0.196993513599686, 0.20013431815997415, 0.19394533238981082, 0.20533218623503394, 0.19896601658800375, 0.18802213604035584, 0.199002164537492, 0.19187677586856094, 0.18637754670951678, 0.18994565243306366, 0.19013442552607993, 0.1897117521451867, 0.19123716393242712, 0.18849171633305756, 0.18529374022846637, 0.18892820082280948, 0.1889908974585326, 0.18523016150878824, 0.18691998720169067, 0.18663682691428973, 0.18666302315566852, 0.18515940010547638, 0.18714820787958478, 0.18682065768086392, 0.18560608670763348], "train_ious": [0.4402198779761145, 0.49205387283818447, 0.5150384725867836, 0.5288521649882842, 0.5381317252320222, 0.5482280859588715, 0.5559848606100547, 0.5589703450492327, 0.5662586078101741, 0.5696762995389494, 0.5728377012023027, 0.5758952257101955, 0.5824762657824636, 0.5832537981695024, 0.5888156740777734, 0.5913591871874919, 0.594059765662836, 0.5971672816229043, 0.5994644666063609, 0.6020113370664739, 0.6027049027059391, 0.6043949931644009, 0.6047209485069563, 0.6089218532045679, 0.6081661146836004, 0.6132046194828077, 0.6136045985571714, 0.6147422652853576, 0.6163330131034922, 0.617898400602997, 0.6201403415289477, 0.6222485303338885, 0.6217905136122218, 0.6253606525344261, 0.6265221342336437, 0.6230932666879634, 0.6276121129808219, 0.6292450792979501, 0.6329455059831558, 0.6295383383074526, 0.6324945701745108, 0.6335873727457251, 0.6324273028775402, 0.6366918825584907], "val_ious": [0.4623114803562994, 0.4794265877293504, 0.5180496852035109, 0.5206621915533923, 0.5156211287215136, 0.5474594349878421, 0.5515904424415119, 0.5492531214503275, 0.5547512633645019, 0.5608679781789365, 0.5635715910921927, 0.5718689046908115, 0.568690836213637, 0.571810953643011, 0.5684273908103723, 0.5757410649372185, 0.5798643790725347, 0.5856087929096774, 0.5865306869365164, 0.585668470332588, 0.5760797819365627, 0.5903053110924319, 0.5713851307181345, 0.577155875770942, 0.6004406673752744, 0.5863320611525271, 0.5887531489133834, 0.602076460917791, 0.598617896221686, 0.602099293815917, 0.6008676858483881, 0.6007619925599166, 0.6033648148826931, 0.6068772202816564, 0.6040780555078948, 0.6029736982739493, 0.6068629615980645, 0.6055214964393256, 0.6078409392764602, 0.6060941335947616, 0.6088336237530777, 0.6059590357801187, 0.6069662426260933, 0.605236300739689], "training_time": 1111.5054833889008, "avg_gradient": 0.002960562435007857, "memory_usage": 1389.48828125}