{"train_losses": [0.27805467330567213, 0.25056096611787443, 0.2379112520619579, 0.2291520667950744, 0.22303129789297996, 0.21883253971843616, 0.21461276458981243, 0.21032753465292248, 0.20671416349385097, 0.2058791606484548, 0.20225100397415782, 0.20208216045537722, 0.198124084783637, 0.198339206530996, 0.19685125634398148, 0.19525948701345403, 0.19294786153604154, 0.1919968032642551, 0.18973775094617967, 0.1892578645568827, 0.18881018346418504, 0.1870203377759975], "val_losses": [0.284686550821947, 0.25643285785032355, 0.2526765967840734, 0.2239041590820188, 0.21810461192027383, 0.21820651286322137, 0.21876756522966467, 0.22081050600694574, 0.20764228312865549, 0.2037254471493804, 0.21011682211057, 0.21034648982079132, 0.20329311846391016, 0.2079369024090145, 0.20602795967589255, 0.20936773846978726, 0.19346644178680752, 0.20589363963707633, 0.18998534523922464, 0.19051404588896295, 0.18948051430608914, 0.208810667304889], "train_ious": [0.44019856294144655, 0.4892523758167372, 0.5123673287368774, 0.5282109088493862, 0.5379832440960238, 0.5460082614065512, 0.5536554530532896, 0.5601974691709746, 0.5671562182622548, 0.5687320915901146, 0.5746426624448403, 0.575082265920397, 0.5826286895443564, 0.581984186625999, 0.5849024807305439, 0.5880830008266629, 0.5912568202593191, 0.5928795995811624, 0.5969105551316255, 0.598151950624542, 0.5988247509019962, 0.6015171164619749], "val_ious": [0.4547447055794191, 0.48954889145882224, 0.4958391661445301, 0.5403677014553028, 0.54833474409753, 0.546050679208576, 0.5538512999596804, 0.5566774589428002, 0.5678321552881297, 0.5698547570601755, 0.5629634606665458, 0.5671774207249932, 0.5682070823251336, 0.5646476985319799, 0.5643343806698702, 0.5620037376664688, 0.5908857361562009, 0.5711814430744752, 0.5983830182880594, 0.5939288085353549, 0.5946821067212283, 0.5619506123273269], "training_time": 555.2054028511047, "avg_gradient": 0.004621950407556946, "memory_usage": 1389.48828125}