{"train_losses": [0.2842251467316047, 0.2525429575015669, 0.2404675541202659, 0.23167432464011337, 0.2271454561015834, 0.22297571720960346, 0.21818975399693716, 0.21291520867658698, 0.2114724686126346, 0.2089800492900869, 0.20566376946542575, 0.20393286078520442, 0.20310456273348435, 0.19971073135409667, 0.19822205756993397, 0.19545014842372874, 0.1944605428725481, 0.19485599993039732, 0.19077428138774374, 0.190936469513437, 0.18962383634694244, 0.18789844822300517, 0.1862156078543352, 0.18590162743044936, 0.18563665846443694, 0.18196004021750845, 0.18302013976094517, 0.18043713919494464, 0.18297368093677188, 0.1803009585355935, 0.1797827124271704], "val_losses": [0.26726982645366504, 0.2592015211348948, 0.2387265277945477, 0.2306841751155646, 0.2269970891268357, 0.226425360078397, 0.22101064253112543, 0.21675140281086383, 0.212787840353406, 0.24641183731348618, 0.20758455246686935, 0.20760962107907172, 0.20444815735454144, 0.20243852326403494, 0.20367137051146963, 0.1979738839942476, 0.20091510272544363, 0.22090964246055353, 0.19251288376424625, 0.20137204748132956, 0.193532460409662, 0.19467977920304175, 0.19398778936137323, 0.19818334832139636, 0.19470815846453543, 0.19090147057305212, 0.19039151137289795, 0.19774797461603, 0.19016942187495853, 0.18582366374523743, 0.1975820968332498], "train_ious": [0.43567210169630555, 0.4858261568984692, 0.5081795836812341, 0.5240090691848939, 0.5331819508818613, 0.5393209965980573, 0.5485877600107071, 0.5574340889419335, 0.5590875583930291, 0.5635514557361601, 0.5703317515444061, 0.572613593028939, 0.5755476122317105, 0.581181407082772, 0.584024298072293, 0.5883265498323716, 0.5898566488986429, 0.5893121230537478, 0.5966467780695447, 0.5971224609276524, 0.5993556551419305, 0.601355118110128, 0.6052433900751067, 0.6061289096656052, 0.6057006589312489, 0.6126636056148484, 0.6105058379471303, 0.6147420150430306, 0.6108647943946767, 0.6146661849773446, 0.6162394957913867], "val_ious": [0.4543845889468989, 0.48736466208229884, 0.5112585088481074, 0.5232753906992899, 0.5341552750787872, 0.5349960508553877, 0.5424411607825238, 0.5472596024257548, 0.5512948884912159, 0.5048347056127976, 0.5604380829178768, 0.5554158320461494, 0.5708922160708387, 0.5778737478498099, 0.5736170456461285, 0.5829949165168015, 0.5804027195857919, 0.5513354725595834, 0.5930673985377601, 0.5687861546226171, 0.5866337995166364, 0.5846764298452847, 0.5886008616374887, 0.5815644475860874, 0.5857536967681802, 0.5947715091532555, 0.5992596380520556, 0.5851384839717892, 0.594724764642508, 0.6061624232409656, 0.5845226276180019], "training_time": 779.1676864624023, "avg_gradient": 0.007249415317488963, "memory_usage": 1389.48828125}