{"train_losses": [0.28278729311473993, 0.25364035643313243, 0.2397779597212439, 0.23303647428427054, 0.22555487700130628, 0.220759733458576, 0.21793721162754556, 0.21441269520184267, 0.21050708765245002, 0.20925786783513817, 0.2066387521993855, 0.20427477797088417, 0.20294416922590006, 0.20021707661773847, 0.19913729345021042, 0.19715141480707604, 0.19591024688080602, 0.1930988988150721, 0.19240562561089578, 0.19064854976275694, 0.1903286598946737, 0.189778798867179, 0.18746459953810857, 0.18666871709992056, 0.18465070215904195, 0.184216460617988, 0.18450334157956683, 0.1831221277623073, 0.1822930618148783, 0.18077947450396809, 0.1800345053653354, 0.1789138429676709, 0.17860685126936954, 0.1767208887183148, 0.1765230507792338, 0.1776985729356175, 0.1743022365414578, 0.17406860471743604, 0.17461020677633907, 0.1742562083122523], "val_losses": [0.25779018648292706, 0.2422433135950047, 0.2330530635688616, 0.22785324765288312, 0.23150650897751684, 0.21559738432583603, 0.21744036123804425, 0.21618456166723501, 0.2125863737386206, 0.2024870518109073, 0.20616596904785736, 0.21073749888202417, 0.2089388441780339, 0.1981798838014188, 0.19449776637813318, 0.20369637174450833, 0.19816723109587378, 0.19153275859096777, 0.1984688519783642, 0.18937081908402237, 0.19571183103582132, 0.18692812712296195, 0.18880622283272122, 0.1986454300906347, 0.18882830473391907, 0.18778137376774912, 0.1860904168823491, 0.1846885357214057, 0.18441703332507092, 0.18213140251843826, 0.18203311381132706, 0.1883123594781627, 0.18184772295796353, 0.18653387803098428, 0.19279680498268292, 0.18627980189478915, 0.178456565608149, 0.17803186016238254, 0.17752247562874918, 0.18542046359051828], "train_ious": [0.4306909251735426, 0.4828337126721939, 0.5094997385867697, 0.5213644172780324, 0.5342970026414027, 0.5424134165750466, 0.5480913559541757, 0.5541373661894728, 0.5612980126794698, 0.5634209947471602, 0.5677743814885614, 0.571960667013258, 0.5749463484878987, 0.578924434853421, 0.5808005384776904, 0.5849477835539458, 0.5864232351490553, 0.5920651751044002, 0.5935692323938657, 0.5965046771950481, 0.5966289340369944, 0.5976258036343084, 0.6019203865333739, 0.603605683784986, 0.6075289160337136, 0.6077542794679388, 0.6079450713983481, 0.6101986727528811, 0.6112956981836022, 0.6140562556684019, 0.6154877776684966, 0.6182736327358781, 0.6176715601721533, 0.6208837548999684, 0.6213573332929955, 0.6199562780127146, 0.6256083853650783, 0.6268467609973057, 0.6253557902747305, 0.6262874035299688], "val_ious": [0.4687072865772938, 0.5007151275657227, 0.5163306293712147, 0.533248089361882, 0.5376054082011832, 0.5485508557463039, 0.5484742608623229, 0.5486723317400269, 0.5522735889839089, 0.5720704210841138, 0.5569866402209669, 0.5724663885607235, 0.5602115325737691, 0.5790548606411271, 0.5878785796787429, 0.5584423396250474, 0.5812024493580279, 0.5912099033594133, 0.5803480768117352, 0.5982304869786553, 0.5911349103502604, 0.6010659211787628, 0.5951740085214807, 0.583925927462785, 0.6000410244948623, 0.6005610374436859, 0.6056618750959203, 0.6076523110918378, 0.6094331000594126, 0.6092400527086811, 0.608690936712251, 0.604524402514748, 0.6123498449291009, 0.608822761454444, 0.6000631987184717, 0.6089361968679704, 0.6182716553625852, 0.6181771474471992, 0.6159225540316622, 0.6067340654739436], "training_time": 1005.652131319046, "avg_gradient": 0.003102729966725947, "memory_usage": 1389.48828125}