{"train_losses": [0.29016448346816975, 0.2554631856796534, 0.24328091934971188, 0.23327637042688287, 0.22863912371837575, 0.2216759551640438, 0.21948230120798815, 0.2172106280113044, 0.21283849126294904, 0.21002592551319496, 0.20812585577368736, 0.2066457663541255, 0.2026065613102654, 0.2014113126889519, 0.19851631031412145, 0.19659979997769647, 0.1955677634510009, 0.19458817228998826, 0.1929799620386051, 0.1903377935776244, 0.18941836723166963, 0.18875254172345865, 0.18812530536366545, 0.18639039531674073], "val_losses": [0.2632988496966984, 0.2448192711757577, 0.2471064128305601, 0.23284313341845636, 0.2310926619431247, 0.21802837887535925, 0.22509079361739365, 0.22773381452197614, 0.21417066811219507, 0.2168129203112229, 0.22048077375992484, 0.2105109396836032, 0.21251150123451068, 0.20536891500587048, 0.19864321143730826, 0.19697375012480695, 0.2059413197895755, 0.20855478845212772, 0.19297221011441687, 0.19447935761316962, 0.19081634963336197, 0.19332740002352258, 0.1903591609519461, 0.20117353583159653], "train_ious": [0.425793801301051, 0.4797926161006309, 0.5021569380617662, 0.5202286765249308, 0.52876139783125, 0.5406477775262747, 0.5454844676929971, 0.5495485150781664, 0.5564023239565067, 0.5621614148975284, 0.563555075638536, 0.5675077801975219, 0.5752719432871413, 0.577292863846473, 0.5823981467148532, 0.5849275455094766, 0.587645878124496, 0.5900780605557174, 0.5927632160592773, 0.5970036924641206, 0.598163974619862, 0.6002378329310725, 0.6006660035446935, 0.6035153676310309], "val_ious": [0.4642555503093677, 0.5056423218785853, 0.502820279179276, 0.5277784581201663, 0.5140439728679863, 0.5503295001344406, 0.5291983624515327, 0.5381312746068707, 0.5637055337429047, 0.5468863114930581, 0.5417395603397619, 0.5608431409666504, 0.5580247756147729, 0.5705362357523129, 0.5864297628834627, 0.5886538683072381, 0.5757909773484519, 0.5634681906389154, 0.5917921115954716, 0.591723075379496, 0.5995989942896192, 0.5932042175445004, 0.591800690561101, 0.5658557896596796], "training_time": 604.7931308746338, "avg_gradient": 0.005161217102641217, "memory_usage": 1389.48828125}