{"train_losses": [0.27945139704515104, 0.25091426382246224, 0.23617736104389894, 0.23014565597733724, 0.2225387008941692, 0.21855174871566502, 0.2133513089755307, 0.21003680741009506, 0.2085251817074807, 0.2069415185276581, 0.20384672300323195, 0.20157073721613572, 0.19965521667314612, 0.19859412636445917, 0.19559962367234024, 0.19554512785828632, 0.19260287171472673, 0.1909385713060265, 0.18986345827579498, 0.18892871734240782, 0.18752809945979845, 0.1876702684423198, 0.18601260812062284, 0.1846864620304626, 0.1825385167384925, 0.18212692625820637, 0.18175631105575873, 0.18192533573702627, 0.17963434731506783, 0.17959938044457333, 0.17890267268471097, 0.1787895584559959, 0.176508662412348, 0.17664506367367247, 0.17843857172714628, 0.17675041763678842, 0.17279197016487952, 0.17248204925461955, 0.1714447966736296, 0.17537390740345354, 0.17227360703375028, 0.1700155494491691, 0.16880553175249827, 0.16939641130359276, 0.16754020175532156, 0.16805526589893777, 0.16941003274658453], "val_losses": [0.2634051843829777, 0.24471750628689062, 0.24129168721644775, 0.22426141668920932, 0.22336039659769638, 0.22067265536474145, 0.21622816926759222, 0.21288299852091333, 0.23142110264819601, 0.20782319488732712, 0.2187421457922977, 0.2047898626845816, 0.204933764817922, 0.2008288612832194, 0.2004052731006042, 0.19688860812912817, 0.1980430564802626, 0.19368910044431686, 0.20289483860782956, 0.1981033540290335, 0.1915155322007511, 0.20321897482094559, 0.1919304738226144, 0.1917183165964873, 0.18845031475243362, 0.18761357859424924, 0.1878179590339246, 0.18748693945615189, 0.18635831740887268, 0.1911015014933503, 0.1874000226025996, 0.18566529873920523, 0.19009715480648953, 0.1869661876040956, 0.18692984367194382, 0.18353525192841239, 0.18057701963445413, 0.18110678021026694, 0.18272772982068683, 0.18195123160662857, 0.1808752151934997, 0.18113452228515045, 0.18486976170021555, 0.18433826999819797, 0.18443380587774774, 0.17791222618973773, 0.1858996784557467], "train_ious": [0.4411053960110344, 0.48841738339135593, 0.5155546952146983, 0.5267692229346088, 0.5398842031271132, 0.5463344460434241, 0.5562320994888097, 0.5614858893542618, 0.5637400199159764, 0.566891285199402, 0.5728746507100869, 0.5770941584006605, 0.5814333517590294, 0.5823178585024847, 0.5881935811561085, 0.5881600730876994, 0.5930358426834361, 0.5957604470136374, 0.5980050326257513, 0.6000105517281998, 0.6020722558748899, 0.6022739402841829, 0.6057537356256576, 0.6081054228479448, 0.6114412506205448, 0.6112545176368693, 0.6127490724126499, 0.6122560548609581, 0.6167162187073538, 0.6158808124238168, 0.6177251013400763, 0.6179611958779285, 0.6217169121339701, 0.6217621282498904, 0.618667312560306, 0.622174033328243, 0.6277448866462362, 0.628888319529917, 0.6310586258769039, 0.6243753425668974, 0.6295246838227563, 0.6333066537112431, 0.6350000815439052, 0.6345121141361154, 0.637952136280744, 0.6370926421081673, 0.6344322224782001], "val_ious": [0.45717615537021455, 0.4994495209792386, 0.5007652010822642, 0.5356520322569903, 0.5336669121963391, 0.5409619212150575, 0.5429090348922687, 0.5619430595981904, 0.5394955541992532, 0.563692981566208, 0.5359700267081675, 0.5638854959304781, 0.5718700579111127, 0.5726867775986162, 0.5798106323117793, 0.5851584899684658, 0.5788764061703198, 0.5904391025719435, 0.5755154093106587, 0.5862877146489377, 0.5965546300445775, 0.5755034289930178, 0.5942075528960297, 0.5916147545196008, 0.5976918210153994, 0.5986005206038986, 0.5983037264018821, 0.5999090172674346, 0.6044589080240418, 0.5995333697916806, 0.6052276967228324, 0.6050606223120205, 0.6038539474425108, 0.6034839606803398, 0.6061605573564335, 0.6114882105502528, 0.6163930679145067, 0.6148375581572021, 0.6087468417658323, 0.6141304682562317, 0.6186474723660427, 0.6127565539833427, 0.6113620564557504, 0.6076348046029824, 0.6130184585201569, 0.622196019559667, 0.6080943797377573], "training_time": 1186.3917558193207, "avg_gradient": 0.005431486187538819, "memory_usage": 1389.48828125}