{"train_losses": [0.2779796496843514, 0.24792034972621046, 0.23612041714722695, 0.227076116544397, 0.2230099438811126, 0.2208352929548077, 0.21409787043281223, 0.21176260110476744, 0.21041547498949195, 0.20743732786049013, 0.20506221695762614, 0.20159786032593768, 0.20067861911071383, 0.19780384238971316, 0.19704365908451701, 0.1953642842076395, 0.19372402787532494, 0.1929201224575872, 0.19157974729719368], "val_losses": [0.25625630435736285, 0.24910953835300778, 0.23495158585517303, 0.21906181165705557, 0.21878841648931088, 0.24111143046099207, 0.2068992140500442, 0.21709777997887653, 0.20129107683897018, 0.21526140590076862, 0.2008354858211849, 0.19759408578924512, 0.19395159282114194, 0.19192225809978403, 0.19653453613105026, 0.19664908459653024, 0.19530071156180423, 0.18860173840885577, 0.2012790311937747], "train_ious": [0.44317890389188047, 0.49444636141044507, 0.5150888920964105, 0.5311622766480929, 0.5384806744970272, 0.5444618818228661, 0.5550456111305864, 0.557759691056782, 0.5618878145688688, 0.5663480346995421, 0.5716912020267787, 0.5774453690518504, 0.5784817009192446, 0.5836856811158898, 0.5851046723732052, 0.5886878851207269, 0.5909587264708853, 0.5929384020467601, 0.5956731065027957], "val_ious": [0.4760278720354688, 0.49610981172409613, 0.5065188444610955, 0.542642553863318, 0.5332870962827102, 0.5368549483625785, 0.5645832814600156, 0.5598640126594598, 0.574776344973108, 0.5428602900626003, 0.5749373591464498, 0.5826575928840083, 0.5834210586288701, 0.5885050622881325, 0.5774255435967791, 0.5865198486093162, 0.5879036492627602, 0.5967385239791179, 0.5705236459987749], "training_time": 478.0805010795593, "avg_gradient": 0.0044203385290010775, "memory_usage": 1389.48828125}