{"train_losses": [0.27949921543831413, 0.2513547286229289, 0.23632896124668742, 0.22971285855316598, 0.22451234544100968, 0.21837165903138078, 0.2152181998219179, 0.21197237697956356, 0.20926433169971342, 0.20763558052156283, 0.2034242206617542, 0.2018737554874109, 0.19971750514662784, 0.19713236124295255, 0.19642716006416341, 0.19383127768726452, 0.1920539059716722, 0.19203232568891151, 0.18967231160596662, 0.18960857091714506, 0.18769934927315815, 0.1862111711145743, 0.1848307709493067, 0.18384013705603455, 0.18256842393590056, 0.18316245573046414, 0.1816581274666216], "val_losses": [0.2636305673614792, 0.249594082650931, 0.2426324613068415, 0.22409219942663028, 0.2192958991812623, 0.21614019799491632, 0.2173958641031514, 0.21019882028517517, 0.23357310210881027, 0.21059251220329947, 0.20287796693003696, 0.21343869521566058, 0.20672304539576822, 0.21431591782880866, 0.19566996071649634, 0.19298096940569257, 0.19508607134870862, 0.20011192074288492, 0.20283065477143164, 0.1887096969977669, 0.19808014935773352, 0.1978306255262831, 0.18831285283617352, 0.18952752163876657, 0.1913233878819839, 0.1884881504203962, 0.20809837560290875], "train_ious": [0.4369575300682471, 0.48757033352402673, 0.515151091729817, 0.5271650279831631, 0.5360565454145703, 0.54760404576318, 0.5515119416936153, 0.5581520098814929, 0.563733059588982, 0.5660999203505722, 0.5736605912392987, 0.5766929674731651, 0.5790908273471441, 0.5849969764442546, 0.585913437270168, 0.5916732875225336, 0.5938261928225771, 0.5939972995631938, 0.5982909270062825, 0.5979505068474052, 0.6021146691687731, 0.6049195930793665, 0.6072087494143542, 0.608617362876733, 0.6108591488522032, 0.6092455208949423, 0.6123780859229353], "val_ious": [0.4669234656553337, 0.49061084560294094, 0.5107404534583506, 0.5321609813018122, 0.5438902267943257, 0.549189680080483, 0.5488621288019678, 0.5555893251861351, 0.5173819350159687, 0.5633101271114487, 0.5701768897149875, 0.5533372757659443, 0.5651169166616771, 0.5498296661653379, 0.5851857195729796, 0.5903620486674102, 0.5890873651141705, 0.5861885245295536, 0.5767698845137721, 0.599378020219181, 0.5795744918826697, 0.5905396182467971, 0.5967259046392164, 0.5896971109120741, 0.5924766068009363, 0.6010630759208098, 0.5781707480765771], "training_time": 682.7401421070099, "avg_gradient": 0.0027187214947147717, "memory_usage": 1389.48828125}