{"train_losses": [0.282500797153815, 0.2532629471110261, 0.2415096884512383, 0.23100436397868654, 0.22684687627074512, 0.22228747865428095, 0.21954339183866978, 0.2145233460418556, 0.21084560842617697, 0.20762079095710878, 0.20601191120627133, 0.20416161094022833, 0.20139895914041478, 0.20001422184640946, 0.1980320833137502, 0.197639434557894, 0.19477665958845097, 0.1930447398968365, 0.19145266590235027, 0.19185625753648902, 0.1888629495287719, 0.18750233680981657, 0.18781059146251367, 0.18711144671491955, 0.18559580045225826, 0.18425849995211416, 0.18316793490363203, 0.18251441119481687, 0.18042486906051636, 0.18069370099059914, 0.1797413152197133, 0.179388083598536, 0.17830560048637184, 0.1775281230878571, 0.17721474478426186, 0.17546699835878352, 0.17505677165868488], "val_losses": [0.27234901390645816, 0.2643944465595743, 0.23261048385630484, 0.2287844639757405, 0.22927296096863953, 0.23171344302270724, 0.22685079568106195, 0.2120597028861875, 0.20797277857428012, 0.20671445584815482, 0.20955288410186768, 0.21106368432874265, 0.20562751170085825, 0.19939188400040503, 0.20366117455389188, 0.1956995628450228, 0.19878082560456317, 0.1963507591382317, 0.19896198161270306, 0.1914019484234893, 0.20527395249708838, 0.19380238781804623, 0.19166879193938297, 0.19123582088428995, 0.19016603704379953, 0.18951293696527896, 0.1895157160318416, 0.19097409138213034, 0.18672196016363476, 0.18598929241947507, 0.18795592078696127, 0.18967043154913446, 0.18824549634819446, 0.18738446319880692, 0.18688444080560104, 0.1824943646788597, 0.1897028043218281], "train_ious": [0.4379386544139866, 0.48358355216897886, 0.5058749091905961, 0.5244069297838471, 0.5321675410251258, 0.538560986653834, 0.5444120296101639, 0.5531798472654993, 0.5599510383562766, 0.5655775582552821, 0.5683219369662845, 0.5706308436566503, 0.5758532375313234, 0.5786797305488068, 0.5813299220973168, 0.5829659795685521, 0.5887251988701199, 0.5906936608362887, 0.5931699976756952, 0.5931941768073519, 0.5986669068427185, 0.6006983128794722, 0.6012714493857778, 0.6023974597885988, 0.6044305486307624, 0.6065598695498445, 0.6089144096966238, 0.6101459831647251, 0.6138151590374933, 0.6127413518834807, 0.6154398498111879, 0.6154565030465952, 0.618151895971834, 0.6181155564128489, 0.618793762194506, 0.6225697872215423, 0.6228976287487626], "val_ious": [0.4442703008003856, 0.4871866647963938, 0.5172143486746844, 0.5236123143762782, 0.529619458252969, 0.5313772721135098, 0.533935210087161, 0.5600399473223132, 0.5640916518759036, 0.5683986700099447, 0.5667915715687518, 0.557702351739441, 0.5646423639162725, 0.5823888312215392, 0.573302672609039, 0.5850448632153912, 0.5828494617472526, 0.5869536527257035, 0.5896059011203656, 0.5974162512499352, 0.5722930452961851, 0.5922463553539221, 0.5978713417830673, 0.5961610184631486, 0.5953184642653533, 0.5989576547906018, 0.6049684623013372, 0.6005089395288108, 0.6052799898645153, 0.6070122492054234, 0.6008470196654833, 0.5949034597994624, 0.6082325998855674, 0.6005666715943295, 0.5992648491392963, 0.610082449040551, 0.6040852892657985], "training_time": 935.4301953315735, "avg_gradient": 0.00433033831769865, "memory_usage": 1389.48828125}