{
  "train_losses": [
    0.27932107391888683, 0.25069187824492867, 0.23890381144440692,
    0.2312166950786891, 0.225499354707806, 0.21959248727754407,
    0.2164441187582586, 0.21188981709596905, 0.20944557962534222,
    0.20714448287111262, 0.20525821014914825, 0.20240998940299387,
    0.20001480396351087, 0.19885887399963711, 0.19706165976822376,
    0.19550361492387627, 0.1962240368289792, 0.19238723717305972,
    0.19096466145761634, 0.19016121352172416, 0.18831671499039815,
    0.18745542277136576, 0.18886778406474902, 0.18638218566775322,
    0.18482420998422996, 0.1826459997859986, 0.1822263949915119,
    0.18293217909724815, 0.18109908619004747, 0.1799054395245469,
    0.17965192825573942, 0.17818950821200144
  ],
  "val_losses": [
    0.2786302809482035, 0.25231878686210385, 0.23845502377852149,
    0.23560383138449295, 0.22612632713888003, 0.22319051590950592,
    0.22271304836739664, 0.21422615323377692, 0.21697942070339038,
    0.2172715715740038, 0.21344051283338797, 0.21195653372484705,
    0.20741487132466357, 0.21097368228694666, 0.2066850082381912,
    0.2198052338283995, 0.20146052312591803, 0.214330876003141,
    0.19913648911144421, 0.19923086172860602, 0.19732766760432202,
    0.19401248868392862, 0.1989903109877006, 0.2018664654182351,
    0.19349636202273163, 0.19240382022183874, 0.19305855683658435,
    0.19092915109966113, 0.19422568575195645, 0.19076048971518225,
    0.1904532284192417, 0.19366124142771182
  ],
  "train_ious": [
    0.43969762444064264, 0.4873096841130998, 0.5089822618587726,
    0.5244665177188057, 0.5345757054569931, 0.54411806266053,
    0.5507449694517728, 0.5580733007332986, 0.5612392544854378,
    0.5661467857442901, 0.5688683242415608, 0.5741054585770421,
    0.5788241720393946, 0.5806859706299032, 0.5846718406655652,
    0.5877529660752717, 0.5862889801138553, 0.592717652303585,
    0.5948963121551535, 0.5971160269733791, 0.5992399219261564,
    0.6019256883233354, 0.5997714320386665, 0.6037014336797638,
    0.6056558525972607, 0.6101234949909257, 0.6109958896818368,
    0.6098003432262635, 0.612757026771272, 0.6150603083272775,
    0.6147904187116932, 0.6180998973440436
  ],
  "val_ious": [
    0.4547529664376507, 0.47541219265996537, 0.5051951199985932,
    0.5236070962703747, 0.5341755015694577, 0.5365174342540728,
    0.5395194700230724, 0.5541793855204099, 0.5497115555664766,
    0.5431267817815147, 0.558014617126057, 0.562676395411077,
    0.5684855071746785, 0.5595277531639391, 0.5668944868704545,
    0.546905887623628, 0.5777752909107484, 0.5660024434328079,
    0.5805963763724202, 0.577662827204103, 0.5855583924314249,
    0.5936344529407612, 0.5862604345100514, 0.5769673931425896,
    0.5909045789984689, 0.595938309379246, 0.590086925720823,
    0.5979983333660209, 0.5851456529420355, 0.5976784719505174,
    0.5987768112749292, 0.59136119376922
  ],
  "training_time": 804.7445070743561,
  "avg_gradient": 0.002888126045963855,
  "memory_usage": 1389.48828125
}
