{"train_losses": [0.2814900500132986, 0.25001164995457814, 0.2352321363337662, 0.22712996958390527, 0.2220276088008414, 0.21675105635886607, 0.21176128931667493, 0.2088619534574125, 0.2070581245681514, 0.20354823517086712, 0.20196657077125882, 0.19968811293011127, 0.19863758462926615, 0.19665345638666465, 0.1966550848244325, 0.1930858253136925, 0.1913085285898136, 0.19151505674033062, 0.18796393761168356, 0.18698767653625945, 0.18601081091100755, 0.18639347192061984, 0.18314386539809083, 0.18305333865725476, 0.1820495256587215, 0.1812569668273563], "val_losses": [0.28152736114419025, 0.25481817450212396, 0.2560533839075462, 0.2253933082456174, 0.22436051362234613, 0.2139662018288737, 0.20842663976161377, 0.2129926872642144, 0.2065852644002956, 0.2162014375562253, 0.20287317134763883, 0.2002199616121209, 0.20007755283428275, 0.20448237236427225, 0.19815715337577072, 0.19697457389987033, 0.1929067570878112, 0.1936003513958143, 0.1918897936525552, 0.19868520485318225, 0.19658898043891657, 0.19353106326383093, 0.20154974836370218, 0.19183657253565994, 0.18764312662508176, 0.19537576644316965], "train_ious": [0.4383207861455563, 0.4895305672957415, 0.5167090075927367, 0.5305620072868422, 0.539581132215866, 0.5487209437280032, 0.5574015690472679, 0.5627536625209926, 0.5669146084591099, 0.5734682390331356, 0.5760549068234967, 0.5798444799215032, 0.5826889714091148, 0.5856174841199235, 0.5851101610755575, 0.5914888927794021, 0.5942082145399805, 0.5953084831328496, 0.6006188243627549, 0.6026675415535766, 0.604296720114307, 0.6033991628151011, 0.6096374533962513, 0.6097673756488858, 0.6119741704584895, 0.6130355382743088], "val_ious": [0.4605708493702652, 0.4988153006719506, 0.4980122903766839, 0.5323784805942271, 0.5418395346057587, 0.5513684384632803, 0.5647007207507674, 0.55057090099739, 0.5658577123413914, 0.5593741210042567, 0.5761754698511483, 0.5816568846719852, 0.5753277294013812, 0.581069679579873, 0.586259592918382, 0.5893449353567068, 0.5932703240626102, 0.5892343359149019, 0.5943422712709592, 0.5825600129538689, 0.5902415349863578, 0.585821262088375, 0.580006186944851, 0.5962582712156186, 0.6045515668996866, 0.5832948833703996], "training_time": 655.9632902145386, "avg_gradient": 0.0043103083067908094, "memory_usage": 1389.48828125}