{"train_losses": [0.27937061291026033, 0.24966682331717532, 0.2373370363012604, 0.22933347604197005, 0.22368769380061523, 0.21909259364980718, 0.21545250640939112, 0.21234176737134872, 0.2081711011250382, 0.20866483644298886, 0.205341052668898, 0.2042254660602497, 0.20083597278141457, 0.20011356383886025, 0.19777619676745456, 0.1974934896697169, 0.19504483400479608, 0.19298779632410276, 0.19289894240057986, 0.19061391889725043, 0.18937457725405693, 0.18852713914669078, 0.18731298937421778, 0.18504522190145825, 0.1839764856773874, 0.18420039530357588, 0.18249091295444447, 0.1833065532795761], "val_losses": [0.25929098705882614, 0.24830034601947534, 0.22992725411187048, 0.22373120454342468, 0.22240351496831232, 0.21812612595765488, 0.21076867826606915, 0.20887678764436557, 0.20391850756562274, 0.2076527256032695, 0.20912487869677338, 0.20110364873772082, 0.20202374620282132, 0.20344711030307022, 0.20634529091741727, 0.19478444139594617, 0.20036528453878735, 0.18990669464287552, 0.1904655746791674, 0.18803439548482065, 0.18768460530301798, 0.18663617191107376, 0.18736889440080393, 0.1916548279316529, 0.19342039622690366, 0.18678220393865005, 0.18695019315118375, 0.19660156868074252], "train_ious": [0.4420672338455915, 0.490790765327604, 0.513143116824221, 0.5271276842154886, 0.5365498458723661, 0.5452375802872839, 0.552008363782712, 0.5567612610217455, 0.5651695942101268, 0.5639397650417208, 0.5709103459789269, 0.5726259392348755, 0.5778944985806079, 0.57940444846948, 0.5828337112738603, 0.5833925517356915, 0.5887759867785635, 0.5925133823268657, 0.5918481650667777, 0.5967726566545342, 0.5983074290704901, 0.6000204455593358, 0.6019176617264747, 0.6066659542637459, 0.6077968985166234, 0.6076943987737536, 0.6108240305945495, 0.6091422088768171], "val_ious": [0.4738674043421296, 0.5000659263004428, 0.5285274214718652, 0.5401916132457014, 0.5309303816461909, 0.550297271406305, 0.5641607819260033, 0.5596227585405543, 0.5685404170898424, 0.5634265689962152, 0.5579274617459464, 0.5778096890535908, 0.5786920617456022, 0.5683709678874501, 0.5689016880764477, 0.5916381620842478, 0.5783347340597623, 0.5979960409627442, 0.5983816024617873, 0.6013713578383129, 0.598433830599854, 0.6017738623895508, 0.6018583748651587, 0.5941849571207296, 0.5882897415886754, 0.6045798313790474, 0.6027776454237924, 0.5848617203857586], "training_time": 706.8982260227203, "avg_gradient": 0.0058412531031242386, "memory_usage": 1389.48828125}