{"train_losses": [0.2799453434088956, 0.2496009367801573, 0.23814056190135685, 0.22949014223464156, 0.22452061574744142, 0.21909230534473192, 0.2148415898985189, 0.2123430038437895, 0.21106404948817648, 0.20569583028554916, 0.20504907842563547, 0.2024059967826242, 0.20185067334576792, 0.19874854466837386, 0.19673379057127496, 0.19606192499075248, 0.1945816076806058, 0.1926932951192493, 0.19117760358621244, 0.1901812959138466, 0.18719902577931466, 0.18742480979341528, 0.18546807190970235, 0.1855735067764054, 0.18614196267140948, 0.18284550025735213, 0.18276414364252402, 0.18162815653435563, 0.18127665045144764, 0.17995593008463798], "val_losses": [0.29197463846724964, 0.24763564862634824, 0.24886113891135092, 0.23692664666020352, 0.2237511435928552, 0.2343003406472828, 0.21423708032006802, 0.21740058032066925, 0.21339162665864694, 0.2080301412421724, 0.20597149140161017, 0.20492915193671765, 0.20341212723566138, 0.20074102574068567, 0.2035173504896786, 0.19735878414433936, 0.19769843764927075, 0.1942935977940974, 0.20720873870279477, 0.1985750266391298, 0.1924968368333319, 0.1898676464739053, 0.19491805200991424, 0.19598075553126956, 0.1900255842053372, 0.18790639062290607, 0.18989754792140878, 0.1889948818994605, 0.1902736033434453, 0.20049620225377704], "train_ious": [0.43660124919572985, 0.490416065344344, 0.5119155577343445, 0.5279270458318617, 0.5370906608422163, 0.5465705842589557, 0.5533885455865792, 0.5574168147168297, 0.5604356468479701, 0.5694555156472797, 0.5703897341761901, 0.5742647350374337, 0.5765673183444621, 0.5822927331470922, 0.5853746940476308, 0.5868791987498596, 0.5892028742726301, 0.5927265340435334, 0.5946503559100458, 0.5972270889990571, 0.6022109871433265, 0.6028982844689622, 0.605661671176769, 0.605078996361598, 0.6042175731905131, 0.6099758035894751, 0.6109444221508677, 0.6121017172716666, 0.6130842380765557, 0.6147757410679174], "val_ious": [0.4396681868727656, 0.4854705165261808, 0.4964845948245215, 0.5331810195592867, 0.5419903747413469, 0.5083429282126218, 0.5556655094243478, 0.5556707297978195, 0.5579667210147001, 0.5672045291765876, 0.5688238126644188, 0.5765302870152654, 0.5741032623294471, 0.5754177680482037, 0.5810388335283253, 0.5844829378352648, 0.586962142068407, 0.5910502853600876, 0.5703442504872447, 0.5886811853750891, 0.5977443521437437, 0.6011911881142767, 0.5913885929014371, 0.5881237234326376, 0.6007309618635454, 0.6038401934547699, 0.6045639763275782, 0.5974491184604342, 0.6024635879025945, 0.5801770179599954], "training_time": 756.9135842323303, "avg_gradient": 0.008353609555299346, "memory_usage": 1389.48828125}