{"train_losses": [0.28431285423753055, 0.2529354616999626, 0.238025751531772, 0.23095362997897292, 0.22279576714272084, 0.2199968544199415, 0.21520785396189793, 0.21103687738270863, 0.20809499992300634, 0.20524716110009214, 0.2030252976262051, 0.20017250497703967, 0.19884997217551523, 0.19721630337121693, 0.19642602109714694, 0.19374271636099918, 0.19221957570508771, 0.19142479732956574, 0.1885255958237078, 0.18846121559972348, 0.18702607034989024, 0.18633479811251163, 0.18560073524713516, 0.18475600931307543, 0.1826307564649893, 0.18314519799921825, 0.1810295163937237, 0.18029752195529317, 0.1786523833061042, 0.17965086257976035, 0.17781919532495996, 0.1766011387757633, 0.17640022674332495, 0.1743204837422008, 0.17451507711540098], "val_losses": [0.26938832454059436, 0.2671086467478586, 0.2357567059605018, 0.24551431284002637, 0.2329311276907506, 0.22358415340599808, 0.21965823873229648, 0.21759913019512012, 0.21131787481515305, 0.21186916789282922, 0.22069020763687466, 0.20935786159142203, 0.2113349220674971, 0.19959935772678125, 0.1999303824875666, 0.2030851283799047, 0.1987139731645584, 0.19879825931528342, 0.20249815835900928, 0.19561807876047882, 0.19403565675020218, 0.19521202406157617, 0.2032278458709302, 0.19221362277217532, 0.1966279958901198, 0.19742465893859448, 0.1930691217598708, 0.18832772613867468, 0.19736781651559082, 0.19131258713162463, 0.1860198702501214, 0.1916351833421251, 0.18550081907407098, 0.19017769882212515, 0.19650784361621607], "train_ious": [0.4321477772059357, 0.48387250520180985, 0.5122563971233542, 0.5254229666746181, 0.5386607135119644, 0.5438961921178778, 0.5521293130527806, 0.5598135099786781, 0.5649523399500316, 0.5703133106555626, 0.5741900632670823, 0.5791269784280357, 0.5818546452438051, 0.5844579163020933, 0.5861014346389666, 0.5913698776368644, 0.5929927345419277, 0.5944793361468595, 0.5999916857243445, 0.6002695350435332, 0.6030597080463082, 0.6041452445197799, 0.6052530223800651, 0.6064847352496094, 0.6099763948848281, 0.6099130762875941, 0.6127434706018456, 0.6144507498196937, 0.6174245306655114, 0.6159228786178259, 0.6186859827974569, 0.6210802500338657, 0.6211756266977475, 0.6248521045714182, 0.6244711758217949], "val_ious": [0.4594014026764511, 0.47538626787887095, 0.5207667046267054, 0.5077883940244068, 0.5210403108942336, 0.5394996091507483, 0.5407886104523272, 0.5526033214468887, 0.5658813000157259, 0.5577667601730514, 0.5545870111040445, 0.5604370567893637, 0.559139711485393, 0.5810465765172157, 0.5832390521747478, 0.5711148964322134, 0.5790478563395097, 0.5812968045905018, 0.5771475360877271, 0.584828801561093, 0.5918977504623107, 0.5910260774519132, 0.5765518554742787, 0.5951272380956705, 0.5942537428244301, 0.5860087662071422, 0.5987871848586678, 0.5998967257530793, 0.5806561490331871, 0.590747665020003, 0.6070354682379876, 0.5967279553845308, 0.6077861384205197, 0.5995987820020621, 0.5927348050518313], "training_time": 882.8459804058075, "avg_gradient": 0.0065332083297660855, "memory_usage": 1389.48828125}