{"train_losses": [0.28541404462378955, 0.2530346270650625, 0.23911434849319252, 0.2312623154695915, 0.22237671223347602, 0.2189686623118494, 0.2155569093706815, 0.2104486891918856, 0.20691038109362125, 0.20345036321036195, 0.2026888698987339, 0.20032556403590285, 0.19721163857890212, 0.19583707634845507, 0.19560197254885797, 0.19339269310559914, 0.19177151317505733, 0.1900776179264421, 0.18963344330373016, 0.1887034857240708, 0.18725718995151314, 0.18478150900615298, 0.18470306151910967], "val_losses": [0.26985477332187735, 0.25735039101994556, 0.2456034752337829, 0.23561310735733612, 0.22756359110707822, 0.2252262480880903, 0.21752020911030148, 0.2121640566898429, 0.214127402914607, 0.20963764935731888, 0.22042594331762064, 0.2077841668025307, 0.19593803293031195, 0.20261718138404514, 0.2016937619318133, 0.19713724501754926, 0.19655739872351938, 0.20452353908963825, 0.19506477564573288, 0.19405210666034534, 0.19509613578734192, 0.19237163274184518, 0.20221178039260532], "train_ious": [0.43326007250183524, 0.4850321205305883, 0.5099575792209826, 0.5247560567290025, 0.5387949981335278, 0.5448838835177214, 0.5514357943573726, 0.5599274361857036, 0.5678267361785193, 0.5726756638968764, 0.5749568704893624, 0.578209746736979, 0.58407823741436, 0.5875081800032356, 0.5885387699025266, 0.5916811025337033, 0.5938860163956453, 0.5981436222251773, 0.5982353313677554, 0.599899190167586, 0.6019994835706725, 0.6074222774933216, 0.6069702974696088], "val_ious": [0.46282606820265454, 0.46868030262598104, 0.5039940989319825, 0.5216587472005166, 0.5348425756977951, 0.5344718503563304, 0.5540805290574614, 0.5582452220977218, 0.5589256165684131, 0.5691202770972597, 0.5464712566007738, 0.5682239672843963, 0.58725070413472, 0.5793854287569075, 0.5836831508339314, 0.583132764135582, 0.5868186825427456, 0.5761915460444879, 0.5909434794515803, 0.5899691121733707, 0.5929397934156914, 0.590974144961523, 0.5812264598798061], "training_time": 581.8512668609619, "avg_gradient": 0.006965466944596465, "memory_usage": 1389.48828125}