{
  "train_losses": [
    0.28110516192796436, 0.25083526839380677, 0.2375330126479916,
    0.22871525877195856, 0.224226090328201, 0.22053156501573065,
    0.21698067231994608, 0.21275940699421841, 0.20788885523443637,
    0.20581360452848932, 0.20636720858190372, 0.20248981735304647,
    0.1998607543013666, 0.19660546606325585, 0.19651549204212168,
    0.19373740960398447, 0.19198971136432627, 0.19248046183391757,
    0.19082028815603774, 0.18824518779697624, 0.18697824402023916,
    0.186865228511717, 0.1854405706829351, 0.1845811857315509,
    0.18347825296223164
  ],
  "val_losses": [
    0.2706929740050565, 0.2464188528449639, 0.2493026933592299,
    0.23693494466335877, 0.21998593923838242, 0.2265667827880901,
    0.21297413952972577, 0.2230752340477446, 0.2176471955102423,
    0.22383365682933642, 0.2054844310750132, 0.2047918218633403,
    0.20554997091707977, 0.19710831344127655, 0.19953791538010474,
    0.2048062941302424, 0.1948680139106253, 0.2017672703317974,
    0.19908032371946002, 0.18861915041571078, 0.19077862993530606,
    0.18925416696330774, 0.19049601807542468, 0.18983681726714838,
    0.1949534085781678
  ],
  "train_ious": [
    0.4353882593872105, 0.4877372810320148, 0.5128661096096041,
    0.5285049686343342, 0.5371674208267437, 0.5422755772436875,
    0.5499369704798943, 0.5563745764556572, 0.5650992435065733,
    0.5684858472019004, 0.5680658856973703, 0.5749512729977352,
    0.5793686371458611, 0.5852212856213251, 0.585300320138534,
    0.5913815151198187, 0.5940163768288018, 0.5929009358034187,
    0.5959839760393337, 0.6004242283710536, 0.6022733467752517,
    0.6030477601764861, 0.6056856734921103, 0.6064880976750369,
    0.6088832160592944
  ],
  "val_ious": [
    0.4465521047080772, 0.4960552507984464, 0.4885238568851914,
    0.5195404856965162, 0.5392088027320047, 0.541461462991825,
    0.555204825664776, 0.5219009122338847, 0.546283260419749,
    0.5498014640980873, 0.5713382011306457, 0.571029194239257,
    0.5656163226003232, 0.5842547552741093, 0.5816142526657685,
    0.5764155027227126, 0.5895671956781028, 0.5817726178877595,
    0.57983975717123, 0.6005505068578583, 0.5999885605297226,
    0.6011959782977038, 0.5989498157000197, 0.6000606238410093,
    0.579634009604005
  ],
  "training_time": 628.3487558364868,
  "avg_gradient": 0.0032498099116412007,
  "memory_usage": 1389.48828125
}
