{
  "train_losses": [
    0.27261166396024433, 0.2341667348114045, 0.2085152783471605,
    0.1907603637031887, 0.17721248077957527, 0.16392530517085738,
    0.1590662318403306, 0.15247835729109205, 0.14738426426344592,
    0.14214606186294038, 0.1367778577234434, 0.13121390731438345,
    0.12823062082347664, 0.1289036107533004, 0.11974687226440596,
    0.11747288278749456, 0.1149197676340523, 0.11166021021325952,
    0.11425339556096689, 0.104836229396903, 0.10339738934746255,
    0.09952926607397587, 0.09812440447833227, 0.09637889067601899,
    0.09230016406787478, 0.088717355919273, 0.08795873905815509,
    0.08778909974448058, 0.08908814102735209, 0.0854701793793103,
    0.08545466799936864, 0.07978450911848442, 0.07798548698749232,
    0.07681073655333856, 0.07426711398622264, 0.07421430761156522
  ],
  "val_losses": [
    0.2667421786033589, 0.21834833434094553, 0.20120383151199506,
    0.17598871076884476, 0.16496909442155258, 0.17083798575660455,
    0.16825409103994785, 0.15226789644878844, 0.1643672041271044,
    0.14728222965546275, 0.1538926623761654, 0.14429879431491313,
    0.145426400653694, 0.1517801762599012, 0.14004238581527834,
    0.145014857792336, 0.13962904266689136, 0.13697976926746575,
    0.13541167229413986, 0.14667287647076274, 0.13216760786979095,
    0.13669825701609903, 0.1340382772943248, 0.13398110915137373,
    0.13225994566860405, 0.13809544301551321, 0.13360541880778645,
    0.13973728356801945, 0.14217107824009398, 0.13612305745482445,
    0.13229108456036318, 0.12955834700361543, 0.1362834299064201,
    0.13869378715753555, 0.13797130889218787, 0.14940079657927804
  ],
  "train_ious": [
    0.4500941141656991, 0.5244348415753978, 0.5707249336916468,
    0.6040221022414984, 0.6278489082511786, 0.6527343753023425,
    0.6623177619084071, 0.6738584059412064, 0.6827354965650515,
    0.6922765536692694, 0.7015919670786547, 0.7107442203855164,
    0.7171186824207716, 0.7158888850523081, 0.732006580015456,
    0.7362346966629443, 0.7414527175327141, 0.7476378949763985,
    0.7422261306665078, 0.7593426539198207, 0.7623049547706825,
    0.7694327948425999, 0.7721148014500521, 0.7758451718027181,
    0.7828903823443083, 0.7897795299473016, 0.7915333880894424,
    0.7917214007913198, 0.7896080091055752, 0.7968751436666299,
    0.7964812412426092, 0.8081106713068656, 0.8117453561744826,
    0.813724519441957, 0.8193293129620349, 0.8195515216692639
  ],
  "val_ious": [
    0.4873140576309051, 0.5501227572128393, 0.57981444420158,
    0.6328200060820234, 0.6500561587188556, 0.6466218313013298,
    0.6569011312895927, 0.6765569396640945, 0.6560161007919174,
    0.6866740523904995, 0.6852052578891532, 0.6949956928906235,
    0.6894443533990696, 0.6907831959534384, 0.7002723571183024,
    0.7017243308001669, 0.7051614695701045, 0.7108484569235125,
    0.715968741670899, 0.7029445344123286, 0.7198448448941327,
    0.7147752048744671, 0.7230575380549912, 0.7179791979167771,
    0.721642585768216, 0.7225980946551198, 0.726283684372902,
    0.7204766545606696, 0.7185809193313986, 0.7286710158206414,
    0.731596787986548, 0.7304824335851532, 0.7260491420393407,
    0.7289206497911094, 0.727032285237658, 0.7152590287336406
  ],
  "training_time": 770.7849130630493,
  "avg_gradient": 0.002340724459094235,
  "memory_usage": 1145.87109375
}
