{"train_losses": [0.2774880242574474, 0.24891132618422093, 0.2371680195564809, 0.22970087915335013, 0.22266200897486313, 0.2182982026234917, 0.2140469215810299, 0.2118296298481848, 0.2081355737603229, 0.20784137843419676, 0.2049124127496844, 0.20377034637267175, 0.1992907013906085, 0.1972923166240039, 0.19834786402466503, 0.19577783670114435, 0.19330032914876938, 0.19291423860451448, 0.1917916537950868, 0.18952792720950168, 0.18760798085966837, 0.1874112207442522, 0.18536902129974053, 0.18482552371595218, 0.18420305888613928, 0.18253306040297385, 0.18049687908395476, 0.1810213559023712, 0.18122355194519396, 0.17800292963890926, 0.17833060479682425, 0.17636335673539535, 0.1755888002074283, 0.17639192679653998, 0.17485446061777032, 0.17372459918260574, 0.1730600601953009, 0.1708370651239934, 0.1740282294542893, 0.1709172637404307, 0.1704229105911825, 0.17021162087178748, 0.1685302780698175], "val_losses": [0.26115485572296643, 0.2520324348107628, 0.23769274451162503, 0.23917318200287613, 0.23206346546826156, 0.21804275525652844, 0.21399027854204178, 0.213293951490651, 0.22049551878286444, 0.21189601395441138, 0.20948166400194168, 0.20329861440088437, 0.1997215304037799, 0.20194430195766946, 0.19912575023329776, 0.20084192571432694, 0.20475576947564664, 0.20243719284949097, 0.1968576817408852, 0.19429841475642246, 0.19087590374376462, 0.1918449197774348, 0.19888252473395804, 0.19299262470525244, 0.19446689408758414, 0.19450692929651425, 0.18880322575569153, 0.1906970127121262, 0.18832355510929358, 0.18448209049909012, 0.1862646966524746, 0.18837254526822464, 0.18348382478174957, 0.18804218198942102, 0.18930437869351843, 0.18347618178181027, 0.18867615221635156, 0.18849918473026026, 0.1849713795211004, 0.18413468515095505, 0.18281648664370828, 0.1842232226677563, 0.1871978407320769], "train_ious": [0.438675388234897, 0.49081285505731026, 0.5146339688774039, 0.5269399201902359, 0.5386651633442314, 0.5459969675411348, 0.5533092362617235, 0.557816301728936, 0.5636303542262836, 0.5648629512043969, 0.5701503780656969, 0.5717968792803046, 0.5800113694715329, 0.5838732723200666, 0.5818638125623484, 0.5861863129488798, 0.5913894963653192, 0.5917460309422533, 0.5933401737416136, 0.5969640955436921, 0.6006675372845024, 0.6012374734425027, 0.6052925126168173, 0.6056551687635374, 0.607069695935301, 0.6106948031895404, 0.6134920153172986, 0.6130998340313848, 0.6122969950994719, 0.6187690567711123, 0.616980837469084, 0.6212183842300503, 0.6222622140270212, 0.6214005736013254, 0.6236960928941118, 0.6265066710395224, 0.6271640912130259, 0.6315064840558646, 0.6262603367584341, 0.6306644380632517, 0.6313607728351716, 0.6320770645271178, 0.6348928543536558], "val_ious": [0.45756200490438415, 0.49151692312696715, 0.5087175344427426, 0.5191768382986386, 0.5262932432950407, 0.5434375910655311, 0.5572277899237648, 0.5556005296715792, 0.5315610166045203, 0.5595429159592892, 0.5623356872710631, 0.5713877636885296, 0.5805502000494281, 0.5742112370072932, 0.576595657977505, 0.5814221637404483, 0.5728895990312963, 0.5815663093674011, 0.5843551992506221, 0.5833652734324551, 0.5922685099252757, 0.58978128346844, 0.5867025951544443, 0.5907855267110078, 0.5933229769917502, 0.5849836379073668, 0.5984615560459053, 0.5975134837022726, 0.5957937173653339, 0.6070186269024146, 0.6038830148569051, 0.6065084677243578, 0.608834401204966, 0.6029404609099678, 0.5951925870301067, 0.6098542461792631, 0.6056149260721346, 0.5977710068657779, 0.6107061919958695, 0.6080001039781431, 0.6127150322216145, 0.6104005119506862, 0.6038702830024387], "training_time": 1087.326849937439, "avg_gradient": 0.00454155784435253, "memory_usage": 1389.48828125}