{"train_losses": [0.2810432785393103, 0.2527533225391222, 0.2404205670337314, 0.23375077205507652, 0.2251548583254866, 0.22258154351426207, 0.21837198264572932, 0.21356748182164587, 0.21066424218208893, 0.20808480121195316, 0.2056285542152498, 0.2045891932009355, 0.20082928661418997, 0.19945883645635584, 0.19802135949873406, 0.19558239695818527, 0.1953574220609406, 0.1939811070814081, 0.190861027120896, 0.1899505810731131, 0.1894967832966991, 0.1883682900958735, 0.1870932344995115, 0.18607512302696705, 0.18380039112399454, 0.18355379075459813, 0.18194534961620104, 0.1793821204615676, 0.18090489417638467, 0.17933282482883203, 0.1812779709858739, 0.1779216226676236, 0.17637660937464755, 0.17581573452638544, 0.1749451404194469, 0.17460738276333912, 0.17540278277643348, 0.17246605893192085], "val_losses": [0.2823560419289962, 0.25032577987598337, 0.23617596211640732, 0.23125357116046158, 0.22633988053902335, 0.23881790171498837, 0.21545764091222183, 0.21342279988786447, 0.20642645819031674, 0.21146011514508206, 0.20986768700506375, 0.2041277360656987, 0.20490193172641422, 0.20629892951768378, 0.20076463436302933, 0.20630732956139938, 0.19828804841508035, 0.1927130798930707, 0.19197000530750855, 0.19969577083121176, 0.19226973762978677, 0.1899335170569627, 0.19241041787292645, 0.19178318944962128, 0.18892345609872238, 0.19094008077745853, 0.18332024566505267, 0.1862901776381161, 0.18501320546088013, 0.1908399883819663, 0.1863418117813442, 0.1851540505886078, 0.18377796042224634, 0.1873499025469241, 0.1837197286279305, 0.19000128883382547, 0.18029183797214343, 0.19675172152726547], "train_ious": [0.43802442944244185, 0.4846287375936905, 0.5092294418617436, 0.5197536903500987, 0.5349500415225826, 0.540041737906311, 0.546704110675964, 0.5557429895776768, 0.5593447544328545, 0.5640357163991185, 0.5691054588642674, 0.5716088048141932, 0.5785960609606211, 0.5800534869557704, 0.5830851884531802, 0.5874434529763202, 0.5880895891915198, 0.5900107095746887, 0.5961471645404464, 0.5975454721761787, 0.5987303854654662, 0.600541698058014, 0.6030616997808648, 0.6044888380321041, 0.6081097020727134, 0.6087380372311759, 0.61171254677617, 0.6156553332356443, 0.6137955026242182, 0.6167570644638674, 0.6137212953813698, 0.6193610321784366, 0.6217610641126183, 0.6228812034579291, 0.6245791974167028, 0.6245579081385033, 0.6234930239725804, 0.6291579626824546], "val_ious": [0.4351732856121616, 0.49174055251954274, 0.5178976075156875, 0.5270866834814996, 0.5314638275599134, 0.5044237987502761, 0.552066764537839, 0.5465223211525143, 0.564046779188557, 0.5547115642955339, 0.563287111080211, 0.5732496657233308, 0.5790733813807586, 0.5687732955683832, 0.5739158830348996, 0.5734016465536059, 0.5823234596114227, 0.5952297142450361, 0.5911738509717194, 0.5826021348652634, 0.5935080500616544, 0.5989508225002151, 0.5951822689477949, 0.593316354829332, 0.6020028072854748, 0.5897158185640972, 0.6099249724892604, 0.6030992355899534, 0.609941255139268, 0.5995117879432182, 0.6061323453550755, 0.6102445786413937, 0.6086897433236025, 0.5983317300029423, 0.6102525103783262, 0.602120906546496, 0.6155794571707215, 0.5852123056200966], "training_time": 973.5139107704163, "avg_gradient": 0.004965905374775267, "memory_usage": 1389.48828125}