{"train_losses": [0.281617335246309, 0.25493128662524017, 0.2415139949678079, 0.23178391085694666, 0.22495943064922871, 0.2201993170639743, 0.21839790661697803, 0.21306618667491103, 0.21102938371831956, 0.20841856802935185, 0.2058924447907054, 0.20232666397224303, 0.20121391004194383, 0.1990431913215181, 0.1973443518028311], "val_losses": [0.27054366987684497, 0.24324142025864642, 0.23511904899192893, 0.22890679441068484, 0.2332993376514186, 0.21938215552464777, 0.2167634147664775, 0.21430676268494647, 0.20624344569185507, 0.20345381679742233, 0.2087958173259445, 0.2023994495039401, 0.20544971363699954, 0.20701389565416004, 0.24353593620269195], "train_ious": [0.43603866797048574, 0.47992377431280386, 0.5051023618358635, 0.5228664486304573, 0.5356085871926684, 0.5428583453530852, 0.5478357133064149, 0.5562634084211744, 0.5604750924352285, 0.5650709690391152, 0.5693143862637059, 0.5757630892583855, 0.5777860445820767, 0.5820460717423243, 0.5843776876403802], "val_ious": [0.4595429659753606, 0.5008906841925953, 0.51586000966853, 0.5310971335224484, 0.5304416150286579, 0.5484069451905678, 0.5422827598193416, 0.5487463092026502, 0.56634995902794, 0.5727603966775147, 0.5630838326785874, 0.5737112319987753, 0.5667697001194608, 0.5667890550001807, 0.5003085981892503], "training_time": 383.0267241001129, "avg_gradient": 0.0035294823976061533, "memory_usage": 1389.23828125}