{"train_losses": [0.2820386608819599, 0.255620278822987, 0.24211225294224595, 0.23160768996762193, 0.2246762754638558, 0.2189995648096437, 0.21628718960868276, 0.21257728524506092, 0.20804785078634386, 0.20644637480702088, 0.20359392909576063, 0.20189981081563493, 0.19923104442979978, 0.19766307929935661, 0.19735610970984335], "val_losses": [0.2626041157738022, 0.2609247228373652, 0.24102201442355695, 0.22815359675365945, 0.21969231250493423, 0.22918986982625464, 0.2159032539828964, 0.20830339776433032, 0.20483284702767496, 0.20899002901885821, 0.20403550856787225, 0.21094363830659701, 0.20269475650528204, 0.1997381999440815, 0.21312587189933527], "train_ious": [0.43725184890428087, 0.47926615111097903, 0.503464495925152, 0.5232618134738743, 0.5355070915505076, 0.5451321266861495, 0.5490998876267585, 0.5562657615898747, 0.5641466000697752, 0.5668386438240608, 0.5714686455717986, 0.5745281388686185, 0.5795381258687247, 0.5828615165706992, 0.584130478725917], "val_ious": [0.45108804992143664, 0.49042716104051326, 0.5097229993645696, 0.5224579131041748, 0.5429709626064784, 0.5253376990988636, 0.5470403877721317, 0.5622800809965617, 0.5715468795835108, 0.5598531185068947, 0.5693978649982508, 0.5566974962535112, 0.5721204349960107, 0.5799303497525231, 0.5424537790426308], "training_time": 378.8119797706604, "avg_gradient": 0.005084546432013294, "memory_usage": 1389.48828125}