{
  "train_losses": [
    0.28183031487076177, 0.2255566563943158, 0.20469120719834513,
    0.1884482694870752, 0.17574538185220698, 0.16722580013067825,
    0.15798497386276722, 0.15201389064769383, 0.14621443868331288,
    0.1413618320113291, 0.13468651599048273, 0.13094712198590455,
    0.12824467630328043, 0.12160392376877692, 0.12088826274418313,
    0.11600474746006986, 0.11370445447771446, 0.11004960217067729,
    0.10803789657581112, 0.10308875827847616, 0.10106353963846745,
    0.09826686715140291, 0.098126119731561, 0.09547588059111782
  ],
  "val_losses": [
    0.24748755732308264, 0.2228571192725845, 0.1970782247574433,
    0.18586379743140677, 0.18989310186842215, 0.15970506583866867,
    0.16342002153396606, 0.17183438720910446, 0.19922724463369534,
    0.15051699057221413, 0.14438524647899295, 0.14413034284244414,
    0.14649884030222893, 0.13359390555516534, 0.1408827685467575,
    0.143080219950365, 0.14086167368551958, 0.13744331863911255,
    0.13006283148475314, 0.147018953833891, 0.13322676896401073,
    0.13360110945675685, 0.13578843147210454, 0.16324054304024446
  ],
  "train_ious": [
    0.4278004059864991, 0.5401776216762224, 0.5777229644844066,
    0.606723853805359, 0.6287572178179804, 0.6454036173721153,
    0.6630365019799144, 0.6725805415839387, 0.6847114325973435,
    0.692872897276412, 0.7041541847629821, 0.7123158727435104,
    0.7173472354053586, 0.729002969690423, 0.7300324743424637,
    0.7398978248238565, 0.7432997770931413, 0.7496948023529161,
    0.7535339508043685, 0.7627813843065414, 0.7664811857908533,
    0.7713320220186226, 0.7718483127005721, 0.776980780335008
  ],
  "val_ious": [
    0.4893745950598648, 0.555878312907357, 0.5978653694408524,
    0.6240476847126866, 0.610454604677532, 0.6568944002839102,
    0.6515055948841401, 0.6556710160296896, 0.6111533352430315,
    0.677615191841471, 0.6940256836621654, 0.6917348069989164,
    0.6862105221852012, 0.7085049484950909, 0.7015973251798878,
    0.6981120653774427, 0.7004021511993549, 0.7081062573453655,
    0.7220965390620024, 0.6943097943845002, 0.7172906210888987,
    0.7202060706373574, 0.715758923387182, 0.6758979170218758
  ],
  "training_time": 514.3338491916656,
  "avg_gradient": 0.02157677399544975,
  "memory_usage": 1145.87109375
}
