{"train_losses": [0.2747890441476003, 0.24803735251012055, 0.23561675644115262, 0.22862998865868733, 0.2225375161708697, 0.21989666873022265, 0.21617346240774446, 0.21099660877624285, 0.2100229792944763, 0.2056033555418253, 0.20487074230028235, 0.2032255845387345, 0.20018077917073085, 0.19812294095754623, 0.19655469950774443, 0.19427588339085164, 0.19367599900326002, 0.19226538649071817, 0.19179621727570242, 0.1897177096132351, 0.18709754595613998, 0.18556479356535102, 0.185803416468527, 0.18403649467812933, 0.18414741341510546], "val_losses": [0.2543495802775673, 0.24790868940560715, 0.2328342681993609, 0.2283707507278608, 0.23577474673157153, 0.22973817651686462, 0.2114708203336467, 0.24295025610405466, 0.21818964442481165, 0.2072021841354992, 0.214501542241677, 0.20611160604850107, 0.20145991444587708, 0.20331483301909073, 0.2002517849854801, 0.19900710913150207, 0.21033819408520407, 0.20140842575093973, 0.20663458594809408, 0.19140730377124704, 0.1919147381963937, 0.19405114197212717, 0.19200483418029288, 0.19885782249595807, 0.20609557563843933], "train_ious": [0.4460032155595556, 0.49414475275662506, 0.5167670584675192, 0.5286071169581532, 0.5392905912915434, 0.5446394447345232, 0.5506178383054079, 0.5597737988700042, 0.5613287573923237, 0.5689550405503186, 0.5715110815953516, 0.5744048333254417, 0.5787187238102375, 0.5822624460510587, 0.5860552753227345, 0.5903071753032828, 0.5908003613028837, 0.5929811454337572, 0.5938459574312406, 0.598154631699773, 0.6022967122819116, 0.6051948102380053, 0.6048470243163728, 0.608352694282497, 0.6082202112437154], "val_ious": [0.48230657920889225, 0.49218933208697097, 0.5238762857473417, 0.5240969291847685, 0.5314396741813509, 0.5138482677115911, 0.558353011806806, 0.4997447668642238, 0.5387061663727829, 0.5662984323242436, 0.5560190057840898, 0.56590386858021, 0.58091974042464, 0.573721885897111, 0.5854166214880737, 0.5837134042943734, 0.5730500445849652, 0.578595105936562, 0.5725975820551747, 0.5935531411913858, 0.5965503467165906, 0.5888908943836239, 0.5942843783160916, 0.5868070447358531, 0.5769411461508792], "training_time": 632.1389262676239, "avg_gradient": 0.0038056973015807723, "memory_usage": 1389.48828125}