{"train_losses": [0.2743697147006574, 0.24906855198028294, 0.23598478961250055, 0.2292045030095007, 0.22444221749901772, 0.21835420612731707, 0.2146435513606538, 0.21245471242329347, 0.2084845753143663, 0.20570638014570528, 0.2057632182765266, 0.20184714071776555, 0.20180067363316598, 0.19889366019355215, 0.19669881600724615, 0.19517084162520326, 0.19419217506504577, 0.19385645392796266, 0.19229599396171776, 0.1926342469194661, 0.18768892202364362, 0.18930705620542818, 0.1882411359768847, 0.18695122586644214, 0.18609647736277268], "val_losses": [0.25569443307493045, 0.27997309196254483, 0.2529575426293456, 0.23934253693922705, 0.2229562609092049, 0.22268329204424567, 0.21536672666021014, 0.2093715016608653, 0.20875882292571274, 0.2028288656602735, 0.20448390394449234, 0.2028557868755382, 0.2017677027894103, 0.19899852476690127, 0.19944147441698157, 0.19557177048662436, 0.2017117026059524, 0.19578286389941754, 0.19412424804075903, 0.19693406703679459, 0.19171283782824225, 0.19134147238472235, 0.1925234256879143, 0.19583778925563977, 0.19789693115845972], "train_ious": [0.44519933397827705, 0.4912164056322711, 0.5159025967553044, 0.5275154528680487, 0.5357129296854788, 0.5462615867347818, 0.5532448664307594, 0.5574932676618516, 0.5643255394761979, 0.5686055868864058, 0.5697722512202847, 0.575990286534247, 0.5754741662438362, 0.5813159606810927, 0.5845113998090016, 0.5883748475192249, 0.5894943607458172, 0.5905218453187008, 0.5930358292399976, 0.5924366978199582, 0.6015975902909816, 0.5982921821591648, 0.6010612597068149, 0.602181251174298, 0.6037912188988666], "val_ious": [0.47986696941265167, 0.47941670016102156, 0.5007298828467078, 0.5229173464619593, 0.5458439375827278, 0.5260853927204573, 0.5549373935530151, 0.5658726035684779, 0.5595631459053011, 0.5741909124713015, 0.5728580692540044, 0.5768003513415654, 0.5768324294383976, 0.5771389545305916, 0.5860158660705538, 0.587132662102796, 0.5729241109844567, 0.5893586714198624, 0.587335259154223, 0.5851995586485104, 0.5920137685278187, 0.5957478092632432, 0.5860212045735206, 0.5923560628856438, 0.5846507458583167], "training_time": 643.1636209487915, "avg_gradient": 0.00503510163626169, "memory_usage": 1389.23828125}