{"train_losses": [0.2801781827988832, 0.2533627086035583, 0.2408046554774046, 0.23156984020834384, 0.22732894632803358, 0.220546402927974, 0.21746186215592467, 0.21424260727413322, 0.21037192415931952, 0.20732819815368755, 0.20430045032306857, 0.20385442844227605, 0.2007706528124602, 0.1993637407279533, 0.19616963479505933, 0.19600002483829207, 0.1944864113693652, 0.1918958641750657, 0.19087708061156067, 0.18863743486935677, 0.18813961671422358, 0.18760407513574415, 0.18613463316274725, 0.1848785345159147, 0.1839459552227155, 0.18296255155102067], "val_losses": [0.2792341404634973, 0.24740814255631488, 0.2468412363010904, 0.23109112841927487, 0.220621167641619, 0.21808861811523853, 0.22383322372384692, 0.21599485854739728, 0.20938072126844656, 0.21466888616914334, 0.20854087141544922, 0.20556747913360596, 0.20567577105501425, 0.19803237040405688, 0.19836340585480566, 0.19716012153936469, 0.19640988662191058, 0.19869966254286145, 0.1939367658418158, 0.19202815644119098, 0.19520710959382678, 0.19944615597310272, 0.19080693436705548, 0.20003023808417114, 0.18849971307360608, 0.19881094538647195], "train_ious": [0.438935265160989, 0.483583729363222, 0.5069943274492801, 0.523730213605407, 0.5306751571757635, 0.5421010575972605, 0.5479286450190822, 0.5533984299965097, 0.5606809985162556, 0.5662139149625666, 0.5721581829306868, 0.5730030323122292, 0.5780065959670404, 0.580528633426065, 0.586096148775971, 0.5868057793519202, 0.5887817898630231, 0.5940040154517563, 0.5955994454198987, 0.5994334007086962, 0.6013340654688472, 0.6011061402226705, 0.604116114585296, 0.6072058698729326, 0.6082012283521285, 0.6097671273501886], "val_ious": [0.429726575811704, 0.4950994167854819, 0.5027650783675304, 0.5268313943044, 0.5384001048362773, 0.547369118186011, 0.5405403395061908, 0.5533965890822203, 0.5593261309507964, 0.538972940997801, 0.5655523663845614, 0.5735997222903846, 0.5694465712792632, 0.579269134911938, 0.5790677673142889, 0.5845784091431163, 0.5846938527580621, 0.5876592252997385, 0.5946652507004532, 0.5949567979660586, 0.5945706667675489, 0.5765802879696308, 0.5937175847913907, 0.581842198320057, 0.6020683339540507, 0.5844324870385985], "training_time": 657.4254972934723, "avg_gradient": 0.003782587467058659, "memory_usage": 1389.48828125}