{"train_losses": [0.27972085854929424, 0.25165458598538587, 0.23983281923700933, 0.23079553197907365, 0.22552502819377443, 0.2191086438201044, 0.21556690813082716, 0.21271937105642713, 0.20853236633474412, 0.2057613075265418, 0.2036163389844739, 0.20131542954755866, 0.19866464416617932, 0.1986443153380052, 0.19643075812769972, 0.19257180020213127, 0.19242341128056464, 0.1916122048607339, 0.19030626182970795, 0.1875352671612864, 0.18681909022447857, 0.1869956158587466, 0.18563760015303674, 0.18347234497575657, 0.18271672652791376, 0.18229140381774175, 0.1809404366042303, 0.17922344471773374, 0.17959452663426814, 0.17714084676750327], "val_losses": [0.2770848782814067, 0.24774796288946402, 0.2365408510617588, 0.23485246235909668, 0.22307280094727225, 0.21833644969307858, 0.21607707052127176, 0.212363011163214, 0.22077866805636365, 0.21234588778537253, 0.20535913660474445, 0.20305111615554147, 0.22279185445412344, 0.1980905604103337, 0.1944638532788857, 0.20395170249368832, 0.19264569684215213, 0.19292042404413223, 0.20404579976330633, 0.19092134580664014, 0.18592013742612756, 0.1974138419913209, 0.1978408768773079, 0.1951372882594233, 0.1884465360123178, 0.1883636097545209, 0.18537471281445544, 0.18615149188300836, 0.1896290769395621, 0.19465509899284528], "train_ious": [0.43988956948337365, 0.4866833801016857, 0.5082303337158933, 0.5244384968410368, 0.5330899441209825, 0.5450913937411445, 0.5519995952861898, 0.5565761514008044, 0.5642530804742937, 0.5682184824153131, 0.5731873070362256, 0.5764748823923476, 0.5807403134371057, 0.5817525451058063, 0.5855275782877988, 0.5913769178956317, 0.5924155190047145, 0.594711633588093, 0.5958306542125299, 0.6011490037367829, 0.6021389729626803, 0.6013223058611586, 0.6043509356677532, 0.6081727809016256, 0.6091973274082373, 0.6103261092110823, 0.6130203189517277, 0.615685470348251, 0.6148146711613817, 0.619794939361189], "val_ious": [0.44917447249526554, 0.4846518350684126, 0.5189951590221861, 0.5153228653513865, 0.544647439342478, 0.5526205430860106, 0.5514096559389777, 0.5609230678798495, 0.5384538011706393, 0.5517980924982956, 0.5711757188689882, 0.5727315308607144, 0.5443509900267575, 0.5821828877796298, 0.587749661742777, 0.5697156397112904, 0.5974089367234188, 0.59656554935635, 0.569609518284383, 0.6012762162996376, 0.6079236800255982, 0.5838508846751159, 0.5874791652828023, 0.588138825867487, 0.6028613221386204, 0.606721132993698, 0.6087300855180494, 0.606414963585743, 0.6015234816333523, 0.5981602755145751], "training_time": 754.3935439586639, "avg_gradient": 0.0027511328917901273, "memory_usage": 1389.48828125}