{
  "train_losses": [
    0.27678298650552396, 0.24901598270820535, 0.23525299180461012,
    0.22812706645092237, 0.2220850710797569, 0.21703254625849103,
    0.21310443512123564, 0.20871573864765788, 0.2075076630420011,
    0.20369546577010467, 0.203067763587055, 0.20045501196190066,
    0.19879109882142232, 0.19676607669047688, 0.19589479089431142,
    0.19371106629462345, 0.19258184811991194, 0.18978491449809592,
    0.18898385625494563, 0.18761994292878587, 0.18537085778687312,
    0.18421326537171137, 0.18418844222374584
  ],
  "val_losses": [
    0.27625340806401294, 0.25325613209734793, 0.23648551527572714,
    0.22779158438029495, 0.23352809703868369, 0.21697371258683826,
    0.23979929866998093, 0.21235776789810346, 0.20837646269279977,
    0.20893807644429413, 0.2086475190261136, 0.20176684597264166,
    0.20145061579735382, 0.1973945809447247, 0.20402745351843213,
    0.19477459626353305, 0.19868957478067148, 0.19820184519757394,
    0.1912432730845783, 0.1924927066201749, 0.20649397114048834,
    0.18878436250531155, 0.21390450972577799
  ],
  "train_ious": [
    0.44221906600506516, 0.4918473510584539, 0.5160526217001937,
    0.5277732338054458, 0.5392515797006044, 0.5475467341695573,
    0.5556315641202356, 0.5625545883524246, 0.5658363108185752,
    0.5721692580297809, 0.5732041875953261, 0.5782673623466836,
    0.5805363233430664, 0.5854920909564565, 0.587081284302732,
    0.5900855331641177, 0.5930271468840648, 0.5978201355083265,
    0.5989592572053272, 0.6013911160221996, 0.6059471292124274,
    0.6077887880197469, 0.6079594767180043
  ],
  "val_ious": [
    0.4566123149749163, 0.4864630276958146, 0.5000050602399786,
    0.5330420657992363, 0.5143405301631359, 0.5529737794312877,
    0.5085480044717374, 0.5499140047940655, 0.5667513142461361,
    0.5644349745218306, 0.5604246606429417, 0.5716859346282656,
    0.5806975446749425, 0.5864389836788177, 0.5750989595401114,
    0.5894634259351788, 0.5836757736793462, 0.5740128848431767,
    0.598557154553524, 0.5901379235412764, 0.5644277206797532,
    0.6001848727464676, 0.5737036738706671
  ],
  "training_time": 578.5773704051971,
  "avg_gradient": 0.003910857874273442,
  "memory_usage": 1389.48828125
}
