{"train_losses": [0.27861614873551804, 0.2483779822030793, 0.2356051588026078, 0.2284861873511387, 0.2221209012457858, 0.21767455242250278, 0.21526656826229199, 0.21211597461091436, 0.20856755364524282, 0.20747539554925068, 0.2050517095333856, 0.20312638807555902, 0.20039388043401035, 0.19918746339238208, 0.19668107738961343, 0.19459589538366898, 0.1929561953343775, 0.192407820859681, 0.19001985754331815, 0.19092831752546455, 0.18807546097947203, 0.18718391664974068, 0.1856821080588776, 0.1835243122895127, 0.18238102118282215, 0.18192598005027874, 0.18189972347539404, 0.18003491806271282, 0.17948179853999097], "val_losses": [0.277317239538483, 0.23800411690836368, 0.23545356127231018, 0.22321420810792758, 0.21768357799105023, 0.21428752690553665, 0.2092446228084357, 0.20789848915908649, 0.20439544870801593, 0.21361477316721625, 0.2070911319359489, 0.1994140196753585, 0.20330284276734228, 0.19648290231176044, 0.1987484022974968, 0.19830802439347558, 0.20131228086741074, 0.19731972884872687, 0.19211015753124072, 0.2103978350110676, 0.19448961997809616, 0.18876881379148233, 0.1919990541494411, 0.190656836266103, 0.1891353007244027, 0.18789119467787121, 0.19307299444208975, 0.18601111257853714, 0.19845924656028333], "train_ious": [0.4424126192495442, 0.4931073047598638, 0.5161380343193163, 0.5286131110852178, 0.5388423581270205, 0.5471851890501769, 0.5512447930548501, 0.5577221811897511, 0.5627354612385013, 0.5660482215006717, 0.5689361886917682, 0.5741402038737482, 0.5783345181548937, 0.5801334112234736, 0.5856017306231068, 0.58831983761511, 0.5914591483339883, 0.5924844432460226, 0.5974894271812576, 0.5950919308200262, 0.6009164297062418, 0.6033575425761335, 0.6051610098692819, 0.6089662301583566, 0.6106064235926539, 0.6116214188328685, 0.6120860506982907, 0.6152696906980397, 0.6161628679196908], "val_ious": [0.43552308119293576, 0.5141596010197765, 0.5005889447486921, 0.5378672319693841, 0.5520434743468312, 0.5490959761799247, 0.56127136470615, 0.5669227264065673, 0.5680910966534545, 0.5618882374703021, 0.5664961289452468, 0.5825967653722003, 0.5685470702423566, 0.5862783167673191, 0.5791766455639963, 0.5794053878905118, 0.5870210711938748, 0.5877558340628941, 0.5913649570682774, 0.562819651071576, 0.5910716879626978, 0.6016967998466631, 0.5961108363193014, 0.5983617752790452, 0.5999105002569115, 0.60704783965712, 0.5930078236953072, 0.6058834408936292, 0.5881070401789487], "training_time": 728.7459871768951, "avg_gradient": 0.005643599779104414, "memory_usage": 1389.48828125}