{"train_losses": [0.276975038015972, 0.24829121808642926, 0.23608704664460992, 0.22898633859079817, 0.2220345754986224, 0.21851918797778047, 0.21362227371529394, 0.21068691518967567, 0.20799379585229832, 0.20482709833785243, 0.20276245264255482, 0.19999976877285086, 0.1984976762500794, 0.19541572585054065, 0.19468869196008082, 0.19442524704272332, 0.19125660095849764, 0.18755157883076565, 0.18854467182055765], "val_losses": [0.26301936157371686, 0.2348491510619288, 0.2269732385225918, 0.2302914702374002, 0.2400106311492298, 0.22542293693708337, 0.21602169748233713, 0.2051610664828964, 0.2026532561234806, 0.20669300627449286, 0.2021888792514801, 0.20102070919845416, 0.20060201216003168, 0.19331090573383414, 0.2060260999461879, 0.19036921567243079, 0.19223413940357126, 0.1986559694227965, 0.207804042360057], "train_ious": [0.44197142413695856, 0.49324432501326443, 0.5153368674218655, 0.528405352941026, 0.5397754983733529, 0.546917435375677, 0.5553911627148803, 0.5618703319434671, 0.5655067473973918, 0.5716456263933493, 0.5750713276312404, 0.5799287180213821, 0.5823187813486745, 0.5879630356271198, 0.5891508398496583, 0.5897581391576406, 0.5953120349541953, 0.6016538831526815, 0.5999055617097495], "val_ious": [0.4556852516488753, 0.5197311675418975, 0.5304162189148475, 0.5065066355510035, 0.5089015889426938, 0.5305017995229666, 0.5453427503074425, 0.5715848894222924, 0.5751581969468491, 0.5689712389223817, 0.5793439255676409, 0.578729090699251, 0.5765597267427307, 0.5914803877256919, 0.5627577203339424, 0.592936852272006, 0.5949138001255366, 0.5757891045532365, 0.5591610924921175], "training_time": 480.399169921875, "avg_gradient": 0.0029961474030756503, "memory_usage": 1389.48828125}