{"train_losses": [0.2818784840081049, 0.2533201943759037, 0.23999796678190646, 0.23127762260644333, 0.22390558748789455, 0.21816804956482805, 0.2157771694271461, 0.21226964048717334, 0.20861039270201456, 0.20666563308433347, 0.20352134999373686, 0.201881670433542, 0.1994697842746973, 0.19740993092241493, 0.19612541049718857, 0.19278880799918072, 0.190780079478155, 0.1913003885065732, 0.18973784375449884, 0.18894839853696202, 0.18807730499816977, 0.1861463392396336], "val_losses": [0.26730057564766513, 0.25742038371770276, 0.24823109935159268, 0.2392679067409557, 0.2356184941271077, 0.22049357482920523, 0.21466165327507516, 0.21356527021397714, 0.21014827749003534, 0.20479750957178033, 0.20519397019044214, 0.20768658266119336, 0.19879247896049335, 0.203117238762586, 0.20045819392670755, 0.1938715901063836, 0.19473914964043576, 0.1965617861436761, 0.19897916297549786, 0.1922512239088183, 0.19366598226453946, 0.2070884157134139], "train_ious": [0.4381080795943306, 0.48330309274403915, 0.5077145218687212, 0.5240553838025399, 0.5363213399938055, 0.5456017334338114, 0.5504539420531283, 0.556972551577981, 0.5634380571976088, 0.5661185631069582, 0.572664036105077, 0.5753472308101865, 0.5797051360857658, 0.5834692222592622, 0.5857667827681786, 0.5911693954165431, 0.5943559704051501, 0.5940189445796219, 0.5969967366452668, 0.5986170419424341, 0.5998238834242026, 0.6039529181476953], "val_ious": [0.46819574677425874, 0.4883301939437354, 0.5007735811497853, 0.516531604571619, 0.5097619163385335, 0.5397264729591383, 0.5540608593087265, 0.5499406871588334, 0.5646017198113428, 0.5679579154736752, 0.571156811239063, 0.5669619523096775, 0.5806047020183093, 0.5736898261567821, 0.5824979729410531, 0.5894951833331067, 0.5916775253371916, 0.5851079674734585, 0.5843912626522174, 0.5954783286737358, 0.5948720047439355, 0.5576214416735414], "training_time": 555.8530564308167, "avg_gradient": 0.005139207152680199, "memory_usage": 1389.48828125}