{"train_losses": [0.28447048220297566, 0.2518329190333252, 0.23894362467462602, 0.2294381871495558, 0.22363423969110716, 0.21866312776894672, 0.21600774975250597, 0.21196631196400392, 0.20813279331702253, 0.20472179563797038, 0.2032692001565643, 0.20231463015079498, 0.19910175134630306, 0.1979835262603086, 0.19760134208785451, 0.19357803463935852, 0.19304760861332002, 0.19046378921231497, 0.1902680541996075, 0.187530893103584, 0.18783100200412067, 0.18393763300517332, 0.18449034039740977, 0.18524682392244754, 0.18298929192773675, 0.1814449280500412, 0.18104853059934534, 0.17956515757933908, 0.17838545248884222], "val_losses": [0.27092701099489047, 0.2487500575573548, 0.2571348149491393, 0.2281353204794552, 0.22129805288884952, 0.21813542169073355, 0.2175647017100583, 0.2123280410533366, 0.2123186873353046, 0.21655417816794437, 0.20790810656288397, 0.20459896520428036, 0.20144048397955688, 0.20416577516690546, 0.20154848500438358, 0.19993639543004657, 0.1954965617345727, 0.19288669235032538, 0.1967926446510398, 0.20240598528281503, 0.18674662158541058, 0.1889422147170357, 0.18715879288704498, 0.19208441545134006, 0.19478370411240536, 0.1867994134840758, 0.18546393513679504, 0.1862667351961136, 0.20140853653783383], "train_ious": [0.4296063041597931, 0.48520884260643227, 0.5104432017744881, 0.5274872562807539, 0.5376920680367, 0.5468990881859822, 0.5513049548734789, 0.5579502337706694, 0.5651980017082415, 0.5713422586196572, 0.5742640612457977, 0.5762535649473252, 0.5812508719230906, 0.5835308704687201, 0.5839882048683752, 0.5915614141934161, 0.592192109026339, 0.5971304016808672, 0.5974833858401886, 0.6016480347708516, 0.6016743031964785, 0.6091004133872366, 0.6071091374733311, 0.6067328918455303, 0.6103839048764843, 0.6124006506001605, 0.6139868375831754, 0.6170160610066808, 0.6181445913794245], "val_ious": [0.465236253172591, 0.49687740584646434, 0.47905619312887593, 0.5313600215359011, 0.5443923140781515, 0.5471415236808251, 0.549120091765687, 0.5654257842596028, 0.5568926777096762, 0.5475992860569471, 0.5722360038670942, 0.5781767698733704, 0.5813937079215393, 0.5756618538196536, 0.5754005971594134, 0.5837665651587471, 0.5880530029535294, 0.5917360320471337, 0.5832878828480625, 0.5776341969984166, 0.6034632944974347, 0.6024897422479546, 0.6028738501279249, 0.5957223252541777, 0.5939869409885958, 0.6062499194041543, 0.6065390274144601, 0.6047363948562873, 0.583110145252684], "training_time": 731.8367373943329, "avg_gradient": 0.004300909911860406, "memory_usage": 1389.48828125}