{"train_losses": [0.2829829775120901, 0.253296273396067, 0.24009150145170483, 0.2312314699039511, 0.22551082568648068, 0.22095691040158272, 0.2163203111647264, 0.21376920944970587, 0.21007286076960358, 0.20757978563399418, 0.20478233719325584, 0.20273775566855204, 0.20220556264014347, 0.19964292313417661, 0.19670529153359972, 0.19624685868620872, 0.19523308086006538, 0.19213909299477286, 0.19236437960163408, 0.18959237934778567, 0.18972347968298456, 0.1872093766603781, 0.18568231797088747, 0.18506326437320397, 0.18447239850850208, 0.18248590875578963, 0.18258327998868798, 0.18124643802318885, 0.18115254224318525, 0.17954170963038568, 0.17831390885555226], "val_losses": [0.28709706793660705, 0.24992047930541245, 0.24865878308596817, 0.2322681368045185, 0.23585923307615778, 0.22363604637591736, 0.2296481725314389, 0.2078162723261377, 0.2032032997711845, 0.2038789692780246, 0.20434847312129062, 0.2081558675221775, 0.19574182415785996, 0.2004603196097457, 0.20135073752506918, 0.19370796110319055, 0.1956963425745135, 0.19410356134176254, 0.1945039876129316, 0.19031979467557825, 0.19380391097587088, 0.18829288819561835, 0.1914424047521923, 0.19438002355720685, 0.18632805250261142, 0.18594172856082086, 0.1873456618708113, 0.1869401053889938, 0.19273605780756992, 0.19315312738003937, 0.19199803212414618], "train_ious": [0.4373185983791518, 0.4840241183081399, 0.5079527198728444, 0.5231281520015952, 0.5334831959959389, 0.5414093017470148, 0.55046052283243, 0.5544827760507663, 0.5608402278976165, 0.5659412741661073, 0.570421258392541, 0.5743526359075225, 0.5752166358727043, 0.5798298589669275, 0.5852875775941038, 0.586341700800087, 0.588070842720892, 0.5934312915888387, 0.5934943270640098, 0.5976829859765543, 0.5979704849853894, 0.6022742565019404, 0.604781860242719, 0.6063474989563657, 0.6070960588969182, 0.6108784937448257, 0.6104684409995872, 0.6128489654241266, 0.6124890076293462, 0.6161725673878536, 0.618753981925007], "val_ious": [0.4293517125905425, 0.46711693747320043, 0.49289950922779413, 0.5243823596316833, 0.5175513162993002, 0.5442529443813406, 0.534448218950327, 0.5692517509063084, 0.5740123803632846, 0.5704544212507165, 0.5740819242985353, 0.5644936550786529, 0.5890321148478467, 0.5790001013572665, 0.5708062162865764, 0.5906884566597316, 0.5894940674736879, 0.5956377942061079, 0.5880185344080994, 0.5967579607082449, 0.5958140019489372, 0.6028734570828038, 0.595347046636153, 0.5952232350473817, 0.6065663747165515, 0.601293152657108, 0.6011930224688158, 0.6059338536815367, 0.5925252228111461, 0.5975953869629599, 0.5937410793874575], "training_time": 784.5806014537811, "avg_gradient": 0.00427978926196612, "memory_usage": 1389.48828125}