{"train_losses": [0.28299170683907426, 0.2553884517401457, 0.24094118218383062, 0.23422940067299033, 0.23024103272220361, 0.22313359201602315, 0.2185934309888145, 0.21632329050613486, 0.2133880836646194, 0.20975147487352724, 0.2077610280526721, 0.20525685430544874, 0.2042428331206674, 0.20041957683861256, 0.19981458289143833, 0.19682600624535396, 0.1951252886944491, 0.19543438364306223, 0.19288073148092497, 0.19114801125681918, 0.19027185772100222, 0.18872621525888858, 0.1899222653845082, 0.1869164442886477, 0.18592673774970614, 0.18424607367943163], "val_losses": [0.26220626481201337, 0.2515205381357152, 0.25008523852928827, 0.2463473185248997, 0.22354844892802445, 0.21471889802943106, 0.2289342643774074, 0.21289099688115326, 0.2078558860913567, 0.21035231001999066, 0.20781582885462305, 0.19996996256320373, 0.20629806168701337, 0.2009592969780383, 0.1969847225624582, 0.19556586735922357, 0.21114317457313123, 0.1917823630830516, 0.1943870186805725, 0.1907949272705161, 0.1879321505194125, 0.18679771539957626, 0.19070485299048218, 0.19303970427616782, 0.18880995103846426, 0.19472336736710175], "train_ious": [0.4327170361234952, 0.4797714181190382, 0.5070533604239638, 0.5187732225580923, 0.5261939106968005, 0.5381515069014352, 0.5455177303511595, 0.5494080541412468, 0.5560087108633656, 0.5618741797094325, 0.5648674009016894, 0.5698495026731838, 0.5724438866195477, 0.5788394939964231, 0.5794461780106244, 0.5857661050082981, 0.588252384323573, 0.5881318188123944, 0.5920261996595751, 0.5954542708029781, 0.5967464079891426, 0.5995640810309115, 0.5981228808885894, 0.6033590890575148, 0.6048875980187152, 0.6084476486388324], "val_ious": [0.4664446277462917, 0.49315946603166877, 0.4968534024513286, 0.5039530118954355, 0.5399265743900038, 0.5400776534840681, 0.5255900550147761, 0.5565435175878414, 0.5654432536035341, 0.5609438851259757, 0.567984002439872, 0.5770869756090468, 0.5702838550011318, 0.5795406614956649, 0.5838845277178115, 0.5855186903390331, 0.5522133864570357, 0.5899762934532716, 0.5924567567265553, 0.5994536030119746, 0.6050817031359328, 0.5999781344679819, 0.5947775773812031, 0.5900122486594794, 0.6016355366378591, 0.5854607360518497], "training_time": 657.3965840339661, "avg_gradient": 0.002993710199980436, "memory_usage": 1389.48828125}