{"train_losses": [0.2819014537431624, 0.25562472787240276, 0.24100405107373776, 0.23289697730670805, 0.22681859629633633, 0.22339111299294492, 0.21848679277236047, 0.21464678304998772, 0.21267597887503065, 0.20946618461090585, 0.20740532939848694, 0.20560797004272108, 0.2027931973014189, 0.20208136235242305, 0.20063997424491073, 0.19787417497971785, 0.19665559729480225, 0.19493562485212865, 0.1928646388747122, 0.19213651015382746, 0.19020965727774994, 0.18936260660057483, 0.18731459578418214, 0.18652413915032925, 0.1856084399573181, 0.184106793416583, 0.18340398427908836, 0.1826932378437208, 0.18214639138592326, 0.17984812658118166, 0.17893359769621622, 0.178235519029524, 0.17796779739791932, 0.17632720635636992, 0.17737631613145705, 0.1748483415045168, 0.1750434062079243, 0.17541258020893388, 0.17217983337848083, 0.17246945947408676, 0.17244829480414806, 0.17176053300499916], "val_losses": [0.26825317027776135, 0.25249062932055927, 0.23927008069079855, 0.23354816339586093, 0.23249302188987317, 0.22336376749950906, 0.2159605551025142, 0.207102887980316, 0.20160126297370248, 0.22647230262341705, 0.20056968085143878, 0.20465212347714798, 0.19824080817077472, 0.20622832004142844, 0.19189294265664142, 0.19539918718130692, 0.19559620094040167, 0.18742562247359235, 0.18781462927227435, 0.20458527298077292, 0.18672510204107864, 0.19026614952346552, 0.18666830756094144, 0.19169290104637976, 0.18490503080513165, 0.18617170304059982, 0.18943259962227033, 0.18175240249737448, 0.18148423277813455, 0.18216571568146997, 0.1791992407778035, 0.1781099007829376, 0.18130242759766785, 0.18275471193634946, 0.17830947268268335, 0.1786815556495086, 0.1776182492790015, 0.17604999276606934, 0.17477241255666898, 0.17715116233929343, 0.17969297390917074, 0.18400853807511536], "train_ious": [0.43107964101659196, 0.4797220104846404, 0.5058449513778306, 0.521196498306117, 0.5314188709725506, 0.5377978962184724, 0.5455538148897281, 0.5520966738138506, 0.5560638205674676, 0.5618193528304495, 0.5658932341181714, 0.5693683340281683, 0.5737770340148953, 0.5752986173914824, 0.5778852119717911, 0.5825934225450391, 0.5852491790833679, 0.5882091000676158, 0.5910474405340529, 0.5933328848062215, 0.5966230801482135, 0.597501599378344, 0.6017967152638711, 0.6035428100629993, 0.6048572425177132, 0.6075590968779899, 0.6097263309402743, 0.6105984331689016, 0.6109069979925087, 0.6152948210204862, 0.6167216675113076, 0.6179605873058672, 0.6190087463220827, 0.620815341887267, 0.6200231114483397, 0.623647219244985, 0.6240842086465462, 0.6238322777916555, 0.6287518233816697, 0.62800393037606, 0.628466599607381, 0.6301129331299363], "val_ious": [0.45447997813639435, 0.4939212133918982, 0.5112138556829396, 0.5322727891414063, 0.538854606665563, 0.5375243001010108, 0.5490074235460034, 0.5685301859309707, 0.5789120763108351, 0.5319743506286454, 0.5785786328108414, 0.5709823819174284, 0.584728523225024, 0.5607732737409895, 0.5947192095328068, 0.5816684157952019, 0.595200637112493, 0.6033707006254057, 0.6000869088414787, 0.5782695060622864, 0.6043281546537428, 0.6047359998675362, 0.6073483543983403, 0.5976999700069429, 0.6115847715865012, 0.6042680664770848, 0.600792374515879, 0.6105794012546539, 0.6152664353882057, 0.6145097460003865, 0.620724394917488, 0.6232209993877272, 0.6173126922137495, 0.6137803518685742, 0.6175486631151559, 0.6204810865979262, 0.6217879080686017, 0.6237895294376042, 0.6283298193112664, 0.6221556168967399, 0.6217648745446965, 0.6169814281705497], "training_time": 1061.788899421692, "avg_gradient": 0.0036553592509179565, "memory_usage": 1389.48828125}