{"train_losses": [0.2798289875297443, 0.25386518061808916, 0.24030686040287433, 0.2326949286558058, 0.22657371514841265, 0.22006633035514667, 0.2190584409981966, 0.21456361966936485, 0.21210162422579268, 0.20889916270971298, 0.20545910719944083, 0.20428589942014735, 0.2009400785293268, 0.19906892060585643, 0.19790262081052945, 0.19647239756001078, 0.19347340087203876, 0.19315584165894467, 0.19059013996435248, 0.18933135651699876, 0.18948431483105474, 0.18767317748912002, 0.18667834762321867, 0.18496451105760492, 0.18387510910954163, 0.18390726986462655], "val_losses": [0.2667337043777756, 0.2499831824199013, 0.24663859767758328, 0.22700193621542142, 0.22339907774458762, 0.23902783283720846, 0.23492816544097403, 0.21280741302863412, 0.2196540126334066, 0.21875320990448413, 0.2274543458352918, 0.19999563337668128, 0.2017305920953336, 0.200611744561921, 0.2002847162277802, 0.19848704273286072, 0.19417627576900565, 0.19245102321324142, 0.20285904569470364, 0.192605448157891, 0.19206168729325998, 0.19193811325923257, 0.19525730480318484, 0.1843713508999866, 0.18816226591234622, 0.21149004542309305], "train_ious": [0.4386676767557538, 0.48238879903827026, 0.5068698118616275, 0.5204860307006303, 0.5318001077065003, 0.5430841834108898, 0.5456093323241542, 0.5536597710966629, 0.5576649140296638, 0.563232340890428, 0.5690772769081854, 0.5720842158340891, 0.5773278964494446, 0.5801923272294411, 0.5832617559834666, 0.585903793627369, 0.5905397090574969, 0.5907235836637196, 0.5955103637407654, 0.5979310416117098, 0.5984749972712302, 0.6016738673915033, 0.6029480220075102, 0.6050595019714554, 0.6075644157826902, 0.6081986142781335], "val_ious": [0.4615989969908326, 0.4994863818089167, 0.5007082262764808, 0.5276807985012083, 0.5393692449383114, 0.5101314610329227, 0.5039020350229914, 0.5573457103708516, 0.5501494738070862, 0.5279697624669558, 0.5315350162378255, 0.5779471069142439, 0.5652332208726718, 0.578105446005213, 0.5817018879064614, 0.5817237995240998, 0.5843963791494783, 0.5929721220247988, 0.5787256627843, 0.590579985924389, 0.5922443795463314, 0.595177307077076, 0.587273897252221, 0.6062529603208321, 0.5964092292647434, 0.5671298026606655], "training_time": 653.7106256484985, "avg_gradient": 0.0028628148707947115, "memory_usage": 1389.48828125}