{"train_losses": [0.27761548020593496, 0.25303462536438653, 0.2376956724278305, 0.23065701248529163, 0.22536818820821203, 0.2229258801950061, 0.21698656135603137, 0.21565663571590962, 0.21133920129226602, 0.20816401918621166, 0.20725612714886665, 0.20384487315364505, 0.2017388802183711, 0.19950132136759552, 0.19699067290386427, 0.19642478754015072, 0.1932171549162139, 0.1925794284628785, 0.1908940580552039, 0.19053537916877997, 0.18750302728427493, 0.18674705558173035, 0.18564279790481794, 0.184076812280261, 0.18449559435248375], "val_losses": [0.26120780181625614, 0.25685826818580215, 0.2342801359684571, 0.2274047376021095, 0.24613082473692688, 0.22977059107759726, 0.22438770759364832, 0.227162371834983, 0.2109505825716516, 0.20793670934179556, 0.2066588343485542, 0.2085324671605359, 0.20379123188879178, 0.20732082653304804, 0.19899830934794052, 0.1988633190808089, 0.2003762919617736, 0.19854433607795965, 0.2005940617426582, 0.19595524020816968, 0.1908347321593243, 0.19321553700644037, 0.19755275126384653, 0.1984658775770146, 0.19570359101761942], "train_ious": [0.4417198010639327, 0.4842613794827377, 0.5125954740991194, 0.5252392686687515, 0.5348763987961888, 0.539633163507434, 0.5497437920151416, 0.5526361317522285, 0.5591253481697346, 0.5650665044136667, 0.566994554430678, 0.5721379493403692, 0.5765863172170043, 0.5800319100203719, 0.5842318084036962, 0.5862644130661003, 0.5919307385017908, 0.5926588956212654, 0.595842656288026, 0.5960124023798581, 0.6015260768649373, 0.6032319590449335, 0.6044915176496126, 0.6082529120039245, 0.6067201719227906], "val_ious": [0.4626001959693603, 0.4853635044849437, 0.5129227686835371, 0.5285848952505899, 0.4910167015117148, 0.5231799847189932, 0.5378933053301728, 0.5323958355879439, 0.560120466178742, 0.5656347348206284, 0.56853408312452, 0.5627637730128523, 0.5699670025403949, 0.5554236650898837, 0.5818739267794983, 0.5804085373014644, 0.5757091760203458, 0.579613110077554, 0.5782080124253811, 0.5860657620689144, 0.5940381053133288, 0.5918094844057941, 0.5773259956335675, 0.5820572229399199, 0.5806019358012986], "training_time": 632.0074377059937, "avg_gradient": 0.0036577781779582445, "memory_usage": 1389.48828125}