{"train_losses": [0.3234153781896052, 0.3015311588735684, 0.29676135904763057, 0.2954611381434876, 0.29139858921584877, 0.2882482142228147, 0.2850174772674623, 0.28034743383202865, 0.274232759018955, 0.2667108529611774, 0.25849579371835874, 0.2474635041764249, 0.24060913199639838, 0.23187690438783687, 0.22400024549468703, 0.21549630740090556, 0.2095579779504434, 0.2006892880991749, 0.19521835308683955, 0.18691010198191457, 0.1809798013418913, 0.17473725537243096, 0.1677429046805786, 0.16487098533822142, 0.1598135066907043, 0.15403791500822359, 0.14866897536684637, 0.1438146104388263, 0.14032989655337905, 0.13637660095549148, 0.13037712426613207, 0.1264760141544368, 0.1238041166216135, 0.12152046260788389, 0.11539822845193355, 0.108058194346402, 0.10540084528696278, 0.10336617283199144, 0.09951264759444672, 0.09868493376542693, 0.09262381526439087, 0.08873084134867658, 0.08547464964668387, 0.09782859934088976, 0.08639895385536163, 0.0941809944646514], "val_losses": [0.35972977915535803, 0.306477387962134, 0.2932061274414477, 0.29905156596847204, 0.3106879358706267, 0.29150434810182324, 0.2822260830713355, 0.29701270098271576, 0.26722202806369116, 0.25661722926989844, 0.24934652026580728, 0.24795083895973538, 0.2389180899962135, 0.23756636938323145, 0.23273635396490927, 0.2315125403844792, 0.20476241766110712, 0.19998457930658176, 0.20020781943331595, 0.19081892332305078, 0.19077988843555035, 0.17688789089088855, 0.22383918418832446, 0.19048333135635956, 0.1745021003096, 0.17615365722905035, 0.17517580318710077, 0.17105874516393826, 0.18682636126228, 0.18177195444055225, 0.17163085354411084, 0.1702874319060989, 0.17164735755194788, 0.1694438765230386, 0.16770821696390276, 0.16668235931707465, 0.16682143347418826, 0.17271181617094122, 0.17916922368433164, 0.17906460263158963, 0.16693515654491342, 0.17097915223111276, 0.17812471286110257, 0.17476659170959308, 0.17067910309719003, 0.17915615309839664], "train_ious": [0.3278476385230073, 0.36982481986068294, 0.3778713987129765, 0.379033110765875, 0.3853097316416056, 0.390328717959652, 0.3952522225450409, 0.4031207138546511, 0.41217668194954254, 0.42551728310608894, 0.4493104554046335, 0.4751143530348613, 0.4973041976167672, 0.5163222458753464, 0.5322537738424927, 0.5478546938764441, 0.5603536906233731, 0.578329358573841, 0.5875438840222962, 0.603152080398539, 0.6156451412733049, 0.627667113463732, 0.6398602246806243, 0.6455558948758715, 0.6533669862302324, 0.664589652710635, 0.6744841775600462, 0.6826365187872152, 0.6878421458861098, 0.6964832234965717, 0.7060098860790763, 0.7137287972845892, 0.7186145124336086, 0.7235622938344446, 0.7346610785394472, 0.7489373662873456, 0.753648834977893, 0.7575953901893847, 0.7652528341049729, 0.7669522255875065, 0.779519206209891, 0.7875454177998976, 0.794749264645836, 0.7712758267163367, 0.7927532909788946, 0.7785708205639452], "val_ious": [0.3233448627779844, 0.3683943878049435, 0.3826067540524662, 0.3838610793801322, 0.3646869143282157, 0.39079308345031505, 0.4045891636523648, 0.37172902278278186, 0.4233315652206817, 0.4480661383114646, 0.4663288605709869, 0.4733021135941365, 0.5059397586661838, 0.5251624303451482, 0.5171081972294961, 0.5203498058776924, 0.574092612642309, 0.5844138877979222, 0.581260125598182, 0.6004017970484236, 0.5990781131861866, 0.6222043070888172, 0.5591774179019792, 0.6011014590444773, 0.6281451406902161, 0.6313328976216522, 0.6317851232445758, 0.6380812791378602, 0.6255097762830018, 0.6278136858473653, 0.6424181854379347, 0.6452869412259777, 0.6488646737475328, 0.6495216100112253, 0.6581444997286452, 0.6539697156868121, 0.6558473257050997, 0.6527164498533026, 0.641516771869383, 0.6457576645889144, 0.6660373660101407, 0.664148974461832, 0.6606936649135922, 0.6531450912572335, 0.6610809981391049, 0.6492930771648018], "training_time": 1090.948558807373, "avg_gradient": 0.0021439539915781543, "memory_usage": 935.31640625}