{"train_losses": [0.32703344540103624, 0.30358088891143387, 0.2982028750297816, 0.29371929395457974, 0.28841522789519763, 0.2757029056387103, 0.2669189620115187, 0.25857293192783126, 0.24870803701164929, 0.23569642736212068, 0.2266800591479177, 0.21460436883827913, 0.20316438741334106, 0.19439923852358176, 0.1855944288165673, 0.1772923735982698, 0.17269574640237767, 0.16682365293736043, 0.16249660532111707, 0.15847530612803024, 0.15396017200596954, 0.14569970766973236, 0.14481805208260598, 0.1406419248441639, 0.13515964543203945, 0.13025074804444675, 0.1267813132346972, 0.12430632507185572, 0.12319194201541983, 0.12189421207522569, 0.11322198553091806, 0.11029424267294614, 0.10535643205208622, 0.10663293237271516, 0.10249071722121342, 0.09708717319628467, 0.09865576656454283], "val_losses": [0.30627196444117505, 0.30742383197597833, 0.2984663358201151, 0.2939020492460417, 0.27875727026358893, 0.2986449748277664, 0.2716951363760492, 0.25436264794805774, 0.24414886145488077, 0.23290867973928867, 0.22674693555935568, 0.2200466796107914, 0.20437410279460574, 0.19609114916428275, 0.19364237461401068, 0.1905754040116849, 0.20317759397237198, 0.178959171085254, 0.18365657361953155, 0.18329200926034347, 0.1891519514762837, 0.1880181888523309, 0.17251045661775963, 0.17394053806429324, 0.17199564077284024, 0.16708586300196854, 0.16012283608965253, 0.16808001907623332, 0.1737070822197458, 0.15787129039349762, 0.17590676717784093, 0.1662146504158559, 0.16891374892514685, 0.1777643094892087, 0.1639802002388498, 0.17350277644784554, 0.19222197876028393], "train_ious": [0.30748257416395797, 0.3694992350659221, 0.3757733709138371, 0.3826597887428772, 0.3913662024236185, 0.4109023493772945, 0.4231002917636758, 0.43801717097275017, 0.46356536163374823, 0.5048885469230406, 0.5279542458905043, 0.5525342986878493, 0.5775528725344633, 0.5937839285403058, 0.6085898596253521, 0.6233341624231441, 0.6321005124490763, 0.641865048935448, 0.649526580520298, 0.6570986263669916, 0.6646796350461854, 0.6797504822413127, 0.6808029717185361, 0.6883252477948218, 0.6989754576074043, 0.7075379024921119, 0.7143884633762252, 0.7187169141851476, 0.7201658524572848, 0.7238297703257508, 0.7395911922381415, 0.7445803672831128, 0.7543034357005272, 0.7519560692210996, 0.7597996559048044, 0.7711902304512003, 0.7679706875072874], "val_ious": [0.36859531419864594, 0.3695229821015095, 0.37359845400720404, 0.3743495580510817, 0.40232394506102015, 0.40214004097641387, 0.434826380688732, 0.4475728576408995, 0.48932374743879714, 0.5066354677513026, 0.5241167410884213, 0.5486304927347362, 0.5743413403414298, 0.587568871460963, 0.5948040123650992, 0.5988391245836797, 0.5932880935893543, 0.6219550019157105, 0.6134210729944531, 0.6178303222725358, 0.6130247768284617, 0.6201698415089344, 0.6411507239808207, 0.6394859485436177, 0.643276579786038, 0.6485970106677732, 0.6594374089137368, 0.650233989176543, 0.6475159087474796, 0.6648853153422261, 0.6494257618551668, 0.6633979477312254, 0.6607160352278447, 0.649738776942958, 0.6627606924461282, 0.6615074324435085, 0.6397265120260957], "training_time": 879.7227301597595, "avg_gradient": 0.0033072211409390624, "memory_usage": 935.31640625}