{"train_losses": [0.30818895623087883, 0.30103090713205544, 0.2951068907328274, 0.2803743695435317, 0.26603910148791643, 0.2551800150262273, 0.24109598994255066, 0.22661035597000434, 0.21236920478227345, 0.2017413334030172, 0.1913007866267277, 0.1882251374747442, 0.1797733442938846, 0.17449572998220506, 0.16826802435452523, 0.16457989390777505, 0.15812655327760655, 0.1523977787760289, 0.15035030622359202, 0.14644621345012085, 0.13707040230055217, 0.13537673554990604, 0.12974409702355447, 0.12735889560502509, 0.1238303414505461, 0.11809243634343147, 0.11782450662196978, 0.11032528770358666, 0.10410681460052729, 0.10153515576182501, 0.1048660462965136, 0.10505685404590938, 0.09445916168877612, 0.09041453294617974, 0.09069599514908117, 0.08504980430006981, 0.0798107445968882, 0.076366714687775, 0.07395670498194902, 0.0729653233986186, 0.07107921163349049, 0.07318458487482174], "val_losses": [0.31303581919359125, 0.3007115248752677, 0.29800801367863367, 0.28918618676455127, 0.26416226670793863, 0.26176574955815857, 0.25944320080072986, 0.21978884935379028, 0.21610219225935315, 0.2044640517105227, 0.19907126413739246, 0.21175758249085883, 0.1861402518723322, 0.18658878427484762, 0.1828233988388725, 0.1804700348040332, 0.17834837831880734, 0.17890146147945654, 0.18762924068647882, 0.17690896502007608, 0.18655340632666711, 0.16621386259794235, 0.17047529311283774, 0.17672037009311758, 0.16338066659543826, 0.17018580469100372, 0.1692832867088525, 0.1694707462321157, 0.17031218597422476, 0.1678824609388476, 0.17273734445157257, 0.17106123106635135, 0.16884323727825415, 0.18290028623912646, 0.17603106764347656, 0.16765489785567575, 0.1750564021260842, 0.1776361326160638, 0.18516463915938916, 0.18853926496661227, 0.1884817348226257, 0.20941075002369675], "train_ious": [0.35969585170763235, 0.3713493404730417, 0.38091150464733003, 0.40341752127737285, 0.42396903623802745, 0.45801085120478663, 0.4945195896375547, 0.5319056232338369, 0.5577775978793699, 0.577489233184336, 0.5961959429787121, 0.6010021288757739, 0.6166989648363728, 0.6267606881919545, 0.6372518128297034, 0.6443879660758853, 0.6551546434993331, 0.6671737828224468, 0.6703292940189871, 0.678215443926013, 0.6943497829463171, 0.6971575842387433, 0.707780784562878, 0.7121571960548557, 0.7189878179975178, 0.7294081847412864, 0.7303216378541962, 0.7441616193323898, 0.7564382546621822, 0.7621562932820427, 0.755846129811329, 0.755494947882666, 0.7763095114218153, 0.7850447913658785, 0.7843328662540598, 0.7959762325753337, 0.8073200971104098, 0.8150860866990641, 0.8201945554735003, 0.8223378943360377, 0.8268418436249098, 0.8237919322066544], "val_ious": [0.3712510643474186, 0.371269575063733, 0.3785208353529805, 0.3994053710198057, 0.43586690225840913, 0.4550772010470215, 0.4273952795091369, 0.5451445713423301, 0.5568037399131319, 0.5854031790209853, 0.5838851028162502, 0.5619663460099179, 0.6034605157548104, 0.6073155318913254, 0.6134784410613172, 0.6182104858799257, 0.6218597272383993, 0.6153750339711922, 0.6056917507363402, 0.6357199890889983, 0.6238788217306138, 0.6461795650530552, 0.6430083396642104, 0.6429364374582318, 0.6593098921188411, 0.6393531567376592, 0.6517164977132408, 0.656655721258426, 0.6493929795164994, 0.6599585742190264, 0.6480452299549959, 0.6543969594050144, 0.6635099204554075, 0.6572439990181852, 0.6613815094249835, 0.6659572349078412, 0.6660900666661886, 0.6686393795669945, 0.6651254019875458, 0.6666701820449553, 0.6660640732101772, 0.6361626324014387], "training_time": 995.8288996219635, "avg_gradient": 0.007715692519443031, "memory_usage": 935.31640625}