{"train_losses": [0.3254673443734646, 0.30240108720634296, 0.2979960728274739, 0.2949567474424839, 0.29325937884657277, 0.2863123590207618, 0.27952580251123593, 0.2728855976753909, 0.2615981306070867, 0.25043766613563767, 0.23813611090831135, 0.22933923048169716, 0.219950537642707, 0.21136864461004734, 0.20197862151848234, 0.19741342888902064, 0.19151192644368048, 0.1826546337131573, 0.17788366900514002, 0.17142387884466545, 0.16861295173673527, 0.1608958786920361, 0.15632887994465622, 0.15015084369351034, 0.15002473046922166, 0.14378068041380332, 0.13792849789657022, 0.13316220773950868, 0.1287134936808244, 0.12570126468072768, 0.1210171606634622, 0.11471539249886638, 0.11316787973856149, 0.1084818598287909, 0.10670596438095621, 0.10111546054806399, 0.0958190621484233, 0.09364252116369165, 0.08881669584661722, 0.08672794995262571, 0.09074080318374478], "val_losses": [0.31600826913895813, 0.3160073737735334, 0.3020883234946624, 0.2986799588669901, 0.2896031873381656, 0.2813883320144985, 0.2799360356901003, 0.26735430372797925, 0.2631177189557449, 0.24834000967119052, 0.23566527956205865, 0.22889600013909134, 0.216049590188524, 0.21170160368732785, 0.21954040294108185, 0.20809168886879217, 0.2110510938193487, 0.22054748982191086, 0.1937813428433045, 0.19037791211967883, 0.19322387906520264, 0.18688342234362726, 0.1858536141074222, 0.1885696714339049, 0.19512003984140314, 0.19583514138408328, 0.18462004998455878, 0.17977746835221414, 0.19689399263133173, 0.19218427687883377, 0.18905159474714942, 0.18404508641232614, 0.1912399770125099, 0.1890751508914906, 0.20014384583286618, 0.18381710868814718, 0.18817659208308096, 0.1852251352823299, 0.19618507539448532, 0.2002952451939168, 0.20196392937846805], "train_ious": [0.3115623289041795, 0.369438640192953, 0.376498431948023, 0.3815408151627456, 0.384614936042572, 0.3959605324423756, 0.4049250809176106, 0.4150467169264947, 0.43976970503280294, 0.47400047260242095, 0.5020061425891688, 0.5228768454837627, 0.5430192394802965, 0.5590489304799966, 0.5768274310976269, 0.5844130803817426, 0.5952854568165712, 0.6106102881224255, 0.6195199218835088, 0.6315424211755178, 0.6363309550544493, 0.6504627312870995, 0.6591322331594816, 0.6700902129320996, 0.6707177357073278, 0.681227599689062, 0.6923180339129071, 0.7011067127619965, 0.708184709097596, 0.7141844080626096, 0.7229439202102196, 0.7353126580516497, 0.7379300900451515, 0.7475211606293486, 0.7513327518127102, 0.7616974907400816, 0.7723534653044268, 0.7771699785430357, 0.7874090020423347, 0.7922950540331826, 0.7840585848451526], "val_ious": [0.35883500221846754, 0.36529626513736824, 0.3759221011313839, 0.38445097140472656, 0.38926094554472657, 0.4022364195274271, 0.40194270770618884, 0.42212504280916247, 0.4474621973121944, 0.4596803655739929, 0.5052508123866889, 0.5309115214192351, 0.554406030562477, 0.5624757454447123, 0.5514900297790336, 0.5769322319091231, 0.571673050414825, 0.5616813705883165, 0.5974785441505737, 0.6058787720790807, 0.6046469303360883, 0.616674506145975, 0.6158143711694773, 0.6115966445725897, 0.6031216845132303, 0.6097640701826069, 0.6204848023860352, 0.6297783957443377, 0.6200897510069004, 0.6271016297564992, 0.6263307220693949, 0.6329260617494582, 0.6320196068373278, 0.6317477075086125, 0.6227267501146896, 0.6407897176517955, 0.6420098556124646, 0.6459435675887094, 0.6397568263869355, 0.6431985160578853, 0.6225489066994708], "training_time": 972.0369794368744, "avg_gradient": 0.002375588773633874, "memory_usage": 935.31640625}