{"train_losses": [0.33223007117276604, 0.30378962162396184, 0.3016277174262897, 0.3013488462437754, 0.3002257073379081, 0.3001230189009853, 0.29934390861055127, 0.29881208746329596, 0.2974329096791537, 0.29514620145377907, 0.289658952018489, 0.28331578733480495, 0.2773184165682482, 0.26825556142822554, 0.2623700374008521, 0.2536223035143769, 0.24241380029074525, 0.23484087168522502, 0.22662906858908094, 0.21704474787997163, 0.21107968720405, 0.20157697732033936, 0.19558242676050766, 0.18766187933152137, 0.1823434818374074, 0.178064142961217, 0.1722105937483518, 0.16769087589953258, 0.1625748486460551, 0.15613050232438938, 0.15292291488984358, 0.14885832677068916, 0.14216409562884466, 0.1380107290232959, 0.1366279620839202, 0.13182843930047491, 0.12683784722795952, 0.1252645571594653, 0.12075140173344509, 0.1167612760125295], "val_losses": [0.33369263812251715, 0.31329260507355566, 0.3090119711730791, 0.30432505646477576, 0.3064333621574485, 0.3030288407336111, 0.3024164496556572, 0.3046791715466458, 0.3023065691408904, 0.29808274364989734, 0.3173817175885905, 0.2820896674757418, 0.2897037235291108, 0.26403348536595056, 0.2597889333315518, 0.24647555241118307, 0.23995119819174643, 0.25144885512797727, 0.23639172477566678, 0.23107776078193085, 0.21556273815424545, 0.21816348997147186, 0.20831194001695383, 0.19777245009722916, 0.21596248545076535, 0.19303117336138434, 0.19181621009888855, 0.18515369263680084, 0.1865924664813539, 0.1870285972304966, 0.18510045305542325, 0.18428134561880774, 0.18141197542781415, 0.19031188377867575, 0.1851999989670256, 0.1800197469799415, 0.17877627650032873, 0.18382585405007654, 0.17706853086533753, 0.20849092823007834], "train_ious": [0.29123494659211585, 0.36798623600761077, 0.36989794957680994, 0.37023581586022297, 0.3712402739827243, 0.37122445850484626, 0.3730273107396277, 0.37376587789343735, 0.3763837781397326, 0.3801848596312861, 0.38924065658795665, 0.3992176269707471, 0.407845363528105, 0.4215873854114706, 0.435193333511816, 0.4589409730279195, 0.4917779468755793, 0.5088336032315872, 0.526058887657912, 0.5448668126718723, 0.5560781150462402, 0.5745187428226504, 0.5870431386528241, 0.602701536231283, 0.6134372190504838, 0.6210557571679785, 0.630790401871006, 0.6395473504519981, 0.6490602188784144, 0.6592387453909367, 0.6656126330836096, 0.672454770222522, 0.6848149180844216, 0.6918448401426058, 0.6944372214484907, 0.7033165551830033, 0.712085383471804, 0.7146841322706234, 0.7235450290575407, 0.7314710567394889], "val_ious": [0.3426553768850959, 0.3652823329835697, 0.3695421942334245, 0.3672349979094799, 0.3667389750480652, 0.3664572688116543, 0.3710406692563623, 0.3706539238708607, 0.37549003742743225, 0.3792189214972483, 0.3392826873755109, 0.40001557465048815, 0.402249101711356, 0.4254495762828468, 0.43461771811480115, 0.4825099086307962, 0.5033738875518672, 0.48373880982398987, 0.5319836384792258, 0.5347072661354922, 0.5518893040176753, 0.5661238604697628, 0.5752407260563062, 0.5888424301924914, 0.5674772250695505, 0.6065468833498332, 0.604699616630872, 0.6111440567866615, 0.6119562799947851, 0.6174326528241668, 0.6126930473939233, 0.6176877010991607, 0.6286721071903257, 0.6203118726827097, 0.6240549011938813, 0.6318782215964968, 0.6335956665916718, 0.6237693353407625, 0.6426323825034543, 0.6077254941498024], "training_time": 942.5692150592804, "avg_gradient": 0.002760366031909461, "memory_usage": 935.31640625}