{"train_losses": [0.3201602718428425, 0.30259119767857634, 0.30138046990918077, 0.30059850782803865, 0.3003709039286427, 0.29871914438579394, 0.2938269151617651, 0.28578744051249133, 0.2752601020038128, 0.2617939396396927, 0.2475195515738881, 0.23628550281991129, 0.22669264487922192, 0.2170821958747895, 0.20563445936726488, 0.2005283872232489, 0.19268832736365174, 0.1850200505198344, 0.17663667780225692, 0.17329984862843287, 0.16947448966295822, 0.16161331639665624, 0.1565227299604727, 0.15640621154528597, 0.14878875231775252, 0.1448564392959942, 0.1414972815014746, 0.13234110164415577, 0.13178545601018096, 0.12790977400120185, 0.1266550827447487, 0.12037384157757396, 0.11872654306985762, 0.1176964917179683, 0.1139354004079233, 0.10817210121161264, 0.10724826262372991, 0.10283230690528518, 0.0980411117248561, 0.09357688818936763, 0.09680858436647964, 0.10347942522038585, 0.08993139935900336, 0.08366319290159838, 0.09295280889162551], "val_losses": [0.30462457498778467, 0.32384594756623974, 0.30204034305137134, 0.30482459197873657, 0.30615735248379083, 0.30892522373925085, 0.2969259043102679, 0.3112669431644937, 0.28722679355870123, 0.26595899106367776, 0.26185189673434134, 0.2672877318185309, 0.27290788487247797, 0.22801944386699927, 0.23753765095835147, 0.24198285393092944, 0.20210985256277997, 0.21154919785002005, 0.19998325893412466, 0.2099090552200442, 0.1908813718220462, 0.1812142985670463, 0.19797471845927445, 0.1883892993564191, 0.1747714242209559, 0.18884311681208404, 0.17628643596949783, 0.17636638814988342, 0.17862483081610306, 0.17736431340808453, 0.18660861026981604, 0.17902818063031073, 0.1709959293189256, 0.17661456731350525, 0.1771448821477268, 0.18032710448555325, 0.17609983229118845, 0.1848656544866769, 0.1783542130952296, 0.179887137659218, 0.18936314498600754, 0.1807332103667052, 0.17965548453123673, 0.18706074195063632, 0.18772325340820395], "train_ious": [0.3285519337169862, 0.36917176319498085, 0.3700958470856188, 0.3713593518852207, 0.3712594510140885, 0.3742196176609678, 0.3821449075012289, 0.39410529121808674, 0.40964019771965865, 0.44225084012757276, 0.4731683653840068, 0.5018235828552016, 0.5237865373762185, 0.5443305348086614, 0.5665317154287, 0.5748528892147368, 0.5910841620702674, 0.6058979677171376, 0.6226410352341512, 0.6290841414930596, 0.6367083953936459, 0.6495892706232661, 0.6589280100998242, 0.6589892594062763, 0.6720345367987953, 0.6795802191979643, 0.6852464011289933, 0.7024987946277941, 0.7027925565514878, 0.7101261567702326, 0.7118534900356032, 0.7239395908579442, 0.7263428823671481, 0.7293975491454632, 0.7361834045445567, 0.7470980530631711, 0.7492639225354231, 0.7580585436004662, 0.7673235456796657, 0.7767535035592923, 0.770020652832328, 0.756629997189494, 0.784648169371961, 0.7982629075430445, 0.7786881202912848], "val_ious": [0.37067488397377124, 0.35998701142228173, 0.36997351395911066, 0.3606751617314159, 0.3563023170699245, 0.34333024551902996, 0.3806506779746734, 0.37500285238459485, 0.4003087921376035, 0.4443409941496625, 0.4789516895577527, 0.43883633807949385, 0.4194922899638398, 0.5208155581916587, 0.5270086432928625, 0.5284727662801744, 0.5728096516020057, 0.5690745604426964, 0.5833250542265782, 0.5779735995591548, 0.6039308335470117, 0.6208949527446774, 0.5912039583359942, 0.6052479120916213, 0.6293721970008768, 0.6203180719976841, 0.6336023261149725, 0.6345730071914369, 0.6347358535597288, 0.6353600474371425, 0.6178782709698746, 0.6340716243654059, 0.6491574871799219, 0.6448983653731968, 0.6469064240438351, 0.6405438145865565, 0.6517129359037981, 0.6438136223865591, 0.6547468941712725, 0.652267994656079, 0.6304691284894944, 0.6500376225381658, 0.652578968932663, 0.6545653615308844, 0.6465831675391263], "training_time": 1066.8568320274353, "avg_gradient": 0.0017891175848163633, "memory_usage": 935.31640625}