{"train_losses": [0.31977298790993897, 0.30201924414090486, 0.2996450528178526, 0.2957314448836057, 0.2861163699594529, 0.27692575817522797, 0.2646362306955068, 0.2546296625033669, 0.24527054012793562, 0.23399622989413532, 0.22337514113472856, 0.21369010720240034, 0.20735164772233236, 0.19835252306707526, 0.1907999667784442, 0.1847729644049769, 0.17512429084466852, 0.17145885373263256, 0.16403750265422073, 0.16182156781787457, 0.15645868987168954, 0.15299272763988245, 0.14630878364424343, 0.14341082865291316, 0.13832307206061872, 0.13773967179915178, 0.1359348181716126], "val_losses": [0.3305444367553877, 0.36300371976002405, 0.3042548078557719, 0.30682021379470825, 0.30277717307857843, 0.27579718536656833, 0.2969794415909311, 0.25538990646600723, 0.27260217880425247, 0.24817066542480304, 0.2233964476896369, 0.2452847711417986, 0.22246354073286057, 0.20432031413783197, 0.2093993593817172, 0.19917360077733579, 0.18969639099162558, 0.18806836689295975, 0.18162033253389856, 0.18834664640219315, 0.18991556569286014, 0.188093865695207, 0.17242258884336636, 0.18077536866716717, 0.1727551795218302, 0.18157654514779215, 0.2177634708907293], "train_ious": [0.3309517465731915, 0.36956267095541523, 0.372765225849889, 0.37985011292756476, 0.3944042946385034, 0.4071458342663378, 0.4252101877541002, 0.45410943576280255, 0.4822272570108645, 0.5091711172861033, 0.5339502418764692, 0.5521190172412256, 0.5642762874671516, 0.5805978039684503, 0.595980536489599, 0.6074206834739966, 0.6271194893110921, 0.6334828479026541, 0.6462661158023536, 0.6503526548436585, 0.6598192564063314, 0.6664191023379132, 0.6782263352171236, 0.6833071947313735, 0.6922929663804994, 0.6929365100096105, 0.6969195703125518], "val_ious": [0.23993201731987618, 0.2440686569265697, 0.3734688035387924, 0.3795070535894753, 0.3820373480734618, 0.4153591159029283, 0.36824087129122973, 0.4401265178820578, 0.48245462456691096, 0.483814711695996, 0.5377311909544294, 0.4975921406910039, 0.5500336300203765, 0.5704329691935278, 0.5777967561414276, 0.5901731491304825, 0.6045647077802299, 0.6016638183939286, 0.61710767156404, 0.6103545711308286, 0.6088944534244746, 0.6167871222115946, 0.6368967964165452, 0.6252481354319531, 0.6386955278939095, 0.6213445259609083, 0.5989164167988127], "training_time": 639.695130109787, "avg_gradient": 0.003314850614336474, "memory_usage": 935.31640625}