{
  "train_losses": [
    0.3242419409039228, 0.3021675907075405, 0.3003276110343311,
    0.29728362093801086, 0.29319952476931654, 0.2903118478539197,
    0.28677620933107706, 0.2794377557609392, 0.26280745418499346,
    0.2528736947671227, 0.2401492021491994, 0.23091509290363477,
    0.22390799661693367, 0.21633824074397917, 0.20840693313790404,
    0.2014077601387449, 0.19244483469620996, 0.18832177563529948,
    0.17902302661019823, 0.17293528888536536, 0.16824548861578756,
    0.16982898456246956, 0.15916776713793693, 0.1557068886316341,
    0.15009516696243183, 0.1431702224375761, 0.14238299170266028,
    0.13660417359484278, 0.13423742726445198, 0.1280101107676392,
    0.12499434172945179, 0.11934927761878657, 0.11524540125189917,
    0.10986454590507176, 0.11878393371791943
  ],
  "val_losses": [
    0.31990150718585303, 0.315436984533849, 0.29951100504916645,
    0.30434381184370624, 0.3001427430173625, 0.29385226576224616,
    0.2882754984109298, 0.27386314130347705, 0.2640752261099608,
    0.2626947964663091, 0.24234836192234702, 0.23463625169318655,
    0.22373071539661157, 0.22121517975693164, 0.21593156262584354,
    0.20876411380975143, 0.21099434274694193, 0.198680572859619,
    0.24301796892414923, 0.1963454957889474, 0.2091397215490756,
    0.18999108477779056, 0.1949418838257375, 0.2115450018773908,
    0.18012885004281998, 0.19273816211068112, 0.19513625943142435,
    0.17884935892146567, 0.18076004444257074, 0.1750542754712312,
    0.17814788449069727, 0.18675040550853894, 0.18167910854453626,
    0.17503602414027505, 0.19076805982900702
  ],
  "train_ious": [
    0.31615122173017257, 0.36974612569468684, 0.3728063117964336,
    0.3765478345636782, 0.38296321748218703, 0.38734671371331925,
    0.3926891926406086, 0.40365861259076913, 0.4307075831445179,
    0.4608267081771373, 0.49909007873899053, 0.5245415778506703,
    0.5355131709003361, 0.5517816695020251, 0.5669677810122568,
    0.5790755389447231, 0.5929905967112037, 0.599639476020483,
    0.6178431541969381, 0.629457189876964, 0.6381833328716998,
    0.6341778087983094, 0.6547389100103274, 0.6606320996863255,
    0.6712485768872757, 0.6825660439073173, 0.6845523103315762,
    0.694770074031059, 0.6992400695124398, 0.7105196130772434,
    0.7153884762547154, 0.72613970875956, 0.733934444523808, 0.7435118767122431,
    0.7285676008441307
  ],
  "val_ious": [
    0.36026892022810125, 0.3470318900502246, 0.37371265521084057,
    0.374321854416875, 0.3795000582501507, 0.37674330110135285,
    0.3866527132366014, 0.4163732692815256, 0.44974507610111125,
    0.474649660775195, 0.5027684369596882, 0.5129763349026873,
    0.5304919330106266, 0.5509219944908998, 0.5547714317622392,
    0.5632091635379239, 0.5767244259300438, 0.5879263060464376,
    0.4947221470267876, 0.5999287394941717, 0.5911745437677357,
    0.6103842597508777, 0.5970955817163854, 0.593389093659926,
    0.6290104041496913, 0.6061672261659649, 0.6108047117789587,
    0.6290194357650868, 0.6339510800181958, 0.6427708086760148,
    0.6403944125210029, 0.6338890032923739, 0.6418573599362718,
    0.6500774421121766, 0.6232310604789983
  ],
  "training_time": 825.6829199790955,
  "avg_gradient": 0.0032480575155458408,
  "memory_usage": 935.31640625
}
