{"train_losses": [0.31257317199007323, 0.301435935108558, 0.29623444086831546, 0.28798826654320175, 0.27566851756494976, 0.26305765383269475, 0.2523826085354971, 0.24226940609514713, 0.22653062155713205, 0.21477048787409844, 0.20346094570730044, 0.1949426571474127, 0.1880531417934791, 0.17958015146786752, 0.17387511848431567, 0.16860107526831006, 0.1627737166279036, 0.15997071013502454, 0.15358238768480395, 0.14735899039584657, 0.1450705846528644, 0.14039476657205302, 0.13544741438944702, 0.13050048778076534, 0.12926629861897748, 0.12155045884782853, 0.12107222762120806, 0.11637049990341715, 0.10883597114487835, 0.10484544491476339, 0.10123419709017743, 0.1080634405269571, 0.09933813094444897, 0.09705660237080377, 0.08870708715656529, 0.09253714865316516], "val_losses": [0.3228636286828829, 0.29969946586567425, 0.29235779720803967, 0.30720349822355353, 0.27178272540154663, 0.27052077910174493, 0.24971903763387515, 0.24827099170373834, 0.2262406326506449, 0.21604700937219287, 0.22160956717055777, 0.2175289107405621, 0.19144767587599548, 0.1852243830976279, 0.18619162654099258, 0.18394752073547113, 0.18765002910209738, 0.21277675421341605, 0.19671102094909418, 0.16800512988930164, 0.17184967320898306, 0.17970912158489227, 0.1601973733176356, 0.16379712424848392, 0.16214055535585983, 0.16113762687081876, 0.16400946871094083, 0.15884410395570422, 0.16410426536332007, 0.16588369222438853, 0.15972237936828448, 0.16719979582273442, 0.17103152981270914, 0.15783242055255434, 0.16710728666056757, 0.2461271587273349], "train_ious": [0.3476259399103846, 0.36978468406891457, 0.3776922288580218, 0.3905670929606442, 0.4087582594458606, 0.43008287777380827, 0.4606745625640251, 0.4908851810623014, 0.5301728066110954, 0.5534654565263487, 0.5743639658650624, 0.5911362112324308, 0.6021001851861028, 0.617211450269257, 0.6281852733505808, 0.6376187198565918, 0.6482556480914353, 0.6544371112857175, 0.665496116531068, 0.6767084668727888, 0.681535860226638, 0.6893288534728516, 0.6990863064276999, 0.7066786922514439, 0.7097236237124257, 0.7236317200181277, 0.7245928641354693, 0.7336372524175957, 0.7473544914653335, 0.7550346608935058, 0.7621393638352556, 0.7491812425247141, 0.7661827240625158, 0.7712150021739628, 0.7880702233076957, 0.7806255866543973], "val_ious": [0.35222716463064996, 0.3775534524001937, 0.3862410973811495, 0.3908816385960233, 0.4179898198100105, 0.44224529513630295, 0.46881049790460133, 0.5114704873682794, 0.5251052618242692, 0.550580070502516, 0.5548436094237411, 0.5592829534325048, 0.6026549845717956, 0.6067851768887561, 0.6197324330392092, 0.6087101507877958, 0.6212599694296934, 0.602204948015835, 0.6080659090176871, 0.6484657452590225, 0.6429269754368326, 0.6394398279380108, 0.6593206244102421, 0.6484754433234532, 0.6613414134236348, 0.6640250585649323, 0.6569452652896661, 0.6730084771263425, 0.6658866498349372, 0.6670382193465165, 0.6694414308969525, 0.6635032112615695, 0.6606034986350849, 0.6831502221200777, 0.6718767848999603, 0.5896445527888727], "training_time": 852.48166847229, "avg_gradient": 0.004095655197089916, "memory_usage": 935.31640625}