{"train_losses": [0.3096054300017979, 0.30197188501124794, 0.30044093193567317, 0.2989472337067127, 0.29550274121372594, 0.29177989729720616, 0.28875456798983656, 0.2796059109918449, 0.26967734357585077, 0.25363545330322307, 0.23784347996115685, 0.22640795584606088, 0.21704574812041677, 0.20776837553990923, 0.19777117207970307, 0.19068330599238043, 0.1854065803244062, 0.17680410773533842, 0.1719499615871388, 0.1665690083704565, 0.16050001573951347, 0.15511396956508575, 0.15082453831058482, 0.1474156359858487, 0.140334224085445, 0.13701938493582216, 0.13684445789650732, 0.13063098680551932, 0.1268221463441201, 0.12223570307959682], "val_losses": [0.857414960861206, 0.32260774075984955, 0.30903852245082025, 0.29425551709921466, 0.29877170531646063, 0.2955210779024207, 0.2892854174842005, 0.29353709194971167, 0.2856948093875595, 0.30779490976229956, 0.2348278618377188, 0.2937319822933363, 0.22812526705472366, 0.2155355700980062, 0.2000425846680351, 0.20057991017466006, 0.19910914872003638, 0.19492043101269266, 0.19868968362393585, 0.1785600557923317, 0.17716136639532837, 0.1778799522182216, 0.17593191240144812, 0.17964341329491657, 0.19082808980475302, 0.1736363509426946, 0.1741578692327375, 0.17646417993566263, 0.17242033520470496, 0.181083965236726], "train_ious": [0.35659207236198115, 0.36870407367098146, 0.3720043023535307, 0.37445650136341235, 0.3787010357971642, 0.3841554673145647, 0.38937959609472267, 0.4040565354164002, 0.42928084640382536, 0.4724342356489945, 0.5096262324115506, 0.5313370374395796, 0.5501266368327361, 0.5659061413042354, 0.5851221183665853, 0.597556194047565, 0.6082908397513459, 0.6233441439335762, 0.6322468133454301, 0.6417313848716627, 0.6529170709891594, 0.6625756493135208, 0.6703039424466914, 0.6759501014822634, 0.6887445411496406, 0.6954871076496617, 0.6948268734242606, 0.7072196593643099, 0.7137433127972529, 0.7218821055215341], "val_ious": [0.3227734740661538, 0.37271882442460547, 0.3747926414876744, 0.3810137886068094, 0.38109050043251197, 0.384179501429848, 0.3995408856350442, 0.39465200620284974, 0.4087205211753431, 0.45973987521036813, 0.521331804494063, 0.4605770535983036, 0.5491254222781761, 0.561658229732859, 0.5820787889154061, 0.5801692737833313, 0.5882330957962119, 0.5947324612002443, 0.5945524432952853, 0.6237744019515272, 0.6257760870283928, 0.6259148107922595, 0.633494371737259, 0.630176902897116, 0.618838792045911, 0.6344594869060793, 0.6417765634647314, 0.6372948252204536, 0.6473998552647188, 0.6207478674857514], "training_time": 707.8826982975006, "avg_gradient": 0.0013944159217648266, "memory_usage": 935.31640625}