{
  "train_losses": [
    0.31477742852724117, 0.30151650309562683, 0.2973623727650746,
    0.288596882444361, 0.2771327015336441, 0.26506417066506716,
    0.25305040156387765, 0.24126142247215562, 0.235623671065854,
    0.22508723912355694, 0.21185953218651854, 0.20590244719515677,
    0.19517379740010138, 0.18572096340358257, 0.17869779556665732,
    0.17224503187057766, 0.1654289233619752, 0.16151657336108063,
    0.15660171526605668, 0.15156799372609542, 0.1438022819955064,
    0.14303581995646591, 0.13677175306593595, 0.13353130751815828,
    0.12702605423881955, 0.1288740711853556, 0.12356260127347449,
    0.11846823783834344, 0.11800200415208288, 0.11212595977375041,
    0.11257300157423901, 0.1065443190543548, 0.10454474393602299,
    0.09686756162377803, 0.0925526603570451, 0.09006820068411205,
    0.08644040985761778, 0.08606871994941132, 0.08181671769884617,
    0.0935809955243831
  ],
  "val_losses": [
    0.3108174917490586, 0.29915858610816626, 0.3117141231246617,
    0.29090052713518555, 0.2744059199872224, 0.2774258200889048,
    0.2535747095294621, 0.23895560820465503, 0.23177680859099264,
    0.2307991456726323, 0.2141791951397191, 0.20728540938833487,
    0.1957351218747056, 0.19730539652316467, 0.19041941023391226,
    0.18196968377932257, 0.18483631604391595, 0.17931334285632425,
    0.17841237394706064, 0.1861513393080753, 0.17654719203710556,
    0.16804668534061182, 0.16876624978106955, 0.17180476046126822,
    0.16715382395879083, 0.17561831940775333, 0.16414829975237016,
    0.17019770002883414, 0.1680578663945198, 0.1701502911746502,
    0.16667814423208652, 0.17223079081462778, 0.16758323412226594,
    0.16432460494663403, 0.1668924198526403, 0.17220797130595084,
    0.16376819655947064, 0.17303586621647296, 0.17731746448122937,
    0.1801690504602764
  ],
  "train_ious": [
    0.34193370957075825, 0.3692424897599796, 0.37630208757671946,
    0.39022435128140076, 0.40768262549825474, 0.42457189515615,
    0.4534632069836348, 0.4853222516932243, 0.49916362856933166,
    0.5250267016336971, 0.5540163965922765, 0.5640760059265988,
    0.5852735433187608, 0.6043172987258952, 0.6174395580006682,
    0.6307376368592179, 0.6437043816229139, 0.6493934969539231,
    0.6588306389209151, 0.6689133851964408, 0.681847986643729,
    0.6838207674631175, 0.6946550100177957, 0.6996162065669246,
    0.7121995530374675, 0.7087036243815352, 0.7188547739516132,
    0.7277044832058577, 0.7287174622001855, 0.7395113629383452,
    0.7393320514888009, 0.7514710259502348, 0.7549676335268262,
    0.7702359597644083, 0.7798835249698677, 0.7849542584432206,
    0.7923149853080943, 0.7934960881653039, 0.8025014143491135,
    0.7800475182416645
  ],
  "val_ious": [
    0.3682175982689512, 0.3764527414156043, 0.3492676650825213,
    0.40031988144925196, 0.4128662697646929, 0.42157906119910354,
    0.4598096598587605, 0.49753077436184534, 0.5123496615476366,
    0.522236777820449, 0.5519359687316244, 0.568648402241693,
    0.5941724147701608, 0.5929575436141178, 0.5999118263522784,
    0.6183402054551719, 0.6197901206172032, 0.6219336098950843,
    0.6269969635683558, 0.6158952261658682, 0.6358680483223736,
    0.6438881240893101, 0.6476292392050008, 0.6422087433545487,
    0.6571832433126975, 0.6424420007329056, 0.6572153004615204,
    0.652264955467072, 0.6570896854003271, 0.6581063136674355,
    0.6620286392128986, 0.6558843207532081, 0.6626003419143566,
    0.6681640821954479, 0.6688998127761094, 0.6666210907092991,
    0.6736151593318882, 0.6675272352885511, 0.6647233993246936,
    0.6474105631527695
  ],
  "training_time": 943.118771314621,
  "avg_gradient": 0.002873215132278154,
  "memory_usage": 935.31640625
}
