{"train_losses": [0.32192774473325064, 0.3022509324161903, 0.30044170987346897, 0.29682574680318, 0.29213881929931435, 0.2865144419281379, 0.2805552059865516, 0.27533294106631173, 0.2692874519397383, 0.2597633495764888, 0.25045669645718904, 0.2378453869048668, 0.22684902454847874, 0.21544882501273052, 0.20393267338690552, 0.1950986195841561, 0.18446983891012875, 0.17781308034191962, 0.16916390662284, 0.16598610733838184, 0.15772555404059266, 0.1543234120244565, 0.1465324345652176, 0.14596461055233426, 0.13568982319987338, 0.1353676394842889, 0.13177896396297475, 0.12105251212968775, 0.12062821468419355, 0.11823836296958767, 0.11432979227570088, 0.11053520716402841, 0.10438419145572445, 0.09850042544143356, 0.09577024513450653, 0.10121567798373492], "val_losses": [0.3668302582657855, 0.3074835914632548, 0.3195945549270381, 0.2995055518720461, 0.3005225528841433, 0.2895623652831368, 0.2833552827005801, 0.2790887831993725, 0.27417567793441855, 0.25931087071480957, 0.25861566546170606, 0.23781622006841327, 0.24069352707137232, 0.23129628274751746, 0.2153196713846663, 0.20858825451653937, 0.19747617419647134, 0.20203498783318893, 0.19382180143957553, 0.19449418653612552, 0.18702557780172513, 0.1843767917674521, 0.18416274889655734, 0.17822604172903558, 0.18340534943601358, 0.19240489180969156, 0.18678614529578583, 0.1761480433785397, 0.19624186695917792, 0.18823321843924729, 0.18790230997230695, 0.19640688339005347, 0.1884673950464829, 0.18546496785205344, 0.18924910575151443, 0.22082473370044128], "train_ious": [0.3194072235536182, 0.36904746553172235, 0.3716019407868813, 0.37733593458930664, 0.38457123011998523, 0.3930880366198994, 0.40220382189238374, 0.4133336893768226, 0.42752541638100927, 0.4529167656564034, 0.4771187289928395, 0.5072794870972848, 0.5302721503582124, 0.5530669414910715, 0.5747140426782595, 0.589392912128697, 0.6096007102371555, 0.6208795460777868, 0.637329963238343, 0.6420621845493282, 0.6575252588676374, 0.6644258684870121, 0.6778414343362266, 0.6778182698332746, 0.6963837217485561, 0.6974610899021658, 0.7036196101942787, 0.7236724166550499, 0.7241903388521809, 0.7282625249978425, 0.735586230845555, 0.7432705104027107, 0.7554219963865868, 0.7674459328038101, 0.7730747960723826, 0.7634997630788796], "val_ious": [0.3035122301915417, 0.3632163062043813, 0.360799158612887, 0.38208126438700635, 0.37683711622072297, 0.3939879933410682, 0.407517909009914, 0.41653920330809074, 0.4383527117146962, 0.4631135992543854, 0.46363807070082513, 0.5165606742535812, 0.5183386564038803, 0.5182762700470461, 0.565264187105324, 0.5654634724276653, 0.5797688100433004, 0.5819941719157109, 0.6040095526023188, 0.5990647964071537, 0.6118149917194805, 0.6189339763444403, 0.6213731540070064, 0.6283324466667314, 0.6196639069180556, 0.6143292877553165, 0.6286672250084255, 0.6416858600965446, 0.6198569600996763, 0.6300325197154198, 0.6286357541879019, 0.6277354994545813, 0.6418422205724579, 0.6466878276804217, 0.6454410673915476, 0.5914932178414388], "training_time": 853.3322837352753, "avg_gradient": 0.0024146532083280698, "memory_usage": 935.31640625}