{"train_losses": [0.30973253885041113, 0.3009979107781597, 0.2983581383267175, 0.291705472961716, 0.28670919556980545, 0.27911690760241903, 0.26615029184714606, 0.2553036932873985, 0.24651180539766085, 0.23868272647909497, 0.22938263894099256, 0.2221410911044349, 0.2123388153217409, 0.20410773222861084, 0.19228718348819276, 0.18716655760679557, 0.1832119585217341, 0.1730841154475575, 0.16690341747649337, 0.16216426998700784, 0.15697836049872896, 0.1537229858500802, 0.14620725478491056, 0.14562127350465112, 0.14029161255482747, 0.1349633198393428, 0.13184179276551888, 0.12619449388559745, 0.12109303919841415, 0.11831781867405643, 0.11480886059934678, 0.11159251419746358, 0.11761368641062923, 0.1047925753518939, 0.10246049989338803, 0.09644002957350534, 0.09366773801815251, 0.09369553585091363, 0.08848593651276568, 0.08512097390611535, 0.08543271943926811, 0.08369609523240638], "val_losses": [0.30389120008634485, 0.33666924419610395, 0.31225356718768243, 0.2976141500732173, 0.2935364816499793, 0.2871919578832129, 0.27640001702567807, 0.2614720227277797, 0.253388242877048, 0.24882721155881882, 0.23401423090178033, 0.23022950537826703, 0.22563191373711047, 0.21662632505530896, 0.215779363785101, 0.19911426986041275, 0.19842367716457532, 0.18803779489320258, 0.2065848565619925, 0.18343215111805045, 0.18780074948849884, 0.17862490273040274, 0.17484549692143564, 0.1803070034669793, 0.17195255860038425, 0.17670293379089105, 0.17651066896708115, 0.17502156159152155, 0.18095501058775446, 0.1770472623731779, 0.1738099828362465, 0.17661078954520432, 0.17309454439774805, 0.17503570408924765, 0.1721268720600916, 0.1768772206876589, 0.1796040175401646, 0.17718468412109042, 0.1830601416852163, 0.18012938616068466, 0.1883304741071618, 0.19459477002206055], "train_ious": [0.35419813780055753, 0.3705881466977073, 0.37515100863748707, 0.3846920268151205, 0.39388209532784374, 0.4041696238344995, 0.4246045633687403, 0.44161299811933735, 0.4747680779872601, 0.5016056301369186, 0.523232950882959, 0.5373788581540188, 0.5568521725202814, 0.5707834239887152, 0.5917265211650427, 0.6018156902729601, 0.6101775670937004, 0.6302112794710673, 0.6404196719328561, 0.6494302683766333, 0.6584176473535486, 0.6643650532848593, 0.6777139049617275, 0.6788532006135883, 0.6878171431953489, 0.6980050987415554, 0.7040635536870231, 0.7132009488085037, 0.723135503629843, 0.7280970561871491, 0.7344308049026603, 0.7408623686195284, 0.7300991087180119, 0.7542606351924117, 0.7586994964251481, 0.7714778160055482, 0.7767627995083296, 0.7766331855909547, 0.7874233519145541, 0.7948784258054652, 0.794337671034146, 0.7981501301561577], "val_ious": [0.37172530375529034, 0.34809354476738674, 0.3782877541970516, 0.37993988632291975, 0.3866951098476633, 0.4067526839781499, 0.42642740933292045, 0.4360554326946537, 0.4814644672948381, 0.4946258244091185, 0.5250241904371026, 0.5280160928765932, 0.5521878313975059, 0.5512710094883823, 0.556540634645068, 0.5868482275501542, 0.5923672750376272, 0.6063383825231289, 0.5941996904818909, 0.6155812321365745, 0.6138846936865131, 0.6225168257951734, 0.6360878292201223, 0.6243360502564389, 0.6419273878353229, 0.6411422411168831, 0.6402593786301819, 0.6467766712109249, 0.6421158151782077, 0.6499521268018776, 0.6447745831548303, 0.6458971131107081, 0.643334534937057, 0.6543646012095439, 0.6611379901136176, 0.6587715541970904, 0.6577613260866939, 0.6605921461098435, 0.6586982523617537, 0.6534815890633542, 0.6578834629145224, 0.6427665981261625], "training_time": 995.4557116031647, "avg_gradient": 0.001527185120093168, "memory_usage": 935.31640625}