{"train_losses": [0.3136114818246468, 0.3005100046486958, 0.2965204053274963, 0.28751810445733694, 0.2764279427735702, 0.26326634184173914, 0.25095348651318444, 0.23912115638022838, 0.22422215690755326, 0.21470336389282477, 0.20653655541979749, 0.19589887859056826, 0.1895644021746905, 0.18139500300521436, 0.17687052237274853, 0.16928174986463526, 0.16491507941290087, 0.15764599722688613, 0.15379752514316983, 0.14888269887508257, 0.14577733952066171, 0.13941770269656958, 0.13758185526113148, 0.1329536655836779, 0.12744921854818644, 0.12783050670733917, 0.12274734688031932, 0.11611242167165746, 0.11464496005488478, 0.10969191627657932, 0.10687690264666858, 0.10623519446538843, 0.10224927929432495, 0.09849430823131748, 0.10201416180833527, 0.09398918760859448, 0.08914539562133343, 0.08274065784138182, 0.08046487228863913, 0.07772312795176455, 0.09177715659303509], "val_losses": [0.39986646823261096, 0.3108804711829061, 0.29038420708283136, 0.2776009019302285, 0.2748685686484627, 0.25624081719180813, 0.2512561737195305, 0.24376847789339398, 0.22133712664894437, 0.22041819536167642, 0.2050353599631268, 0.21510198615167453, 0.18816628112741138, 0.18918726366499197, 0.19104440089153207, 0.18825876194497812, 0.1850624191372291, 0.18376950919628143, 0.18039067121951477, 0.18180519018484198, 0.1743267087832741, 0.17538969251124756, 0.1711670040436413, 0.16864409654036813, 0.18034059392369312, 0.17640782309615094, 0.1895813728156297, 0.16982032876947653, 0.17296321106993634, 0.17450534276988194, 0.1732087219538896, 0.17479802959639093, 0.17110683056323425, 0.16942165435656256, 0.17032038388044937, 0.17545563436072806, 0.17891090136507284, 0.17572937355093335, 0.1722283721294092, 0.17829462270373883, 0.18332889416943426], "train_ious": [0.3465805184138541, 0.3719164710411227, 0.3777720384022807, 0.39243485341501305, 0.4107144803693945, 0.43457633065348944, 0.4725805618361556, 0.5047113339997071, 0.5371245762630219, 0.5548252757044804, 0.5706445956467716, 0.5884596977544867, 0.5990003003482371, 0.614381467491604, 0.6239340333942919, 0.6362279688642513, 0.6443934924360634, 0.6565946956583558, 0.663821217374525, 0.673381592916406, 0.6784705391180685, 0.6898560281572995, 0.6929957899062528, 0.7006921814079736, 0.7114791228179483, 0.7109327344358832, 0.720559191066718, 0.7328853558047095, 0.7354598774750163, 0.7449956630235132, 0.7508368006219037, 0.7519463738021643, 0.7598151839945632, 0.7674584306128646, 0.7615002982750321, 0.7767535882691543, 0.7872163537295832, 0.8012475100332409, 0.8061856259254444, 0.8120753121548805, 0.7846912174769068], "val_ious": [0.3138167603292327, 0.369066293472829, 0.38458628369414266, 0.4081669644429116, 0.4153536233845997, 0.4467521792655621, 0.49587793891196674, 0.4917501610420319, 0.5431506499864052, 0.5514293765460235, 0.5700072027418923, 0.5714544688445934, 0.6028887935090758, 0.6017675600622011, 0.5998657902945643, 0.6051593446645184, 0.6150750334280125, 0.6246733978606652, 0.6262512470501056, 0.623240061428236, 0.6367531619642094, 0.6363445116557936, 0.6403894068106362, 0.6482446824294936, 0.6404487348121144, 0.6326012218344038, 0.6282888359349708, 0.6527405044306881, 0.6529662026011426, 0.6545026917820393, 0.64681426057781, 0.6569209332051484, 0.6590713314388111, 0.6624623526265654, 0.6574023713668187, 0.6544484569542651, 0.653812186225601, 0.6662240762641464, 0.6687963520703109, 0.6684444754020028, 0.6417503508104795], "training_time": 971.7798202037811, "avg_gradient": 0.0021533019309991795, "memory_usage": 935.31640625}