{"train_losses": [0.30989446555790695, 0.3012834259349367, 0.30069969918416894, 0.29995678268049075, 0.3001210757571718, 0.299248221937729, 0.29463544779497647, 0.2926959398648013, 0.2888723514650179, 0.2866792039054891, 0.28311390802264214, 0.27433939723540907, 0.25630406128323596, 0.2423913400296284, 0.23019940827203833, 0.217268462576296, 0.20617353146814782, 0.19857971289235612, 0.188730895438272, 0.18224432586651781, 0.17421775643268358, 0.16953630259503488, 0.16483660908820835, 0.15663921023192612, 0.15364206489175558, 0.14830458884977776, 0.1435244695647903, 0.14105972117217985, 0.134945097460371, 0.1307554815126502, 0.12759950696288244, 0.12359291720001594, 0.11631092271241157], "val_losses": [0.3245455661545629, 0.30411173079324805, 0.3520311395759168, 0.32035661521165265, 0.30000985510971234, 0.300006618966227, 0.29777681827545166, 0.2931477032277895, 0.284980288018351, 0.29254552009313, 0.2827719777174618, 0.26584710083577945, 0.24356733813233997, 0.23177727020305136, 0.2298772020832352, 0.22013616367526675, 0.21329478887112244, 0.20826164309097372, 0.19367610598387924, 0.18977529425983844, 0.18503679432298825, 0.18638951396164688, 0.17519466222628302, 0.18063104087891785, 0.17624467902857324, 0.18401697893505511, 0.16976131239663, 0.19226297638986423, 0.17158845423356348, 0.18469067500985187, 0.17297978504844333, 0.18624383146348206, 0.20126766160778378], "train_ious": [0.35669813749237234, 0.3701489314004996, 0.3707659443219501, 0.37179995225607465, 0.37136543979463355, 0.3732130406559379, 0.38065837685955556, 0.38281720964484994, 0.3876878273390006, 0.39209431003664713, 0.3997039436220327, 0.42325666000681883, 0.46555424454972893, 0.5002158544012818, 0.523010231986426, 0.5495185822626386, 0.5692027834230575, 0.5844075071314968, 0.601625940964922, 0.613023443552463, 0.6273059423041086, 0.6357607710296691, 0.644266154671061, 0.659503169249797, 0.6649137455700097, 0.6739395112339138, 0.6829515443979836, 0.6871251938459666, 0.6981050470924894, 0.7058989787879199, 0.7126237068163314, 0.7186790118398875, 0.7328374355059608], "val_ious": [0.275448996303738, 0.3737808673278145, 0.3642974180587824, 0.3689119740240816, 0.373165783026944, 0.37545809128146246, 0.38412735382925073, 0.38422680279296195, 0.39211249953273236, 0.411588339863912, 0.4227747967385728, 0.44774957657184306, 0.5032268206494444, 0.5164606911332711, 0.5344271819660628, 0.530330644569535, 0.5548231535847639, 0.5837510379328245, 0.5946082972745966, 0.60038878671501, 0.6138138933026273, 0.6089181636554607, 0.6301393655763156, 0.6122970486032792, 0.6332160880168279, 0.6196518432402955, 0.6422636154769124, 0.6112317680448723, 0.6439722832562266, 0.628838553700758, 0.6405417732354526, 0.6336787971465485, 0.6236884239791095], "training_time": 783.92942070961, "avg_gradient": 0.0020301500236196957, "memory_usage": 935.31640625}