{
  "train_losses": [
    0.32550883293151855, 0.30233362074131553, 0.3007853424743466,
    0.29740892674611963, 0.28867196890970936, 0.2801551837474108,
    0.27165982281060325, 0.262780473931976, 0.25381057264040346,
    0.24513797138048254, 0.23939594059534694, 0.23232286480133948,
    0.22293073117085124, 0.21692473125522552, 0.21144558084399803,
    0.20624146772467572, 0.2006490650060384, 0.19450574036201704,
    0.19094482906486676, 0.1858539198241804, 0.18194273640604122,
    0.17698745008396066, 0.1688121110200882, 0.16253543224023737,
    0.1602026188503141
  ],
  "val_losses": [
    0.3272023408309273, 0.30787913566050323, 0.30532420653363934,
    0.29399652973465296, 0.2869654032199279, 0.28141526877880096,
    0.28906013881382736, 0.26566811974929727, 0.2895762602920118,
    0.27941412575866864, 0.2964252214068952, 0.2350671615289605,
    0.23085827412812607, 0.21866828915865524, 0.2165146353452102,
    0.20840203697266785, 0.2161109424803568, 0.21482172187255777,
    0.20378857300333356, 0.20262440520784128, 0.22668780418841736,
    0.20674599674732788, 0.2041379109672878, 0.19453924570394598,
    0.242528001251428
  ],
  "train_ious": [
    0.3076400021329154, 0.3700368476977703, 0.3723694624313399,
    0.37809659612084184, 0.3922201443085639, 0.40342683842730526,
    0.4151833985211798, 0.42803155602130405, 0.44416046039536344,
    0.4794602949293315, 0.5007627974466782, 0.5175004685972483,
    0.5375419955538665, 0.5488036223349798, 0.5594557086950622,
    0.5696814072628814, 0.5797357324618791, 0.592334506466337,
    0.5989668180059265, 0.6089461953041778, 0.6142241559328808,
    0.6213931555495317, 0.6360291424274875, 0.6478015477296665,
    0.6513512285723201
  ],
  "val_ious": [
    0.34093526847984484, 0.35760527201320813, 0.3712377001841863,
    0.3890833986410195, 0.3963166848904845, 0.4004857397597768,
    0.4031703865182572, 0.4222457080647565, 0.427207805837194,
    0.46857960138847865, 0.3721338838500821, 0.5198043157225068,
    0.5343045963757281, 0.547414701378, 0.5565806377841078, 0.5702827441087667,
    0.5555221257002458, 0.5614422762739485, 0.5863888617874919,
    0.5805806532718133, 0.5395709109911021, 0.5760385234286819,
    0.588208341188189, 0.6037113401984823, 0.5422779523592064
  ],
  "training_time": 589.115184545517,
  "avg_gradient": 0.003052874311486224,
  "memory_usage": 935.31640625
}
