{"train_losses": [0.31820623738610226, 0.30302429668929265, 0.301448216256888, 0.3010460904434971, 0.3006980602184068, 0.29858566982590634, 0.29213686692325963, 0.28520943904700485, 0.2779981636482736, 0.27210151047810266, 0.25964197581229004, 0.2473100143606248, 0.2373875044286251, 0.22888972124327783, 0.2204375182804854, 0.211277742586706, 0.20159372654945953, 0.19477360217791537, 0.1854746885921644, 0.17816958738409955, 0.17128599256924962, 0.1647991222207961, 0.16099354559960571, 0.15673272878579472, 0.1509147100555508, 0.14774755708387363, 0.14190227194162813, 0.13723369691844867, 0.1333860062143725, 0.1288442284921589, 0.12307897550256355, 0.11978975557924612, 0.113752668156572, 0.11288694332799186, 0.11220353700058616, 0.10416613292434941, 0.09818267069109109, 0.09858354845124742, 0.09426396068833444, 0.09361454516487278, 0.0871870050854657, 0.08811502676943074, 0.08366580760997275], "val_losses": [0.3088853436967601, 0.3029042670260305, 0.3110067973966184, 0.3230367056701494, 0.30464727334354236, 0.3030419362627942, 0.28880447084489075, 0.2943420604519222, 0.2769145246433175, 0.2685836673430774, 0.2556610126858172, 0.2390603753535644, 0.23150497577760532, 0.22273073863724005, 0.22046676893597064, 0.21694158406361289, 0.2087460536023845, 0.2143757647794226, 0.1994811976733415, 0.1891434059842773, 0.18901985980894254, 0.193069064422794, 0.18483599404925885, 0.19048885741959448, 0.17714971660271936, 0.185633919161299, 0.18549436881490375, 0.18551085954127106, 0.17759865781535272, 0.1808223416623862, 0.1778901928792829, 0.18063791355361108, 0.1731833472200062, 0.18539289870987768, 0.18826095695080963, 0.1808773761858111, 0.20070978869562564, 0.18511860299369562, 0.19178671389818192, 0.18436503151188727, 0.19075977413550668, 0.19131363604379736, 0.1962472708976787], "train_ious": [0.33125871667745244, 0.36728045344282856, 0.36999999036353104, 0.370517722179484, 0.3709202210659341, 0.37516945152395015, 0.3853306214770546, 0.39640387817137485, 0.40684947020549683, 0.41596836864882, 0.43643411483264855, 0.47241207842708316, 0.5031265501958737, 0.522148192941171, 0.5409099492311908, 0.5582662116520217, 0.5777477525660527, 0.5872581753393876, 0.6047111718604965, 0.6194253872432142, 0.6322016065157406, 0.6436779458021772, 0.6499168391784897, 0.6587736512115898, 0.6686962550317027, 0.6750971945947498, 0.684524308026269, 0.6931412792292191, 0.700266214924446, 0.7084228241465229, 0.7189656576492647, 0.7252123086456802, 0.7362468717754753, 0.7378448942217273, 0.7392453588545318, 0.7553263141949106, 0.7671051207875863, 0.7658551860114804, 0.775253585067348, 0.7765424049634863, 0.7903861706887464, 0.7885220126397365, 0.797845544698446], "val_ious": [0.3503197330063667, 0.3722904724055443, 0.3420098355416194, 0.36520312316175835, 0.3750366408755813, 0.3617328528476798, 0.3932134165712024, 0.3885965843995411, 0.4142536261807318, 0.4212938214557759, 0.46116936609040987, 0.4796302451117748, 0.5152604443871456, 0.523444529082896, 0.5452684155408886, 0.561212575737981, 0.5719730780608411, 0.5589788609008858, 0.5747257150385691, 0.6055375022300773, 0.6053259405105009, 0.6013365441906278, 0.6122289590429569, 0.6101399763770725, 0.6219051732965137, 0.608619136762792, 0.6205133756865624, 0.6222230511299077, 0.634705151984657, 0.6364136621140053, 0.63380342549172, 0.641008032620817, 0.6468723694915358, 0.6316966710315235, 0.6253016131079715, 0.6454666976047598, 0.6339409947395324, 0.6453796236411384, 0.6411154446178589, 0.6479893240375797, 0.6445845017830532, 0.64250232408876, 0.6365416094228841], "training_time": 1014.2419645786285, "avg_gradient": 0.0028470337722047443, "memory_usage": 935.31640625}