{"train_losses": [0.307986613848935, 0.2994771714767684, 0.2965275791028272, 0.2915604794802873, 0.2851163143211085, 0.2784268315071645, 0.26824152477733465, 0.25280071074224036, 0.24107296910622847, 0.22804292105138302, 0.21772289203236933, 0.20571052947122118, 0.19780370131458924, 0.18842795183477196, 0.1797006642040999, 0.1742161824165479, 0.17010180263415628, 0.16550176282939705, 0.1575969396887914, 0.15181807566272176, 0.14970191875877586, 0.1459034167473083, 0.14054313492353843, 0.13709501343090896, 0.13550196389627198, 0.1298569728741827, 0.1270908318945895, 0.12443106151793314, 0.12073994784251503, 0.11700712010750304, 0.11782341980901749, 0.1091875016041424, 0.10633462886123554, 0.0987329994449797, 0.09623977396151294, 0.09886117145905028, 0.10704581358510515, 0.0908038504016788, 0.08584659404890693, 0.08358112686192212, 0.08661414946065], "val_losses": [0.3150998211425284, 0.3220987721629765, 0.30177643182485, 0.297489451325458, 0.3038920650015707, 0.27576300760974054, 0.27186956807323126, 0.27816380236459815, 0.2514813513211582, 0.23243472919515942, 0.22947310623915299, 0.1989891231060028, 0.22646294177874274, 0.18926183231498883, 0.19748678187961163, 0.1834504251246867, 0.19076548743507135, 0.17416052876607233, 0.17376564507899078, 0.17848196301771246, 0.1780115748229234, 0.17095457470935324, 0.18601643067339194, 0.1644382194980331, 0.18208556006784024, 0.1783016175031662, 0.16828618425389993, 0.16350448147758193, 0.1691565089251684, 0.16232159150683362, 0.16358891923142516, 0.16493514277364896, 0.16465753721802132, 0.1634895522957263, 0.1711022267523019, 0.18455288462016894, 0.1746841487677201, 0.16991850085880444, 0.17680169771546903, 0.18394577049690744, 0.17664555395426956], "train_ious": [0.35987027821710904, 0.37241072088911925, 0.376233288127443, 0.38485497106676486, 0.3949684270698092, 0.4055101912597795, 0.4285299823308893, 0.4737974089111429, 0.5016789086352006, 0.5271575780774372, 0.5467815055795338, 0.5699476314627608, 0.5831378423001455, 0.6001816056398807, 0.6159333718427714, 0.6269914659037107, 0.6344082551751878, 0.6425537474561429, 0.6564075173135254, 0.6677299210450789, 0.671552051290654, 0.6793113395139787, 0.6876877611637976, 0.6943225602524872, 0.69647839832781, 0.7072003743462806, 0.7134477282887783, 0.7176525801204253, 0.7242106459494948, 0.7312834891288177, 0.729893634500711, 0.7458593436125396, 0.7518210417550546, 0.7669972384321518, 0.7720637556327423, 0.7670488013089568, 0.752014607730983, 0.7840524332570865, 0.7944513938349228, 0.7992906071569604, 0.7933087289549307], "val_ious": [0.33347279135731683, 0.3732863046984741, 0.37931959914124536, 0.3872549583514531, 0.37900379494480463, 0.4112624433090377, 0.47079233026158995, 0.4247871097312242, 0.4749090990078623, 0.5317371105370313, 0.5340026672119678, 0.5842577072157376, 0.5562303226063217, 0.6051246577846833, 0.5948117764099785, 0.6157610491997955, 0.6149666410857354, 0.6308976282244144, 0.6313388354104499, 0.6299664129813511, 0.6320700692957726, 0.638651907875918, 0.6107917499283085, 0.649987879222718, 0.6290759057670399, 0.6306943614845689, 0.6530180415813475, 0.6562199551558149, 0.6534667986890544, 0.6620872962302057, 0.6586055889509727, 0.663858660105346, 0.6644884706407354, 0.6649312364018481, 0.6613764827666075, 0.6449552828419036, 0.6595288448143696, 0.669842051855032, 0.6709534048602201, 0.6641878390657731, 0.6543493575376015], "training_time": 970.547928571701, "avg_gradient": 0.001537838545198069, "memory_usage": 935.31640625}