{"train_losses": [0.3250228049962417, 0.3027211555644222, 0.2985338364606318, 0.2939655868255574, 0.2852834628328033, 0.2744267229800639, 0.26401536863135255, 0.25391008575325424, 0.24645116066803102, 0.23452213714304176, 0.22073080568857814, 0.21255615515553433, 0.20179079707873904, 0.194095973411332, 0.18631521847261034, 0.1819926701972018, 0.17528284235816935, 0.17255390216798885, 0.1657079599959695, 0.16133328041304712, 0.15715321453045245, 0.15113063861170542, 0.147509868864132, 0.1439566415451143, 0.14119743090122938, 0.13572974045477484, 0.1318048025764849, 0.12600114799873985, 0.12564597108765788, 0.1199426243243658, 0.11548457796806874, 0.11849038930528838, 0.10787857137620449, 0.10210639829544918, 0.10068080262483461, 0.09786664220787909], "val_losses": [0.3092365465734316, 0.30377127748468646, 0.296810287496318, 0.2935473886520966, 0.27608546225920966, 0.2780480287645174, 0.2743868095719296, 0.2523545457617096, 0.23259087846330975, 0.2285067306264587, 0.2224013717926067, 0.20402347069719565, 0.2014600540632787, 0.19850932029278381, 0.18616242965926294, 0.18984230380991232, 0.1825062143413917, 0.17836582725462707, 0.181624090541964, 0.17898898377366687, 0.17726577785999878, 0.17570734639530597, 0.17034680331530777, 0.17289383709430695, 0.16293278903416966, 0.16173468983691672, 0.15899194145332213, 0.16450981698606326, 0.16293620172402132, 0.1586092098251633, 0.1599567663734374, 0.16214362758657205, 0.15868775335990865, 0.16204269392334897, 0.16407128601618434, 0.16759815180431242], "train_ious": [0.3201513931804136, 0.3703891072908174, 0.375296300412088, 0.3819952623351763, 0.3968037428333088, 0.4121446944720869, 0.4284691050882733, 0.46125355989847705, 0.48722808889747743, 0.5126054924575317, 0.5404674667001206, 0.5568839616101723, 0.5751455784437879, 0.5900940113579451, 0.6061355094222918, 0.6132822635219146, 0.6254988703066889, 0.6307419353583154, 0.642661731528199, 0.6519086022145939, 0.658701149611801, 0.6687019506226413, 0.6762102554565755, 0.6812905999629392, 0.688439353868581, 0.6964356214671893, 0.7037662673147692, 0.7150665626901648, 0.715122261988944, 0.7259321739708164, 0.7341356518799845, 0.7294429923421235, 0.7485870769706322, 0.7598963073198348, 0.7625423249775088, 0.7685888098633807], "val_ious": [0.36252969373827393, 0.3742427044156668, 0.37836225179658417, 0.38752485941285675, 0.40722491365412006, 0.41246322609003977, 0.428560150605019, 0.48180604888045253, 0.5176536090995955, 0.5356430927480476, 0.5427177524653034, 0.5814931382951531, 0.5831335016350815, 0.58625725429991, 0.6142407508863919, 0.6031268339442171, 0.6139264914436617, 0.6267019908713257, 0.6268651850413584, 0.6293519109055616, 0.626152515411377, 0.6335630235464675, 0.6493048287820126, 0.6413004564634267, 0.6539307638354923, 0.6595098803872648, 0.6608179077722023, 0.65783177856086, 0.6634756397941836, 0.6648350580446961, 0.6588470706905145, 0.6652020010827241, 0.6730722640303598, 0.6732878412889395, 0.6751043003970298, 0.6537941009670061], "training_time": 852.4869065284729, "avg_gradient": 0.001614256042865529, "memory_usage": 935.31640625}