{"train_losses": [0.32317308077345724, 0.3042123296662517, 0.3020028716520123, 0.3009701842523139, 0.29941615624272305, 0.29703288800690486, 0.2932104022930498, 0.2876687079020169, 0.28255367538203363, 0.27904721414265427, 0.270940107576873, 0.25855363298045553, 0.2495378288237945, 0.23774120681311772, 0.22884418928752776, 0.21822270483750364, 0.20860154861989227, 0.20062115877542808, 0.19201509330583655, 0.1877047281064417, 0.17814563579209472, 0.17053225847042125, 0.1639143540321485, 0.16049609398064407, 0.15481335787183564, 0.153586205418991, 0.14564485212221093, 0.13964851354451283, 0.1340154813521582, 0.1294015500208606, 0.1266013442174248, 0.12141825197993414, 0.11617658473551273, 0.11364416915761388, 0.10690788855857175, 0.10597146577809168, 0.10112332054616316, 0.09737404245559288, 0.09225601221070341, 0.089610087118395, 0.08943195956880631, 0.08485235767843931, 0.0843590778582122, 0.07871501414996127, 0.07685868753849165], "val_losses": [0.35335504166457965, 0.3048483547957047, 0.30288261887819873, 0.3173455544140028, 0.31463102542835736, 0.29797188872876373, 0.307875109107598, 0.281781541912452, 0.28199691487395245, 0.2735338596546132, 0.2689516699832419, 0.25434844876113144, 0.24360939633587134, 0.23748512663271115, 0.22755763906499613, 0.21903825745634412, 0.2133360871154329, 0.20811224372490592, 0.21632330378760461, 0.19797492092070373, 0.19841363151436267, 0.19104413558607516, 0.18646593780621237, 0.18499021685641745, 0.18532990178336267, 0.18306165771639865, 0.17932818279318188, 0.17750777271778687, 0.17709394965482794, 0.1810336294381515, 0.18831828949244125, 0.1883730084999748, 0.19003885563301004, 0.17505186051130295, 0.18248311689366464, 0.18078307127175125, 0.18531238482050275, 0.18750385162623032, 0.18065054034409317, 0.2000583345475404, 0.18733648826246677, 0.18465530742769656, 0.19654972948457883, 0.19371370647264563, 0.23662937950828802], "train_ious": [0.3284443448393847, 0.3645379981750619, 0.3701534999561483, 0.371062007935151, 0.3737213544655537, 0.37779399531259056, 0.38390939397602075, 0.39250191684434377, 0.40038103790851426, 0.4058195739102979, 0.4182480643575735, 0.4473925029049738, 0.4724392599115765, 0.5014325713981754, 0.5199860599620834, 0.5407160598838674, 0.5607792157949747, 0.5765823619575169, 0.5928368308999834, 0.6016888143899649, 0.6181009398854297, 0.631967321983066, 0.6444521302330322, 0.6513496789595358, 0.6612377890210223, 0.6638949564725594, 0.67796357964044, 0.6881894885521865, 0.6981615149348547, 0.7066857193907098, 0.7116382198165294, 0.7208059281110768, 0.7314616434708023, 0.7362291747569176, 0.7492932579547597, 0.7513068617470023, 0.7609602726348068, 0.768862660542347, 0.7793225962938608, 0.7852540401660876, 0.7854841312096608, 0.7953465481599168, 0.7966393950948678, 0.8089506212567943, 0.8133018185263097], "val_ious": [0.26498883838454873, 0.371226247669994, 0.370580874491429, 0.30588842096967966, 0.3257744638384253, 0.3748492410649424, 0.349935017850088, 0.40020381389320764, 0.40789764860401984, 0.4179560973180754, 0.420163672332147, 0.44770510844292416, 0.4881578182288702, 0.5058216951463534, 0.5226456133675749, 0.5354027996460597, 0.5507507142813308, 0.565467544655869, 0.5578992593547573, 0.5895745995036068, 0.5880070430213128, 0.6064476910708608, 0.6095021368152854, 0.6181735094042792, 0.6162575868808702, 0.617850947747196, 0.6295444433023963, 0.6289992293585902, 0.6337410360574721, 0.6288102832825287, 0.6248859113109285, 0.6249317753574123, 0.6228722804698392, 0.6383893200452777, 0.6404794156551362, 0.6401965732591738, 0.6379390063061231, 0.6292319058076196, 0.6443941083507261, 0.6357539438683054, 0.646549718103547, 0.6349399331687151, 0.6385331082603204, 0.6443271824847097, 0.6118238521874818], "training_time": 1076.4362845420837, "avg_gradient": 0.0028052980225189376, "memory_usage": 935.31640625}