{"train_losses": [0.31445579992040346, 0.3030560207755669, 0.3001097314383673, 0.2944535719959632, 0.29093370521846024, 0.2797259763693032, 0.2709246994522603, 0.2610261247533819, 0.25398533200116263, 0.24444403863795425, 0.23579929777137612, 0.22737222715564395, 0.21714884860684042, 0.2096438028080308, 0.20209526108658832, 0.19322127589712973, 0.18645588349065054, 0.18146443528973538, 0.17503994654702104, 0.16822465744031512, 0.16278478786673234, 0.1551487614279208, 0.15137777489650509, 0.14598109253236782, 0.1410162112797084, 0.135197255153047, 0.13131800233183996, 0.128393511571314, 0.1250602315058527, 0.12135973588927933, 0.11632623126649339, 0.10940612330222907, 0.11206975514474123, 0.10322744160404672, 0.09820444120661072, 0.0950862982350847, 0.09008543586115474, 0.09880678416432245, 0.08831899313499099, 0.0820293809975619, 0.07857259682825078, 0.09132632629378983], "val_losses": [0.35781879399133765, 0.32312391568785126, 0.3025323048881862, 0.2953495849733767, 0.28183550679165387, 0.27384212159592175, 0.2630102602036103, 0.2575249526163806, 0.28251043286012567, 0.2473333620506784, 0.24073128596596097, 0.22400179732105005, 0.2216955682505732, 0.21119118741025095, 0.21568557587654694, 0.19454190847666367, 0.19336261470680652, 0.1849054791357206, 0.18781711420287256, 0.19183167815208435, 0.17409087587957797, 0.1687209713070289, 0.1674034569574439, 0.1665438831500385, 0.16539685719687006, 0.17178625775420148, 0.1622821332319923, 0.17512961217890616, 0.16217774039377336, 0.16701410160116528, 0.1652095246574153, 0.16651058990670287, 0.1669451654281305, 0.1760332108191822, 0.16516944377318674, 0.1674863883982534, 0.17033751665250116, 0.1688108965754509, 0.17737889144083727, 0.1802039818595285, 0.17513356406403624, 0.18550546143365942], "train_ious": [0.34659789264562424, 0.3676785598508487, 0.37291334900205797, 0.38163235180874583, 0.3867755277446437, 0.4045322233321421, 0.4190545665437046, 0.43942232495485917, 0.4589028868679148, 0.49071044693498506, 0.5120069569759608, 0.5283337880087935, 0.5472502765934103, 0.5625947764602259, 0.5752072443078825, 0.5922725098072622, 0.6046373738866787, 0.6144688035212998, 0.6253848570142531, 0.6376259668689704, 0.6477383247212223, 0.6607574154285417, 0.6684462996064753, 0.6764720588706536, 0.6872318762799968, 0.6978385223858596, 0.7048185942289625, 0.7104404998430307, 0.7156698484567626, 0.7228706102224364, 0.7323694722591967, 0.7450440772201704, 0.7406441712401051, 0.7575841445637789, 0.7679643040873873, 0.7740740004548986, 0.7850236036423321, 0.767344483376845, 0.7885960534862847, 0.8024029350583105, 0.8098466902755304, 0.7840869869982852], "val_ious": [0.2956290402841093, 0.3013993714382684, 0.3813210927779647, 0.38785144370737823, 0.4020057592363931, 0.41770501555810613, 0.4404056010349397, 0.4430693745734576, 0.4516194203625555, 0.4981022216379641, 0.49022807429234183, 0.5366975160828534, 0.5539944743116696, 0.5677662687241167, 0.5350132350796377, 0.5936604415376981, 0.5982035842278731, 0.6031212335911349, 0.6042810916036799, 0.6081082892158758, 0.6265759529626889, 0.64081350012102, 0.6439269861017447, 0.6397968584644621, 0.6511686107386715, 0.6395089734291683, 0.6577867584815925, 0.6382399583640307, 0.6638862533845763, 0.6540152428374774, 0.6646175304616706, 0.6647259966618773, 0.6649021009604134, 0.6585011570781901, 0.672482210440912, 0.666011242546897, 0.6682402450537337, 0.6605732609396395, 0.669072115982788, 0.6738670140072921, 0.6730841944615048, 0.63817850921465], "training_time": 993.3666303157806, "avg_gradient": 0.0020320845657814963, "memory_usage": 935.31640625}