{"train_losses": [0.3072673767481161, 0.29725884257451346, 0.2918586131671201, 0.2878786317356255, 0.27625276480355987, 0.26103874603691307, 0.25206481770652794, 0.24214886987338896, 0.22800397216949775, 0.218470957454132, 0.20647398196160793, 0.1942936535924673, 0.18701619282364845, 0.1810423509096322, 0.17384197028434795, 0.17108580389100572, 0.16252411812867806, 0.15645781957098973, 0.15708169009050596, 0.1487076759500348, 0.14264489807512448, 0.13822866563239825, 0.13654219209338012, 0.13093530119437238, 0.13056010032153648, 0.12450054700931777, 0.12275718387378298], "val_losses": [0.3104517557050871, 0.3007349520921707, 0.3122686763172564, 0.302282826408096, 0.26558245102996414, 0.259113354527432, 0.25419626579336496, 0.2511331918446914, 0.23497853330943896, 0.29614582204300427, 0.20242717311434125, 0.19994375692761462, 0.1979789630226467, 0.18453641656948172, 0.1768398566738419, 0.17431350181932034, 0.1710092666680398, 0.193754058169282, 0.1685472833721534, 0.17401729313575703, 0.1637776030794434, 0.15706195909044016, 0.16691805924410405, 0.16332362187297447, 0.16336337250211966, 0.1811863890160685, 0.17346292377814002], "train_ious": [0.3599144857418413, 0.376616918144451, 0.38381024747007114, 0.3902616215248903, 0.40830374741251907, 0.4322135497324015, 0.46282828891602606, 0.4890575878831651, 0.5264113068823582, 0.5452266851629036, 0.5695454964711181, 0.5921940562733705, 0.6045336642073115, 0.6157906479269696, 0.6293175485039102, 0.6342303703228633, 0.6496187043038834, 0.6613624331311907, 0.6603451831185302, 0.6756553096507772, 0.6861501961298611, 0.6944179539231287, 0.6963932382455773, 0.707550426972085, 0.707227449000314, 0.7180724247642185, 0.7218078698800959], "val_ious": [0.3735317605129187, 0.3700245240892189, 0.3900650657605434, 0.3633528183335844, 0.42009622571261024, 0.4476982076260922, 0.4808604351204375, 0.49163911945146055, 0.5250568021682726, 0.48760528938061937, 0.5817413984433463, 0.577781420039094, 0.5775163156398829, 0.6141866201507872, 0.6235451378684114, 0.6314903117608334, 0.6402555162060088, 0.6185076748547348, 0.6420903989802237, 0.6379294838162436, 0.6555429722951807, 0.664416372128155, 0.6485014477933663, 0.6466943079578704, 0.6593117333840631, 0.6435115505819734, 0.637050330206968], "training_time": 640.0353872776031, "avg_gradient": 0.00292211707908859, "memory_usage": 935.31640625}