{
  "train_losses": [
    0.33699150626426155, 0.30125967056854913, 0.29239831978212233,
    0.2844650463565536, 0.27359898817604, 0.26295407748092775,
    0.24989265478823497, 0.23996798200127872, 0.22890900577539983,
    0.21876197057249752, 0.21109423826894033, 0.2013542474773915,
    0.19326051195030627, 0.18729576978670515, 0.1807811265082463,
    0.17538457088496373, 0.16972084221956524, 0.16440990931637908,
    0.16117663924460826, 0.15503048313700635, 0.1495188129255953,
    0.14436882908415535, 0.14148846191718525, 0.13575822754722575,
    0.13204221326209928, 0.12609562763701315, 0.12319041383655174,
    0.12109067946996378, 0.11536703951170911, 0.11008383588784415,
    0.10993557990245197, 0.10547654047284437, 0.09786789957433939,
    0.09250751749166976, 0.08897723654366058, 0.09068595941947855,
    0.08447693535329207, 0.08152776418010825, 0.07774049752270398,
    0.07737941031708666, 0.07748818049288314, 0.07524813191317346,
    0.07243154256645104, 0.0708541666643451
  ],
  "val_losses": [
    0.31769300738106604, 0.3123059331075005, 0.2955437918072161,
    0.2857550920351692, 0.2989320586556974, 0.2788954869560573,
    0.25211188261923584, 0.24425600469112396, 0.23028319944506107,
    0.23008729938579642, 0.21818124697260236, 0.21945902251678964,
    0.20448547212973886, 0.2002080491055613, 0.19071420768032904,
    0.19493535679319632, 0.18460968914239304, 0.18521555675112683,
    0.1781387688673061, 0.172859156585258, 0.1803647004391836,
    0.19429699461097302, 0.18259769840084988, 0.17909774767315906,
    0.17013708307691242, 0.1685788213558819, 0.18646203758923904,
    0.1745582381668298, 0.1702332360588986, 0.18952494373788004,
    0.16922397620004156, 0.16555300160594608, 0.17142176709097365,
    0.1682336620338585, 0.18026226920926053, 0.18622712726178375,
    0.17056714322256006, 0.17324602798275326, 0.18081567485047423,
    0.1913976805365604, 0.19783038030499997, 0.19109605025985968,
    0.19057584359594013, 0.19097592778827832
  ],
  "train_ious": [
    0.29560846184910805, 0.3715621929807482, 0.38507310254871674,
    0.39697544384948164, 0.41363267970982776, 0.4383228072020903,
    0.47712228810954566, 0.501262618539234, 0.523773902541269,
    0.5451250214237665, 0.5600951017568941, 0.5778790839502345,
    0.5947372129699889, 0.6036360990526021, 0.6165484758768826,
    0.6262031714229478, 0.636340535637261, 0.646361499376919,
    0.6523252042091411, 0.6634457301942333, 0.6723504997249965,
    0.6828172451452066, 0.6883991029167522, 0.6975096983538158,
    0.7048356066039504, 0.7156399835063065, 0.7203978399435682,
    0.7244978113558848, 0.7354782266353347, 0.7457271273909268,
    0.7458332839111487, 0.7539754430560963, 0.769169002825367,
    0.7795796172990316, 0.7873522787746314, 0.7839151172210344,
    0.7967516367958076, 0.8026894333137982, 0.8111649016323298,
    0.8121592232930482, 0.8118193837395616, 0.8167211217940719,
    0.8231298914854078, 0.8266816395132441
  ],
  "val_ious": [
    0.35836213783941395, 0.3642821320589039, 0.3827936422565708,
    0.3978014458780702, 0.4026090187314592, 0.43415696840679296,
    0.4891311261209024, 0.5062708363908788, 0.5228957529517188,
    0.5362834108696468, 0.5539760174958601, 0.5630533883105153,
    0.5768503187143286, 0.5873996411328729, 0.6028841971487239,
    0.6018349675164706, 0.6162912212852119, 0.6080756052464678,
    0.63051179094591, 0.6336872797945271, 0.6321380827305971, 0.628880926448366,
    0.6401030326235119, 0.6297336557637089, 0.6456554801999658,
    0.6540806991034659, 0.6336739486542301, 0.650021979558295,
    0.6607814528371977, 0.655199605917585, 0.6602728904589362,
    0.660892782003983, 0.6644954698673192, 0.665953182871791,
    0.6648647182661555, 0.6568648361641428, 0.6684021673340726,
    0.6673503669275754, 0.6623677632946897, 0.6610248354466065,
    0.6611418896827146, 0.6667916684047037, 0.6662542038205741,
    0.6582673995391183
  ],
  "training_time": 1037.6091601848602,
  "avg_gradient": 0.0015669858253507336,
  "memory_usage": 935.31640625
}
