{"train_losses": [0.32105123089707416, 0.30262415013883426, 0.3017107034507005, 0.2990261460451976, 0.29590296858678694, 0.29336663303167926, 0.287081869562035, 0.27879842071105604, 0.26826235773446766, 0.25933412915986515, 0.24889893594967283, 0.24134985365621422, 0.23100164864698183, 0.22040402719184107, 0.21201602944537348, 0.202247257951809, 0.19362665947688662, 0.18744318907999474, 0.1813403129901575, 0.1749463076500789, 0.1675695387403602, 0.16399849230504554, 0.15769329424137654, 0.1533441419672707, 0.14844146265607813, 0.1469392887438121, 0.14039285825160536, 0.1381115937281562, 0.1320102419299276, 0.12803953173367874, 0.12507201018540756, 0.1209239304146689, 0.1140823362638121, 0.11129904076780962, 0.1111966016418908, 0.10474544880992692, 0.09814330672278353, 0.09830719297346861, 0.10152622312307358], "val_losses": [0.33638636897439544, 0.30671201192814374, 0.31254912653694983, 0.30450126658315246, 0.30582762088464654, 0.30206133878749347, 0.28756138941516046, 0.29171909651030664, 0.26531771214111993, 0.2535100404335105, 0.25031940606625186, 0.24551746443561887, 0.2366427484413852, 0.21500036995048108, 0.20450285627790118, 0.1973846962918406, 0.1847616019456283, 0.190772772807142, 0.19470623783443286, 0.18543421444685562, 0.20416787687851035, 0.1859960390821747, 0.19781423003777213, 0.1786288955937261, 0.17535385100737863, 0.1736449508563332, 0.17145191732308138, 0.1807607600222463, 0.17161911790785583, 0.17061623542205148, 0.1691275967851929, 0.16626031599614932, 0.1624982340828232, 0.1735966067923152, 0.17809545637472815, 0.17253257512398387, 0.1647157897443875, 0.17178897527248962, 0.20015678911105447], "train_ious": [0.328679126806953, 0.36772334698407194, 0.3694548764057759, 0.37387750907672157, 0.3800596554016024, 0.38304120246925427, 0.3928451691444273, 0.4059188435148563, 0.420028114157622, 0.4325791210842421, 0.46787600145314384, 0.4930645297348934, 0.5192835868430745, 0.5410781926542954, 0.5567641095460758, 0.5756479551664728, 0.593150808867337, 0.6042156358775886, 0.6153213924363904, 0.6264233771117702, 0.6391923484270986, 0.647487961511681, 0.657393194951009, 0.6657605497841385, 0.6736568752406298, 0.6772580985789712, 0.688733816848717, 0.6934053279675437, 0.7036466431142623, 0.7106826967303302, 0.716265739576108, 0.7242386585128479, 0.7362165365206161, 0.7415499165114285, 0.7417845864226855, 0.7546934065935401, 0.7680624716955685, 0.7673197261773158, 0.7617113530851793], "val_ious": [0.3652934090814729, 0.3544972294914549, 0.371251846353213, 0.3796317480180574, 0.35611216983069544, 0.35609522764233575, 0.4007050693035124, 0.3945221205552419, 0.43626463953135675, 0.4366800735771138, 0.4815169357951138, 0.5035658430146133, 0.4905906183834094, 0.5521405224782834, 0.5706520655016968, 0.577649225467357, 0.607598855767561, 0.6025304070849351, 0.6105282901637797, 0.6162804121124572, 0.5884685617858085, 0.6209201359230541, 0.6014593652840973, 0.6272033889224564, 0.6326010866441589, 0.6387848013984984, 0.6457299957240837, 0.6349849996791371, 0.6434085973794909, 0.6518905218960582, 0.6510238047095313, 0.6601061557514079, 0.6611820994943812, 0.6498138861379761, 0.6481198191210843, 0.6630723394345545, 0.6623794011015823, 0.6619530382795612, 0.6283420695774798], "training_time": 923.6267297267914, "avg_gradient": 0.0017688945443293748, "memory_usage": 935.31640625}