{"train_losses": [0.3117407490701779, 0.2903665192425251, 0.27402034547665843, 0.26230033219832444, 0.25094771239420643, 0.2405102250530668, 0.22923571745986523, 0.21749538118424622, 0.20780390978831312, 0.19980673321887202, 0.19286989922756734, 0.18430044874548912, 0.1796260755509138, 0.1742322088583656, 0.16789492397852565, 0.16293901812447154, 0.15530551233045434, 0.1501994497831101, 0.1486295525227552, 0.14012208269180162, 0.13606492110082638, 0.13491259284479462, 0.12426806917495054, 0.12442242090954729, 0.12293363824162794, 0.11772401355530905, 0.10699783042883096, 0.10147871809971074, 0.09767280753863894, 0.09650142762162116, 0.10052076395115127, 0.0915913368858721], "val_losses": [0.3057533658069113, 0.2777885736330696, 0.2704166624209155, 0.25986940964408545, 0.24299305094325024, 0.2893903177717458, 0.22083760052919388, 0.22520380953083868, 0.22641174883946127, 0.2224147131909495, 0.19635272641544757, 0.19681100871251977, 0.19611557216747946, 0.18236021276401437, 0.19525544831286307, 0.18291502964237463, 0.19310279417297113, 0.18235474500967108, 0.17557098133408505, 0.19617069415424182, 0.1771121122266935, 0.17602205859578174, 0.17223722196143607, 0.19242457235636917, 0.17533767450114954, 0.1844219656094261, 0.1677374026697615, 0.17066393015177353, 0.18288454219051029, 0.18014334919659988, 0.17980194318553674, 0.18612622178119162], "train_ious": [0.3497517682859931, 0.3885706536795781, 0.4129833731314411, 0.43092590389261354, 0.46637592645590525, 0.5021545875925519, 0.526553431863262, 0.5497278819751482, 0.5671500575769203, 0.5818252631233654, 0.5951845629167728, 0.609149600284687, 0.6195729018013546, 0.6283348601959323, 0.6393924323113067, 0.6500932214160765, 0.6627718094952297, 0.6718567864618439, 0.6750221741588218, 0.6894669329774551, 0.6968229726172877, 0.6993950346781727, 0.7181792613928729, 0.7176695128605851, 0.721491356096838, 0.730375747533812, 0.7511140301931593, 0.7621338983484801, 0.7698446428538235, 0.7719324189035788, 0.7642555453315159, 0.7823504727279793], "val_ious": [0.3764445816261182, 0.40456706782182045, 0.41816417009070306, 0.4332458065903706, 0.4897114244708116, 0.4649023737056531, 0.5447138217480286, 0.5527956095942553, 0.540238309489644, 0.5466526394736939, 0.585085179278816, 0.5983201219983724, 0.5947140712237011, 0.617423654898353, 0.6158546459847601, 0.6208919161471769, 0.6083752550724622, 0.6286251089279203, 0.6430105402849725, 0.6162499670965085, 0.6341832211052164, 0.6428351251111516, 0.6527964816145275, 0.629343106046967, 0.6492906953545584, 0.6415155631476553, 0.6589754122322883, 0.6563026386758557, 0.6533910338429437, 0.648249828297159, 0.6557202000116955, 0.6396525545396667], "training_time": 759.2402818202972, "avg_gradient": 0.0045055506225435485, "memory_usage": 935.31640625}