{"train_losses": [0.310428981223832, 0.27513448983106925, 0.25742757215124107, 0.2417669008769419, 0.225248069461921, 0.2134217313774254, 0.20156600585450296, 0.19241980252706486, 0.18590091193175834, 0.17962904096297597, 0.1728261494604142, 0.16794236927576686, 0.16244684678056967, 0.15843037434894106, 0.15558288153260946, 0.14925178411700155, 0.14679493155816328, 0.1407194527513955, 0.13662632647901773, 0.130687041208148, 0.1290830508198427, 0.1249087237469528, 0.12142750434577465, 0.11533223359805087, 0.12115328787299602, 0.11497846982725289, 0.1077770019840935, 0.10541557783827833, 0.10111178174290968, 0.09512320310687242, 0.09165379805895298], "val_losses": [0.2973220082728759, 0.2733855956922407, 0.2729553301697192, 0.24928628718075546, 0.2330794975809429, 0.21226476683564807, 0.20833407407221588, 0.19569482265607172, 0.1990681925545568, 0.19733598083257675, 0.18187979835530985, 0.19494442253009134, 0.183652739809907, 0.18010698712390402, 0.17284330596094546, 0.17385279743567758, 0.18879997795042786, 0.1866102380597073, 0.1655827938862469, 0.16669884421255277, 0.17421877578548764, 0.16819997552944266, 0.16172458231449127, 0.16204073960366455, 0.17668308576811914, 0.1612026655803556, 0.16289370409820392, 0.16234428451760954, 0.15838095059861307, 0.15535060883216237, 0.19835407416457715], "train_ious": [0.34913064454657083, 0.41132264293679816, 0.44454497357996225, 0.4952380040262325, 0.5315570240246426, 0.5544954387444084, 0.5787131415167149, 0.5944226165774504, 0.6086348835108937, 0.6184028993914094, 0.6304684706788134, 0.6392050345522772, 0.6496984555345514, 0.6572934826431063, 0.6623471324750478, 0.6739018327839996, 0.6800623752068783, 0.6900832491616409, 0.6963291317764396, 0.7073407117547328, 0.7102303382387195, 0.7180270086703958, 0.7241027910208357, 0.7353269174371075, 0.72508506125946, 0.7366122291895791, 0.7498441614966462, 0.7545766634461676, 0.7628369281149427, 0.7751374696583851, 0.7824125184097148], "val_ious": [0.3725029610205389, 0.42492519340653345, 0.42997872061433556, 0.4934975755387458, 0.521114664665167, 0.5656281466717307, 0.5625689951837927, 0.5947458731091542, 0.588935430823029, 0.5918791090016781, 0.613242222994998, 0.6026734852272532, 0.6144302941966747, 0.6253946332827858, 0.6368890413339586, 0.6353273339893507, 0.6156179982682933, 0.6180668017570523, 0.6486588101024213, 0.6504604375880697, 0.6359906533490055, 0.6474096762097401, 0.6595444875782814, 0.6570433123388153, 0.6459142051745151, 0.6624807188476339, 0.6664723933174989, 0.6642577412767687, 0.6748344768648561, 0.6799950120241745, 0.6190715069356171], "training_time": 734.9295439720154, "avg_gradient": 0.0029113294655678285, "memory_usage": 935.31640625}