{"train_losses": [0.3254715243111486, 0.3025662638247013, 0.29921229280855344, 0.29345473760496016, 0.28631851417214976, 0.27584083297330403, 0.2662505699402612, 0.2561452832558881, 0.24910617255322312, 0.24067201854094214, 0.2299326461456392, 0.21736834279221037, 0.20807145957065665, 0.19864914793035257, 0.19071296181367792, 0.18519135783224003, 0.1778387988553099, 0.17019311848865903, 0.1658482130454934, 0.1594279033496328, 0.15533574168448863, 0.15185412197657253, 0.14620995319083982, 0.14304884984765365, 0.13645248329671827, 0.13599081940786995, 0.1328700959034588, 0.12587115306245245, 0.12159105382211831, 0.11801114160081615, 0.12015404600812041, 0.11663416052318137, 0.10796766392076793, 0.10213068079041399, 0.10200522601118554, 0.10107365902513266, 0.09262691106161346, 0.08871357511405063, 0.09922907683674408, 0.09029691160211097, 0.08334434603381416, 0.08150778139900902], "val_losses": [0.3110996283914732, 0.30686607179434405, 0.29834665876367816, 0.289438607900039, 0.3027407494576081, 0.2710215306800345, 0.2582418280451194, 0.2574191038375315, 0.24538054900324863, 0.24157563726539197, 0.22691521048545837, 0.23232722800710928, 0.2040458130447761, 0.20353804269562598, 0.1955949142575264, 0.19353953554578449, 0.1873991521804229, 0.19125324617261472, 0.18384365024773971, 0.18451640819725784, 0.174738308009894, 0.18023146591756656, 0.1751737626998321, 0.17708166559105334, 0.1758172343606534, 0.17753976907419122, 0.16880513954421747, 0.17350478891445242, 0.1778650740566461, 0.17520548630019891, 0.17288003197830656, 0.17302707517924515, 0.17277742501186288, 0.17418662814990335, 0.17644786640353824, 0.1679096153896788, 0.1707821864148845, 0.18448616726242978, 0.19122631912646088, 0.1712659956968349, 0.18233478976332623, 0.20372477076623752], "train_ious": [0.31207594247656223, 0.36956414882687566, 0.3746896649990892, 0.3841204979605433, 0.39557768061154813, 0.41423043730518666, 0.4331190063756475, 0.4512834838942449, 0.46918229618366203, 0.4978868303334583, 0.522203835658729, 0.5485971736843174, 0.567638776062623, 0.5848381380834009, 0.5986021568431801, 0.6085691824555397, 0.6191124828073423, 0.6365714595261694, 0.6431957807769805, 0.654981228050546, 0.6619020056897318, 0.668754517438187, 0.6780631575139536, 0.6836983607407064, 0.6954156605769758, 0.6967087411794112, 0.7016050720020482, 0.7143581241801162, 0.7225646025676662, 0.728996252290149, 0.7256418273824717, 0.7316829561647297, 0.7483185447104599, 0.7600076269844307, 0.7610336306194467, 0.7620654353413032, 0.7796061635557293, 0.7878952828114444, 0.7668625988282158, 0.7851011494471539, 0.8002708000333416, 0.8049951946713788], "val_ious": [0.36558422575826216, 0.37195509736952564, 0.37931715254334436, 0.38821198305358057, 0.39372376699390343, 0.4254721762760935, 0.4446169265910335, 0.45567874150161713, 0.4969288760769194, 0.522296648742496, 0.534353586750618, 0.5356094671980195, 0.575660413482051, 0.5732781038336132, 0.5973767746185911, 0.5988188997127007, 0.6073975436713385, 0.6032587521965954, 0.6180487072122268, 0.6209614799506423, 0.6302982222126878, 0.6306822924078375, 0.6400156727303629, 0.633392742794493, 0.6397261042957723, 0.6371019672656405, 0.6473921813826629, 0.6527166740185973, 0.6493323587852976, 0.6474503494691157, 0.6540927262841789, 0.651166219426238, 0.6599743662105091, 0.6610034172949586, 0.658501287733299, 0.6639955311581707, 0.663016303077988, 0.6605813306742817, 0.6506997960201208, 0.6658257664977639, 0.6578019358541656, 0.6413344771101854], "training_time": 993.5618014335632, "avg_gradient": 0.0024478776419000676, "memory_usage": 935.31640625}