{"train_losses": [0.3245560760083406, 0.30285538781596266, 0.2994509491583575, 0.2952238763480083, 0.2908374417735183, 0.28437379067358765, 0.27635211716203584, 0.26895387106291624, 0.26118571084478626, 0.2534081786061111, 0.2444696041714886, 0.2367119074029767, 0.22773492036630277, 0.22299674687826115, 0.21385904887448187, 0.207068275174369, 0.2007421857636908, 0.19141007384852224, 0.18310482791908408, 0.17803445822842742, 0.17490300609041814, 0.1649408347742713, 0.16046882185923017, 0.15550539099975771, 0.1522819830266678, 0.1484155038614636, 0.14428772052507038, 0.13838254664417193, 0.13204877244551544, 0.13240297154887862, 0.12211789947974941, 0.11813436023405065, 0.11773864710298569, 0.11552770156413317, 0.1089134338595297, 0.10516189913386884, 0.09961923892083376, 0.09655345117916232, 0.09931834378158269, 0.0982127402625654, 0.08881578728070726], "val_losses": [0.308848869541417, 0.30348900932332745, 0.3404772774032924, 0.2931935754807099, 0.29663085160048114, 0.2786940303833588, 0.2705814806015595, 0.2760168608763944, 0.26540520301331644, 0.26458184259093326, 0.24401862951724426, 0.2363563763058704, 0.23879889010087305, 0.2451342655264813, 0.21413175016641617, 0.23104929114165512, 0.20225333681573038, 0.1937935984005099, 0.19559354853370917, 0.2052341152144515, 0.18995446841353955, 0.18054757850325626, 0.20394356678361478, 0.18061975454506668, 0.1889520481876705, 0.174148370390353, 0.181923262451006, 0.17085698668075644, 0.17730919239313706, 0.17177050819863443, 0.16470651004625403, 0.16879909517972366, 0.1675358592816021, 0.1723251478827518, 0.17978955870089325, 0.16759724915027618, 0.17379342116739438, 0.17297914267882056, 0.17728932396225308, 0.1803123455332673, 0.17558739593495493], "train_ious": [0.31613630660236924, 0.36921042545100813, 0.3738440544991886, 0.37908969550100696, 0.38642117267717485, 0.3961964866713338, 0.4090429587640622, 0.4203317796622472, 0.4341722578526808, 0.4571595745601507, 0.485947416089745, 0.5044424814320564, 0.522270859853513, 0.5324065422342308, 0.549436458049045, 0.5643629310517639, 0.5762688162048228, 0.5967813021624869, 0.6107294215564278, 0.6213123662586232, 0.6260313015917072, 0.6444423078302889, 0.6522717330118882, 0.6614275918598623, 0.6670594188938104, 0.6740748206882375, 0.681625403193892, 0.6915104788714561, 0.70318840255124, 0.7025207034919573, 0.7212740690379905, 0.7286354984710186, 0.7296072836371433, 0.7338654896163422, 0.7465963892206766, 0.7537586629606673, 0.7644848022339998, 0.770913745776035, 0.7662080226169118, 0.7681671841528965, 0.7870942245682947], "val_ious": [0.33675440584403876, 0.3713350326254748, 0.20538827919855082, 0.3871504927890887, 0.392120264146639, 0.40472195804982947, 0.4145668587390927, 0.42294109817864245, 0.4404681142743514, 0.44095679213279404, 0.4936584947441798, 0.5075210234069306, 0.5118123809604542, 0.5234321396851884, 0.5449361028014748, 0.537006135436072, 0.5772931355497111, 0.5906999413517938, 0.5931201596622884, 0.579915852326414, 0.5939165553536967, 0.6189723561207454, 0.597083732161833, 0.6238797760528066, 0.6166859854390655, 0.6273727704217467, 0.6182745068833446, 0.6392182481029761, 0.6351106454064881, 0.6337322104668272, 0.6540157043415566, 0.6498791389707208, 0.6493236044610756, 0.6469500522682633, 0.6420308066451031, 0.6603865524133046, 0.6506122825802236, 0.6474288594031681, 0.6464980441159096, 0.6459503899449889, 0.6528041302293971], "training_time": 974.5526382923126, "avg_gradient": 0.002365954708602253, "memory_usage": 935.31640625}