{"train_losses": [0.3134568145741587, 0.3025065242596295, 0.2998427219041016, 0.29432273299797723, 0.2843523689586183, 0.27521431397484697, 0.26714191456203873, 0.2543216153331425, 0.24651917766617693, 0.23529136375240658, 0.22545811542026375, 0.21331771754700204, 0.20527992259872996, 0.19467776697938857, 0.186431385009833, 0.17904146469157675, 0.17135453426643557, 0.16779029806670936, 0.1617362660396358, 0.15624880199523075, 0.15018914587309826, 0.1448703897388085, 0.1437220770622725, 0.13722325922192438, 0.1351611033162993, 0.1313612809728669, 0.12621380732921156, 0.12167158868649731, 0.11788613041457922, 0.1115617606707889, 0.10615390361003253, 0.10676981435845727, 0.10390270651196656, 0.09721319417914619, 0.10156375991747431, 0.09306159052673889, 0.09082019798781561, 0.08366700063419083, 0.08048888538842616, 0.07741666583182372, 0.0739178134371405, 0.07541426161871008, 0.07695363549029698], "val_losses": [0.3141298533781715, 0.3054597170456596, 0.30127382148867066, 0.2902739391378734, 0.2752018337664397, 0.2889062418885853, 0.2603815395546996, 0.2472698277105456, 0.24209108333224835, 0.22901076046021088, 0.24344032290189163, 0.21277451061684152, 0.2001507602955984, 0.2101779554201209, 0.18771457510149997, 0.18492896045031754, 0.1968835657057555, 0.19633975722219632, 0.1825550509535748, 0.17184187698623407, 0.16452848716922427, 0.19151630252599716, 0.16642947754134302, 0.16801009229991748, 0.16799840314880662, 0.16271094491948251, 0.16966296926788663, 0.16734129708746207, 0.16992869956985765, 0.16544607913364534, 0.16457576531430948, 0.17289321059766022, 0.17655147936033166, 0.1633367611338263, 0.1688833035852598, 0.16793533139254735, 0.16222449537852537, 0.1673440014862496, 0.16898837070102277, 0.17080834086822427, 0.17194522560938544, 0.17561139700853307, 0.21579958077358163], "train_ious": [0.3494382871809595, 0.3685452763057729, 0.37240038708371337, 0.3820613263093907, 0.3975357866265636, 0.41196426623669735, 0.42356884169825254, 0.4574036577744839, 0.47631637380708153, 0.5049751039486432, 0.5262384632116422, 0.5546568418326586, 0.572847235488935, 0.5923147591343827, 0.6066360930115852, 0.6206177448232969, 0.6342574265664037, 0.6392961426273639, 0.6501198419086308, 0.6619772649761557, 0.6718418851386809, 0.6814012588474191, 0.6831937491677806, 0.6947833598739858, 0.6997836165778019, 0.7060523715572081, 0.7150419823609396, 0.7233567461371426, 0.7308157165197356, 0.7423396795664143, 0.7532444062872211, 0.7522703206193617, 0.7577092427274456, 0.7708201799811658, 0.7624067101033704, 0.7793733939204527, 0.7836566018885461, 0.7993102794972023, 0.8062486584311805, 0.8126847685679145, 0.8205889158922695, 0.8172240942932555, 0.814618534044079], "val_ious": [0.35928669901171595, 0.3688921012740205, 0.3681506376335587, 0.38868535471999127, 0.4096936142962912, 0.40969549076280726, 0.42977199815828976, 0.4623188190432131, 0.4787892104814882, 0.5141021509965262, 0.49964617797430005, 0.5612850076910377, 0.5858103294951329, 0.5427014096167642, 0.6036774180289628, 0.6154197514920996, 0.5967532625232916, 0.5938653824985891, 0.6064022449047669, 0.6312831701791805, 0.6442914068482923, 0.6142770753822464, 0.6400510192565294, 0.6480198323294737, 0.646065724932629, 0.6529150888107825, 0.6485179060179256, 0.6523717628872913, 0.6537893906883572, 0.6575711265854214, 0.6661335620759191, 0.6499550703211107, 0.648699208446171, 0.6671066333850225, 0.66509363659914, 0.6734085460935813, 0.6761268809221794, 0.6733979295561279, 0.6676003276437956, 0.677725512912308, 0.6786332067804061, 0.6759962964317071, 0.6245814849069153], "training_time": 1018.5233302116394, "avg_gradient": 0.0034386252310249082, "memory_usage": 935.31640625}