{"train_losses": [0.3102748784358087, 0.30074726757795917, 0.3002695382937141, 0.2995685999808104, 0.2993387335344501, 0.2965208831364694, 0.29383347588388814, 0.28800885427905165, 0.27828853569276957, 0.2646423806638821, 0.25768815531678824, 0.24581757301221724, 0.23413057341847732, 0.22232820320388544, 0.2127477568776711, 0.2027918386232594, 0.19467755431390327, 0.18771708165497883, 0.18032392114400864, 0.1769778967389594, 0.16879225214538368, 0.16640512766721455, 0.1595413400589124, 0.15715510479134062, 0.15102156126142843, 0.1489554547259341, 0.14419064241582932, 0.13836807441776214, 0.13499561551472414, 0.1318785519460621, 0.13067756188304527, 0.12582253964374895, 0.12469295072166817, 0.11942320576180583, 0.1170028011193094, 0.11161352734526862, 0.10820519300582616, 0.1066007437184453, 0.10519352283976648, 0.10169222728227792, 0.09423085873055717, 0.09169068300853604, 0.09128439317092947, 0.10153140443498673], "val_losses": [0.30646267533302307, 0.30338298367417377, 0.33971841179806256, 0.30079620558282605, 0.3098340630531311, 0.29632035740043805, 0.2935663118310597, 0.29255299011002417, 0.2680483865349189, 0.26959671339263086, 0.25958298729813617, 0.2573860355693361, 0.2561407827812692, 0.22338758959718372, 0.21387240485004758, 0.2067971193920011, 0.21001564160637234, 0.19414728037689044, 0.18671962003345074, 0.18630153588626697, 0.18795171963131946, 0.17816328160140826, 0.17691523484561755, 0.18265966941481052, 0.16603212155725644, 0.1667698595834815, 0.16557147936976474, 0.16921012330314386, 0.1750568592030069, 0.17494796248881714, 0.16379458327656207, 0.16323373628699261, 0.17733303101166434, 0.16251116958649262, 0.16441187975199326, 0.16094308735235877, 0.16243805720106416, 0.16681894012119458, 0.17497729801613351, 0.15737116385413252, 0.16204999484445737, 0.16579237175376518, 0.17048900882187096, 0.18768052756786346], "train_ious": [0.35155028682887257, 0.3711884670715402, 0.3720341669260593, 0.37328867317325826, 0.3735753984554955, 0.37791117226731963, 0.3816733868333741, 0.39015292057740497, 0.40592862824248027, 0.4252350429814005, 0.43990249170223805, 0.47574974994337105, 0.5075262574398002, 0.5327389347569449, 0.5523987774723684, 0.5723519582517337, 0.588985742488201, 0.6020991994958854, 0.6170112056576686, 0.6227612507570051, 0.6382269542394342, 0.6425132528487322, 0.6545997965487015, 0.660036918153797, 0.6708238942791586, 0.6739475593186808, 0.6829007088706117, 0.6929239240353524, 0.6995015000195607, 0.7050614840202573, 0.7070675371349723, 0.7152698943796365, 0.7182382009923458, 0.7274108382238853, 0.7316499918807245, 0.7415066210256104, 0.7484379084105939, 0.7516236952033598, 0.7546479979502985, 0.7616563438289413, 0.7764262868010477, 0.7816435695234418, 0.7828381332582321, 0.7624916551445703], "val_ious": [0.3644927042549935, 0.3578420618306036, 0.361702280200046, 0.36696412684260943, 0.3703672425902408, 0.37711086566897406, 0.3865112239036007, 0.38698974597281305, 0.41912065057650866, 0.42494131954368064, 0.44173635211705725, 0.46775876368949376, 0.4850659347746683, 0.5331815138891122, 0.5520923732631449, 0.5680252143006392, 0.5684425993890002, 0.5899153835531594, 0.6059773384013039, 0.6070204298349394, 0.6029907838589904, 0.6278396322243456, 0.6268961278424746, 0.6156734813382662, 0.6478318796641586, 0.6486732143422831, 0.6567259201968925, 0.6490598912688271, 0.6404471958892932, 0.6446621208519177, 0.6589884537717572, 0.6595272104377333, 0.6383858873792316, 0.6626749939244726, 0.656279496308686, 0.6690210261638615, 0.6737617362236631, 0.6678104994521624, 0.6557438509619754, 0.6767551026482513, 0.6717745642299238, 0.6766137299330337, 0.6664802047653474, 0.6475308876538624], "training_time": 1038.1698107719421, "avg_gradient": 0.003899580550699449, "memory_usage": 935.31640625}