{
  "train_losses": [
    0.3080181821208933, 0.29748760989826656, 0.29213808298758837,
    0.29013983629967854, 0.2876213547652182, 0.28342269182853075,
    0.2737042422041945, 0.2557718525438205, 0.24376740177040515,
    0.2299929268496192, 0.2205408453617407, 0.20772221684455872,
    0.19761618931332361, 0.1879749430100555, 0.18022348594082438,
    0.17470876540502775, 0.16934244553356068, 0.16450915639491184,
    0.15942878454275752, 0.15244428149384, 0.15030675887575615,
    0.14679396848963655, 0.14171643696887337, 0.13834859127097804,
    0.1325034568005282, 0.128631507370459, 0.1257777582935017,
    0.12248848949599525, 0.11775111070955577, 0.11064164482219063,
    0.10843100532403459, 0.10930332063656786, 0.10448675829431285,
    0.09843041359082512, 0.09274563780459373, 0.09067088466785524,
    0.10352068260797988, 0.09111755689525086, 0.08263482262744852,
    0.08800550493533196, 0.07814480510094891, 0.0741289458035127,
    0.0726578281989888, 0.0710541737144408, 0.07448599910687494,
    0.06853549585313252, 0.06648019899654647, 0.09479771493731634
  ],
  "val_losses": [
    0.31861099471216614, 0.3000935128201609, 0.31216684437316394,
    0.29282733927602356, 0.29968918471232703, 0.2848819455374842,
    0.2787336311910463, 0.2921885627767314, 0.23616704247567966,
    0.23356984005026196, 0.2134696922224501, 0.22096361284670624,
    0.2048443954276002, 0.19607649354831033, 0.19871009044025256,
    0.18120033423537793, 0.18498737980490146, 0.17992614468802576,
    0.18403469706359116, 0.18081009355576141, 0.17202582080727039,
    0.17380485035803006, 0.17593886703252792, 0.1715699641600899,
    0.16534307469492374, 0.17010094484557275, 0.17240727887205456,
    0.17138098698595297, 0.15962178616420084, 0.16425256074770636,
    0.1718497065746266, 0.16516133592180585, 0.18046090330766595,
    0.17003823654807132, 0.17693218524041382, 0.1800530990180762,
    0.1746186494179394, 0.16993382929459863, 0.1747609341274137,
    0.17616421081449674, 0.1780206071941749, 0.17994215339422226,
    0.1880692855819412, 0.18070168404475503, 0.18619951541009155,
    0.18316861144874408, 0.2000365075857743, 0.17520886173714761
  ],
  "train_ious": [
    0.3567034576613431, 0.3766107628310937, 0.38434502574196755,
    0.38679538375657535, 0.3908179308949173, 0.39613290762771747,
    0.4164793694345476, 0.4577764103803244, 0.48452208459755225,
    0.5171250076559578, 0.5393836209415526, 0.5666993935794933,
    0.5840368489262422, 0.602975581408195, 0.6168368801312604,
    0.6257259202986092, 0.6370256433020467, 0.6446344591137293,
    0.6544138963563721, 0.666073078748541, 0.6711404738218887,
    0.6772865973197031, 0.6860125332638838, 0.6920689456704733,
    0.7017268478006556, 0.7093728435212288, 0.7144723103206224,
    0.7208107606224393, 0.7297041900455948, 0.7427418778340021,
    0.747611327771691, 0.7458894998375056, 0.7553409814186718,
    0.7676419095824593, 0.7794075426308145, 0.7837004436962848,
    0.7596718410866845, 0.7831555736129702, 0.8012775156808936,
    0.7896923631213713, 0.8109618468561032, 0.8196463781422466,
    0.8230795077439667, 0.8267193611549299, 0.8193654102691706,
    0.8324758985984159, 0.8372577965475508, 0.7799263219146626
  ],
  "val_ious": [
    0.3683590727007907, 0.37424792457317957, 0.38093298803205067,
    0.3868547377810962, 0.3851600686709086, 0.4000296869139741,
    0.42516512832725817, 0.443131571230681, 0.5043890333154064,
    0.5140341297871824, 0.5569989315193632, 0.5338630598524343,
    0.5899119527227638, 0.5993637198555297, 0.582042581361273,
    0.6157324621858805, 0.6145886867374613, 0.6191766925048138,
    0.6133665145523305, 0.6275248797475427, 0.635201207321623,
    0.6375814000333565, 0.6385483899410219, 0.6438028345937314,
    0.6517948946659116, 0.6510966467684594, 0.6417485734690792,
    0.650832542474719, 0.66376308189786, 0.6615302977354631, 0.6557020383036654,
    0.6632829502872799, 0.6479452623837235, 0.6606420714786087,
    0.6623011136400528, 0.6581577803345694, 0.657948449038077,
    0.6699033662460854, 0.6709740671558656, 0.6647964690042578,
    0.665709478267725, 0.6686979670455492, 0.6665923325479896,
    0.6705750620019607, 0.6689045355803724, 0.6659939371157383,
    0.6603090804124224, 0.6595156117193941
  ],
  "training_time": 1132.4702384471893,
  "avg_gradient": 0.002724469039880055,
  "memory_usage": 935.31640625
}
