{"train_losses": [0.3201322613850884, 0.3025390905854495, 0.301344715544711, 0.30017643778220465, 0.29723357295860414, 0.2900780705006226, 0.2823117198827474, 0.2708839416989814, 0.26197825080674625, 0.2541003581136465, 0.2458416555562745, 0.2379467584516691, 0.22824749512516934, 0.22115495144996955, 0.21058292079554952, 0.2036943759607232, 0.19797767593484858, 0.1913426920933568, 0.18272241877148981, 0.17568669476262902, 0.16944756666603294, 0.1642179068825815, 0.15817508429450833, 0.15608545457539352, 0.14926059515741857, 0.14752231716461803, 0.14148916721182025, 0.13707814410166896, 0.13136860404325568, 0.13086698386494233, 0.12626197598064723, 0.12175166246521732, 0.1184042192104718, 0.1124446612742284, 0.10992956712194112, 0.10638520992158548, 0.10070219105514495, 0.11432500410339107, 0.09579558022644209, 0.091647794470191, 0.08823440734135068, 0.08724942248638558, 0.08363047416281441, 0.08077591690032379, 0.08002904717527005], "val_losses": [0.3328245657941569, 0.3124000663342683, 0.3038441525853198, 0.2995649990828141, 0.2950999237920927, 0.29724646716014197, 0.2693791781430659, 0.26748531732870184, 0.25690632540246716, 0.2562384113021519, 0.2536216358775678, 0.22873713108508484, 0.21931395355774008, 0.22978276986142862, 0.2070029546385226, 0.24897717036630795, 0.20126371927883313, 0.23113745839699454, 0.1879612868246825, 0.19128701576720114, 0.17967019651247107, 0.18364362969346668, 0.17819207129271133, 0.17060716515002045, 0.1711584264817445, 0.17006195595730905, 0.17400669824817908, 0.1759990939627523, 0.16667535026436267, 0.18036612803521362, 0.16069196002638858, 0.1672810231861861, 0.15842110534077106, 0.1598642905769141, 0.16172854634730713, 0.16175337718880695, 0.1766339106404263, 0.16294431815976682, 0.1646550500198551, 0.16640016404183014, 0.1694101389983426, 0.1715037200761878, 0.17365897673627603, 0.17288370802998543, 0.174851277600164], "train_ious": [0.32586720027138916, 0.3691899296854636, 0.37005360230155604, 0.37217427374444134, 0.3775582771370378, 0.38986342184353545, 0.40061088732403244, 0.4179635216104002, 0.42997952860319405, 0.4484313226954604, 0.4775934841347169, 0.5033224880209436, 0.5248983595655234, 0.539369547307707, 0.5588765592192824, 0.5717865537204171, 0.5823930817237798, 0.5949793244185654, 0.6110882364969326, 0.6252739656500629, 0.6366154829013171, 0.6463195110360782, 0.6569647434828935, 0.6610933134629241, 0.6730678523688209, 0.6763640856505302, 0.6876954411466919, 0.6954656963547073, 0.7050860911823699, 0.706099622707436, 0.7145865474274192, 0.7233842051439529, 0.7287362312925036, 0.7397750976185005, 0.7446837123429428, 0.7516955394783743, 0.7623289066056415, 0.7380289854346848, 0.7726398722093173, 0.7811909524210989, 0.7885222283826359, 0.7903799424892748, 0.7983782027402648, 0.8044280196553559, 0.8064327317735425], "val_ious": [0.36257226246854535, 0.35186298796232207, 0.3721035146626873, 0.3657542858002842, 0.3825715141019958, 0.3788343041703321, 0.42328525280606916, 0.42633522420689673, 0.43805739926672005, 0.47399863741104165, 0.45634792313195655, 0.5133873683170994, 0.5472721060117087, 0.5259292376214179, 0.564803319780723, 0.5108502475895744, 0.5744908616162729, 0.5490176922817163, 0.6055944605150084, 0.6020443182492603, 0.6279300317384194, 0.6223775171067402, 0.6279350104539291, 0.6347697660110999, 0.6378125453340835, 0.6415514017360798, 0.6412739561519761, 0.6345388502746389, 0.6563426305850346, 0.6376040914784307, 0.6624886443217595, 0.6501122214224029, 0.666707135628963, 0.6664174542478893, 0.6675249962271126, 0.6683793448019718, 0.6519777720821078, 0.6670127850079881, 0.6726843036603237, 0.6720308685216351, 0.6693516609029493, 0.6617088058720465, 0.6695567678282225, 0.6737268158923024, 0.6643260050079097], "training_time": 1071.5181460380554, "avg_gradient": 0.0015967303776917114, "memory_usage": 935.31640625}