{"train_losses": [0.31063206655823666, 0.30190852430203685, 0.3007700984244761, 0.2998000132324903, 0.29576429384558095, 0.2924038673872533, 0.28972786502993625, 0.2849296396193297, 0.2771382758636837, 0.2626566210680682, 0.24671574633406557, 0.23374504069595234, 0.22090194625375065, 0.21247764814483083, 0.20200803260440411, 0.19720736980114295, 0.18742210377493632, 0.18173140935275867, 0.17727013563980226, 0.17082530381562916, 0.16420577458389427, 0.16010383905276007, 0.15604816778036562, 0.15193647036895805, 0.14637109750638838, 0.1430037982518906, 0.1377247218852458, 0.13430650617279435, 0.13428718195823225, 0.1257951720010327, 0.11980522015010533, 0.121462174569783, 0.1106251101616932, 0.1110039240397189, 0.10540044676188541, 0.114144467951163, 0.10148824528669534, 0.09455961928419444, 0.09134825327150199, 0.08925406185343214], "val_losses": [0.3244556849417479, 0.30793086083038995, 0.297531405220861, 0.2975308525821437, 0.2940257049125174, 0.2868898685859597, 0.2960144015757934, 0.3777128121127253, 0.2809820904032044, 0.2573090707478316, 0.23073535444943802, 0.21979286262522574, 0.2202040125494418, 0.21361191894697107, 0.19943796972865643, 0.20111966165511505, 0.1869795468190442, 0.19348992018595987, 0.1857498638007952, 0.18372897544632788, 0.17866627126932144, 0.17412014791499014, 0.18377117099969284, 0.1894524223778559, 0.17293721890967825, 0.17358395392480103, 0.1736285829025766, 0.17218517641658368, 0.17106475907823313, 0.16502792776926703, 0.18963647083095883, 0.16721057049606158, 0.16958097854386206, 0.16450222905563272, 0.16482326517934384, 0.17031029093524683, 0.16500163596609366, 0.17309205687564352, 0.17084749723258225, 0.18754691565814224], "train_ious": [0.3559318162037727, 0.3691966546078523, 0.37094568914693327, 0.37262913206781173, 0.37823695813616093, 0.3825544646900637, 0.3871834711104201, 0.3947221532582292, 0.41403163251822617, 0.453023637874403, 0.49213095646405586, 0.5170492979333453, 0.5421960019924936, 0.55721025781679, 0.5754013531233957, 0.5858783164210074, 0.6020524573606855, 0.6132242603470449, 0.6236332499462626, 0.6343352610002395, 0.6458132183314234, 0.6536922279907309, 0.659792789784463, 0.6667490484921827, 0.6773353173141029, 0.6838685808622316, 0.6932684321874292, 0.6998192526508069, 0.7002410078286261, 0.7154695360340935, 0.7263160772297689, 0.7228884527972643, 0.7431964528193508, 0.7429953794656459, 0.7536412312824653, 0.7381362798961179, 0.761765606755364, 0.775983638629533, 0.7828454895727874, 0.7871257182264672], "val_ious": [0.23690627601699554, 0.36749546273031103, 0.37652539839779126, 0.3813664209151613, 0.3799281724985095, 0.3921763715536698, 0.3932171604339626, 0.33978940031382715, 0.409715438799838, 0.48381636723660043, 0.5228972548375959, 0.5408292304778444, 0.5450184956408929, 0.5545514164411502, 0.5833190367489621, 0.5751826729679455, 0.6019405291780181, 0.5916085004590561, 0.6003310695506524, 0.6133070164832516, 0.6227160582075949, 0.6218982415570727, 0.6197218872282817, 0.613676885979763, 0.6363191885360773, 0.6344176306240801, 0.6397683298674185, 0.6487823154615319, 0.6479811245116635, 0.6562838878320613, 0.6256751368443172, 0.653695343197256, 0.649797214977983, 0.6608894160692244, 0.6664037017718607, 0.6525383924228556, 0.6603026422469511, 0.6611800517724908, 0.6617960389973462, 0.653048799521681], "training_time": 943.8718812465668, "avg_gradient": 0.002589505039285204, "memory_usage": 935.31640625}