{"train_losses": [0.33222705579322315, 0.3035169138532618, 0.3016964917921502, 0.3015625732748405, 0.30036417799799336, 0.30058370482014574, 0.3000835847595464, 0.29898834665832313, 0.29791808176947676, 0.29558048105758167, 0.2902774308686671, 0.2805579168641049, 0.2722453288733959, 0.2635287822264692, 0.2560480589290028], "val_losses": [0.3801050957130349, 0.3022263419368993, 0.3552125536877176, 0.30446760745152185, 0.302090840495151, 0.3071078949648401, 0.3155452758073807, 0.3036575816247774, 0.30318858118160913, 0.2991339130246121, 0.287458308365034, 0.28322681719842163, 0.2763753539842108, 0.26498002170220664, 0.3365727131781371], "train_ious": [0.3085840117470348, 0.36877872605902556, 0.3704615205094436, 0.37020346965046874, 0.37176891211150354, 0.37191890837752045, 0.3719472504656195, 0.37388924995194317, 0.3750218177835145, 0.3797242858487628, 0.38707692975151375, 0.40239126305433287, 0.4141586681276434, 0.43415125528468534, 0.45325750571867945], "val_ious": [0.3216102082228315, 0.3706905733847964, 0.3565636534189832, 0.3724783326404681, 0.3644404951213063, 0.372187055107476, 0.3689391824646273, 0.37165835283804627, 0.3802516916091891, 0.37716989845469373, 0.39517129439374676, 0.4001098996487216, 0.4249889885034898, 0.4500935117079728, 0.26619301856017963], "training_time": 355.5405104160309, "avg_gradient": 0.0027316480289740156, "memory_usage": 935.31640625}