{"train_losses": [0.3132951580311941, 0.3009521876988204, 0.296239890806053, 0.29303955481104227, 0.28273195319849515, 0.2712127787425466, 0.25720269759388076, 0.24255366923044558, 0.2300162808564694, 0.2188378190216811, 0.20957104545896468, 0.19891023789734943, 0.1906187704399876, 0.18155531633807265, 0.17769980414406114, 0.16981697762789932, 0.1637222118999647, 0.16131245855080045, 0.15559951539920724, 0.14947878289967775, 0.1497168357119612, 0.14056024408858755, 0.14225135128135266, 0.13175550443322762, 0.128359477562101, 0.12393436787407035, 0.11905662861207257, 0.12220441343505746, 0.11535686011547627, 0.11487805948633215, 0.11016439537153296, 0.10568644163077293, 0.09798561733054079, 0.0989533904534967, 0.09382073241083519, 0.08953095587861279, 0.08689555655355038, 0.09408838152075591, 0.08305719855200985], "val_losses": [0.30306170621643896, 0.30439819136391516, 0.30229183189246966, 0.3242860909389413, 0.29126534222260764, 0.27276471581148065, 0.2535172775387764, 0.24835526554480844, 0.24214646932871445, 0.2117755312634551, 0.2192529621331588, 0.19834185067726218, 0.2062170100600823, 0.18617128872353098, 0.19059547976307248, 0.18427568447330725, 0.18772091360195822, 0.17739315978858783, 0.1811911628946014, 0.1764145798009375, 0.1700216603019963, 0.1796893905038419, 0.16816849196734635, 0.16870447993278503, 0.17861159340195035, 0.16734557048134183, 0.1744454263345055, 0.16729308988737024, 0.1676082863755848, 0.17227970905925916, 0.16741132444661597, 0.16566485360912656, 0.17501259336005087, 0.17297922463520712, 0.18610123901263528, 0.17979666299146155, 0.17709927649601645, 0.17498946027911227, 0.193568990930267], "train_ious": [0.3509174350380645, 0.37133611554439566, 0.3781269422334596, 0.38330135600612575, 0.39809515347813296, 0.4180481470130158, 0.4665555171094889, 0.4993539479547652, 0.5248294331241347, 0.5450104943922028, 0.562757777590035, 0.5816114259262877, 0.5973865803925024, 0.614041533780055, 0.6208131602168947, 0.6355381334281488, 0.6464588064970311, 0.6503215813334436, 0.6613064164268799, 0.6724125046984873, 0.6714477194068224, 0.6879054840276203, 0.6849926472574034, 0.7042822617551556, 0.7105629782637822, 0.7180093310341455, 0.7276456051006693, 0.7215695888667867, 0.7350330206471078, 0.7354400207059107, 0.7444227903649423, 0.7532271485829698, 0.7682764289927656, 0.7665863625597262, 0.77706932719203, 0.7861461643183582, 0.791721680188093, 0.776982043478368, 0.7998545064550381], "val_ious": [0.36984855346921564, 0.36686529672664137, 0.37319907934769353, 0.3838419039612231, 0.3935510021749549, 0.43180173329091154, 0.49228146747834445, 0.49988309337177134, 0.4890032284015761, 0.5627487838484238, 0.533727938660245, 0.5878562441338663, 0.5717326194263886, 0.6130186397096387, 0.6107827390449634, 0.6171833738900612, 0.6073321251981499, 0.6257470416418022, 0.6200356255622876, 0.631136383699334, 0.6461004318966382, 0.6297269241101501, 0.6467039384271789, 0.6489706823359365, 0.6372652364813765, 0.6543780925913133, 0.6486418644587199, 0.6574483602375223, 0.6591614283945247, 0.6465697811133618, 0.6605224469001741, 0.6629279646752536, 0.659089879497238, 0.6565071415642033, 0.6612036444138791, 0.6607252527838169, 0.6569311145855032, 0.6631069265413976, 0.6366325234589371], "training_time": 924.088339805603, "avg_gradient": 0.004581353764970695, "memory_usage": 935.31640625}