{
  "train_losses": [
    0.30531683369823126, 0.26738490334347537, 0.24581468842275764,
    0.21946407239074292, 0.20162623513327993, 0.18935503251850605,
    0.17964076356071493, 0.16794129833579063, 0.16099944111445677,
    0.15550621833814227, 0.14814208719231511, 0.14177196671295425,
    0.13261316927230876, 0.1269323816522956, 0.12149917362662761,
    0.1151606387094311, 0.10600368605683679, 0.10048416933125776,
    0.09352793605269297, 0.09353303395049728, 0.09086286333268104,
    0.08307537598454434, 0.07488278497982284, 0.0697609905720405,
    0.06712759474454366, 0.06507581583750637, 0.06746965375445459
  ],
  "val_losses": [
    0.28020385814749676, 0.25934856417386426, 0.2485823213406231,
    0.22228371287169663, 0.21071813158366992, 0.18885618707408075,
    0.18026955555314603, 0.18399324203314987, 0.17987157728361047,
    0.1637930264291556, 0.18509625837854718, 0.165393040879913,
    0.15829495891280795, 0.1611175245564917, 0.16753830955080365,
    0.15849823099763496, 0.16339843266684076, 0.16207561382780905,
    0.17932544292315192, 0.1700977945457334, 0.1723507117965947,
    0.16647133166375366, 0.16543514961781708, 0.1694492953627006,
    0.17331046481495319, 0.1790826498814251, 0.19479295449412387
  ],
  "train_ious": [
    0.36198871889517753, 0.4269808731306786, 0.47929378162518615,
    0.5414206004715052, 0.5770968516775664, 0.6000507754962079,
    0.619776382016531, 0.6401346858212916, 0.6527360325166283,
    0.6630706840019296, 0.6767823231824929, 0.6880816666112431,
    0.7053488323437994, 0.7164075998184477, 0.7256452121056511,
    0.7383876609197562, 0.7556494842080971, 0.7658174042792427,
    0.7797933344499788, 0.7801109738108041, 0.785955050015363,
    0.8019950788306152, 0.8191527360375374, 0.8302370359500248,
    0.8362460233595057, 0.8408610206367315, 0.835797447009363
  ],
  "val_ious": [
    0.4023480277130569, 0.4509721436416325, 0.49825003581202554,
    0.5413762769405391, 0.5629576550445693, 0.595600082606509,
    0.6197953771637834, 0.6088194774760717, 0.624296786668508,
    0.6469025823517123, 0.6150186387957005, 0.6454061066758806,
    0.6628115365038747, 0.6572089562381521, 0.6554119751073313,
    0.6695230033086692, 0.6597992088915645, 0.6717399434334991,
    0.6598054803367974, 0.6558091161043749, 0.6651841564022977,
    0.6765429662621538, 0.6831112743719765, 0.683742235104243,
    0.682424195650695, 0.675642947571865, 0.6423758076152939
  ],
  "training_time": 485.5033059120178,
  "avg_gradient": 0.007758537957533497,
  "memory_usage": 745.21484375
}
