{
  "train_losses": [
    0.2899322876625735, 0.2506435528883468, 0.22953841948638792,
    0.2082773545028075, 0.18888025155857854, 0.17503679746195025,
    0.16661335171564765, 0.1591461202048737, 0.15283829702631288,
    0.14420742529403904, 0.13855301159555497, 0.13105447732074105,
    0.12475496417154437, 0.1203013989345535, 0.1114808963611722,
    0.10637565613116907, 0.10126588542176329, 0.09669229420630829,
    0.0911456440453944, 0.08270017636696929, 0.0782755056153173,
    0.07870076317340136, 0.07078844138785549, 0.06697642307161637,
    0.06410846231586259, 0.0652608809709225, 0.06059697624700873,
    0.05719252384227255, 0.05849446799687069, 0.06280783851347539
  ],
  "val_losses": [
    0.34334044288034027, 0.239990445582763, 0.2419784124130788,
    0.21784889017758163, 0.18322479012219803, 0.18417688847883887,
    0.16782128422156625, 0.1655161439076714, 0.1634507934036462,
    0.17022856908000034, 0.17335969047701877, 0.15833442884942758,
    0.17284724861383438, 0.154838051808917, 0.15729187072619147,
    0.15226690924685934, 0.15043459314367044, 0.1552153807943282,
    0.15934484160464743, 0.1540737811314023, 0.17457012313863504,
    0.15578648302218187, 0.16086789479722147, 0.15981100175691687,
    0.16379314369481543, 0.15761653382493102, 0.1667782596271971,
    0.1773000042075696, 0.17994011063938556, 0.18316555897826733
  ],
  "train_ious": [
    0.3893190239475152, 0.4550571606109178, 0.5208240567666035,
    0.5633844170125499, 0.6023334912361876, 0.6259096498074738,
    0.642185390103554, 0.6560472689461015, 0.6690461679321268,
    0.6852086981137597, 0.6942136770897148, 0.7089818456898562,
    0.7201972460185269, 0.7279091020101225, 0.744990853403789,
    0.7550793138967044, 0.7653713649597723, 0.7737554056920871,
    0.7851304086870045, 0.8026352044248924, 0.8119995415858604,
    0.8115441331612889, 0.828277648035167, 0.8366470203019566,
    0.8430246422472206, 0.8409205735593597, 0.8508905673372574,
    0.8587069103251331, 0.8558570628148925, 0.8469614884343698
  ],
  "val_ious": [
    0.37647365530331917, 0.4884528024796991, 0.5046803170572156,
    0.5467422832397446, 0.6136533425769943, 0.6141500788322395,
    0.6389758997205375, 0.6472129443849342, 0.6464296937852666,
    0.6416005466295325, 0.6419888205718304, 0.6581586480572603,
    0.6400151812080023, 0.6710011103878852, 0.6700700873482054,
    0.6795214293659597, 0.6842293858096221, 0.6753354107124219,
    0.6779809527207113, 0.6864827486915865, 0.6709819235231564,
    0.6921810535849005, 0.6913763360268826, 0.6932530426892681,
    0.6943333021540574, 0.6928438265686448, 0.6958254145971242,
    0.6882869506227798, 0.6856621693873751, 0.6691797665063886
  ],
  "training_time": 538.8128261566162,
  "avg_gradient": 0.003163333817007375,
  "memory_usage": 745.21484375
}
