{"train_losses": [0.329797871734785, 0.30230469127064163, 0.2982792502836041, 0.2935290990964226, 0.28615402349311375, 0.28057019890326523, 0.2696434893523869, 0.26200162060558796, 0.2533479681157548, 0.24864201425858165, 0.2416208968700274, 0.2357722979200923, 0.22590713089574938, 0.22226652754065784, 0.21391785987045453, 0.2053802396454241, 0.19589266780277956, 0.19021405247242554, 0.18336606900329175, 0.17477715663287952, 0.17085851931377596, 0.1651553803164026, 0.16050006562600966, 0.1563855003889488, 0.1515627063648856, 0.14693225851363462, 0.1409909138455987, 0.14080951221125282, 0.1326547223750664, 0.12850662134587765, 0.12402222026139498, 0.119939884049413, 0.12222682972155187, 0.11377239061276549, 0.10785057464533526, 0.10439989294694818, 0.10871969859885133, 0.09876898704501598, 0.09602923671026593, 0.0891784455060311, 0.08644443884006013, 0.08393356062309898, 0.08258074266917032, 0.08536604565122853, 0.08727866565079792, 0.07735779646622098, 0.07190392563200515, 0.06961323972791433, 0.06814042102221561], "val_losses": [0.3116485534802727, 0.31978329433047253, 0.31123911168264307, 0.290956305420917, 0.3007615143838136, 0.2734387018110441, 0.2648347441269004, 0.25391732642184134, 0.25062041438144184, 0.25068676277347235, 0.23627452649500058, 0.24530338690332745, 0.22539530662090881, 0.21534145364294882, 0.2323424152058104, 0.21020783548769745, 0.22715681629336398, 0.21800703814496164, 0.1929308603639188, 0.18684739101192224, 0.18103006125792212, 0.18043394224799197, 0.1725112254852834, 0.1817813172288563, 0.17394979816416037, 0.1674812287092209, 0.17173457858355148, 0.17067288315814474, 0.1730223532928073, 0.16619363815888114, 0.1796654093524684, 0.1664263904094696, 0.17211141502079758, 0.1698671138804892, 0.1774254152956216, 0.17423757619183997, 0.16797475856931313, 0.17481223396632983, 0.1699656343654446, 0.1718947579679282, 0.1839782997317936, 0.17816165348757868, 0.1892328764433446, 0.17329756397268045, 0.1848012225135513, 0.17642375211352887, 0.18203093921360763, 0.1861907214574192, 0.1958162489792575], "train_ious": [0.30078531818187487, 0.3697456450281609, 0.3768925260770576, 0.3846499802462344, 0.39550528214100494, 0.4042927541578547, 0.4196423648711089, 0.42932159782967716, 0.44624791370526934, 0.4623881706270431, 0.49311050591801375, 0.50995493531767, 0.5331416016687519, 0.5410918551294699, 0.5563032457578005, 0.5700119254921655, 0.5876171953328277, 0.5991415080438921, 0.6122928264456384, 0.6285471409235314, 0.6344602179268134, 0.6435325628389483, 0.6526703675803932, 0.6609429841780146, 0.6689447169394596, 0.6774970497666063, 0.6881068273298984, 0.6881753396836743, 0.7022129200614884, 0.7101686575274534, 0.7177982000985006, 0.7250006888331709, 0.7216681304077303, 0.7371887748224143, 0.7485437064391117, 0.7550091436807661, 0.7477916639460168, 0.7663641862463259, 0.7718756466672035, 0.7860766475399336, 0.7916746330110058, 0.7974202863980031, 0.8003053745065908, 0.7946839729404966, 0.7901696760369386, 0.8116562249867809, 0.8238052080074946, 0.8293012963688892, 0.8326742883393727], "val_ious": [0.34954917862795415, 0.3527358582486277, 0.37485432560018694, 0.39008095752501826, 0.36493526585273584, 0.4196521767222768, 0.41911123779372905, 0.43790229574243184, 0.46160445872532285, 0.4771638882980831, 0.5118147652542246, 0.5018056104688542, 0.5370038893559703, 0.552034764294175, 0.5409525998908539, 0.5693229329974754, 0.5364572944632476, 0.5482069803536802, 0.6081967901276505, 0.607185552517573, 0.6189503736686015, 0.6260872552360316, 0.6329405135002689, 0.6197409571512885, 0.6375445596117904, 0.6449901206769804, 0.6375485511793606, 0.6420968950226688, 0.6458346271428508, 0.6526703478201575, 0.6351269014935561, 0.6539672872294551, 0.6510771344537322, 0.6534475578346115, 0.6452832142080087, 0.6554456454688224, 0.6581250591122585, 0.6570482718339867, 0.6624479198801345, 0.6621353526910145, 0.651141321529513, 0.6607675468144211, 0.6541801505330679, 0.6557424984116487, 0.6539341960696208, 0.6624602211126384, 0.6589066198338632, 0.6602482862662578, 0.6598637231450152], "training_time": 1161.407752752304, "avg_gradient": 0.001968432344642071, "memory_usage": 935.31640625}