{
  "train_losses": [
    0.31141461415783217, 0.3010557088191095, 0.29798707819503284,
    0.2951999612800453, 0.29291559820589813, 0.28948955270259275,
    0.2878879875592563, 0.2809285199188668, 0.2715115901082754,
    0.26072546321412793, 0.2503875637345988, 0.2401620337496633,
    0.22838989418485892, 0.2159034666483817, 0.20605198383007362,
    0.19350580134145592, 0.18896949250736964, 0.18056412672866945,
    0.17370682015367175, 0.16853324226711108, 0.16053587902823221,
    0.15495190485987975, 0.15233896915679393, 0.14639405966938837,
    0.1413404159652798, 0.1362428587820867, 0.13091473131562056,
    0.1307627063082612, 0.12333010177573432, 0.11972203700924697,
    0.11507628667775703, 0.11174283784044825, 0.11252100595637508,
    0.10536362700488257, 0.1018510963767767, 0.09365672986630512,
    0.09086776824425095, 0.10077259750307901
  ],
  "val_losses": [
    0.3151541760434275, 0.30367296027100604, 0.30686133192933124,
    0.3060178218976311, 0.29779920824196027, 0.293076458832492,
    0.29013668324636377, 0.29230292789314105, 0.26623216141825135,
    0.27499793275542883, 0.24696666067061218, 0.24103285599014032,
    0.22535413341677707, 0.22473676113978677, 0.2009663818323094,
    0.19291747782541357, 0.18804286938646567, 0.18614866778902386,
    0.1763854975933614, 0.17746971903935724, 0.17765427283618762,
    0.16967131132664887, 0.1697178813426391, 0.16484981548527014,
    0.16238103223883588, 0.15904415755168252, 0.17216021567583084,
    0.15693610647450323, 0.16204146036635275, 0.16579402497281198,
    0.15560673614558967, 0.15894181475691174, 0.16616551545651062,
    0.16577421485081964, 0.15667658849902774, 0.15581416403469833,
    0.16436832317191621, 0.17236206615748612
  ],
  "train_ious": [
    0.35025086179774123, 0.3710570101072822, 0.37547537322709523,
    0.3797733312931613, 0.3827005103770375, 0.38786618017416075,
    0.3901769753707492, 0.40057943914530053, 0.41748342120194737,
    0.44304788694197667, 0.46628744851146137, 0.4979634202908776,
    0.5241940474488598, 0.5505223787943089, 0.5691774339833551,
    0.5919099590214699, 0.6009410225610802, 0.6168515011128306,
    0.6292839023568059, 0.6392211183041768, 0.6540882000564663,
    0.6633110073381575, 0.6682793347947839, 0.6795498608355072,
    0.6878419035802718, 0.6974714946919598, 0.7072396691402665,
    0.7074849271903872, 0.7208243711055189, 0.7284777605015297,
    0.7364117872455848, 0.7427395262040087, 0.7409613208602309,
    0.7548976325686425, 0.761183545371329, 0.7780303962096788,
    0.7836091462252796, 0.7644169658854384
  ],
  "val_ious": [
    0.36654173939124396, 0.36986616685770574, 0.36610573875731306,
    0.3747911364703938, 0.3818736087152923, 0.38265582076881244,
    0.390220833213433, 0.39219179094486556, 0.4275233505152003,
    0.444792612793221, 0.48911739329712983, 0.511804479079834,
    0.5266352720234705, 0.5419780433825825, 0.5800333303817804,
    0.5967846866967021, 0.6056021676547286, 0.6073883683353233,
    0.625812406557194, 0.6293807684079461, 0.6255085025576578,
    0.6404958224814871, 0.6406513903883921, 0.6484295224797897,
    0.6519450836855433, 0.6619390845298767, 0.6461029400428135,
    0.662582287105961, 0.6607987554608912, 0.657839740100114,
    0.6737356123285018, 0.6686670715394228, 0.654697147184524,
    0.660566619556883, 0.6791387338569198, 0.6815053544182709,
    0.6692216901675515, 0.6539070321165997
  ],
  "training_time": 896.6880300045013,
  "avg_gradient": 0.002058280116490959,
  "memory_usage": 935.31640625
}
