{"train_losses": [0.31867541275594546, 0.3025241241506908, 0.301439779608146, 0.3006210400034552, 0.29955887778297713, 0.2974356866401175, 0.29114981206214946, 0.2867312713161759, 0.28284113967548247, 0.28083446330350376, 0.2742405494108148, 0.2697034357520549, 0.2631712321030057, 0.2551954557066378, 0.24793075972601122, 0.2392511238222537, 0.23164163189737694, 0.22136614666036938, 0.21450641791781652, 0.20447488372092662, 0.1962814770800912, 0.1890419823643954, 0.18034398563854073, 0.17453643282794434, 0.16669255616548267, 0.15862224542576334, 0.1553458726114553, 0.14693305746692678, 0.14319578388138957, 0.13254336939881678, 0.12587929403652315, 0.12642479837750611, 0.12202633686525666, 0.11577307760877453, 0.10799735739989125, 0.10357354014464047, 0.09813926393247169, 0.09429456674210403, 0.09272403282153865, 0.08913336783323599], "val_losses": [0.3145941683779592, 0.302243300754091, 0.30060266670973407, 0.30688752687495685, 0.302381276436474, 0.2980740439632665, 0.3164910745361577, 0.2852827854778456, 0.28355801429437555, 0.2775844102320464, 0.27464577361293463, 0.26891607564428577, 0.27442209001468576, 0.26197144907453784, 0.24754726400841837, 0.25803530313398526, 0.2351705561513486, 0.2365797903874646, 0.2308435605272003, 0.2301611106680787, 0.21996200732562854, 0.21870307008857312, 0.20848776400089264, 0.20859321012445117, 0.2072511172812918, 0.20753942332837894, 0.21596260336430176, 0.2111098944492962, 0.2032991621805274, 0.20664867693963257, 0.2145383970245071, 0.20220837806877884, 0.21553573336290277, 0.21387858559256015, 0.22202827263137567, 0.2175374730773594, 0.21003006884585257, 0.22975408804157507, 0.22740579526061597, 0.2343863430230514], "train_ious": [0.3349571993614938, 0.368618716809829, 0.3699322736658584, 0.37110470759100717, 0.3726967121728643, 0.3763426346191419, 0.3858524322701104, 0.39225123802405976, 0.39727061754037857, 0.40004367319358836, 0.41580308361092966, 0.42818626610225724, 0.443456721050071, 0.4612008242891506, 0.48362423236603336, 0.5003704535032532, 0.5175810514179909, 0.538275319920934, 0.5521114535251823, 0.5724715555113729, 0.5856985287011969, 0.5995114283987152, 0.6142677232029212, 0.625271150761324, 0.6392325812653789, 0.6525779705278686, 0.6586672986277208, 0.6750960885074692, 0.6813742609127708, 0.7005146606352884, 0.7135397516514944, 0.7128026372064709, 0.7202095860156458, 0.7327514849063278, 0.7481321764812954, 0.7567726877936424, 0.7680185268214651, 0.7761910170640635, 0.7795281081419921, 0.7866543461231221], "val_ious": [0.36860380947990157, 0.37187922583973926, 0.36973794690076855, 0.37145655302270636, 0.37008563966022257, 0.3846592339484588, 0.34975713210693293, 0.39624688082625203, 0.3972834219103273, 0.40724660597073165, 0.4242910068563145, 0.44446032850638695, 0.43297302625749423, 0.4653259067107803, 0.4925129258114358, 0.4839467366860397, 0.5070451687535517, 0.5208564736488936, 0.524099993425003, 0.5343807787782904, 0.549188235639662, 0.5570011403465616, 0.5667206990546076, 0.5758428171924922, 0.5725036030230314, 0.580602959122347, 0.574163522841274, 0.5768378814277443, 0.5898040295511051, 0.5923243170415148, 0.5871302301900974, 0.5928972100002178, 0.589136246105899, 0.5966363886128302, 0.5879000020415888, 0.5974133112940236, 0.6011240152993063, 0.5943928234603094, 0.6012161135457565, 0.5917497876545658], "training_time": 951.7322611808777, "avg_gradient": 0.004522487985856218, "memory_usage": 935.31640625}