{"train_losses": [0.31426324112259824, 0.30251556861659756, 0.30114595527234284, 0.300585590140975, 0.30003456431238545, 0.2953799039773319, 0.2872774652812792, 0.27682037748720334, 0.2668309996471457, 0.25329516423137294, 0.2387916064294784, 0.2268383011383855, 0.2168428663002408, 0.2045703731963168, 0.1958171373800091, 0.18944883492329848, 0.18254239411781664, 0.17514060478171575, 0.17081083041494308, 0.16434438955848632, 0.15755379722332177, 0.15423855881976045, 0.14760420232525337, 0.14552064082058874, 0.1382706605464868, 0.13549001195022595, 0.12775927445972743, 0.12878991740391307, 0.12415786893309458, 0.11909061257282029, 0.11844538544993037, 0.1126780720103694, 0.10628751207790944, 0.10429010232505591, 0.10226811962607114, 0.0961986405208059, 0.09152390755227079, 0.09255887385781693], "val_losses": [0.30981933228347613, 0.30998533445855847, 0.30176493784655695, 0.30225388770518097, 0.29787042089130567, 0.30079205204611237, 0.30866818324379297, 0.2780403293993162, 0.2644611920999444, 0.24053343612214792, 0.23444674779539523, 0.2320977676173915, 0.20726988496987717, 0.2090676608292953, 0.2070799589804981, 0.2038294728035512, 0.19768205220284668, 0.18981172824683396, 0.18642367584549863, 0.18817843399617984, 0.18834191074837808, 0.1792498522478601, 0.18075575323208518, 0.17783558725014978, 0.17767929804065954, 0.17674517761106076, 0.18788250049819116, 0.1718869769702787, 0.18046669564817264, 0.1855346771038097, 0.17772031931773477, 0.17699945426505545, 0.17244967073202133, 0.18128252742083176, 0.17309947571028833, 0.1706130187148633, 0.1799021823250729, 0.18420399142348248], "train_ious": [0.34581256495465024, 0.36744083558582846, 0.36976879855463907, 0.37096074198558676, 0.3715696273846177, 0.380776201078571, 0.39415206301749783, 0.40913557320617244, 0.4227561794890382, 0.4739124992106488, 0.5049842416943199, 0.5287500194719303, 0.5495708625277748, 0.5715049917175284, 0.5883895244611346, 0.5990382319829173, 0.6109659419111583, 0.6262480520737774, 0.6336418655093595, 0.6452688708145551, 0.6569384975709776, 0.6634360463290975, 0.6749335396764937, 0.6795834467030953, 0.6928452459042486, 0.6966593130019266, 0.7109073659648064, 0.709398316192454, 0.7175605982218096, 0.726981699682664, 0.7281933819362222, 0.7393712074752308, 0.7519949705380459, 0.7563541516985579, 0.7602852225519606, 0.7726064970095955, 0.782025042867315, 0.7804091965806655], "val_ious": [0.3696493841167809, 0.37063646961030533, 0.3713757078439285, 0.37353754691455676, 0.3782330118659614, 0.38015101266943885, 0.3621786733468374, 0.414824764797653, 0.4460815968180913, 0.493080722141093, 0.5120438054959843, 0.5123457550138667, 0.5686661369990612, 0.543101203452418, 0.5623901758504952, 0.5776126831769943, 0.585655687295872, 0.6073361062917156, 0.6044280646719794, 0.6097440253133359, 0.6186903125565985, 0.6251793987509134, 0.625424450290376, 0.6320428016824997, 0.6322868820549786, 0.6262722535841706, 0.6307763200307237, 0.642497864106427, 0.6390963144924329, 0.6248943464479586, 0.6300448016196057, 0.6398842498876047, 0.6503471984811451, 0.6397582877805269, 0.6555604502774667, 0.6585603025944335, 0.6537090794763702, 0.6365603472011676], "training_time": 907.2445857524872, "avg_gradient": 0.0021392210997851174, "memory_usage": 935.31640625}