{"train_losses": [0.3343665847635787, 0.29699555347147194, 0.283888277962156, 0.27082179373373155, 0.2610869469202083, 0.2512682311074889, 0.2429051975031262, 0.2362897798580968, 0.22583888503520386, 0.21485141000669936, 0.20801063189687935, 0.19628887542563936, 0.1903532135259846, 0.18174726038199404, 0.17676340237907742, 0.17034324517716531, 0.1644427892954453, 0.15913090765800164, 0.1544148832478601, 0.14929968219898318, 0.14546477454512016, 0.14218921315572833, 0.13327606848400572, 0.13084703643360865, 0.12710984990648602, 0.12243345213811034, 0.12246028888646675, 0.12335575343636067, 0.11172512793184622, 0.10603838628562896, 0.10103078789847053, 0.09765436224963354, 0.09518617091943389, 0.09780104685088863, 0.09351504391626171], "val_losses": [0.3182721306448397, 0.3121256024941154, 0.29407733290091803, 0.29124722726967023, 0.27027176871247915, 0.25361295012028323, 0.2513014875028444, 0.23527329155932303, 0.23045347469008487, 0.21714612938787625, 0.2107730582356453, 0.21289300173521042, 0.19301163210817004, 0.20200200314107147, 0.20255348410295404, 0.1825519291603047, 0.17500958397336627, 0.1787314738916314, 0.1817697480968807, 0.17548583447933197, 0.17016453879035037, 0.16753338666065878, 0.1611748809075874, 0.1670245463433473, 0.16053419738360072, 0.1646334843143173, 0.16485318492936052, 0.167040405066117, 0.15840489514496015, 0.16221148083391396, 0.16208065171604571, 0.16504700967799063, 0.17023051530122757, 0.16924767714479697, 0.1913909154093784], "train_ious": [0.29240947093855374, 0.3791639619115469, 0.3990247324066105, 0.41832939624854576, 0.44100043472204503, 0.4663901293339832, 0.48646267516322533, 0.5062376532865608, 0.5273033509408867, 0.548400593381645, 0.5615809352771525, 0.5857786749746057, 0.5985866024874261, 0.6144361774288658, 0.6246901694955173, 0.6340869555006854, 0.6462957901151285, 0.6571047309840071, 0.6637888503247414, 0.6733822881419586, 0.6807174588675082, 0.686022120379451, 0.7022769004646421, 0.7068366842965285, 0.7136211798026943, 0.7227122402493507, 0.7211502302923928, 0.7215106491593346, 0.7417318840929561, 0.7527545281834361, 0.7622661619730616, 0.7695285243832547, 0.7737965156742629, 0.7690256331385911, 0.7775156773302868], "val_ious": [0.34770027882810955, 0.3783459363208301, 0.3845687121827169, 0.39311501205277927, 0.4283170055571025, 0.4648949351647626, 0.4910237294608268, 0.4980290371762669, 0.5328810816441756, 0.5483429445952609, 0.5661573507215665, 0.5723559294921763, 0.596107087165549, 0.6012980156186698, 0.5761000439524652, 0.6233091736617296, 0.6339171451071034, 0.6266471918510355, 0.6258244948542636, 0.6360737776410752, 0.6465122032424677, 0.6492936133906463, 0.6628548602263133, 0.6517409611007441, 0.6647100493959759, 0.6593005078426303, 0.660752782571143, 0.6550997921090194, 0.6717289202455161, 0.6625002339698266, 0.6705718798481898, 0.6657400941071303, 0.6639538277750431, 0.6605293778837591, 0.639103520175685], "training_time": 831.7893846035004, "avg_gradient": 0.0065476226212465485, "memory_usage": 935.31640625}