{"train_losses": [0.32475542244703876, 0.29617348491497664, 0.28606327218206035, 0.27464396935766155, 0.2630843259394169, 0.25174201692899933, 0.23877338660152062, 0.22620607224171577, 0.21520574042654556, 0.2070745642742385, 0.19849011472061925, 0.1900470150715631, 0.1826143570892189, 0.17567183676621187, 0.1727326886485452, 0.16505552301912205, 0.16272640463126742, 0.15446365523435499, 0.15219721323608057, 0.14738654069926427, 0.14133403644613599, 0.13633958355564138, 0.13354981099457844, 0.13023199562145316, 0.12557739505301352, 0.11790908184712348, 0.11520811883003815, 0.1153647254180649, 0.11093460630787455, 0.1019250844888713, 0.09884848044780285, 0.09995444017745879, 0.09519077039769162, 0.08681841178432755, 0.08344812383470328, 0.0815137643771975, 0.07780447430179818, 0.07549315877258778, 0.07533297230206105], "val_losses": [0.30304143545420276, 0.3135496086400488, 0.2856014688377795, 0.26705346677614294, 0.26272959197344986, 0.2440359524410704, 0.24329102104124817, 0.21469066032896872, 0.22197203791659811, 0.20637933618348578, 0.19070646134407623, 0.20384738140779993, 0.17711280545462732, 0.18259778813175534, 0.1815124876473261, 0.17362594021403271, 0.17220155020122943, 0.17180645401063172, 0.17063690851563992, 0.1735275614520778, 0.18173596327719482, 0.17084886813941208, 0.16879836615660918, 0.17785885832879855, 0.15884650498628616, 0.15648930940939032, 0.1669316194627596, 0.1624001352035481, 0.15760952493418817, 0.15653965751761975, 0.1626842750803284, 0.17216554057338965, 0.16324175181596176, 0.17262253715940143, 0.17378522779630579, 0.17094767773928848, 0.17637377070344012, 0.18344279605409372, 0.18013976773490076], "train_ious": [0.3156234868892131, 0.3785772102250569, 0.39457892329580546, 0.4105857540681508, 0.4329217745621232, 0.4747255171878613, 0.5053410401729785, 0.530430694124189, 0.5534151790096707, 0.5675029930915091, 0.5840284424577503, 0.6006108903852495, 0.6133955907130587, 0.6263821688683138, 0.6324157320718831, 0.6455469211914403, 0.649365326254696, 0.6640269971736099, 0.6685287482172686, 0.6774536958639172, 0.687563585522382, 0.6962291115651965, 0.7013229832485102, 0.7087751979521218, 0.7157051327867785, 0.7300940610576367, 0.7355977550040987, 0.7356463671810384, 0.7442517770265324, 0.7609470975787744, 0.767106128397627, 0.7649189594431202, 0.7740335069812726, 0.7921097886519156, 0.7993073053118112, 0.8035245957797853, 0.8120388066855032, 0.8170264761732969, 0.8174575784284136], "val_ious": [0.3738426533730134, 0.3755228674930075, 0.40335973319799995, 0.4269079425628634, 0.45420502695808374, 0.49908752312910726, 0.505060138747744, 0.5491870963487072, 0.5462698448395382, 0.5820808791811916, 0.5981716837572016, 0.5889739629583083, 0.6267388052698495, 0.6182432924059854, 0.6209492400504542, 0.6412185335504836, 0.6356513938610105, 0.637386082523111, 0.6452734226333922, 0.6470221650341283, 0.635836168475773, 0.6469325384368068, 0.6556811023881469, 0.6411433254463085, 0.6632156838541444, 0.6726902831291808, 0.6559925491827122, 0.668048599060031, 0.6714917885652488, 0.6787287098342093, 0.6754293083280757, 0.6597840857246648, 0.6785266589427339, 0.6776294719049897, 0.6769963790109191, 0.675357264885004, 0.6789896540019823, 0.6791756800983264, 0.6682181503029839], "training_time": 919.217668056488, "avg_gradient": 0.00325106974002649, "memory_usage": 935.31640625}