{
  "train_losses": [
    0.3198540479592655, 0.30213636192290677, 0.30089846642121026,
    0.30165032329766645, 0.29996960286213004, 0.2957543444050395,
    0.2932535550840523, 0.2893007572578347, 0.27982019082359644,
    0.27233246195575467, 0.2634676186286885, 0.2544490871546061,
    0.24276367704505505, 0.2303235503318517, 0.22263885840125705,
    0.21370859508929047, 0.20351002867455067, 0.19673666511864765,
    0.18862882815301418, 0.18111865765050703, 0.17553256751726504,
    0.16932751934813417, 0.16426776673482812, 0.16268330099789993,
    0.15547255151297734, 0.1466653406539041, 0.14135168768141582,
    0.14013940958387178, 0.1332613341510296, 0.1332110901079748,
    0.12712008639684189, 0.12133644699402478, 0.11786452207066443,
    0.11856817385262769, 0.10859338465430167, 0.10568253477306469,
    0.10089621725289719, 0.09987120812191912
  ],
  "val_losses": [
    0.30664647467758344, 0.3004105486299681, 0.3056969396446062,
    0.29752855326818384, 0.30579640100831573, 0.2873283916193506,
    0.2886145620242409, 0.28109449990417645, 0.27309705770534015,
    0.2675392028430234, 0.26642410165589786, 0.247904933989048,
    0.23964147690845572, 0.23013934784609338, 0.22459845342065976,
    0.21387992119011673, 0.20765734755474588, 0.21253361909285837,
    0.19874131355596625, 0.18944527662318686, 0.18722829319860623,
    0.1864157850327699, 0.18089142150205115, 0.18063696765381357,
    0.18125377757393796, 0.18017119363598202, 0.18135366750800092,
    0.17968494963386786, 0.17716476321220398, 0.1853935274740924,
    0.17355241011018338, 0.17556576463191406, 0.17060002069110455,
    0.1707584900052651, 0.17489072486110355, 0.18249562058759772,
    0.17505289063505505, 0.1890939179321994
  ],
  "train_ious": [
    0.3298314723529469, 0.36998506910775025, 0.37167142617745663,
    0.37048749998211855, 0.3731399419619635, 0.37880282444150537,
    0.38282028234739235, 0.3889853141321825, 0.40448648697249295,
    0.41532395494337104, 0.43142128714549915, 0.4596057857924003,
    0.492829543362925, 0.5182311329720677, 0.532109738988937,
    0.5500119240495605, 0.5690815265465907, 0.583308603128661,
    0.5996241537665108, 0.6140907795262942, 0.6242576592426368,
    0.6367092447598346, 0.645854383599067, 0.6490647116325042,
    0.6616152138381763, 0.676634944057551, 0.6871105277559889,
    0.6884015588548739, 0.7010679171569103, 0.7010817493217576,
    0.7122569568995114, 0.7224425939654092, 0.7294470318525599,
    0.7277177330916338, 0.7474778622820755, 0.7528328222317108,
    0.7627172656357292, 0.7646707048558672
  ],
  "val_ious": [
    0.3725650800742964, 0.3716452510460563, 0.3406782001382954,
    0.37428980007551715, 0.3773387420004692, 0.387871032823687,
    0.39128046925517107, 0.40590847618337983, 0.4148404287255328,
    0.4244571937167127, 0.44378977792634466, 0.4810506614545981,
    0.5068173882537994, 0.5256813982690589, 0.5336783332885175,
    0.5486931530893713, 0.5550990531194039, 0.5664103105664252,
    0.5836198866583299, 0.5995414370427963, 0.6103240912375241,
    0.6080240691485613, 0.6173463971286579, 0.6209058115879695,
    0.6198087792465653, 0.6227914140276287, 0.6244427099607991,
    0.6318060742772145, 0.6326309904672097, 0.6234378844931505,
    0.6371498090633448, 0.6408589363530063, 0.6456010056578596,
    0.6434215015691259, 0.6455517789159996, 0.6315500915482422,
    0.6448965243239332, 0.6241340786218642
  ],
  "training_time": 896.0050671100616,
  "avg_gradient": 0.004303153236764712,
  "memory_usage": 935.31640625
}
