{"train_losses": [0.3090404033984827, 0.26138828152223775, 0.23862876500124516, 0.2223367425410644, 0.20051785153539284, 0.1871910440209119, 0.17693492632521235, 0.16946234926581383, 0.1597952405395715, 0.1523970454202398, 0.14532587385695914, 0.13834144341071014, 0.13185541368211093, 0.12558620649835336, 0.11996136739364137, 0.10901970748344193, 0.10729041367607273, 0.10014556105370107, 0.09179196838775407, 0.0861920090392232, 0.08606137023509844, 0.08826907323268444, 0.074265509519888, 0.0685935977684415, 0.06780367488365459, 0.07476066959940869, 0.06472772400340308, 0.05908096496663664, 0.05714428461278263, 0.05460798991439135, 0.053209456513919264, 0.051800868737146906, 0.05189734782375719], "val_losses": [0.27839612345332687, 0.25425936897163803, 0.2332719295569088, 0.24304177644460098, 0.19957807854465817, 0.19415794701679892, 0.21174137942169025, 0.18918138062176498, 0.18067864911711734, 0.1679241858098818, 0.16040858075670575, 0.16609012529901837, 0.16004272064437036, 0.1621452171517455, 0.17250697314739227, 0.162347919429126, 0.1659983309066814, 0.15753928069835124, 0.15758858135213022, 0.16616060001694638, 0.17677447232215301, 0.16115402819021887, 0.16954312441141708, 0.1685787986802018, 0.18977306880380795, 0.17679905373117197, 0.17529290169477463, 0.17559825888146524, 0.17685649997514227, 0.19121514066405917, 0.19494870013516882, 0.1826215486811555, 0.1862284249585608], "train_ious": [0.34925556544077035, 0.4306801045414248, 0.49147556832769246, 0.5367428302440953, 0.5807160625801139, 0.6046191348383823, 0.6225193358579839, 0.6367728540646859, 0.6549143934271473, 0.668499158020469, 0.6810412784849388, 0.6946748482684295, 0.7070241076466829, 0.717705658218567, 0.7293511766778391, 0.7496490535744719, 0.7524706245116574, 0.7664365716602488, 0.7835213958785153, 0.7948938035878583, 0.795908189446166, 0.7907525860852955, 0.8202776128183239, 0.8329021154322487, 0.8346257422497303, 0.8200640462446903, 0.8414924186856849, 0.8541993506360752, 0.8583212370673816, 0.8642475712990417, 0.8673568324766293, 0.8706788651753165, 0.8704027917937959], "val_ious": [0.4045834871737854, 0.44805692018860044, 0.5230987155675023, 0.5243468743519507, 0.579840012974497, 0.6002096295140793, 0.586456870039304, 0.5977919060682904, 0.622286866756453, 0.642289667889692, 0.6548542507748673, 0.6496944472841595, 0.6605367977981982, 0.6653284130321032, 0.6482881609944332, 0.6625625348609426, 0.6589798989935197, 0.6769350147333699, 0.6776545177335326, 0.673828488458758, 0.6652711819911349, 0.6809824931880702, 0.6775431011034094, 0.6830689606891163, 0.6622377716112827, 0.6737623044114184, 0.6824867058059444, 0.6820585140283558, 0.6840565392504567, 0.6754441844380421, 0.6790890957134358, 0.68266805358555, 0.6762522508700689], "training_time": 595.0041303634644, "avg_gradient": 0.0022208346236932807, "memory_usage": 744.08984375}