{"train_losses": [0.31246628482704575, 0.29319900452442793, 0.2835151360410711, 0.2703083074935105, 0.2604055390085863, 0.25173080817836785, 0.236785050076635, 0.2258455043901568, 0.2148015445665173, 0.2028737430177305, 0.19607834647531094, 0.18681869145644747, 0.17882593931711238, 0.1727620058733484, 0.16724777812867062, 0.16208414417570052, 0.15623057544555352, 0.15098176572633826, 0.14227047878439011, 0.13991340747831957, 0.13430987650771503, 0.13146262927709715, 0.13059512307138546, 0.12719528202939293, 0.12034501325663018, 0.11641083738726118, 0.11437962374285511, 0.10753942766915196, 0.10438812224437362, 0.10206782335982374], "val_losses": [0.308289823324784, 0.2926942349775978, 0.2829990756252538, 0.3186652673327405, 0.28415725088637805, 0.260457137680572, 0.2675461892200553, 0.2634833976626396, 0.2212825096819712, 0.20402776255555774, 0.20022972187270288, 0.19741371565538904, 0.1965901793345161, 0.19467207595058109, 0.1799699064830075, 0.18464977553357248, 0.1805829188745955, 0.1800856243657029, 0.17285307334816974, 0.164625546530537, 0.17080004513263702, 0.1738042400582977, 0.16889617268158041, 0.16960054182487985, 0.15810978493612746, 0.166240187442821, 0.17114569765070212, 0.16262643460346304, 0.16853264557278674, 0.19693542692972266], "train_ious": [0.34905946700568496, 0.384145784691192, 0.39942714863497264, 0.418514473174793, 0.4327823437256288, 0.45708499863809743, 0.5012061004796864, 0.5274578885620703, 0.5506532193714943, 0.5752790994078352, 0.5895214821819377, 0.6044548695124144, 0.619618612733008, 0.6300370885410173, 0.6406813239057859, 0.6505544696921022, 0.6603744047815385, 0.6711378643370196, 0.6864015065889428, 0.690579786248829, 0.7004138520662333, 0.70518930585704, 0.7075943405321542, 0.7142988591846351, 0.7257235680261384, 0.732896867599608, 0.7366968784751239, 0.7503353761158126, 0.7562965109836369, 0.7605610876951525], "val_ious": [0.36152510388173914, 0.3848978708619657, 0.4093714282996414, 0.3798083898381911, 0.41039149591402296, 0.4500990656029056, 0.47174654555493495, 0.49581053885428816, 0.5503728585182757, 0.5782306301205056, 0.5845731300288353, 0.5897899171796398, 0.597062042117983, 0.5988053016472553, 0.6213839576728103, 0.6177656212146733, 0.6191463584917178, 0.6237591330123984, 0.6406999660142955, 0.6534413451301878, 0.6469060050836508, 0.6436199580413708, 0.6480560438788455, 0.6489071889200072, 0.6658572757589644, 0.6597452237122301, 0.6577171616364216, 0.66668135424455, 0.6625109060087064, 0.6422388532023499], "training_time": 710.1879761219025, "avg_gradient": 0.0028055571003358687, "memory_usage": 935.31640625}