{"train_losses": [0.31215540756997856, 0.30281873371290124, 0.3013234302077604, 0.3008564723574597, 0.2986179114035938, 0.2943173021725986, 0.2910156379575315, 0.2801787050683861, 0.2707920522307572, 0.2622312833757504, 0.25154686217074806, 0.24026092457706513, 0.23001946614164373, 0.21774110683928366, 0.20670858584344387, 0.19967628464750622, 0.19030505094839179, 0.18340563636435114, 0.176565111088364, 0.16991483258164447, 0.16416155474017496, 0.15982219358177288, 0.15348621081236913, 0.14646793375520603, 0.14470129755690045, 0.13817847475571476, 0.13375996373107898, 0.1269583740555074, 0.1277718177146238, 0.12270817824679872, 0.11840233959905479, 0.1174709778683989], "val_losses": [0.4020465366218401, 0.31981007949165674, 0.30167856553326483, 0.3081039391134096, 0.297887371286102, 0.2909355869759684, 0.30296438802843506, 0.28048848717109015, 0.2898433914651041, 0.2652099365773408, 0.267486475084139, 0.22896306184322937, 0.22643542354521545, 0.2169940173625946, 0.22338629157646842, 0.19753787925709848, 0.19354581930067227, 0.18908657522305197, 0.2056620713809262, 0.19156522012275198, 0.18512898715941803, 0.1763550069021142, 0.1721444074874339, 0.18563305586576462, 0.17529264869897263, 0.17896551379691, 0.1751052238371061, 0.177363739065502, 0.1720926444167676, 0.17905597161987555, 0.17371626781380695, 0.20430964328672574], "train_ious": [0.35022697694963123, 0.36857757876941827, 0.3707350813230629, 0.3711021769610153, 0.3743519109334689, 0.38048689708448774, 0.3857105306085122, 0.40135835405576265, 0.41753512223334044, 0.43920138261655917, 0.46496540185846913, 0.49513252434469224, 0.5176197235890921, 0.544697090740437, 0.5671785216022659, 0.5809582823860476, 0.5980463710384093, 0.6116312435301751, 0.6243600328925294, 0.6357402244339816, 0.6466830704307212, 0.6540551784353843, 0.6652506858758304, 0.6777055480557937, 0.68192229922051, 0.693160603551761, 0.7012483268652272, 0.7129272944361406, 0.711818410704533, 0.7212320379372958, 0.7289558817511019, 0.7308362057243569], "val_ious": [0.2397743746663288, 0.36395587372607074, 0.3682779945254984, 0.3715680900259295, 0.37717653206293134, 0.3856631934210874, 0.38380007337832783, 0.40560163125611715, 0.4112691955516851, 0.4428475955366225, 0.44059952383564005, 0.5114644059668418, 0.5164389230742835, 0.548571350025958, 0.5459723731745845, 0.5841960963131726, 0.5934494751087134, 0.6012132399971933, 0.5868496628127234, 0.604586437344551, 0.6153295616740767, 0.626721318865168, 0.6325323482354482, 0.6205631755832313, 0.6352307358081789, 0.6275705980217975, 0.6344915738572247, 0.6389224885598473, 0.6394260884195135, 0.6427150688309601, 0.6457799910635189, 0.5820765896983768], "training_time": 769.0036635398865, "avg_gradient": 0.0027443476304272315, "memory_usage": 935.31640625}