{"train_losses": [0.3271800564683002, 0.30309754933999933, 0.29838522037734155, 0.2937780437262162, 0.29084818437695503, 0.2821437564233075, 0.27086280942287133, 0.2603050487358933, 0.2505301624212576, 0.24185036681592464, 0.23020602333480897, 0.2181231803868128, 0.20711408004812573, 0.19760333722376305, 0.19133253735692604, 0.18321833030685133, 0.1782110622557609, 0.17218395014819893, 0.16754325665533543, 0.16153824912465137, 0.15625113678043304, 0.15105130231898764, 0.14768838631394116, 0.1413043307788346, 0.13938985603011173, 0.1346858517550256, 0.1316786767590953, 0.12363235579560632, 0.12246987369397412, 0.11740240956778111], "val_losses": [0.33009687260441156, 0.37264430134192755, 0.303507756927739, 0.302392206762148, 0.30878232678641443, 0.27993125598067825, 0.2646915141655051, 0.3129132649172907, 0.25009559645600943, 0.24174620049155277, 0.2366160607856253, 0.22132854066465213, 0.2253100207966307, 0.2323577306840731, 0.21862342824106631, 0.2094637029196905, 0.19190954255021136, 0.18752072006464005, 0.18549652235663455, 0.19495019608217737, 0.19138314251018607, 0.18723885099525037, 0.18182678909405417, 0.18547362866608993, 0.180029628717381, 0.17572428124106448, 0.18044350846954013, 0.1790374737718831, 0.1784622066694757, 0.2339445955079535], "train_ious": [0.31967568222256404, 0.3674837335997112, 0.375060767266945, 0.38282693279588637, 0.38629532578414766, 0.40022502206234023, 0.41537759490715936, 0.43652213642136556, 0.46887389111899463, 0.4906315645675404, 0.5175238808050107, 0.5446245142569143, 0.5671777325155943, 0.584718249225314, 0.5961615369533714, 0.6115395438897872, 0.6212825370763523, 0.6326221127225007, 0.6413570350926856, 0.6516280133763087, 0.6609120654563113, 0.6702445628850355, 0.6764639426508675, 0.6875487157832029, 0.6910063587129115, 0.6998395958672399, 0.7046100877333379, 0.7199359768866628, 0.7213346885274284, 0.7311962774914247], "val_ious": [0.3612048060757039, 0.32591210845587915, 0.37594459195067914, 0.3741905514312829, 0.3771743696668873, 0.4101113530172817, 0.4256502379467365, 0.3946648046198854, 0.4714028472755698, 0.4977993639590946, 0.5120345446942511, 0.5474437016291896, 0.5486223608039428, 0.5411066790853722, 0.5521515883181406, 0.5673300021368525, 0.5996364383161931, 0.609545161542685, 0.6143898555765982, 0.6119882509760234, 0.6088649177032969, 0.6204983888976814, 0.6227914829185044, 0.6282018302143484, 0.629246059967124, 0.6316146975842074, 0.6378747449404951, 0.6435744170693384, 0.6417070549467333, 0.5789639859095863], "training_time": 712.7886509895325, "avg_gradient": 0.002168610871795317, "memory_usage": 935.31640625}