{"train_losses": [0.3126266631095306, 0.30335368264628493, 0.30128907266518345, 0.29758447100934776, 0.2950968666245108, 0.29340208159840625, 0.2905340042451154, 0.2798590752417627, 0.2648542843273152, 0.24950243759414423, 0.23421931161504725, 0.2198711470093416, 0.21015557306616203, 0.19948294750698234, 0.1918102242052555, 0.1867663519375998, 0.18080540851730367, 0.17422150034943354, 0.1704536047156738, 0.1644878284600766, 0.15962957274978576, 0.15288577585116678, 0.14873352792599928, 0.14477463989802028, 0.13971564007680054, 0.13558387481000111, 0.13278169699175202, 0.1291646547615528, 0.12153789154051439, 0.11743091799966666, 0.11498414534751487, 0.11382280508785145, 0.10854540935353092, 0.10230548181773527, 0.09955397916390844, 0.09527715813854466, 0.09210585875679618, 0.08802692308698011, 0.0894788800050383], "val_losses": [0.3172015159026436, 0.3106238842010498, 0.3060443822456443, 0.29504699940266815, 0.2955729760553526, 0.29152708986531134, 0.2992367763882098, 0.30041491013506183, 0.2838069628114286, 0.24939030279283939, 0.21923926019150278, 0.23415551917708438, 0.21356282350809677, 0.1979183412116507, 0.18859799756951953, 0.19501766270917395, 0.18705597779025201, 0.1782127268936323, 0.17250428186810535, 0.17917256251625394, 0.17475639575201532, 0.17555278960777365, 0.16952477395534515, 0.1798770119962485, 0.1999562583539797, 0.16184894254674081, 0.17272999202427658, 0.15974323224762213, 0.16627780898757602, 0.1705145388841629, 0.17056429807258688, 0.165616481848385, 0.16002311735697414, 0.1726691230483677, 0.1669443217308625, 0.16148106494675513, 0.17478226837904556, 0.16716206899803618, 0.20000177297903143], "train_ious": [0.3510576657193241, 0.36689146674653, 0.36991326984041195, 0.3759700897399865, 0.37897031809702836, 0.38162402461563516, 0.3861991175641722, 0.40449064005036023, 0.45027006825303934, 0.48446909776902325, 0.5157430247822102, 0.5463266820795291, 0.5632573264394551, 0.581937304036557, 0.5972717613035787, 0.6063828976905865, 0.6157622564638008, 0.6284113560087871, 0.6351132608302263, 0.6466609958181347, 0.6549476764664269, 0.6673818124809128, 0.6744493968460871, 0.6820009523543761, 0.691961079997861, 0.6984240746908432, 0.7037234976347801, 0.7100056888724583, 0.723987700066705, 0.7312540522088177, 0.7362063220445662, 0.7383727046350639, 0.7486041826938378, 0.760929122513187, 0.766170061584832, 0.774903666551994, 0.7812590396058731, 0.7898485891089067, 0.7868030708877072], "val_ious": [0.28573905298675323, 0.365520300856535, 0.359849042866541, 0.38169699453789263, 0.38216510577784485, 0.3872858843077783, 0.3914512829936069, 0.40414847897878586, 0.42669740697180003, 0.4849362653558668, 0.5386789955090785, 0.5152462967603967, 0.5546566684176956, 0.5800709842123848, 0.5939596250005388, 0.5871076940194421, 0.6095677265438482, 0.6243980887575428, 0.6260071295327034, 0.6246657705177431, 0.6165184695003687, 0.62267293230347, 0.6369030838427336, 0.6253267304188964, 0.5971310233724291, 0.6549891358700353, 0.6488875932451607, 0.657959718203199, 0.6526986179144486, 0.6537173610666523, 0.6468628403069315, 0.6545488119557284, 0.6652250032925952, 0.658140185950459, 0.6608369043771771, 0.6724184408136036, 0.6627276310886163, 0.6739240115967348, 0.6332527599904847], "training_time": 924.0043685436249, "avg_gradient": 0.006167012614306226, "memory_usage": 935.31640625}