{"train_losses": [0.30870041429348616, 0.3009225526905578, 0.2993263997461485, 0.2955993671456109, 0.28217372346831404, 0.27180225572184374, 0.26260984446043556, 0.2523603984357222, 0.2405975748501394, 0.22868413964043494, 0.21616618537708468, 0.208761776595012, 0.1978858589478161, 0.19164951372405756, 0.1862179563259301, 0.18001810825713302, 0.17409310692354388, 0.16873912197416244, 0.16299068595728147, 0.15918529138940832, 0.15240904927739632, 0.1476692330983022, 0.14564792747082916, 0.1408541961370603, 0.1355179911479354, 0.13404410753561102, 0.12881284814489924, 0.12579487741965314, 0.11821604325719502, 0.11540351804021907, 0.11263792006217915, 0.1084189209682138, 0.10786772729909938, 0.10636652018065038, 0.09840860063938991, 0.09456010996971441, 0.09125802868410297, 0.08708484385810468, 0.08549791052127662, 0.08332681218567102, 0.0810250552047206, 0.09076745763583027], "val_losses": [0.3155407821354659, 0.3306624792192293, 0.3010731773531955, 0.29752965854561847, 0.29342074951399927, 0.27402582797019376, 0.26428235613781476, 0.244802284175935, 0.23979741010976874, 0.23226122687692227, 0.2141269924847976, 0.20390679849230725, 0.2030159707950509, 0.19250617403051126, 0.19172340696272644, 0.19455072121775668, 0.19135904409315274, 0.18177565932273865, 0.1910734821272933, 0.18764841232610785, 0.17679100839988046, 0.1835189260866331, 0.17468205807001694, 0.17318797046723572, 0.17347054896147354, 0.18527409142774084, 0.17570254044688266, 0.16728105784758276, 0.17735748754247374, 0.17349422237147455, 0.17401032959637436, 0.17164015543201697, 0.16742973774671555, 0.17762552169354065, 0.18025041371583939, 0.1736956290576769, 0.17753720931384875, 0.17553141939899194, 0.18055059793202774, 0.17710439277731854, 0.18253357935210932, 0.1804207770720772], "train_ious": [0.35844452913557784, 0.3709601423554664, 0.37397817662660615, 0.38076609297507064, 0.4014439380363278, 0.41606077789389223, 0.42820250444079333, 0.45805765444625346, 0.49196258673201426, 0.5218971777383402, 0.5501742105445139, 0.5657662280659745, 0.5837234645218089, 0.5964319832029118, 0.607576172771877, 0.6174943533496584, 0.6278515725356085, 0.6380482475826706, 0.6475939480182916, 0.6552924417175248, 0.6668556310452411, 0.675637692159069, 0.6792650398244892, 0.6872850869768768, 0.6967956722862475, 0.6996796644576216, 0.7085583283417469, 0.7144153376204376, 0.7281002407164673, 0.7332094120050682, 0.7387990413800527, 0.7468895248096924, 0.7473884973189103, 0.7508106240327805, 0.7665508205368038, 0.7745590186205465, 0.7816356360588385, 0.7904343065144361, 0.7938900213094725, 0.7984075533307113, 0.8035613910659498, 0.7834189621110756], "val_ious": [0.359624618637389, 0.3699386977199196, 0.3741156307683475, 0.3795512953530188, 0.41215815837832454, 0.41912227134773694, 0.42791730736454425, 0.4691819182016711, 0.49921941832787753, 0.521622163662012, 0.5615511521481085, 0.5772496587124423, 0.5764062651905459, 0.5961527839518975, 0.5945749849728915, 0.5961799814865208, 0.6106019735984181, 0.6191259664685831, 0.607643682455671, 0.6179055632024572, 0.6316862998233325, 0.6190957903214123, 0.6346349046714065, 0.6347023475429286, 0.6401315059350885, 0.6222144953798555, 0.6407095224097155, 0.6498639104158981, 0.6428028515715528, 0.6502737374841304, 0.6489595243896263, 0.6494485638711763, 0.6590602080459178, 0.6481946793155394, 0.6485603101875471, 0.6598607897758483, 0.6565689209146777, 0.6596780095411382, 0.6575590866631356, 0.6606122773626577, 0.65035627933516, 0.6486594303362612], "training_time": 990.0451986789703, "avg_gradient": 0.0018212073155552773, "memory_usage": 935.31640625}