{"train_losses": [0.3200569204662157, 0.30211017961087433, 0.30060068582711014, 0.2997131132237289, 0.29820639850652736, 0.29574772456417914, 0.2907371872469135, 0.2844047605505456, 0.2731511418748161, 0.2584080827300963, 0.24738005913146163, 0.23769523292455985, 0.22610040770276732, 0.21832850599742454, 0.2100694509142119, 0.20133522023325381, 0.19327445352530997, 0.18549030282251214, 0.18037223289518253, 0.17365784675854704, 0.16765578973876394, 0.16385732210524703, 0.15606845680462278, 0.1506052575195613, 0.14754989180389955, 0.1439702207951442, 0.13887874470294817, 0.13348790055707746, 0.12586995149436203, 0.12036063728611106, 0.11776944845104995, 0.11661854754809452, 0.11157393726803687, 0.1075939609385703, 0.10326721863416226, 0.09739225402312435, 0.09470386216012032, 0.10477193461164185, 0.09273594006410112, 0.0867848850219794, 0.08198600663277118, 0.0788900944120858, 0.07903098533658878, 0.07440466462108104, 0.07225103145870178, 0.07031816894026555], "val_losses": [0.32333763785984204, 0.3091848414877187, 0.30369427152301953, 0.3132494117902673, 0.30467606303484546, 0.29696532306463824, 0.2936190224212149, 0.30496035775412683, 0.2850476464499598, 0.2572340226691702, 0.26782582505889563, 0.2416392972935801, 0.23116761996694232, 0.21813050916661386, 0.2109069820979367, 0.2030874691579653, 0.20216988448215567, 0.19657229923683664, 0.19288275747195535, 0.1976372246509013, 0.18265674004088278, 0.18567743314349133, 0.1802846361761508, 0.18158225294040597, 0.1837378762986349, 0.19907927124396615, 0.1748861045293186, 0.18521353764378506, 0.17675889056661856, 0.18198923053948776, 0.1820661700938059, 0.18121308477028555, 0.17663230908953625, 0.1818063745032186, 0.18180599096028702, 0.17671461047037787, 0.1820243490131005, 0.18199846666792166, 0.18713446350201315, 0.1860962947425635, 0.1886066716650258, 0.182981979911742, 0.1941828092803126, 0.1859573482171349, 0.19524597992067752, 0.19760149620149448], "train_ious": [0.3278228685265908, 0.3694416301218421, 0.37105399852879445, 0.37175665580081485, 0.37465747964123003, 0.3785124648804437, 0.38646051476615084, 0.39621785725804354, 0.4147136709763563, 0.44795678614370815, 0.48394340662744584, 0.5041961308865663, 0.5277647371606337, 0.5437432289177527, 0.5592535659130935, 0.5773866713532937, 0.5926262721473321, 0.6079066563397646, 0.6160423852827238, 0.6288998855844785, 0.639440483211175, 0.6462687847568934, 0.6606415409756746, 0.6705102168455503, 0.6754985479772954, 0.6818273677558135, 0.6914686211857244, 0.7005157132727512, 0.7142645988775335, 0.7244014368001104, 0.7296857383588089, 0.7318709790706635, 0.7413498123810777, 0.749610987856336, 0.7576055338309294, 0.769620534140563, 0.7746857967821587, 0.7556694269288281, 0.7789491127258622, 0.7918269363758357, 0.8020593813364054, 0.8089572509777715, 0.8086794462540875, 0.8190120460762497, 0.823830487503522, 0.8283956827244896], "val_ious": [0.35071354262206866, 0.36240097448445746, 0.36071790171706164, 0.360350292014039, 0.3750249870877334, 0.3833035675511844, 0.3869790365730507, 0.4004227110873098, 0.4296744015486237, 0.4645662128493405, 0.45489723602498794, 0.5141003784062206, 0.52530487248863, 0.5490198504665623, 0.5621828514596688, 0.5775829321448355, 0.57624674750411, 0.5958225670931995, 0.6055021419905234, 0.5918205077017563, 0.6134474565801414, 0.6135167184731234, 0.6283630545156589, 0.623045898218086, 0.6236402161311413, 0.6076756974925163, 0.6401369915060375, 0.6284292679334031, 0.6418639600708863, 0.6428962637116943, 0.6407789091269175, 0.6449911328761475, 0.6458600301673447, 0.6495156493307889, 0.6491625334905541, 0.6586097021033799, 0.6530127745607625, 0.6405865297369335, 0.6504859233248059, 0.6512783305800479, 0.6597558635732402, 0.657057666260263, 0.6562507677337398, 0.6627213168835295, 0.6597271233365155, 0.6582317252953847], "training_time": 1108.7909886837006, "avg_gradient": 0.0017604803135488022, "memory_usage": 935.31640625}