{"train_losses": [0.31325343235031416, 0.30164648057973903, 0.3008751729908197, 0.2969966404463934, 0.29330524640238803, 0.28676993399858475, 0.27397727018789103, 0.26289743670950766, 0.2532318544614574, 0.24562567415768685, 0.23755309584995973, 0.2268770235064237, 0.2153865820525781, 0.20777284564531368, 0.2009685353740402, 0.19074833757527496, 0.18370653794187566, 0.17755778862730318, 0.17289609802157982, 0.1674576477026162, 0.1613015899353701, 0.15716184886253398, 0.15190331573071686, 0.14583410654702914, 0.14221089321148137, 0.13737667270976564, 0.13362054798104192, 0.13095117753128643, 0.1243600791077251, 0.12153649937523447, 0.12016932463840298, 0.11597717176798893, 0.11330634290757387, 0.1054795064922908, 0.10516611774168584, 0.10057790221079536, 0.09504022720553305, 0.09391360426240641, 0.08888656058875115, 0.08521762142038863, 0.08171148339043492, 0.08036485484436802, 0.10095937930695388], "val_losses": [0.3063886949549551, 0.30308352475580963, 0.3117189964522486, 0.3022999186878619, 0.29681363637032715, 0.30447994820449664, 0.27440477454144024, 0.26317617750686145, 0.2583380671946899, 0.23964089608710745, 0.26228208192016766, 0.22756223412959473, 0.23693140239819235, 0.24801995248898215, 0.20250351435464362, 0.21197832246189532, 0.19805608624997345, 0.19570616665093796, 0.1936774642571159, 0.18581860415313556, 0.18041259795427322, 0.1718023934442064, 0.19666702494673108, 0.17182179572789566, 0.1785269842847534, 0.16597846765881, 0.17568208342013153, 0.16574472383312558, 0.1640465334057808, 0.17098854158235632, 0.16963003770164822, 0.17706667405107748, 0.17057765987904175, 0.17442499457494073, 0.16580475704825443, 0.18103675997775534, 0.17440978923569556, 0.17252401197734085, 0.16968548751395682, 0.1747787277335706, 0.18335368581440137, 0.19103173879177673, 0.19688116823849472], "train_ious": [0.3462854360125452, 0.36930938914782374, 0.3695363819167233, 0.37694521561480937, 0.3828956484794615, 0.39392189627540275, 0.41138236244374843, 0.4297205926489937, 0.45863463429049073, 0.4764956076143552, 0.49759557744677074, 0.5240788215744322, 0.5491149301600196, 0.566341135920822, 0.5785729593556864, 0.5981416359435825, 0.6096501921344065, 0.6226189451265163, 0.6301644300852994, 0.6407238786257263, 0.6517018731953441, 0.6598437271364356, 0.6682933117060563, 0.6790718174930931, 0.6853416825010297, 0.6942519142251948, 0.701078426470791, 0.7061661465120493, 0.7183395985351954, 0.7227877229452134, 0.7251139859790389, 0.7336062830535397, 0.7389232919591927, 0.7535921387050465, 0.754262083304533, 0.7632415490629881, 0.7749735386367292, 0.7771514683853888, 0.7874770441456984, 0.79547970785179, 0.8031979262072967, 0.8062997583461838, 0.7648734174992728], "val_ious": [0.35371436915142945, 0.3661766291960426, 0.36536105301069177, 0.36766619030116265, 0.37966796993345453, 0.3885859782281129, 0.4127054922822592, 0.4297518773017909, 0.4361788507017806, 0.4896626645780128, 0.4912853619974593, 0.5160497622969357, 0.5528068573794502, 0.5178913155543632, 0.5791042463287063, 0.571472191400286, 0.5812532712799914, 0.6037901050370672, 0.6084876456770345, 0.6142152010098748, 0.6172907978728197, 0.6330828789783561, 0.601163940369219, 0.6403424422378126, 0.6315716967202616, 0.6499468278193821, 0.636275122779003, 0.6494367472503495, 0.6552420331948045, 0.6448243450427401, 0.651767877564914, 0.6467229134362679, 0.6523168495167855, 0.6590416262979092, 0.6671524101841275, 0.6575263427651445, 0.6576562087604964, 0.6578580553548924, 0.6635984411274175, 0.6669479537269344, 0.658568819363912, 0.6548910814782848, 0.620840963786063], "training_time": 1017.5035967826843, "avg_gradient": 0.0023874961646426947, "memory_usage": 935.31640625}