{"train_losses": [0.3099086223089177, 0.3002625285931256, 0.2959010160487631, 0.29347088333705196, 0.28876183959453, 0.2833826831825402, 0.2769922170302142, 0.2656184108522923, 0.25858373122046824, 0.24939748102232165, 0.240631438953721, 0.23353209127874477, 0.22625818484179352, 0.21802822427581187, 0.20989736833650133, 0.20186138112583887, 0.19378837797304857, 0.18613088503479958, 0.1791843034165061, 0.17350207390668598, 0.16848001013631406, 0.1624158946392329, 0.15812124206644038, 0.152105998693277, 0.1486246014094871, 0.14331662970716538, 0.13974802001662875, 0.1333173489117104, 0.1307502009541444, 0.1285568156644054, 0.12050715825803902, 0.1166967669825839, 0.11756448953857888, 0.10783317826850258, 0.10217920164375202, 0.1005578073065566, 0.09514346269323774, 0.09364924231625121, 0.09274670404746481, 0.08761930506190528, 0.09065556003833594, 0.08196380382160777, 0.07811384866742985, 0.07486474568672154, 0.07263034399922776, 0.07301352484880583], "val_losses": [0.3125046634155771, 0.31082763425681903, 0.3034740537405014, 0.2967164438703786, 0.2880866138831429, 0.28361586254575977, 0.27426235053850256, 0.2768141692099364, 0.2574578079840411, 0.24777344743842664, 0.2405929798665254, 0.2692507835833923, 0.24060844370852347, 0.2282819913133331, 0.21677657054818195, 0.2442738465640856, 0.20053103728138882, 0.1935600848949474, 0.18878050990726636, 0.1940415631169858, 0.19386534295652225, 0.18669547496930414, 0.17652722059384637, 0.18036921581496362, 0.1797135482015817, 0.1759946760923966, 0.18029700511175653, 0.1804362817302994, 0.1869651066220325, 0.1773038295947987, 0.1736310166509255, 0.17241125100332758, 0.17517666453900543, 0.18079136797915335, 0.17501382950855338, 0.1744886601100797, 0.1769479072612265, 0.1803571604516195, 0.17427217247693436, 0.18540699391261392, 0.18571838606958804, 0.18761717430923297, 0.18585196817698685, 0.18678092826967654, 0.19249563307865805, 0.19282554025235382], "train_ious": [0.3547753049494489, 0.3717624927884427, 0.3805842040025669, 0.38315875920048664, 0.3901083821403804, 0.3974847888061102, 0.40713957216644625, 0.4251777116353392, 0.44655444377815984, 0.47436221652542776, 0.49657270699685446, 0.5113601473470526, 0.526043186490626, 0.5431233308669451, 0.5598824127050844, 0.5759082135298977, 0.5925419800577387, 0.6062117007601521, 0.6187905154150465, 0.6283633628779132, 0.6383876137543412, 0.64958869503892, 0.6568944699846316, 0.6675319170606308, 0.6735727540284825, 0.6836810260471227, 0.6891609965891078, 0.7007741713221525, 0.7055528434938279, 0.7093863258867161, 0.724293127601993, 0.7311199865155461, 0.7300400268016516, 0.7482024151561918, 0.7594067878697226, 0.7632576996541546, 0.7740720847378608, 0.7773544427169405, 0.7791413236679381, 0.7899901498702988, 0.7841769876903387, 0.802321560248949, 0.8108354055363199, 0.8180068326385125, 0.8229329751237581, 0.8224742488152733], "val_ious": [0.3654667426278626, 0.3621524678192277, 0.3759475944266803, 0.375961157074873, 0.39259336802406586, 0.39927090078160377, 0.40918758468351507, 0.4452013116113949, 0.47133490777965886, 0.49256786774250055, 0.5039922849855563, 0.46737490340635385, 0.5091513982177645, 0.5251740421289982, 0.5492302632850148, 0.5445740497198657, 0.5833982304818388, 0.5937158510736796, 0.6035325125507687, 0.5925749331928681, 0.613289774759956, 0.613011665534282, 0.6286388596762781, 0.6255757376767588, 0.6268593787715054, 0.6352508489204489, 0.6264202633629674, 0.6266805851373121, 0.6241877500129783, 0.6406522408343743, 0.649103999785755, 0.6430186480283736, 0.6445306995208712, 0.6506300287834111, 0.6577348709106445, 0.6535110272791075, 0.6536316301511682, 0.6563967943623447, 0.6600867730119955, 0.6549928175366443, 0.6537986607223317, 0.6499421540377798, 0.6584925014471661, 0.653296236542688, 0.658091784603354, 0.6518902271122171], "training_time": 1090.4428391456604, "avg_gradient": 0.0015819461626606962, "memory_usage": 935.31640625}