{"train_losses": [0.3191532099052616, 0.30116617890155833, 0.3003089920334194, 0.2984694440079772, 0.2965645594117434, 0.292657173846079, 0.28502899861854053, 0.27771681385195773, 0.27154951153889945, 0.26794214595271193, 0.259186454522221, 0.25045267241480557, 0.2381004497570836, 0.22709291071995444, 0.21662526350954306, 0.20626752329585346, 0.19783361490977847, 0.1895041781599107, 0.1818335330032784, 0.17728236001794753, 0.1709212179741134, 0.16493061217276947, 0.16140577367142492, 0.1543317588613085, 0.15008815386049126, 0.14446179022121688, 0.14157067360761372, 0.13809418496068404, 0.13142069712605164, 0.1281530951028285, 0.1256974294538731, 0.12175607980917329, 0.11598149027027514, 0.12036071616508391, 0.11255008585589088, 0.10789524140241354, 0.10608643993897282, 0.09968682686271875, 0.09553559553687987, 0.10074833132650542], "val_losses": [0.3079082408676977, 0.307114702851876, 0.3048211420359819, 0.3023282283026239, 0.29857495297556336, 0.2979038947302362, 0.290300371206325, 0.2843361464531525, 0.2729352116584778, 0.27286553868780966, 0.26738791718431143, 0.2617882836772048, 0.2410953524320022, 0.22768168280953946, 0.22388782870510351, 0.20996257889529932, 0.2339949270953303, 0.20435077535069507, 0.20974547383577927, 0.19629423935776172, 0.21267356820728467, 0.1976681798696518, 0.1952050911343616, 0.18132307769163794, 0.18823207590890967, 0.18681248277425766, 0.17466999428427737, 0.19160872633042542, 0.17392579239347708, 0.17910885908033536, 0.16990042591224547, 0.17955837852281073, 0.17575637186351029, 0.17413880708424942, 0.17548730920838274, 0.17203412852857425, 0.1781873524836872, 0.17266187039406403, 0.17709815599348233, 0.18565494631943497], "train_ious": [0.3296178655553481, 0.3708878803080409, 0.3715934759896735, 0.3752151154305626, 0.37792686848104884, 0.3849384040180323, 0.39744093862996577, 0.4075851370782959, 0.41592866511664517, 0.42132939882486553, 0.43633052318606397, 0.45946109627191745, 0.49742231702270073, 0.5221847937158914, 0.5456547322750526, 0.5689789708973706, 0.5851001967878449, 0.5984544034615374, 0.6127186392474433, 0.6211952831380175, 0.6326469898871757, 0.6433952505011921, 0.6495212095155231, 0.6615363958737125, 0.6702528787587864, 0.6804842487841415, 0.6854853005404925, 0.6921290935597557, 0.7039613419792785, 0.70951237189381, 0.7145419196914073, 0.7218880559439242, 0.7326015030992202, 0.7249842089047461, 0.7395903998311012, 0.7485176216864933, 0.7517962994566861, 0.7647036632010036, 0.7734078480389668, 0.7650737266285697], "val_ious": [0.37027265088281774, 0.3536879873794058, 0.36353579768236144, 0.3776036062534304, 0.37490615939748456, 0.37709994117418927, 0.3849984968917957, 0.3975601181171944, 0.41402497261330706, 0.41492743833341467, 0.42889081265615375, 0.47775332192363945, 0.4926357114876528, 0.5176658790720545, 0.5412614733196686, 0.568878034642641, 0.5453045238619265, 0.5794932686764261, 0.5657505638141561, 0.5889052281129187, 0.5717893647758857, 0.5950830038906872, 0.5967861533812855, 0.6259913867798403, 0.6181779864473617, 0.6193831301685693, 0.6356739308955013, 0.6127651324090752, 0.6417702766864196, 0.6313770428515862, 0.6490058019973229, 0.6359415337227394, 0.6505020262970441, 0.6404102017050205, 0.6461060705824176, 0.6551911960477415, 0.6441974197176921, 0.6536206369814668, 0.6590352276529089, 0.6235707879498384], "training_time": 946.6367747783661, "avg_gradient": 0.004124884537655013, "memory_usage": 935.31640625}