{
  "train_losses": [
    0.3103139769771825, 0.27337246412492316, 0.25110971830461337,
    0.2330602823716143, 0.21341869891013787, 0.19708930976364925,
    0.18568542842631755, 0.17608777854753577, 0.1677301952858334,
    0.15897872201774432, 0.15192066594634368, 0.14623509687574013,
    0.1414270639905463, 0.1317656862589976, 0.1272507316392401,
    0.11848800467408221, 0.11124240999798411, 0.11146239102210688,
    0.1009406340106026, 0.10104598902651797, 0.08950989507138729,
    0.08372557341404584, 0.07898080146507076, 0.07609031491143547,
    0.07089795081106864, 0.0695554159136246, 0.06642983888235429,
    0.062186081347096224, 0.060178680163200785, 0.05975925647046255,
    0.05924027682403508
  ],
  "val_losses": [
    0.3035716738389886, 0.27488916853199835, 0.24317813016798184,
    0.22164071156926776, 0.20133919949116913, 0.1931926783012307,
    0.18384640987800516, 0.18470174138960632, 0.1831616114663041,
    0.16404083565525387, 0.1595697710695474, 0.16497885241456653,
    0.16205075366989427, 0.1598435423296431, 0.15765328089828076,
    0.15392483479302863, 0.17297685956177505, 0.15399788660199745,
    0.15091814651437427, 0.15939910661267198, 0.15413332665744034,
    0.16431742793192033, 0.15751857942213182, 0.17091936472317446,
    0.1653990683996159, 0.17909324914216995, 0.1698831065517405,
    0.1672967891006366, 0.17954109544339386, 0.1896919455865155,
    0.1896085421676221
  ],
  "train_ious": [
    0.36025311790968845, 0.4140552634802375, 0.4528924651001785,
    0.5108059872130772, 0.5559885787737113, 0.5877595925028772,
    0.6076744609660861, 0.6252002862916476, 0.6412242719012757,
    0.6564844133521336, 0.6692441767756484, 0.6810787595484565,
    0.6894402864078678, 0.7074562327369401, 0.7166590178250406,
    0.7320880219340324, 0.7461219945031665, 0.7455757721934625,
    0.7659371536279069, 0.7664647722157878, 0.7885599687047625,
    0.8007698967728926, 0.8109811493667999, 0.8169943394436351,
    0.8283587552715036, 0.8310478094263358, 0.8382258325599239,
    0.8478179771615114, 0.8522711009650991, 0.8532236992664962,
    0.8546355023332263
  ],
  "val_ious": [
    0.36994642343210143, 0.4254878597415013, 0.45400464058975154,
    0.5250151833870271, 0.5766772546845933, 0.5911139849087467,
    0.6092274702977444, 0.6134450599767158, 0.6114347960422005,
    0.6497876203578451, 0.6552966409835264, 0.6450841953788978,
    0.655069682477177, 0.6624077515325686, 0.6654273027527161,
    0.6741853818513346, 0.6424406425676484, 0.6786417015220809,
    0.6815132304378176, 0.6723634838194088, 0.6877088639615238,
    0.6790014360693917, 0.6904711494411246, 0.6789570986360742,
    0.6863664757946264, 0.6757068314414093, 0.6907762725284136,
    0.6915467804756719, 0.6892666367517001, 0.6753577058729918,
    0.6742454948632612
  ],
  "training_time": 556.7011635303497,
  "avg_gradient": 0.003006590995291301,
  "memory_usage": 745.21484375
}
