{"train_losses": [0.3114873326343039, 0.3007917465723079, 0.30007246363422146, 0.29735588460512785, 0.2935989567119142, 0.29053676857248595, 0.28533507138490677, 0.2756072792184094, 0.2651966722763103, 0.25520533039841964, 0.24588721367004124, 0.23442725764344569, 0.22292111271425433, 0.2156900176373513, 0.20778069102569766, 0.19487665285882744, 0.18755254943085753, 0.1808834203073512, 0.1744468434025412, 0.1715298550122458, 0.1637015990588976, 0.15899438200437505, 0.1526845292309704, 0.14665465688575868, 0.14175175349025623, 0.1395750676241258, 0.13245226147220188, 0.13151713165090137, 0.12395279862634513, 0.1240225822624305, 0.12173307108004457, 0.11230538372436295, 0.10896066798950019, 0.10475860094732564, 0.10660043512673481, 0.09958782456005397], "val_losses": [0.30367183231789135, 0.30555226362269855, 0.31059667662433954, 0.3040942705195883, 0.3110896478528562, 0.32288766166438226, 0.28223637783009076, 0.29448948282262555, 0.27377383086992346, 0.2659919187426567, 0.2620696772051894, 0.24652032780906427, 0.22120542435542398, 0.21614929612564004, 0.24765678462774857, 0.2091159762247749, 0.20177581549986548, 0.20092878944200018, 0.18546762187843738, 0.1863959736150244, 0.18523172224345413, 0.18253076108901398, 0.19116913656825604, 0.18595640037370764, 0.18621014090983765, 0.1791710293163424, 0.18804115704868152, 0.17705475441787555, 0.17888401221969855, 0.17909269877102063, 0.17498452605112738, 0.17308884340783823, 0.1720203922494598, 0.1667637847687887, 0.1825437795208848, 0.19105548508789227], "train_ious": [0.3533416516009813, 0.37055198860893435, 0.37162895642147337, 0.37609044066453023, 0.38134708369079817, 0.3855430292355185, 0.39326605182187463, 0.4106282200681747, 0.4308008636408045, 0.4603584339518263, 0.48605519029703276, 0.5094102218315222, 0.5322171469907395, 0.5475250829443119, 0.5637534730730281, 0.5890760060831689, 0.6033857109538021, 0.6157886619423181, 0.6263974144298963, 0.6326152140517598, 0.6463236337986545, 0.6546068382112012, 0.6659639326018703, 0.6777881844428137, 0.685591433737157, 0.689241390351368, 0.7030231427347312, 0.7045741492099521, 0.7184336595777152, 0.7187880668519196, 0.7226251166691813, 0.7401702013136683, 0.7466136995109097, 0.755010978737171, 0.7519971832525035, 0.7652380842229591], "val_ious": [0.370343251288801, 0.3560050405991681, 0.3698071656019791, 0.37391339242458344, 0.37405709036882373, 0.32339765477007715, 0.40367418743562017, 0.4198716887799293, 0.4293125422968381, 0.4539484804955082, 0.47340322755601094, 0.4916505447548367, 0.5388370427316517, 0.5505597266382067, 0.495010857672795, 0.5722134309834328, 0.5802544971954996, 0.5919723169527193, 0.6122464951181757, 0.6093694060177045, 0.6209594641906627, 0.6247323446947596, 0.6109741105549578, 0.6252613190723499, 0.6246287658594656, 0.6329581182504045, 0.6311075877452244, 0.6398483620605607, 0.6352895534988763, 0.6275443469268687, 0.6537278028933897, 0.6496268230071967, 0.6570766110351121, 0.660377705010815, 0.6457481831312181, 0.6325507887463637], "training_time": 857.6045520305634, "avg_gradient": 0.002575259350080246, "memory_usage": 935.31640625}