{"train_losses": [0.32846788559918816, 0.3040540909961514, 0.30334048426669574, 0.29776986882738443, 0.293466095853111, 0.2869125429702842, 0.27505278222910734, 0.26704088452717534, 0.2606294081424889, 0.25247132203177264, 0.24582927568775156, 0.237179983407259, 0.22854376883934374, 0.2183947109657785, 0.2079494257012139, 0.19709215337491554, 0.19006223142471002, 0.18233331568215205, 0.17670867260059583, 0.17088387291068616, 0.16616718430557978, 0.15909678650938947, 0.1554458299651742, 0.15049932605546454, 0.14332878447907127, 0.14141858421751988, 0.13533856800716856, 0.13347307479251985, 0.12568347824170537, 0.1251816234510878, 0.11821302605549926, 0.11564182672325683, 0.11331126292276641, 0.10872522020793479, 0.10368101999325596, 0.09789296672881945, 0.0963575522131894, 0.0980829705848642, 0.09728890515701927, 0.08670537384307903, 0.08329617495284132, 0.08079849215953247, 0.09852246940135956], "val_losses": [0.3167400405458782, 0.4250677344591721, 0.30859331138755963, 0.32522340507610986, 0.3135333709094835, 0.32463603823081305, 0.2772430887688761, 0.3015081403048142, 0.2683335976756137, 0.276679251504981, 0.24926344953153445, 0.25753436982631683, 0.2297428545096646, 0.2223294779010441, 0.21160857087892035, 0.21395676453476367, 0.20629385826380356, 0.19189997600472491, 0.18794518352850623, 0.1839506240642589, 0.17995074909666312, 0.20152659293102182, 0.17844107196382855, 0.18368669307750204, 0.1791628744939099, 0.17866481322309244, 0.18504088922687198, 0.19897328317165375, 0.1946437238999035, 0.17447423319453778, 0.17516765905463177, 0.17941179418045541, 0.17113284248372782, 0.16314255381407944, 0.16885150985225386, 0.1836159634201423, 0.1809873363893965, 0.19361323895661728, 0.17700448567452637, 0.18228280123161233, 0.1844400015214215, 0.19443420515112256, 0.19162880791270215], "train_ious": [0.3176428965780493, 0.36697746903645667, 0.3669802039141187, 0.37688780683891027, 0.3835444690270428, 0.39436229818701307, 0.4118606724600862, 0.42246306304266495, 0.4303534425478417, 0.4440835645980811, 0.47821454709375505, 0.4963818875856806, 0.5208216705427007, 0.5438306617510059, 0.5650321117507808, 0.5869245263815357, 0.599926143803674, 0.6125915450840322, 0.6247205834403854, 0.6345802483459313, 0.6434762925449489, 0.6568508161690788, 0.6638063268493053, 0.6721006242585356, 0.6856637792526812, 0.6879479030984038, 0.6991078790439211, 0.7022292927663397, 0.7165755490785927, 0.7171843893610048, 0.7301272743422049, 0.7348707033240278, 0.739630423216284, 0.7477041538534818, 0.757332298256781, 0.7689739351795204, 0.7714214526332808, 0.7680928717380844, 0.7702129683524808, 0.7916275758458222, 0.7991204813014771, 0.804047003226435, 0.7701128147326515], "val_ious": [0.3649642273135808, 0.3210992834706238, 0.37458591962206184, 0.3024385604323627, 0.2882078441156856, 0.3902497202189423, 0.4089414913585221, 0.3976661433344302, 0.42525040127952374, 0.4536428605408772, 0.4883501806120941, 0.49661322926049645, 0.5212364554189254, 0.5400244965069538, 0.5603997912527859, 0.5630496838602468, 0.5688663242735725, 0.6054708944714586, 0.614162667721942, 0.6124002065347589, 0.6251496670470723, 0.6011447135521019, 0.6288958027742914, 0.6177839646520821, 0.6307477678941644, 0.6299979857344559, 0.6265723888856778, 0.6175200386323789, 0.6242203100220017, 0.6491043755541677, 0.6519945078137992, 0.6428407393935798, 0.6516824990942859, 0.6655307377594105, 0.6589487769465514, 0.6521107496126836, 0.6579513640507407, 0.6507788453845009, 0.6601803836183273, 0.6587981361409891, 0.6551855204329973, 0.6444981184558591, 0.6396282177040543], "training_time": 1017.1388149261475, "avg_gradient": 0.0027241229818779624, "memory_usage": 935.31640625}