{
  "train_losses": [
    0.3288290575146675, 0.30384571429180063, 0.3004443287525488,
    0.29577706106331036, 0.28564354388610175, 0.27395939000922703,
    0.2605357232463101, 0.24804001115262508, 0.236820159803914,
    0.22721970340479974, 0.21806354043276413, 0.20996225933017937,
    0.20118226936977843, 0.19426478202576222, 0.18449289708033853,
    0.1777931856720344, 0.1701097134500742, 0.16515888468078946,
    0.159245069179198, 0.1520362165958985, 0.15115538012722265,
    0.14427699148654938, 0.14144943456125, 0.1345451374983658,
    0.12773020929940368, 0.1245587092783788, 0.11911089212188254,
    0.11778486167769069
  ],
  "val_losses": [
    0.33394372787164606, 0.3099949353415033, 0.29753149851508764,
    0.2910912555197011, 0.27576383106086566, 0.26621596936298453,
    0.2558300155012504, 0.24204467593327814, 0.24274178367594015,
    0.22200718781222467, 0.21441682007001794, 0.21705707842889038,
    0.2038936478936154, 0.2112973193111627, 0.19714153298865195,
    0.2077944699836814, 0.19235183330981628, 0.1867525376703428,
    0.1805099038326222, 0.20186862381904022, 0.18288482077743695,
    0.1862295746155407, 0.18407464383736902, 0.182282285845798,
    0.17990840615137763, 0.181134894490242, 0.18822342740452808,
    0.21660226810237634
  ],
  "train_ious": [
    0.3036888307464377, 0.36788508015266347, 0.37188074106107577,
    0.38028452021704195, 0.39510989264733554, 0.4122587465862705,
    0.43221195223251285, 0.4717991450848733, 0.5027552944594538,
    0.5227518508723681, 0.5424871972181657, 0.560100934036292,
    0.5758641474218905, 0.5888479193537564, 0.6069528456183448,
    0.619839286512655, 0.6344390610043987, 0.6433337052501201,
    0.6531488499131758, 0.666366243330033, 0.6686487233509188,
    0.680095528454884, 0.6854787940780322, 0.6979825026963065,
    0.7099898323092767, 0.7162317370698937, 0.7268724875605621,
    0.7294847256355529
  ],
  "val_ious": [
    0.3305995624134506, 0.34476431297219323, 0.3740731916133907,
    0.39150086347607604, 0.4133589766595674, 0.4274329134951466,
    0.44473463011419645, 0.477495144782723, 0.494791551074688,
    0.5460428971311321, 0.5587794808805853, 0.5546551709589751,
    0.5791834263481954, 0.5662020518296006, 0.5905456928455312,
    0.5744519793037057, 0.6056848821648655, 0.6126580655142881,
    0.6209450595188832, 0.5850837249038875, 0.6256952756556913,
    0.6226150920425636, 0.6280020460270453, 0.6278704283893972,
    0.6344593707202136, 0.63531646542791, 0.6268396945535273, 0.6093863065260046
  ],
  "training_time": 660.0060410499573,
  "avg_gradient": 0.003098060865512298,
  "memory_usage": 935.31640625
}
