{"train_losses": [0.32257895106854645, 0.303425137763438, 0.3007672448521075, 0.30019631479745323, 0.2981713412572508, 0.2975620130157989, 0.29174341876869614, 0.2852534154511016, 0.2791738336824853, 0.2703750629139983, 0.2647563901770374, 0.2576206552431635, 0.24854165955406168, 0.2410383054419704, 0.23278085984613583, 0.21973683199156885, 0.20951121187080507, 0.2006950847318639, 0.19080721238709014, 0.18378205313954665, 0.17895375256953033, 0.17324091777529405, 0.1692400924537493, 0.16168326738735903, 0.15689334103270716, 0.15284299081110436, 0.14954239644272171, 0.1416774050778021, 0.1378117039313783, 0.1335863956938619, 0.1314048652496675, 0.1286070445633453, 0.12459525312094585, 0.11493681662756464, 0.11074136306896158, 0.10751214263069889, 0.10730980397404535, 0.10795492901588263, 0.10482511960941812, 0.10268937731566637, 0.09491704724243154, 0.08844277849825828, 0.08784687895651745, 0.08491635192995486, 0.08086069130703159, 0.07936785932954239, 0.07853790372610092, 0.07432104730168762], "val_losses": [0.3222082451633785, 0.30333208972993103, 0.30519782136315887, 0.3008543803640034, 0.32017712813356647, 0.29805141039516614, 0.2922105866929759, 0.2801077181230421, 0.27753383569095447, 0.2698940090511156, 0.2733866054078807, 0.2539856929493987, 0.2481728053611258, 0.26561974572098773, 0.2342762198785077, 0.22224080659773038, 0.20754078775644302, 0.2163667649678562, 0.1994448019110638, 0.20511155445938525, 0.1940969769721446, 0.1861922624318496, 0.18292584011088248, 0.20231872699830844, 0.18532061738812405, 0.17751937294783798, 0.17361979802017627, 0.17263751347427783, 0.1750037812668344, 0.16955556234587793, 0.1714699258622916, 0.1677377907478291, 0.1625869679062263, 0.16999363899230957, 0.1639908153725707, 0.1709972373817278, 0.16937340083329575, 0.1662000825871592, 0.17642955174264702, 0.17125971809677457, 0.1587995718354764, 0.17419983041675194, 0.1667344573399295, 0.16782584948384244, 0.17643416057462277, 0.17451335748900537, 0.18179764857758646, 0.1860151038221691], "train_ious": [0.3201616072748514, 0.3679379643197509, 0.37131030477701366, 0.3723514224946722, 0.37563363646251585, 0.3762750777861345, 0.3861119300666927, 0.39531838397185004, 0.40429419851389503, 0.417094661640094, 0.4245177045715828, 0.4405428984244124, 0.46941874806551537, 0.4879062598692657, 0.5122486541344636, 0.5398832407874476, 0.5616155424681696, 0.5786014130150059, 0.5972983836047889, 0.6103111597830835, 0.6188203179263982, 0.6290746846546729, 0.6365790060464886, 0.6503593413078266, 0.6594541293663392, 0.6667294380241549, 0.6726710950226888, 0.6865013803260912, 0.6935422184566654, 0.6999126497818074, 0.7050056776598742, 0.7104378142326635, 0.7178826121532397, 0.7349135752605354, 0.7434300533563329, 0.7492779249838296, 0.7497891199545584, 0.7490686232197116, 0.7554982067558211, 0.7594333801256572, 0.7749590317084302, 0.7884955900734747, 0.7903504632953282, 0.7958006977603054, 0.8044108102718989, 0.8078714682572125, 0.8097736432716462, 0.8189283412867695], "val_ious": [0.3365086396967155, 0.37136594368063885, 0.37190304005491553, 0.3750388449516849, 0.33394410450389417, 0.37788088912592677, 0.3909084855214411, 0.4030615624742232, 0.4070220941650694, 0.41716825962066656, 0.4241677146011448, 0.47059245029653335, 0.4847186459363371, 0.46127972333435563, 0.5109965409813583, 0.5299498920423397, 0.5643019302599672, 0.5676225713197735, 0.5902033378032671, 0.5730808420457701, 0.5937090632708176, 0.6112710554962574, 0.6166080815204674, 0.5898891198246374, 0.6170406151508938, 0.6365554207477018, 0.6353811366834503, 0.6371120443378671, 0.6319757103919983, 0.6491445875254231, 0.6479996637157771, 0.6495558997427208, 0.6625591652548832, 0.657953642848609, 0.6615732579991438, 0.6546416967243387, 0.6554125819517218, 0.6637396095455557, 0.6523959200451339, 0.6598170684731524, 0.6744252635516985, 0.6716503930696544, 0.6678267328635504, 0.668109786251317, 0.6727809644695641, 0.6694732407728833, 0.6640621104102202, 0.6626416967398879], "training_time": 1131.9827823638916, "avg_gradient": 0.002321492302484042, "memory_usage": 935.31640625}