{"train_losses": [0.3226089129305404, 0.2978906323728354, 0.29021095776039624, 0.28349491079216416, 0.2704300398573927, 0.25534653007660224, 0.24353763064288575, 0.2291925652357547, 0.22039452624385772, 0.21060355161519154, 0.2006433540550263, 0.19465946430421394, 0.18236442274697448, 0.1820797593049381, 0.17043270033014857, 0.16845390500257845, 0.15881804644089678, 0.153132908248707, 0.15026751606036787, 0.14473868683790383, 0.13844353661103093, 0.13521213695892823, 0.12977605086305868, 0.1292773742309731, 0.12068051371075537, 0.1126551965818457, 0.10671285244271807, 0.10542843758088091, 0.09985094343352577, 0.10952621034306029, 0.09827099643323732, 0.08892625355688126, 0.0838731502223274, 0.08143879833590725, 0.08028183023080877], "val_losses": [0.302532562095186, 0.29769442262856854, 0.3074749001990194, 0.27028391931367957, 0.2598876289051512, 0.2596721982826357, 0.2454270509921986, 0.2527729502838591, 0.2180626321098079, 0.21494925086912903, 0.2177759943448979, 0.20684522260790286, 0.204457005728846, 0.19746296982402387, 0.19843879439260648, 0.20158479816239813, 0.18508536141851675, 0.19252616005099338, 0.19654536376828732, 0.19065229432738345, 0.18169623095056284, 0.18688899213853088, 0.1911392419234566, 0.20066632719143576, 0.18202384593694107, 0.18673118884148804, 0.19912051636239755, 0.20002197215090628, 0.20288973690375037, 0.19168492730544961, 0.20049560944671216, 0.1929373776783114, 0.19056753943795743, 0.19493657706872278, 0.2015601594163024], "train_ious": [0.3239896086451404, 0.3765526944096539, 0.38776783116053837, 0.39882238662761177, 0.41961824841262674, 0.4629332814129421, 0.49182881377772364, 0.5242851951388995, 0.5416370955012415, 0.5586174004643724, 0.5784484338069306, 0.589363765457402, 0.6112896989005199, 0.6121115631329409, 0.6320819803716047, 0.6358447758129973, 0.6536422255786433, 0.6653675159466442, 0.6696971113375133, 0.6806263397785203, 0.6915961934280567, 0.697057759092338, 0.70754691278157, 0.7080922083578244, 0.7234715613658017, 0.7395569220509218, 0.7510598615027854, 0.7545452893752119, 0.764853237277788, 0.7478179407400497, 0.7681234999951249, 0.7880407327759092, 0.7988040509863173, 0.8040214320239815, 0.8067546392912447], "val_ious": [0.3717462247696477, 0.37859282718188525, 0.38846508445947076, 0.41907789137052454, 0.4421775611994815, 0.4691631139620491, 0.49363117891809216, 0.5028376098776209, 0.5453720216949783, 0.5516623150611271, 0.5599079121282134, 0.559563946140849, 0.5952605370810068, 0.5939333534974981, 0.5947148184413493, 0.6009638595624245, 0.6205551205337912, 0.6135685314302859, 0.6046945074762123, 0.6173351549583931, 0.6219840535651081, 0.6291353475788365, 0.619161268507225, 0.6005801519621973, 0.6402658157158588, 0.6405899827031123, 0.6418036932962528, 0.6228475652743076, 0.6382409472396408, 0.6349819898605348, 0.637463386292043, 0.645116115609805, 0.6454067310129388, 0.6444700900195299, 0.6378826710624971], "training_time": 829.3387520313263, "avg_gradient": 0.0016731696022743128, "memory_usage": 935.31640625}