{"train_losses": [0.3110568032640478, 0.2897446259208348, 0.27214861466832785, 0.26180598245042824, 0.2496774656617123, 0.2414746116036954, 0.23050446492498336, 0.2199296720487916, 0.2110283068664696, 0.20210971496999264, 0.19268428793419962, 0.1838508304208517, 0.17945200544984444, 0.17193201815952425, 0.16611255389516769, 0.16290530432825504, 0.1590960928765328, 0.15175598244304242, 0.14726989044119482, 0.14419636903735605, 0.13896324036076016, 0.13460107086955206, 0.13334784397612448, 0.12349785678088665, 0.1257188366321118, 0.12439345001526501, 0.11622554035452397, 0.11257355874809234, 0.10726955456092306, 0.10684814397245646, 0.11487391125410795, 0.09987812092446763, 0.09483674435835818, 0.09564248302384563, 0.09111925704485696], "val_losses": [0.30462536150994507, 0.317562588531038, 0.29539413167082745, 0.2540587115546931, 0.25401240587234497, 0.22936363097118295, 0.23196125743181809, 0.23054716606502948, 0.2081337418893109, 0.19614311340062515, 0.1915301243248193, 0.1901591666366743, 0.18154435540023056, 0.17801436198794324, 0.17324882616167483, 0.1765958044839942, 0.20333151033391123, 0.18408497293358264, 0.17648656115583752, 0.18525856733322144, 0.18537879573262256, 0.16637024931285693, 0.16324620693922043, 0.163845122832319, 0.15521631146902623, 0.16255962945844815, 0.15724994987249374, 0.15798937561719315, 0.16942920438621356, 0.17248972926450812, 0.16332165410985117, 0.1661453898186269, 0.1529217020648977, 0.17396509193855783, 0.18304240476825964], "train_ious": [0.3509964996550007, 0.38864778215671925, 0.41468591160924323, 0.4272230333242171, 0.4576814449676837, 0.4926460338891416, 0.5221652820895331, 0.5417505290521227, 0.5594461335382169, 0.5743362622038611, 0.592906403341803, 0.6083027635147611, 0.6180551359834879, 0.6311888826228141, 0.6408413406731424, 0.6470796590589957, 0.6549343870601794, 0.668653057159289, 0.675723252143117, 0.6835376261261061, 0.6915731202217114, 0.6990815711518129, 0.7020577169090944, 0.7191371012856996, 0.715581578027079, 0.7176663569998053, 0.7326558366741824, 0.7401823040259923, 0.7497825660351399, 0.7502539864052894, 0.7365467261145081, 0.7644680958187235, 0.7753322282671062, 0.7737670789162321, 0.7831235500457493], "val_ious": [0.3554645223893981, 0.3781807753054992, 0.4214131141054458, 0.43999263764176844, 0.4632413168775215, 0.5201982379067634, 0.5058454243817191, 0.5285866724840109, 0.5747703096788862, 0.5921746245112971, 0.5972385297434918, 0.6098392075602558, 0.6180776323097339, 0.6170890170378963, 0.6341477470553439, 0.6307007616412814, 0.5386530325842508, 0.6302208438299705, 0.6377409158841424, 0.6284563867510229, 0.6215683496084768, 0.6535196133713792, 0.6642749125974765, 0.655328151108562, 0.6702544972084571, 0.6617266028255655, 0.6689561683198681, 0.6701664535895638, 0.660573175419932, 0.6588584478350653, 0.6669055318486863, 0.6704945430375528, 0.6806603084871734, 0.6602211378622747, 0.650288879007533], "training_time": 828.9910848140717, "avg_gradient": 0.004790609414852175, "memory_usage": 935.31640625}