{"train_losses": [0.3101327041892902, 0.29578776689975156, 0.2839701399207115, 0.27567860184480314, 0.2629982569943304, 0.25053962311990885, 0.24237463469414608, 0.23446141377739285, 0.2275799991481978, 0.2162588005480559, 0.2072274601491897, 0.19889456786863183, 0.1892043378042138, 0.1831515238660833, 0.17710540540840314, 0.1717908472308646, 0.16642647333767102, 0.16089364521853303, 0.15405389350717483, 0.14867175904952962, 0.14271746903819882, 0.14217120056728955, 0.13412881796450718, 0.13023101898801068, 0.12698042817899716, 0.11945219645681589, 0.11789543210002391], "val_losses": [0.4536214257064073, 0.30160654886909155, 0.30365730498148047, 0.29845306342062744, 0.26265838288742566, 0.2870700731873512, 0.24223560353984003, 0.23268430356098257, 0.24774705683407577, 0.22308705131644788, 0.2054783760205559, 0.20804677644501562, 0.2072702652734259, 0.20320628745400388, 0.1996457301404165, 0.1977008652427922, 0.2013911177282748, 0.2257689791529075, 0.18534141422613806, 0.18702843331772348, 0.1944862370905669, 0.20515542801307596, 0.19339159487382226, 0.17808668315410614, 0.185438787807589, 0.19778026608021362, 0.21540780300679413], "train_ious": [0.3557435965886409, 0.3808885623795399, 0.3995623517295588, 0.41063087829433514, 0.4283652811491134, 0.4624618038668932, 0.49163910450812015, 0.5124546950480535, 0.5245131551274569, 0.5481342731340639, 0.565279014273614, 0.5806846660494371, 0.5988096667966551, 0.6116145585218201, 0.6215445889780918, 0.6324140598484572, 0.6405662942299809, 0.6501554886176103, 0.6636507720619008, 0.6728797784965972, 0.6831572779818724, 0.6844394205381044, 0.6993151870218738, 0.7061765400719816, 0.7122674306881599, 0.7256027426624645, 0.7291895728288355], "val_ious": [0.327834746543912, 0.38400736991046125, 0.3665302123712456, 0.3803920296655185, 0.4414505066963393, 0.4322300814969492, 0.4963448626407678, 0.5209701762035273, 0.5192492389376614, 0.5466986355790194, 0.57153141433778, 0.5745452345497367, 0.5546519592728304, 0.5822764778698699, 0.58471584579219, 0.5900266520355059, 0.5920502723775048, 0.5787876648963362, 0.6180979453999064, 0.6190932488095935, 0.6068146941454513, 0.5930209341256514, 0.6109954584119978, 0.6393727986277014, 0.6362255949904954, 0.6222325332354808, 0.5812152127424877], "training_time": 641.5702035427094, "avg_gradient": 0.003040373940869445, "memory_usage": 935.31640625}