{"train_losses": [0.3110766017242618, 0.2855528403559457, 0.27218823207785253, 0.258830768501629, 0.24387201342893683, 0.233601707884151, 0.2231913634940334, 0.2127770300468673, 0.20261455464946188, 0.19294712392856245, 0.18712233752012253, 0.18139788476021393, 0.17546250201437785, 0.17082310273595477, 0.16523397730096526, 0.15759046375751495, 0.15095737406417079, 0.14410960775516604, 0.14376318948748318, 0.13808760698884726, 0.13108226579978413, 0.13011037845812415, 0.12305185247374617, 0.12254325628442608, 0.11571607034167518, 0.10740446436988271, 0.10568587704683127, 0.10243924646435873, 0.09779590262990931, 0.09415654016091772, 0.10738872206243484, 0.08901112457818311, 0.08543279386408952, 0.0821514753219874, 0.07719013912846213, 0.07414894261518898, 0.07392942628053867, 0.07169715823281718, 0.06931071321520468, 0.06879228734127853], "val_losses": [0.29530110372149426, 0.3204166908626971, 0.26153454184532166, 0.2693560460339422, 0.22736235578422961, 0.29208660352489224, 0.21942071616649628, 0.20451943381972934, 0.20277047286862912, 0.19124621735966724, 0.18599104298197705, 0.18361113868329837, 0.1776723372547523, 0.1701246150161909, 0.1708825813687366, 0.16953739750644434, 0.17038501313199167, 0.1764666097967521, 0.17025881163451984, 0.17932428290014682, 0.16970619138168253, 0.16861159192479175, 0.16578030845393305, 0.16668639137693073, 0.1716043563640636, 0.1616654146624648, 0.18176490359980127, 0.17358501028755438, 0.1670186046672904, 0.1756356018392936, 0.16820375977650934, 0.16972170187079388, 0.17894294501646704, 0.1761960934685624, 0.1766706332564354, 0.18107085642607315, 0.18200887026994125, 0.18943664593541104, 0.18505391478538513, 0.195933080561783], "train_ious": [0.35068796400692603, 0.3963067056476207, 0.4159388103207414, 0.4521048439810592, 0.4938049705807067, 0.5161431148324322, 0.538055038511537, 0.5577393999674181, 0.5764445188738732, 0.594656904835416, 0.6047651705912489, 0.6168691815565461, 0.6257058610950693, 0.6355023774979772, 0.6449187125578739, 0.6590485490750576, 0.6703296581796114, 0.683021436512902, 0.6827523036171561, 0.6937999479688599, 0.706751002403705, 0.7082901057665763, 0.7216720430423382, 0.7219510414246197, 0.7347809746321559, 0.7506272953705512, 0.7538683556992073, 0.7599845798551171, 0.7696307431636512, 0.7774510095840782, 0.7515684189139931, 0.7878039040319301, 0.7954570432935936, 0.8025425766473231, 0.8135851174592971, 0.8203010827950807, 0.8205908902961269, 0.825848172972168, 0.831043954020825, 0.832460875528446], "val_ious": [0.3912466624076814, 0.399325713083364, 0.4356629503515474, 0.4636278538492279, 0.5350018020557322, 0.4683854050286439, 0.5466589191253634, 0.5826276564511701, 0.5781555800982144, 0.6023274334012599, 0.6179496607054835, 0.6134715276783792, 0.6237319610688998, 0.6360706144916839, 0.6366942077875137, 0.6393888443708418, 0.6373548939608146, 0.6396435937587764, 0.6458787717249085, 0.6216491046159164, 0.6474309861660006, 0.6593496406423873, 0.6564228742018989, 0.6553097961173543, 0.6545243129350137, 0.6667619870192761, 0.6474888927262763, 0.664912522918936, 0.6635620177224062, 0.6688163746958196, 0.6676678033410639, 0.6700242118559023, 0.6655077465634414, 0.6695896253205728, 0.673796922184419, 0.6719922082147735, 0.6723346248053123, 0.6726029048795287, 0.6758767474388732, 0.6666488664737648], "training_time": 948.0628378391266, "avg_gradient": 0.0016920612347250757, "memory_usage": 935.31640625}