{
  "train_losses": [
    0.3090863349321096, 0.3019471259220787, 0.3003543378866237,
    0.29952811109630956, 0.2981586161514987, 0.2866242513384508,
    0.27248163699455885, 0.26102665698398714, 0.24979548593578133,
    0.23820698577100816, 0.22557290602961313, 0.21412270078840462,
    0.20231161088399266, 0.19352679270441117, 0.18754080342857735,
    0.1789458789255308, 0.17222744809544605, 0.16718998826716258,
    0.1587184806070898, 0.1549556905646687, 0.1521228978248394,
    0.1460728193025874, 0.1417437922614424, 0.13816083497975185,
    0.1365276866632959, 0.13030978721445022, 0.12474333361277114,
    0.1216193995559993, 0.1151673652474647
  ],
  "val_losses": [
    0.3341329914072286, 0.3066178288148797, 0.3032851147910823,
    0.3028521226800006, 0.2981387700723565, 0.2883354120928308,
    0.29384111904579663, 0.2866891590149506, 0.25952361945224844,
    0.23950153394885684, 0.2317286810797194, 0.24064124926276828,
    0.21979960864004883, 0.19780214033696963, 0.2029668909052144,
    0.20470397692659628, 0.21170192309047864, 0.18752208870390188,
    0.1925613433122635, 0.1827099550029506, 0.18112454336622488,
    0.1899685561656952, 0.1990724503993988, 0.17985379890255307,
    0.17486385774353277, 0.17523504469705664, 0.17550204451317372,
    0.18116868546475534, 0.21281579201636108
  ],
  "train_ious": [
    0.357248574668403, 0.3689064899671646, 0.37118158014812275,
    0.3722997804468543, 0.3751897651277894, 0.3920668513570834,
    0.4140987653951886, 0.436937452824392, 0.4685065928083994,
    0.5004288825894828, 0.5276416432976291, 0.5514974505303128,
    0.5770150034054033, 0.5921409763125836, 0.6045282522513387,
    0.618918687456112, 0.6312014177117659, 0.6406902600133768,
    0.6553221258564271, 0.6625691836942798, 0.6676178929274498,
    0.6788484811566878, 0.6862722789139852, 0.6925703379986942,
    0.6959518076501034, 0.7077908032182331, 0.7172880206203114,
    0.7227259080155172, 0.7350098634327671
  ],
  "val_ious": [
    0.3623584193595941, 0.36724049351487076, 0.36863288153772766,
    0.36891143175138946, 0.379687035780818, 0.3978027776963468,
    0.37868151852044446, 0.4292622430223053, 0.47042564000340475,
    0.5123772273461025, 0.5114003217414669, 0.5306805961805842,
    0.5540253359122552, 0.5916442412181177, 0.5838967271257139,
    0.5944123002498045, 0.582219286457352, 0.6101252293025239,
    0.6062309298178423, 0.6241490452185923, 0.6140235463778176,
    0.6186652980420903, 0.5822832541189331, 0.6288348086502241,
    0.6366632267616797, 0.641044743898986, 0.6420491802087728,
    0.6289632313925287, 0.5902696499142092
  ],
  "training_time": 683.7753140926361,
  "avg_gradient": 0.001987114464777835,
  "memory_usage": 935.31640625
}
