{"train_losses": [0.32868116867283115, 0.30212993304366653, 0.30057599136362906, 0.29898135477434035, 0.2914152134047902, 0.2841177043383536, 0.2790706892214391, 0.2728573223171027, 0.26779891688214696, 0.26028841474781866, 0.2519502901350674, 0.24606945462848828, 0.2367737622850615, 0.23065098618035731, 0.2222490860554187, 0.2145579351193231, 0.20883166247411913, 0.19875841425812762, 0.19201237570656382, 0.1869323610773553, 0.17865194801403128, 0.17191431566101054, 0.1647375034087378, 0.16279958277616813, 0.15439477449525957, 0.1518545863421067, 0.14652334518082763, 0.14135158369722572, 0.13800926433633204, 0.13258516739891923, 0.1293530115938705, 0.12681655334713665], "val_losses": [0.33522788014100946, 0.3097345809573713, 0.30136034670083417, 0.31765811080517975, 0.3562469948893008, 0.2884698795235675, 0.27905203920343646, 0.28051006210886914, 0.2711229227159334, 0.2927078630613244, 0.3389509624761084, 0.29892566217028577, 0.2374039765285409, 0.23744530619486517, 0.2826070779043695, 0.22900574071251828, 0.22790007519981134, 0.22264106798431146, 0.2086631189221921, 0.24035244370284287, 0.19523646488137866, 0.19664196993993677, 0.214099555235842, 0.21018199719812558, 0.2109941742990328, 0.18443414277356604, 0.19133812577828116, 0.18059864348691443, 0.21232570837373319, 0.1790663962778838, 0.18564247307570084, 0.20919089278449182], "train_ious": [0.3110094220961215, 0.37128224106974167, 0.3725141302522942, 0.37462318073026385, 0.3879410543241922, 0.3979623898251609, 0.40490008653161064, 0.41300147950106825, 0.42056745954829705, 0.4306018387755156, 0.44745100740175875, 0.4720867710100299, 0.5004744414186131, 0.520026626335322, 0.5374878923260212, 0.5511871258579736, 0.5636592722241427, 0.579476067364432, 0.5917142030877478, 0.6013462720573814, 0.6141815358313962, 0.6294945002519998, 0.6423063581890386, 0.6460239445871633, 0.6613596146521361, 0.6655159222259043, 0.6756440387039946, 0.6851878575440766, 0.6905421886755071, 0.7003090530633925, 0.7061656571492768, 0.7119159221757151], "val_ious": [0.33895238629285834, 0.3635978151072303, 0.3712520679270011, 0.35460906272398296, 0.35164174048796953, 0.3995855580205503, 0.41753834939521284, 0.41737307219401637, 0.4126011612622635, 0.41540801921993087, 0.38461048079087673, 0.4412645806113014, 0.5157280234431012, 0.5150470376230668, 0.47080889457593816, 0.5310666935815328, 0.521374837535879, 0.5491711209001748, 0.5632246297554693, 0.5304284641060276, 0.594290509712005, 0.5971128466552583, 0.5680903749189514, 0.5736753793730253, 0.584846611796082, 0.6183139614868857, 0.6078387994481168, 0.624760793387026, 0.5812572003274722, 0.6315493503774422, 0.6254116558078406, 0.5955162468379822], "training_time": 758.1361463069916, "avg_gradient": 0.0024307208629722496, "memory_usage": 935.31640625}