{"train_losses": [0.3045905321512533, 0.28135413814174093, 0.2640372323601142, 0.25209427244313387, 0.24303705245256424, 0.23239682695787886, 0.22067767908067806, 0.20955823961159456, 0.2001744646417058, 0.19060754346782746, 0.1832406331339608, 0.1762505166394555, 0.16948333504083363, 0.16418458124541718, 0.1590264564299065, 0.1538110829727805, 0.1489467939118976, 0.14496489209325417, 0.13723418930464465, 0.13573910478178575, 0.12978490782172783, 0.12604302516126115, 0.12407783099004756, 0.12091975804904233, 0.11537338862114627, 0.1085111423517051, 0.11031733708375174, 0.10746020459286544, 0.09910909147204264, 0.09333321662700694, 0.0895101340568584, 0.08654090717596852, 0.08406308576788592, 0.0962968012722938], "val_losses": [0.2972594311703806, 0.2864270560119463, 0.27140419217555417, 0.2562838877024858, 0.24685940146446228, 0.2339990194077077, 0.24538132969451987, 0.20864638232666513, 0.21893317965061768, 0.19176780432462692, 0.1942998349018719, 0.1973880046735639, 0.18588418286779654, 0.18034959746443707, 0.17701430780732114, 0.1816360205411911, 0.1655138351995012, 0.15986164513489473, 0.16951306747353595, 0.1658495225660179, 0.15708017478818478, 0.16227232762005017, 0.15867203376863315, 0.15541384093787358, 0.1508123813116032, 0.1595919303919958, 0.16917527045892633, 0.15494597622233888, 0.16311681043842566, 0.1523769468716953, 0.15666523689161177, 0.15883394282149232, 0.16686791051989017, 0.17038197831615157], "train_ious": [0.3674509089399878, 0.4033783234223937, 0.42650297386284913, 0.44905707009178075, 0.4798150628128604, 0.5149767462002197, 0.5395589259493616, 0.5612746039270491, 0.5813391006187252, 0.598857846246033, 0.6120115874632114, 0.6244332599251168, 0.6382810178928184, 0.6481028346587782, 0.6558056750159335, 0.6655274636341606, 0.6745974837761863, 0.6818003103244997, 0.6957733992865122, 0.6997232679547609, 0.7088425689093445, 0.7162030238820162, 0.7193077084594873, 0.7257881407504493, 0.7354037731453998, 0.7488627747457098, 0.7458211516124611, 0.7507686518888547, 0.7671025261498879, 0.7790378717624623, 0.7866025341917634, 0.7929419904839305, 0.7979136851170788, 0.7740223898511864], "val_ious": [0.3836191685303398, 0.41272077482679614, 0.43823753426904255, 0.468803356739058, 0.487817242903554, 0.5291038790474767, 0.5232536888856818, 0.5713872785369553, 0.5596093295708946, 0.5984003644274628, 0.5943806427328484, 0.6040804549187854, 0.6118854714044627, 0.6214836857457092, 0.6265298257703368, 0.6328461582677952, 0.6476862087197927, 0.6595040248787923, 0.6442947819613029, 0.6510133579157402, 0.6674796941055767, 0.6575665083052454, 0.6683183459268102, 0.6744173033081967, 0.6800489011018169, 0.6722876967295356, 0.658533215522766, 0.6705450260120889, 0.6691689048556315, 0.6875949938228166, 0.679935418393301, 0.6801260742156401, 0.6712011081584985, 0.6607825632976452], "training_time": 805.8991365432739, "avg_gradient": 0.002916971587815433, "memory_usage": 935.31640625}