{"train_losses": [0.3086790405213833, 0.30140522997016495, 0.29917355464852374, 0.29647907047815947, 0.28959132617582445, 0.27838695551390236, 0.26744031549795816, 0.2541137132793665, 0.23961142555851003, 0.22711870284832042, 0.21760844625532627, 0.20544149103048054, 0.19700824015814325, 0.19055602974865749, 0.1809463579531597, 0.17513560001616893, 0.16866606684482616, 0.16498607056944267, 0.15782306926405948, 0.15512324553792892, 0.14822699400879766, 0.14422485677768354, 0.13867802836972734, 0.13760921253782252, 0.1323935969773194, 0.1259720994807456, 0.12177022469594427, 0.11872116618020379, 0.11892804139010284, 0.11222806155843579, 0.1098662318823778, 0.10533920290839413, 0.09636222255294738, 0.09515039007300916, 0.09172956649537968, 0.08625917436312074, 0.08419134560972452, 0.0812245717920039, 0.07849503899721996, 0.07795977436572961, 0.10249067332757555], "val_losses": [0.3507738612268282, 0.3000851377196934, 0.29813178531501605, 0.3136300632487173, 0.29373062823129736, 0.2783089597588, 0.2698635484861291, 0.2616960254052411, 0.2510079916404641, 0.2880699255544206, 0.2246706780532132, 0.2090875211617221, 0.2130055783883385, 0.21585892432409784, 0.1961041873563891, 0.18394693213960397, 0.1929383825348771, 0.1967456412056218, 0.17728896277106326, 0.18402836730946665, 0.18433987511240918, 0.18663799147243085, 0.17399238211953122, 0.17407068351040716, 0.17644584794407306, 0.17048234168602072, 0.1783654456553252, 0.19850629179374032, 0.17363384204066318, 0.18301883145518924, 0.17197551529692567, 0.16552244126796722, 0.1697391210042912, 0.17917561077553293, 0.18336322061393573, 0.17950775441916092, 0.1809123184369958, 0.18072130887404733, 0.1830942517389422, 0.18262702615364737, 0.19790498264457868], "train_ious": [0.357792782621497, 0.3701056789984738, 0.37332072222362395, 0.3778305748018666, 0.3880318030175092, 0.4050967852598513, 0.42443339947971387, 0.4691530399942309, 0.5045640405564419, 0.5315434710541065, 0.5491619798206334, 0.5712833679078714, 0.5872014596302438, 0.5976313245685207, 0.6152827182001825, 0.6270755197636894, 0.6375146766557643, 0.6438616403796967, 0.6575920824231448, 0.6627039205336915, 0.6745279436202154, 0.6807170251141427, 0.6914687534605249, 0.6933069391635013, 0.7023874949933829, 0.7144107689028201, 0.7220844337581724, 0.7275831143277278, 0.7277083490853724, 0.7400638480009378, 0.7449482715540172, 0.7535862080428913, 0.7719788531894266, 0.7743294056019056, 0.781495841462975, 0.7933911106724673, 0.797578687361185, 0.8045460823653398, 0.8104549971395644, 0.8115189709309215, 0.7621399600436723], "val_ious": [0.35159445327261213, 0.37265472848346254, 0.3613975592281508, 0.34916049846704456, 0.38735433009223663, 0.4108226167550985, 0.43336204225129943, 0.4902108470382899, 0.5081134731138964, 0.468836157704177, 0.5401764487226803, 0.5679836197607758, 0.5536101627824962, 0.535299196353425, 0.5964350104331969, 0.6110177383474682, 0.5980598145852918, 0.6017280439103857, 0.6235896467730617, 0.6179025864255602, 0.624258375686148, 0.6144370153762291, 0.6369845180407813, 0.6345218635987543, 0.6257594694261964, 0.6520410951064981, 0.6398577824019002, 0.6207646187664806, 0.6440275564141896, 0.6421952843666077, 0.6502553129541703, 0.663206844010215, 0.6600909051687822, 0.6513904691606327, 0.6544223619975906, 0.6647675648547601, 0.6662087183499683, 0.660199459264244, 0.6679966171150625, 0.6561623716699903, 0.6362840710342794], "training_time": 975.9806280136108, "avg_gradient": 0.004488764195778327, "memory_usage": 935.31640625}