{"train_losses": [0.3085012502320435, 0.3013562754444454, 0.3005904369056225, 0.2987364707109721, 0.2943850810761037, 0.29059323425526207, 0.28716453391572705, 0.2752813597250244, 0.25987907588157966, 0.24489757329549477, 0.22722743079066277, 0.21221415682331377, 0.20255813375115395, 0.1943716654634994, 0.1868106073335461, 0.17960395502007526, 0.17200388281565646, 0.16872172049530174, 0.1644503837046416, 0.15854230531207894, 0.15477932147357776, 0.14724216201221166, 0.1434610161282446, 0.13775372456597246, 0.13596078785865204, 0.13496499237320994], "val_losses": [0.3376102240189262, 0.32106228367142053, 0.30144305073696637, 0.3226399480000786, 0.34216393595156464, 0.3248496282359828, 0.3179953992366791, 0.27959748681472696, 0.2449655882690264, 0.24446703007687692, 0.23807569690372632, 0.20880326045596082, 0.24128131276887396, 0.20682701565649197, 0.19197946527729864, 0.18930967832389084, 0.18409628356280533, 0.18775388371685278, 0.18234872494054877, 0.17972266576860263, 0.1695492824782496, 0.19979934297178104, 0.17180481423502383, 0.17688953131437302, 0.17271537463302197, 0.21510916332835736], "train_ious": [0.35507265559197654, 0.369708698565365, 0.37093842780028574, 0.3737054909376996, 0.379594154709923, 0.38510013917252567, 0.3908614813151252, 0.41449712038859404, 0.44911989641284733, 0.491557675143839, 0.5277622589112625, 0.5566451668307401, 0.5759251982891473, 0.5906578862526708, 0.6032239199494538, 0.617449279172697, 0.6311316913722651, 0.6371517715354762, 0.6455514075207537, 0.6562804398869265, 0.6623024752606517, 0.6760822468693705, 0.6826867039544858, 0.6933205596886683, 0.6960229388829594, 0.6975552256124604], "val_ious": [0.37128757079841784, 0.31026713776847586, 0.37479967397192243, 0.36785692840382667, 0.3706764518350795, 0.3680043370180405, 0.3538607015012478, 0.409902749232192, 0.49128928408026695, 0.47633428893227503, 0.5238793997660927, 0.5738619067098781, 0.5062381816838961, 0.5759781996409097, 0.5954674375445947, 0.6046748600792194, 0.6100248226868935, 0.618747818081275, 0.6093021040593368, 0.629020654204963, 0.6396324981165968, 0.5952754291719284, 0.6409610995779869, 0.6341693073079208, 0.6400373621263367, 0.5710095074297725], "training_time": 616.1849036216736, "avg_gradient": 0.002879922606935615, "memory_usage": 935.31640625}