{"train_losses": [0.3120274284611578, 0.30200306585301523, 0.3007842754216298, 0.30026161411534186, 0.2987416401181532, 0.2939343677590723, 0.2893952102116916, 0.2791094349940186, 0.26792104129234084, 0.25932048844254535, 0.2517831391938355, 0.2454996326047441, 0.23439278680345285, 0.22938314355585887, 0.22173256111209808, 0.2138907129511885, 0.2052081511558398, 0.19594448861544547, 0.18863419168021367, 0.18330457506944303, 0.17595003164656783, 0.16893430062286233, 0.16485856513938177, 0.1594579515411802, 0.15610494476783535, 0.14840102916502435, 0.1459073204871105, 0.13830801804104578, 0.1381163936837212, 0.13215745665618908, 0.13240187465334716, 0.12634829905531977, 0.11766373916812566, 0.1149561791073369, 0.11235497600358466, 0.10902855237540991, 0.10221027732705293, 0.10140183009207249, 0.10416152980178595], "val_losses": [0.30585266325784766, 0.3061460872059283, 0.30071216692095215, 0.29886927358482196, 0.296126250339591, 0.29811971472657245, 0.295079305768013, 0.2780848722095075, 0.27269539690536, 0.2591198831796646, 0.2582712497400201, 0.248487231200156, 0.2396378883201143, 0.23619360671095227, 0.23258092027643454, 0.21837213603050812, 0.21009918464266736, 0.20026526438153308, 0.1958926067404125, 0.1884786885069764, 0.1808955206171326, 0.1807925905222478, 0.17763825117245965, 0.19193129468223322, 0.17819822773985242, 0.17438482946675757, 0.17363365286070367, 0.17089903289857117, 0.16553346877512726, 0.17545604932567346, 0.16890128961075906, 0.16504301065983978, 0.17244580841582755, 0.17561926984268686, 0.17224078398683798, 0.16550531789012576, 0.16829898629499518, 0.17531212451665298, 0.18483380001524222], "train_ious": [0.3493716402464102, 0.3686649098135472, 0.3707108909951836, 0.3715830070600992, 0.37343122124455974, 0.3808277607827946, 0.38822961792997684, 0.40401763010068215, 0.4208080487537699, 0.4348145740984917, 0.46135639427655767, 0.48554774381193333, 0.5094153995666166, 0.5201875885570612, 0.5354109079023635, 0.5513286316038474, 0.5704246384456106, 0.5893649729103714, 0.6026183394580215, 0.6120089379989583, 0.625492458893121, 0.6393072527117919, 0.6455517379917958, 0.6560224843737872, 0.6619388440596887, 0.6748849698814795, 0.6798231951028536, 0.6929997479462108, 0.6939329179408756, 0.7046341341582764, 0.7042589786907903, 0.7147209668613, 0.7301711390955719, 0.7358800499443564, 0.7406006309109322, 0.7469559040298498, 0.7602831528022673, 0.7614977745798192, 0.7564719723726524], "val_ious": [0.3707433388285014, 0.37014076675193897, 0.37470322588215704, 0.3760460785765578, 0.37933000425497704, 0.3708491383687309, 0.3908783763215161, 0.4116920897926109, 0.42269062589680234, 0.4390017526912623, 0.4917509586050891, 0.4843258359941884, 0.4957923901577789, 0.5155514211974281, 0.5177759819704552, 0.5479657986889714, 0.5694530547960948, 0.5790643773001175, 0.5899856588330821, 0.6009735525518225, 0.6195482678603433, 0.6194108718115351, 0.6206833420024399, 0.6120946636234507, 0.6270312930362814, 0.6352769078119942, 0.632081561114477, 0.6424471735954286, 0.6506975001615027, 0.6396681275488675, 0.646773390147997, 0.6527131823957828, 0.6510882440252582, 0.6504362527874933, 0.647144978677017, 0.6561659619860027, 0.6592855598183646, 0.648743450857591, 0.6473524890084197], "training_time": 927.9818487167358, "avg_gradient": 0.0017969496311087106, "memory_usage": 935.31640625}