{"train_losses": [0.30887714368493663, 0.28777654323240986, 0.2714288384532151, 0.2588317496297152, 0.24858495333920355, 0.2327959399022486, 0.21853664209661278, 0.20509774375544942, 0.19602474189646865, 0.1868834814623646, 0.1814092003294955, 0.1744117734386869, 0.1665849641127431, 0.161839015295972, 0.1555325352465329, 0.1540483694685542, 0.14737732672011075, 0.1413514060170754, 0.136591167918042, 0.13140952530438485, 0.1301766885444522, 0.12570891083906527, 0.12011256486015476, 0.1165841537244294, 0.11280556071711623, 0.11138733889421691, 0.10598176389770664, 0.09848415944725275, 0.0993150630560906, 0.09497593367553275, 0.09051347394352374, 0.09159712424582761, 0.1026357606296306, 0.08558998673992313, 0.0801673241202598, 0.07670910749584436, 0.07687527095170124, 0.07264405284481852, 0.07062628628362132, 0.06756659463533889, 0.08002510207259785], "val_losses": [0.32215176198793494, 0.3425533272649931, 0.26932972151300183, 0.2618086237622344, 0.2735872663881468, 0.2261189850776092, 0.22439881932476294, 0.22164102352183798, 0.21857234868018524, 0.23568114087633465, 0.22296016404162283, 0.1961466148495674, 0.17741986299338547, 0.19127168344414752, 0.17340951574885327, 0.17579111942778464, 0.19873616358508234, 0.17569989289926446, 0.16910069727379343, 0.17034987684177316, 0.1690700598385023, 0.17305747322414233, 0.16670544607483823, 0.16903851424222407, 0.16329520649236182, 0.17133759334683418, 0.1688874221366385, 0.16006528278407844, 0.1653629162389299, 0.17351464263123015, 0.16862681184125983, 0.17964176088571548, 0.16178550295855687, 0.16835297887092052, 0.1736165025959844, 0.16856942277239717, 0.17004910241002621, 0.17492468849472378, 0.18066418462473413, 0.17685906346077504, 0.18025464418789613], "train_ious": [0.3573999241726544, 0.39233411671359714, 0.41537953551480733, 0.44002978985009356, 0.4670757072483182, 0.5093469367011624, 0.543945727221992, 0.569558719901935, 0.5871097858779241, 0.6034604534236852, 0.6154771349730269, 0.6274298529640051, 0.6423398762725404, 0.651013496453347, 0.6613122159480185, 0.6651074681161109, 0.6763287764852464, 0.6874405904740524, 0.6955112555752626, 0.7050482871523801, 0.7073688726818215, 0.7150714949205302, 0.7259118885773678, 0.7320792261457092, 0.7394007668439029, 0.7429617527278439, 0.752452346941699, 0.7677182953642764, 0.7662264180464157, 0.7747422424887404, 0.7838252513412983, 0.7819275199503144, 0.7604524968326958, 0.7949652709606763, 0.8064635159528774, 0.8140700847126435, 0.8137584487381193, 0.823066318704598, 0.8275568793001385, 0.8344476176560791, 0.807437514913255], "val_ious": [0.3677009611889936, 0.38619441636230634, 0.42115273272645637, 0.45883436973436154, 0.4471851462849242, 0.5332990860485511, 0.5301269544963387, 0.5273623712684798, 0.5592617698121763, 0.5478887967225434, 0.5757917242421621, 0.6019332824625829, 0.6209410930025406, 0.6108179008183273, 0.6364616905001627, 0.6337244383234909, 0.6084090615960137, 0.636794854549394, 0.647698898246323, 0.6439342697461445, 0.6541306452042814, 0.6422189733256463, 0.6604367181442784, 0.6545106375562972, 0.6682809636644695, 0.6535260316686354, 0.6693974929875222, 0.6743736187185069, 0.669425742133804, 0.662558584973432, 0.6753442118997159, 0.6542348809864209, 0.6685933384342471, 0.6745410021664441, 0.6729298348444095, 0.6797038163395894, 0.6800680817037389, 0.6761316762886186, 0.6796953451374302, 0.6789682600377264, 0.66968201338381], "training_time": 971.8340430259705, "avg_gradient": 0.002092923455888238, "memory_usage": 935.31640625}