{
  "train_losses": [
    0.33268508169314137, 0.3038121823059476, 0.30151050327264745,
    0.29890476912260056, 0.29300061354170676, 0.2892363252847091,
    0.27898555710587813, 0.2728822868641304, 0.26654149324673676,
    0.25916360715485137, 0.25132344501174014, 0.24661163912843104,
    0.2415247302826332, 0.2317389623950357, 0.22368946250366128,
    0.2179036619870559, 0.21614732382738072, 0.20431817047621892,
    0.1977830461995757, 0.19285961094757784, 0.18659168481826782,
    0.180217777500334, 0.18400787383965825, 0.17077778401258198,
    0.16455726236428903, 0.162699145467385, 0.1578477965262921,
    0.1562267113072069, 0.1514870670178662, 0.14885190347938435,
    0.13980663207400104, 0.1361823986162958, 0.1335953144437593,
    0.13275453760086195, 0.125486065350149, 0.12232918203200983,
    0.1150082858360332, 0.11143880876024133, 0.10886283567094285,
    0.11046487854226776
  ],
  "val_losses": [
    0.44591162839661475, 0.3115825912226801, 0.32691960555055866,
    0.2990346628686656, 0.2920166649248289, 0.285932627061139,
    0.27247441721999127, 0.29636166989803314, 0.27509035753167194,
    0.2578233010742975, 0.2503116956871489, 0.24900270998477936,
    0.23920672451672348, 0.24991756645233734, 0.2399033965623897,
    0.2280782111313032, 0.22276464882104294, 0.21651031206483426,
    0.2190435823539029, 0.21171852168829544, 0.2223204578394475,
    0.24651503044625986, 0.21221402805784476, 0.18253200112477594,
    0.18279123824575674, 0.19183067783065463, 0.18091405539408975,
    0.1959667895799098, 0.19386656679536984, 0.18037914225588675,
    0.2098756189579549, 0.2225467734362768, 0.1808279435271802,
    0.1864993219142375, 0.17025745627672775, 0.18935239898121875,
    0.17745774887178256, 0.18439830742452457, 0.18381906624721445,
    0.22043412535086923
  ],
  "train_ious": [
    0.31046197218740323, 0.36848795325247763, 0.37104289433215143,
    0.37463606909326097, 0.38472730202076905, 0.3907948155155268,
    0.40576987086131444, 0.4134214200337384, 0.4228669921272029,
    0.4414530500245378, 0.46457129154367843, 0.47782839102370245,
    0.4895237803263457, 0.5163650326835721, 0.5313318233289145,
    0.5430296911466598, 0.5473702655484278, 0.5698572658002373,
    0.5848064191261495, 0.5941840780332034, 0.6051671230976563,
    0.616844060088413, 0.610049737941312, 0.6336143214957436,
    0.6453037112951281, 0.6502424181317504, 0.6573030162008776,
    0.661554009100233, 0.6685692507071773, 0.673966483577438,
    0.6898115972137969, 0.6964993958995827, 0.7005343997608059,
    0.7027133216244585, 0.7156393148976822, 0.7212194260479748,
    0.7349795296896192, 0.7414636470485424, 0.7463634992423265,
    0.7436120471228721
  ],
  "val_ious": [
    0.2905849594054956, 0.37242410886329186, 0.3697724381218785,
    0.38425578371338215, 0.39732427449432534, 0.3922900261654371,
    0.41439257497372833, 0.40108890593915764, 0.40739135952345107,
    0.4458803375238093, 0.45289968290244753, 0.48124952835665236,
    0.49761125558744307, 0.4829793222572493, 0.49575462899562245,
    0.532394386396028, 0.540418892774893, 0.5597255144646204,
    0.5688144580825517, 0.5661162251363628, 0.5278432276369869,
    0.5305889469125997, 0.5701026940259379, 0.6157941749130471,
    0.6161938884120055, 0.6054859490714212, 0.6204718169958693,
    0.6022913057519041, 0.6045273248700128, 0.6270438646492752,
    0.5855437063652534, 0.5686070466603058, 0.6315582969050476,
    0.6279116077483564, 0.6458364355823266, 0.6246230520200036,
    0.6457603658023087, 0.6197749400052472, 0.6320700297753016,
    0.5967428502829178
  ],
  "training_time": 943.1297926902771,
  "avg_gradient": 0.004434352562430451,
  "memory_usage": 935.31640625
}
