{"train_losses": [0.3233607029137404, 0.3013426616140034, 0.2998413892219896, 0.2973689286281233, 0.29274089213298715, 0.2831939005333444, 0.2738578690458899, 0.2652545061124408, 0.25695104168161104, 0.24993609118720758, 0.24195759775845901, 0.23598151475838994, 0.22823018588773583, 0.2211927606359772, 0.21617789428843104, 0.20856176559691844, 0.20233205373844373, 0.19761729888294055, 0.1886784418931474, 0.18181525794384273, 0.17582553819469784, 0.17028338381129762, 0.16540467876778997, 0.1592918227872123, 0.15495532491932745, 0.14908650857598885, 0.14588366695882185, 0.13960165469704763, 0.1356476005166769, 0.13458238829575156, 0.12691662011101193, 0.12623081574945347, 0.1229581031948328, 0.11505446259094321, 0.11593422378696826, 0.11049363284331301, 0.10681907253582841, 0.11119811443369025, 0.1040990679403362, 0.09708008591247641, 0.09061016215254432, 0.08760742405834405, 0.08822315927270961, 0.08384315710028876, 0.08263640619976365], "val_losses": [0.31725569458111474, 0.3042819020540818, 0.3031129240989685, 0.3024754796339118, 0.29548587617666827, 0.2841688987353574, 0.2832180637380351, 0.26451159657343576, 0.262528581139834, 0.2976465315922447, 0.25198007698940195, 0.2432463007128757, 0.2314954176545143, 0.2271238448827163, 0.23011702979388443, 0.21858208756084027, 0.22409606919340466, 0.21009712050790372, 0.20288022866715555, 0.20243973544110422, 0.20144617136405862, 0.2054021439474562, 0.1905615517626638, 0.1932689826125684, 0.19228840198205865, 0.18834361563558163, 0.18972233488507892, 0.19773188848858295, 0.18518428439679352, 0.19049921988145166, 0.1810962075124616, 0.18245600487874902, 0.20091296991576318, 0.18581266312495523, 0.18566182774046194, 0.18419684664062833, 0.19683583307525385, 0.1910987094692562, 0.1930498357700265, 0.18817539837049402, 0.19697856190411941, 0.19075868116772693, 0.2027774401333021, 0.20348237908404807, 0.2079001383289047], "train_ious": [0.3200561533663146, 0.3705071146613445, 0.37267359051854676, 0.37684955512699864, 0.38513166489808465, 0.40000620997254366, 0.4133197813146358, 0.424265063111333, 0.43740463533440627, 0.4633435917512278, 0.48912627752735355, 0.5083554179367161, 0.5257797642894413, 0.5404887081434329, 0.550734910277137, 0.5645939466152069, 0.5770857236145632, 0.5848771663301665, 0.5987567535021169, 0.6112550008718088, 0.6235085018249095, 0.6326987388665258, 0.6417590971172286, 0.6528765134837314, 0.6605840048388294, 0.6702279895544051, 0.6769572890539102, 0.6877983799339208, 0.6947742958107718, 0.6976164892531824, 0.7104752311564007, 0.7123446258297862, 0.7184645916348785, 0.7330466021338238, 0.7313669927526212, 0.7420051046039745, 0.7493086616522158, 0.74113500809324, 0.7544586613126415, 0.7688953035875505, 0.7826358630065463, 0.7887148120157097, 0.7875713965707066, 0.7971421971485233, 0.7998407472302944], "val_ious": [0.3622311744569004, 0.36589282427145087, 0.37165007578290027, 0.37963885695174127, 0.38039114963317266, 0.40433593245520116, 0.4060932754174522, 0.4239436297313027, 0.4418893877612561, 0.44201626968772517, 0.4896576739307762, 0.5040021685586461, 0.5100107219448125, 0.5199983650683493, 0.5335190148241278, 0.5578793789381568, 0.5502808751619381, 0.5706464232525965, 0.5820197258954463, 0.5856671942316968, 0.579735892838326, 0.5844591398170028, 0.6056390703804251, 0.608630370186723, 0.6085730084906454, 0.6096852027635642, 0.6102760786163635, 0.6116176336139872, 0.6211629476452218, 0.6171259571244753, 0.6275860701782117, 0.628696659984796, 0.6061352977286213, 0.6268770722807316, 0.6379238783881285, 0.633958070606425, 0.6181701704643775, 0.6204222298186756, 0.625899573167165, 0.6400664394748384, 0.6317620337873265, 0.6390426834856255, 0.6209574704584868, 0.6338131544382675, 0.6375196174434992], "training_time": 1063.715084552765, "avg_gradient": 0.002204223665878806, "memory_usage": 935.31640625}