{
  "train_losses": [
    0.3047257605130258, 0.29425676636721776, 0.29050587814139284,
    0.28420980420449504, 0.27238257780023245, 0.25737692990704725,
    0.2472999236020057, 0.2327927816659212, 0.22020919005508008,
    0.2110573088993197, 0.19920030859825405, 0.19472002772533376,
    0.18859151013843392, 0.17872498621759209, 0.17343820761079373,
    0.1679882617748302, 0.16314357656823553, 0.16015624813735485,
    0.15309104039941146, 0.1496906421430733, 0.1435491210254638,
    0.14334738448910092, 0.13686944447133853, 0.13199185345159925,
    0.12864938560549333, 0.12234662027786607, 0.11814431842092586,
    0.11753981904653103, 0.1154090758494061
  ],
  "val_losses": [
    0.3083949918332307, 0.29179956342863, 0.28776824539122375,
    0.2874174882536349, 0.2633015885949135, 0.25303015210058377,
    0.24316627370274585, 0.25418441742658615, 0.21821790998396667,
    0.21692469392133795, 0.19959426930417185, 0.20405978223551874,
    0.2167087566593419, 0.190757991179176, 0.19630614830100018,
    0.17779809560464777, 0.1888252065881439, 0.1907612658713175,
    0.16670006707958554, 0.18149615111558334, 0.187741712383602,
    0.1698618281794631, 0.16643651315699454, 0.16931178744720377,
    0.1714355803054312, 0.16776917550874793, 0.16791255156631055,
    0.18021097714486328, 0.18178892815890518
  ],
  "train_ious": [
    0.36659525482246985, 0.3808655987183253, 0.38682540630300816,
    0.39624460791980004, 0.4141584150514763, 0.4424115059727214,
    0.47802083673414564, 0.5175102507101668, 0.5439914829921033,
    0.5621274573917409, 0.5834671324253946, 0.5911732780328693,
    0.6023750430701866, 0.6191842962002404, 0.6301364428431229,
    0.6391607723266319, 0.6481236626218628, 0.6529573586539944,
    0.6659347945149395, 0.6721512673665649, 0.6834885497456014,
    0.6849973784300728, 0.6958238101307894, 0.7042627709823243,
    0.710793851348369, 0.7215757364596148, 0.7296469981471697,
    0.7319496637885127, 0.7348340775115771
  ],
  "val_ious": [
    0.37397677915683697, 0.3839247811963592, 0.3906856876784478,
    0.3982427238986112, 0.4250354915155555, 0.4740175301937953,
    0.4903566049060958, 0.4813297637130902, 0.5546689997764601,
    0.5489820632813633, 0.5848772547383241, 0.5994093094183051,
    0.5909112203812252, 0.5850012157706246, 0.6066183996373328,
    0.6267063166352286, 0.6194003675726877, 0.6171586582626123,
    0.6416262180908867, 0.6217009701590605, 0.6218618958972504,
    0.6458286595517309, 0.6595926729665288, 0.6482608793438345,
    0.6479447687017746, 0.6565307184405949, 0.6564443843520206,
    0.6409148260735082, 0.6369012784266818
  ],
  "training_time": 684.2992753982544,
  "avg_gradient": 0.004391006764612813,
  "memory_usage": 935.31640625
}
