{"train_losses": [0.3252121660372485, 0.3022154206814973, 0.30039219898374186, 0.2972273356888605, 0.2952519741071307, 0.2927023672863193, 0.2898670747552229, 0.28146027943686297, 0.2710238178463086, 0.25803792355177196, 0.24706714648915373, 0.23650207718753297, 0.22867314331233501, 0.2176900732776393, 0.2088899881295536, 0.1998575008271829, 0.1918054274080888, 0.18713695045722567, 0.1794853444494631, 0.17488713935017586, 0.16868127817692963, 0.1638885610129522, 0.15684520858137505, 0.15281920062135096, 0.14931290835628044, 0.14274501816734023, 0.1380187083926538, 0.13640151334845502, 0.12951651203405598, 0.12613850285339614, 0.12056148598861435, 0.12225735560059547, 0.11144174781182538, 0.10945214355445426, 0.1101602888463632, 0.10213254035814949], "val_losses": [0.306812329136807, 0.30073856918708136, 0.30807889803596167, 0.29944412669409876, 0.29139383590739704, 0.2982340889132541, 0.287410253415937, 0.2855647569117339, 0.27638127039308136, 0.26175273209810257, 0.24132840432550595, 0.26310510155947314, 0.23106482722189114, 0.21961488445167957, 0.20995610369288403, 0.2069619621919549, 0.2003026578737342, 0.1949406820146934, 0.19745950886736746, 0.18232537384914316, 0.19064032934282138, 0.17657105462706607, 0.19002250517192093, 0.1714707953126534, 0.16797540628391763, 0.17083021771648657, 0.1743633892873059, 0.17239958695743396, 0.1719507189548534, 0.1667234534802644, 0.1625317095414452, 0.1683801892011062, 0.17330805244653122, 0.17404986464458963, 0.17569678276777267, 0.19108743285355362], "train_ious": [0.31081043071441083, 0.36960054222132327, 0.37200837010844384, 0.3770476237999163, 0.38025290583786764, 0.38318370039696265, 0.3882393185859139, 0.40118223812053183, 0.4190783355800349, 0.4437056926549502, 0.48274410730801487, 0.5066100737295933, 0.5220108738816951, 0.5442375254587853, 0.561319547529886, 0.580578287496515, 0.5955463984468278, 0.604241922578734, 0.6194546585497647, 0.6276289886538532, 0.6388988374475982, 0.6486023381568384, 0.659250537986341, 0.6662902315349686, 0.6735049369542494, 0.6852006462497127, 0.6937764426828298, 0.6966343605755899, 0.708475530039573, 0.7151588256592337, 0.7253287235355899, 0.7226845828843291, 0.7422180051065008, 0.7451996626737325, 0.7447785755106504, 0.760426574481138], "val_ious": [0.3693038759158062, 0.3672059122203054, 0.37741497418154835, 0.37489335562871856, 0.3848438457302426, 0.38907848341741436, 0.3941080853127051, 0.4025364036577336, 0.4192195480716401, 0.4397211409497846, 0.4966959769203179, 0.48883636635930644, 0.5159356663732425, 0.5457346482553342, 0.5639800738165343, 0.5685517865678537, 0.5853144669014475, 0.5893363017534864, 0.5884803154546282, 0.61471649982791, 0.6039840069369994, 0.6240446502747744, 0.6136795260768005, 0.6372653887323712, 0.6461797322052112, 0.6384872845981432, 0.6330918462380117, 0.6446740417808724, 0.6491139207197274, 0.6559277040802914, 0.6597239085729573, 0.6563003978867461, 0.6549753585587378, 0.6499829918578051, 0.6559177537759144, 0.637597904905029], "training_time": 853.1125466823578, "avg_gradient": 0.007969694470210533, "memory_usage": 935.31640625}