{"train_losses": [0.309968043928561, 0.3003343722742537, 0.29419203701874486, 0.2867096664141054, 0.27364576081542863, 0.2642528877148162, 0.25377649741004343, 0.24116914030974326, 0.23167022536306278, 0.22232511607201202, 0.21453552037153556, 0.20777444743915743, 0.19904466564564602, 0.19236046100116294, 0.18706941361660542, 0.17816638509216515, 0.17325021205065044, 0.1672252321858769, 0.162959445024962, 0.15716653560166774, 0.15292872302234173, 0.1455117492005229, 0.13855828219295843, 0.13482087137906448, 0.1325292139030669, 0.12622981348439402, 0.11898020039434018, 0.12066963003219469, 0.11228460668707671, 0.10569901663162139, 0.10431009000572174, 0.09816424872564233, 0.09463466999485441, 0.09103643651241841, 0.09192560046263364, 0.0858003735623282, 0.08211778424194326, 0.07952252900956766, 0.07730014047220997], "val_losses": [0.31616465682568756, 0.30953014674394025, 0.3159293817437213, 0.28670636467311694, 0.2727612946992335, 0.2598690792270329, 0.24865579702284024, 0.24178096101335858, 0.2367557863826337, 0.220928729876228, 0.22130309272071588, 0.21248090817876483, 0.19729759382164996, 0.21113290119430292, 0.19944461920987006, 0.19220324994429297, 0.19433477099822916, 0.1851833216522051, 0.1879539803966232, 0.1907027085190234, 0.18529438454171884, 0.18297451021878616, 0.19241564299749292, 0.18419750520716544, 0.19206913528235062, 0.18059113232985788, 0.18481514700081036, 0.18347323297158533, 0.17986629417409067, 0.1911614009219667, 0.18834586506304535, 0.18683152030343594, 0.1876401658291402, 0.18717587901198346, 0.18749674442021744, 0.19257243852252545, 0.19460459830968277, 0.19296526552542395, 0.1999947700811469], "train_ious": [0.35755224143297487, 0.37156300070990617, 0.3810763472333026, 0.39289849544382455, 0.4118034664189422, 0.4304241811330317, 0.4610859842851178, 0.4965395138774444, 0.5209073856931881, 0.5389642668483049, 0.5519318590885488, 0.5667713983659296, 0.5831254117352807, 0.5950287857187401, 0.6043471868649343, 0.619657531218684, 0.6298389864572581, 0.639768094256304, 0.6477049841828968, 0.6588123698813327, 0.6663558776827831, 0.6790982966405756, 0.6915964566819044, 0.6984856381904392, 0.7028570292328581, 0.7138873264193536, 0.7275775326550872, 0.7249941554838332, 0.740504739185174, 0.7527180233079456, 0.7555888659604216, 0.7679542049873562, 0.775515398955432, 0.7829871952425742, 0.7812364304411237, 0.7940913070587147, 0.801538248370955, 0.8075110385383384, 0.812705895822981], "val_ious": [0.37106137539165607, 0.37634745067444403, 0.3636762702810592, 0.40104123237340356, 0.4145956963732623, 0.43970975433003856, 0.4756858014650102, 0.5035950221877167, 0.5166474630435308, 0.5459420155139937, 0.5403155282787655, 0.5625680961470675, 0.587940541514452, 0.5691949862284936, 0.5976893004515896, 0.6013942947206291, 0.598173511201057, 0.6111822390685909, 0.6094416720063791, 0.6052290412826814, 0.6183860625909724, 0.6268629293510878, 0.61431314860997, 0.6302230435868966, 0.6145459186771641, 0.6392497828473216, 0.632870257548664, 0.6368109538503317, 0.6442249911850777, 0.6335885965305825, 0.6352142233779466, 0.6441925818073576, 0.6407635607149292, 0.6418109635512034, 0.6377322670558224, 0.6450941938421001, 0.6480450770561246, 0.6436192365228267, 0.6405908990165462], "training_time": 925.4961001873016, "avg_gradient": 0.001547096923611905, "memory_usage": 935.31640625}