{"train_losses": [0.3150341800697472, 0.2758133102856252, 0.25899983999197895, 0.24730634365392767, 0.23414895003256592, 0.22260857964663402, 0.20954250009811443, 0.19947576676697834, 0.19203101390081903, 0.18095680382912574, 0.17455657085646753, 0.1717621076690114, 0.16420222972722157, 0.15863722627577576, 0.15248685435432455, 0.15123250355701084, 0.1433076225221157, 0.13830625245590572, 0.13522271224823984, 0.13394551222091136, 0.12609277973356453, 0.12544922182417434, 0.12338973448166381], "val_losses": [0.29603023179199384, 0.2749625855813856, 0.24946273215439008, 0.2480728078795516, 0.22458029959512793, 0.22083488657422687, 0.2274276118563569, 0.20320981125468793, 0.1984574875753859, 0.18206928573224856, 0.196216467929923, 0.18504459022179895, 0.17767854715171066, 0.1781792592095292, 0.17349287252063336, 0.23303505713525025, 0.18238166784462723, 0.1726740669945012, 0.191398611859135, 0.16722457467213922, 0.16343605971854666, 0.16475028253119925, 0.2255448614773543], "train_ious": [0.3364700708729078, 0.4115718840500672, 0.4372569549126821, 0.47338488387459376, 0.511189731620792, 0.537134031873142, 0.5619282165569244, 0.5813125501238351, 0.5939500736261625, 0.6160158245027929, 0.6273240244043046, 0.6331131049850282, 0.646462603053753, 0.6561779940527852, 0.6674636070603044, 0.6705730247000856, 0.6841284177549504, 0.6938459213985047, 0.6986034207477949, 0.7021197543843934, 0.7152597997607526, 0.7169824425616989, 0.7199533758819967], "val_ious": [0.38635022743888525, 0.41427874889062805, 0.45296522360834957, 0.4842463221023049, 0.5357366616743198, 0.5464768040439356, 0.5426763832785081, 0.5760687512979992, 0.5907702866023863, 0.6154654670668686, 0.6059503034837003, 0.6153386079746743, 0.6253952137801957, 0.6343824751135232, 0.633896638949712, 0.5544060471913087, 0.6363884959963786, 0.6396575645692106, 0.6279716642870422, 0.6513305960789971, 0.6612361025983008, 0.6579364775747492, 0.598581058283647], "training_time": 545.4102857112885, "avg_gradient": 0.0032790218117488127, "memory_usage": 935.31640625}