{"train_losses": [0.30822485102259595, 0.2927629852100559, 0.28316490044412407, 0.27142105737458105, 0.2601622419188852, 0.25219372465558676, 0.23898905758624492, 0.22272699285784495, 0.21145541309986426, 0.202854848102383, 0.1942113673557406, 0.1853920256961947, 0.1775483257420685, 0.1720493911239116, 0.16567021162937517, 0.1599103016373904, 0.15588485975952251, 0.15122932325238767, 0.1450904410170472, 0.14175375919465139, 0.1380860887305892, 0.13062452905527924, 0.1283925562773062, 0.12147023322303659, 0.11767287139335404, 0.11678460491416247, 0.11119063826196868, 0.10703866900471241, 0.10551228985676299, 0.1012689127870228, 0.09474937399120434], "val_losses": [0.31807499540888745, 0.28675044684306433, 0.27628050096656964, 0.29565344686093536, 0.2661916302598041, 0.25547535490730533, 0.2338372569369233, 0.24434039158665616, 0.22188468601392664, 0.20877202470665393, 0.26993179191713745, 0.20801698286896167, 0.19379075260266013, 0.18733752778042917, 0.17802253009184546, 0.180494728943576, 0.18052875056214954, 0.1729958614577418, 0.17050283628961313, 0.17967046084611313, 0.1682344451546669, 0.16689939958893735, 0.17560021967991538, 0.16076930450356525, 0.17720757586800534, 0.16798942147389703, 0.15988689596238342, 0.17203174693428952, 0.1641793289910192, 0.16757713355447934, 0.1799808659631273], "train_ious": [0.3568313065933169, 0.3838392753100048, 0.3990700646047143, 0.41598660552847216, 0.4319985538273495, 0.4465993748700069, 0.5025278229968272, 0.5361990481210146, 0.5597544820520327, 0.5743200167527661, 0.5913439638696719, 0.6070669269378203, 0.6223209453881652, 0.6323698616546132, 0.6429384129958737, 0.6536524777395138, 0.6618620374280474, 0.6702617315602473, 0.6815443643085333, 0.6870406804525334, 0.6938322467216548, 0.7072662554033426, 0.7117220071022927, 0.7242754230788655, 0.7318129107032135, 0.732788939136958, 0.7435010097704936, 0.7516951027015845, 0.7547357159032337, 0.7631658180684279, 0.7761186980034994], "val_ious": [0.3703740010226982, 0.39328691039396374, 0.40978439584158466, 0.4092403363058533, 0.4275509911602822, 0.4635151208418867, 0.4749260457077374, 0.5219461903839874, 0.5522211079580197, 0.5712347352418347, 0.5201386232738909, 0.5705990815076274, 0.6099571850204812, 0.6079501357415448, 0.6280174488606659, 0.6217213064648103, 0.6155800940333932, 0.6391771535078684, 0.6444570050723312, 0.6284783856160397, 0.6507835420577424, 0.6461404326601304, 0.643298554463663, 0.65842450528905, 0.640547363654427, 0.6491345607716102, 0.6690835399904113, 0.6550270709870517, 0.6640370719242789, 0.6579000001800231, 0.6442122671051304], "training_time": 733.745847940445, "avg_gradient": 0.0020203512651241593, "memory_usage": 935.31640625}