{"train_losses": [0.3105176319570645, 0.30125607242402824, 0.3007145720007627, 0.29958862114859663, 0.29756388084396074, 0.2934364355776621, 0.2889419198036194, 0.2807057431858519, 0.27080820104026276, 0.26156141584658105, 0.2522369915538508, 0.24201495969749015, 0.23373278959289842, 0.2248582752502483, 0.2167877456902162, 0.21265232449640398, 0.20417306572198868, 0.1958940020235984, 0.18922350636642912, 0.18297756771030632, 0.17615174866564895, 0.17126029405904852, 0.16723175921841807, 0.15986122895518076, 0.15464458525504754, 0.14935601081537164, 0.14600203368488862, 0.1427445039153099, 0.13532989945910548, 0.13187893889034571, 0.1271316820512647, 0.12137205578872691, 0.1208289759233594, 0.12150541219212439, 0.1104119811611979, 0.10761294040181067, 0.10493427928051223, 0.10196578798248716, 0.09732021294210268, 0.09484329981648404], "val_losses": [0.33469407908294513, 0.30964258766692615, 0.30317684878473694, 0.301360252758731, 0.3068598806858063, 0.30064727106819983, 0.29687749302905536, 0.2790175929017689, 0.2826263399227806, 0.2576559584425843, 0.2530808034150497, 0.24487184247244959, 0.2512746245964714, 0.2273049519761749, 0.22098002679969952, 0.2200899658643681, 0.2101004794239998, 0.20355122018119562, 0.20051811862251032, 0.19753428678149762, 0.2011675086358319, 0.19868065449206726, 0.18947633031917654, 0.19516051852184793, 0.19083464987899945, 0.1856795578547146, 0.1892682790108349, 0.18304049482812051, 0.18979391552831815, 0.18651824736076852, 0.18872996322486713, 0.18741284537574518, 0.19560520156570102, 0.19123188244259876, 0.1909318508013435, 0.19033315032720566, 0.19815488354019498, 0.19741400266471115, 0.19624368554872015, 0.20523331217143848], "train_ious": [0.3514753422386477, 0.3702236215492313, 0.37128543940559827, 0.372749735001718, 0.3759617289392012, 0.38241616597764944, 0.38949624808864153, 0.4026949072655847, 0.41697413670551453, 0.4332597431766047, 0.464390334025349, 0.4919387786176757, 0.5102196738690786, 0.52813814541298, 0.544304503451871, 0.5531077914587827, 0.5692844932655924, 0.5856569697135601, 0.5981474896164046, 0.6109707865432122, 0.622914224134191, 0.6310349994379542, 0.6388906815993612, 0.6521890937094235, 0.6616964791024078, 0.6714049870337263, 0.6768870270014672, 0.6831353168556659, 0.6956806284901885, 0.7017196633893512, 0.7106196703794211, 0.7208972126245502, 0.7218278194035305, 0.7208174651731614, 0.7417736837937349, 0.7478229459645094, 0.7531387391837608, 0.7588802566886818, 0.7691226845634157, 0.7734663942153902], "val_ious": [0.346465049446493, 0.3639926564866219, 0.37184559867001965, 0.3663574398859687, 0.3728733585364577, 0.35745513979075616, 0.390238731729751, 0.4077294142781824, 0.4208039278569428, 0.43942448218771507, 0.4693152339778085, 0.4984138308875801, 0.4908080401195994, 0.5210440318653549, 0.5377036307169044, 0.5370113751378615, 0.5556857390464217, 0.5667467033085615, 0.5832162677593855, 0.5879940388427266, 0.5845517019430797, 0.5925686268702798, 0.6040541927019752, 0.599970308874828, 0.6070602351556653, 0.6166957007802051, 0.6099535653340645, 0.617076720448508, 0.6106550177370291, 0.6211567223072053, 0.6221650555945824, 0.6186616325723953, 0.62103842522787, 0.6219140215628388, 0.6265801297149796, 0.6263404389222463, 0.6143031638601554, 0.6276709214932676, 0.6293700134408646, 0.620831579617832], "training_time": 943.7836012840271, "avg_gradient": 0.002084025373484974, "memory_usage": 935.31640625}