{"train_losses": [0.3199271428520265, 0.30310246575137845, 0.30155914017687674, 0.3008268420463023, 0.299569400270348, 0.29814586367296136, 0.29537375838212343, 0.29255645284834114, 0.28841231083092483, 0.2831817178622536, 0.27398998185020423, 0.261988018112986, 0.25168370042482147, 0.23947195490093334, 0.2300302026712376, 0.22177999814891297, 0.21259948133450488, 0.2036518765532452, 0.19516292732694876, 0.187460219649517, 0.1811920676542365, 0.177171657104855, 0.1688593925665254, 0.16308098683214706, 0.15890001254561154, 0.15157039641686107, 0.14817255289982195, 0.14366071727936683, 0.1412446767334705, 0.13441020452781863, 0.12877116445451975, 0.12953419817368622, 0.11966709339100381, 0.12006697836129562, 0.1127973799796208, 0.11374741225786832], "val_losses": [0.33346395971982373, 0.3148275186186251, 0.30353371798992157, 0.3022849449644918, 0.30975768941900006, 0.3008983245362406, 0.3044665047655935, 0.3050428849199544, 0.3031894098157468, 0.28580343140208203, 0.2793596373951953, 0.2824537358854128, 0.25337300579185074, 0.23016272193711737, 0.2489573800045511, 0.22403667608033057, 0.22902693923400796, 0.2083819829251455, 0.21443082424609558, 0.20549598401007446, 0.20015215776536777, 0.19522630002187646, 0.1925332588346108, 0.18750863943410956, 0.20227375561776367, 0.17961019763480063, 0.176066849866639, 0.18534296848203824, 0.17809764976086823, 0.17722431764654492, 0.1803143934711166, 0.17793703694706378, 0.17511416420988415, 0.17673557608023935, 0.18002610750820325, 0.19859422192625378], "train_ious": [0.32974722870267875, 0.36788214007319237, 0.36922597611540003, 0.36987493591605825, 0.37204584648289735, 0.3746795785526152, 0.3791403848243636, 0.38220306565406875, 0.38847143279401847, 0.3967942861111267, 0.41029646273046405, 0.43755183830885236, 0.4690733688876737, 0.5010125012325962, 0.5198082690653595, 0.5354265291513741, 0.5558907681185268, 0.5724652931364121, 0.5894262143613206, 0.6029319816363468, 0.6154247530452581, 0.6218725146482816, 0.6375302130869334, 0.6489714929914993, 0.6562758547564347, 0.6682742503134236, 0.6755189837320992, 0.6828058617378485, 0.6870952989312187, 0.699458132457474, 0.7099294667874553, 0.7078673241363055, 0.7256889037679933, 0.7248032531984478, 0.738679988336736, 0.737200394542753], "val_ious": [0.3557491231223812, 0.3641217284012532, 0.36885907943697943, 0.36560383590235235, 0.34622653973275336, 0.38065301011437946, 0.37943256635596795, 0.3690745048764824, 0.34595167485700135, 0.3962289917728176, 0.42703144489855005, 0.4160758070773068, 0.4608739603958699, 0.5198207555905633, 0.4944983470267144, 0.5434346836114275, 0.5333187260489531, 0.5706303770775378, 0.5625093135496844, 0.5763126109605252, 0.5882134978537975, 0.5940091347564822, 0.6060902003360832, 0.6148529620706173, 0.588805187439573, 0.6285397492457128, 0.6327246693165407, 0.6188364361507304, 0.6296118007621904, 0.6347727358773134, 0.6299561568792315, 0.6368063113827637, 0.640248557795649, 0.6397111860738284, 0.6347715433525003, 0.6209097120209016], "training_time": 853.3721985816956, "avg_gradient": 0.0020018189388639265, "memory_usage": 935.31640625}