{"train_losses": [0.31031560962614807, 0.3015625110786894, 0.2997329111980355, 0.29719748088847037, 0.2889796122908592, 0.2808336498944656, 0.27138479126860265, 0.26249661758218124, 0.2506533682184375, 0.23860598290744034, 0.2262509443351756, 0.21356893120252568, 0.20325752946993578, 0.19424246672702872, 0.18952186454249464, 0.1807740339604409, 0.174908600990539, 0.16762003877564616, 0.1630647882171299, 0.16003938910105955, 0.154164909992529, 0.14952542770491994, 0.14408076449256876, 0.14098644430708626, 0.1375899629505432, 0.13088868319502342, 0.12856407192252253, 0.12371112624912159, 0.12316820316988489, 0.11629706560431616, 0.11537343389152185, 0.11096513044574986, 0.10735616938251516, 0.10331518207069325, 0.10259093518328408, 0.09765082168514314, 0.09231514333868804, 0.08818138188318066, 0.08790502903740043], "val_losses": [0.30604245222133136, 0.3087700974682103, 0.30998776723509247, 0.2935206034909124, 0.29196038842201233, 0.2758049061116965, 0.27003291702788806, 0.26908210924138193, 0.24880120352558469, 0.23796973960555118, 0.24219346985868787, 0.2524970008627228, 0.20759663504102957, 0.1999749460298082, 0.1984442566399989, 0.19030000787714255, 0.18711985258952432, 0.17937451341877814, 0.18649782272784607, 0.18821331534696661, 0.1818098532764808, 0.17498439226461493, 0.17243602742319522, 0.16697090993756833, 0.18766410940367242, 0.17726904542549796, 0.16492332388525424, 0.16445666422014651, 0.1714019085402074, 0.1753532808759938, 0.1649309540896312, 0.17158583907977396, 0.16463467349176822, 0.1739380929781043, 0.17647432762643564, 0.17685207756965057, 0.16994413377150244, 0.17175898150257443, 0.19471814774948618], "train_ious": [0.35430337700186565, 0.37001516490642233, 0.3732216771085919, 0.378232643791083, 0.39060304707365917, 0.40250453440372774, 0.4154709124185025, 0.43786093375761564, 0.4768032328650838, 0.5075366154879977, 0.5304799334186575, 0.553895557731174, 0.5743249227171354, 0.591431257058529, 0.5997742427971916, 0.6144836049095013, 0.6262867283885892, 0.6393375627804496, 0.647246323579895, 0.6527068956174712, 0.6637033776960513, 0.6722538868586223, 0.6819483719334223, 0.6876886176566286, 0.6930544318064399, 0.7057486625685209, 0.7093383971655712, 0.7186026899818926, 0.7197710688671337, 0.7326581427368567, 0.7340341706530771, 0.7422950061551039, 0.7495724744014975, 0.7573626811845576, 0.7589808135036975, 0.7691851657261887, 0.7805859280777154, 0.788831980332084, 0.7902013658937337], "val_ious": [0.36753769434880523, 0.34320157053677947, 0.35180702611156134, 0.3854870584934057, 0.387260597901068, 0.4108047522064568, 0.4177978849105969, 0.4646800038391266, 0.46128435223700776, 0.5136597631634147, 0.4966140387282855, 0.5052055762945743, 0.5639763471225032, 0.5802593172892282, 0.5843801287853199, 0.6044592629524244, 0.6139310490393983, 0.6231268449969913, 0.6020234058732574, 0.6085073107826535, 0.6220000099012816, 0.6354414887618328, 0.635863355320433, 0.6451364755630493, 0.6200266024772673, 0.6337275496427563, 0.654875994592473, 0.6599634918181791, 0.6471284116091934, 0.6436390902685081, 0.6630314327236535, 0.6546417561130248, 0.6617945372194484, 0.6508832502624263, 0.6576714967040047, 0.654327603569929, 0.6702853773815044, 0.6652766472619515, 0.64073870514614], "training_time": 927.6514410972595, "avg_gradient": 0.0037378923307525647, "memory_usage": 935.31640625}