{"train_losses": [0.31309293987958325, 0.30080245354253315, 0.29906977680714236, 0.2900541881504266, 0.27941824908813706, 0.26844827595936216, 0.25807724884994654, 0.24737867178476375, 0.2387303972373838, 0.22942981812293115, 0.21942163015837254, 0.21066918442754642, 0.2032503349625546, 0.19668698294655138, 0.1909124443874411, 0.18417776319319787, 0.1789686178545589, 0.17455063800772894, 0.16756744537016618, 0.1628625609142625, 0.15854975030474042, 0.15370362300587737, 0.14728813938310611, 0.14272018214282783, 0.14013647903566775, 0.13366504009489133, 0.1320267359766623, 0.12524463714140913, 0.12456380952473568, 0.11886101341603891, 0.11462849447422702, 0.108660488753863, 0.10681008272196936], "val_losses": [0.3043567207844361, 0.308199828085692, 0.305249048963837, 0.30011694198069366, 0.3017085680495138, 0.28503971482100693, 0.27665040415266284, 0.25655363824056543, 0.24958721191986746, 0.24570037035838418, 0.21666647461445435, 0.21796281344216803, 0.202187384924163, 0.19945115790418957, 0.20954982450474863, 0.2033164446120677, 0.20226590724095053, 0.19029327611560407, 0.18754062250904416, 0.19053476498178815, 0.18445546309585156, 0.19323608473591183, 0.18651804198389468, 0.18386702077544254, 0.1787447741498118, 0.17988506153873776, 0.17729920699544574, 0.17743837282709454, 0.19098074572241824, 0.18581491028485092, 0.17832295920537866, 0.18086173774107642, 0.20515194470467774], "train_ious": [0.34691065391731524, 0.37052391874021845, 0.37349304357084673, 0.3879592316630092, 0.4046863763444665, 0.42105883286984064, 0.4480198286389392, 0.4719759352316246, 0.4953379778366911, 0.5190494242461697, 0.5426006066626398, 0.5594039799618549, 0.5755851782480442, 0.587354291635363, 0.5964572676659925, 0.6093594935061275, 0.6177457171775727, 0.6260156964856212, 0.6382820301189802, 0.6470141091748426, 0.6554014245992981, 0.6628574677135636, 0.6744357500279293, 0.6833475001048356, 0.6880901698832926, 0.6996470600150636, 0.7022949505759324, 0.7152292117260501, 0.7163681806321591, 0.726694833109344, 0.7351044583255828, 0.74654016940706, 0.7502052139868772], "val_ious": [0.3595938585374667, 0.3672854220089705, 0.36203854369080585, 0.4025836977837742, 0.38604887866455584, 0.44165798479124263, 0.43555699126875913, 0.47201102588703686, 0.4847735048852106, 0.5239754635570706, 0.5470725357316543, 0.5468783947652665, 0.578925969052142, 0.5848337828681088, 0.581278746218785, 0.5824327985013741, 0.5735331373154253, 0.6038793547861818, 0.6101266337909561, 0.602588709713756, 0.6135566305855048, 0.613083410522212, 0.6162561460033705, 0.6275979055874589, 0.6244562472338263, 0.6292460439861685, 0.6367443339980166, 0.640300034612849, 0.6251834125622461, 0.6395561960728273, 0.6367556076982747, 0.6415845758241155, 0.6142806009106014], "training_time": 782.3217446804047, "avg_gradient": 0.002651754776376354, "memory_usage": 935.31640625}