{"train_losses": [0.31891241491488787, 0.3020719673646533, 0.3002404750365278, 0.29701756135277124, 0.2923114545967268, 0.2864344045519829, 0.2776899820436602, 0.2677087673674459, 0.26074682540543703, 0.2530860505674196, 0.24404270396284436, 0.23519579491213613, 0.22658362271993057, 0.2196736895357785, 0.20890483575994553, 0.20025284928472145, 0.19485406553291756, 0.187179628678638, 0.18170317975075348, 0.1734545899798041, 0.1700067169478406, 0.16220441436314065, 0.15780216374475023, 0.15327966804413692, 0.14866693577040796, 0.1442508495858182, 0.14006817288210857, 0.13747016324297243, 0.13495194486787784, 0.12633832600777564, 0.12370107108322174, 0.12128862937021515, 0.1144997497777576, 0.11608162967731124, 0.11376495351609976, 0.10645851889706176, 0.0988404163280907, 0.09900806763249895, 0.09348852021376723, 0.09414467211488796, 0.08887886903856111, 0.0856564759236315, 0.08148102956297605, 0.0783741334858148, 0.0763711977912032, 0.08540455017076887], "val_losses": [0.3086337732232135, 0.30748515738093335, 0.3075006733769956, 0.2966967989569125, 0.2981776245262312, 0.29424430170784827, 0.2811939457188482, 0.2633560792259548, 0.2564241805154344, 0.26101329955069913, 0.24292679001455722, 0.2282910894440568, 0.23829214080520297, 0.21880813979584238, 0.2209185109190319, 0.21615064046953036, 0.20198270160218942, 0.22311848142872687, 0.19866786378881204, 0.1885010178970254, 0.1862916159241096, 0.1882210963446161, 0.18837113419304724, 0.1852135732769966, 0.18581582087537515, 0.19598015106242636, 0.17955496680477392, 0.1717668489917465, 0.17563473821982092, 0.17674351321614307, 0.17719540421081625, 0.17673607267763303, 0.1737840496327566, 0.17545786985884543, 0.17845477617305258, 0.17531178373357523, 0.17159456403359122, 0.17164974789256635, 0.18574260369591092, 0.17749544783778812, 0.1735760365491328, 0.18728374301091485, 0.18412629190994345, 0.18035431951284409, 0.1907598220783731, 0.20183148267476456], "train_ious": [0.32896168224845274, 0.3685448490947053, 0.3725575835408602, 0.3768258526064186, 0.3845770158700028, 0.39350985233550495, 0.40598526915562316, 0.41998476005392804, 0.4313315304779795, 0.45275651596931843, 0.4830110184510872, 0.5075466485721047, 0.5242567449484182, 0.5382006413343805, 0.5616370046484296, 0.5779890361903371, 0.5894262986122701, 0.6032126049470642, 0.6136456253681923, 0.6284745817707069, 0.6348211244828462, 0.6481678430800853, 0.6556508056819437, 0.6644161467210971, 0.6739518065815389, 0.6806779406100947, 0.68831356442061, 0.6929093119350894, 0.6978780157000258, 0.7129542267192965, 0.717967474644167, 0.722159629120775, 0.7351501097605714, 0.7321729491046373, 0.736117616403794, 0.7502688746089521, 0.7654610846893515, 0.7657916637650432, 0.7766667577451554, 0.7753005219974388, 0.7864597196272318, 0.7931276005895237, 0.8023965809008352, 0.80920753735995, 0.8138250345769142, 0.7948704445059747], "val_ious": [0.352712856038757, 0.3576107042423192, 0.36354777519253717, 0.3789706901795622, 0.388153782573299, 0.39646805326143886, 0.40221421744512476, 0.43097741666006983, 0.4415762801924586, 0.4716338567651701, 0.4982270838665789, 0.5268568249716276, 0.5064308410645395, 0.5419876336835432, 0.5513273181690687, 0.5537301399137661, 0.5853963281581368, 0.5594822951201078, 0.5856511817462202, 0.6068077525798826, 0.6114843597878581, 0.6096903442040735, 0.6145074463624887, 0.6127251228992491, 0.6246411215136016, 0.6094428747892381, 0.6299292397671852, 0.640918622414271, 0.6369904875755311, 0.6422243299691573, 0.6446608687224596, 0.648142739266589, 0.651408369558445, 0.6443289354227593, 0.6414022497508837, 0.6530581293762592, 0.6601376853127411, 0.6555566025384957, 0.6507213292778402, 0.6545481103053992, 0.6624183434507122, 0.652836251086083, 0.6594400630481, 0.6561069123554921, 0.6614855517079865, 0.6472066506959392], "training_time": 1089.818668603897, "avg_gradient": 0.0033083282893184296, "memory_usage": 935.31640625}