{"train_losses": [0.3086398323268994, 0.3016022673767546, 0.2977276978933293, 0.2911168772565282, 0.2755697739674993, 0.2646409748527019, 0.25441832443618256, 0.2465226344116356, 0.23525899073675924, 0.2238804842952801, 0.2144792314780795, 0.20441383455434572, 0.19593217823168504, 0.1898185307888881, 0.18097084031804747, 0.1766912526572528, 0.17177579576230567, 0.16637866336690343, 0.1609283537482438, 0.15755361780200317, 0.15092772107733332, 0.14656935300192106, 0.14223937269138254, 0.13844121352809927, 0.1338725560547217, 0.12878284546668115, 0.12684891992451056, 0.12288907117655744, 0.1218427996677549, 0.11560594521300949, 0.11548355387766725], "val_losses": [0.31056935242984607, 0.31374572800553363, 0.8276591333358184, 0.28942982593308325, 0.2853913346062536, 0.28449976735788846, 0.26340516397486563, 0.25839015971059387, 0.23016034163858579, 0.22010286962208542, 0.21426508316527243, 0.2053037962835768, 0.19589663070181143, 0.1887468423532403, 0.2012422366634659, 0.18220340428145035, 0.17852560430765152, 0.19160727055176444, 0.17916676790817923, 0.18452322126730628, 0.1689298220950624, 0.19071833886530087, 0.17516983527204263, 0.1692548326176146, 0.16967697182427283, 0.17401292304629865, 0.17419156011032022, 0.1600627111999885, 0.17156465254400088, 0.16263591368561206, 0.18721444969591888], "train_ious": [0.3583461681568543, 0.37093216653330036, 0.3760261774291921, 0.387180633482917, 0.4104161160419119, 0.4246698883187863, 0.44655824025468754, 0.47604173048360565, 0.5074028201482218, 0.5328622435799979, 0.5528545687649994, 0.5718361434351275, 0.5879612440594296, 0.5987674054298281, 0.6154432261389665, 0.6239000505133386, 0.6326533483098381, 0.6422228734886297, 0.6527621472875279, 0.6588352987731713, 0.6708408123881061, 0.6787031493217183, 0.685841141241616, 0.6934280217881651, 0.7013655217985313, 0.7109707092893295, 0.714436334922262, 0.7203158774561641, 0.7237437021365202, 0.7350744016036607, 0.7354035689023096], "val_ious": [0.3635189906842466, 0.3089104795890044, 0.34084845352186105, 0.4052286161028821, 0.4110212865946947, 0.3946771332319232, 0.44412117414986324, 0.4750739926661271, 0.5227230436344077, 0.5351249975138815, 0.5649783515195915, 0.56899356658476, 0.5980730738112892, 0.6024249366660049, 0.5714306318457577, 0.6197266019340876, 0.620560244589612, 0.6069981868284334, 0.6223457500986431, 0.623856856879117, 0.6403043021758398, 0.6117829513074695, 0.6368269779975865, 0.6473638074121615, 0.6542866715918415, 0.6433214491260223, 0.6455233658569447, 0.6633351596369259, 0.6465636999278829, 0.6618438725886139, 0.6323799296565679], "training_time": 734.6622169017792, "avg_gradient": 0.0026936004575146178, "memory_usage": 935.31640625}