{
  "train_losses": [
    0.31451501017031464, 0.2930435169002284, 0.27764236821752525,
    0.2651387437692155, 0.25389775973947154, 0.24253261307983295,
    0.233233333038895, 0.21935904455249725, 0.21032728109022844,
    0.20204452894951985, 0.1942383494714032, 0.18960557853722054,
    0.18318502515878365, 0.17431136220693588, 0.16823100144772427,
    0.1637720337704472, 0.15871848700487096, 0.15225242094501204,
    0.1522144122940043, 0.14603316909431116, 0.13922402060226255,
    0.13400607560153888, 0.1329001051414272, 0.12517588439842928,
    0.11769514526847911, 0.11963301597406036, 0.1131559184792897,
    0.10813145258504411, 0.10837123174544262, 0.1060813486819034
  ],
  "val_losses": [
    0.31619478243848553, 0.33351820836896484, 0.2793099115724149,
    0.2585864795938782, 0.27766059371440305, 0.2318941208979358,
    0.23774330868669177, 0.21139995332645334, 0.21586696058511734,
    0.21773232292869818, 0.18985027593115103, 0.19656295232150867,
    0.1820714237249416, 0.1829526055118312, 0.18841128278037775,
    0.187455705974413, 0.17492152620916782, 0.1800524615075277,
    0.18279757739409155, 0.18268805871839108, 0.16530942463356516,
    0.16279684817013534, 0.17283357615056244, 0.16577454300030417,
    0.1911707332600718, 0.1620031115801438, 0.17074016643607098,
    0.16707144483276035, 0.16383711815528249, 0.18411717661049054
  ],
  "train_ious": [
    0.34644851366099016, 0.3837050413847831, 0.40768623670590115,
    0.42947249570101714, 0.46861512317875553, 0.4948536163007003,
    0.5164350798704483, 0.5425813824370289, 0.5608554913297943,
    0.5764960291377015, 0.5910067474064618, 0.5991257278761569,
    0.6112374098620554, 0.6267721389244862, 0.6370584445911042,
    0.6458525445474232, 0.655736909423401, 0.6667578854746579,
    0.6677514179137306, 0.6783657725090567, 0.6906083195429783,
    0.6993657985999101, 0.7020193811883959, 0.7165716363899952,
    0.7298914809049899, 0.7260455746689567, 0.7385928686438266,
    0.7482021596768623, 0.7480867577959662, 0.7523611079955445
  ],
  "val_ious": [
    0.38400713667489467, 0.380724084334097, 0.41817570863117837,
    0.43451855041042803, 0.46405272882269777, 0.509830045365337,
    0.5117524769427121, 0.5528622006160626, 0.5391676820598652,
    0.5463585900007815, 0.6049768777861112, 0.5716625227444413,
    0.6183190154640572, 0.611979222168093, 0.6066250833480255,
    0.6196616112753965, 0.6305496759604716, 0.6274819836236428,
    0.6188459165286326, 0.6303775012493132, 0.6544626003158265,
    0.6561163447905279, 0.6468420613935029, 0.6559670679811119,
    0.6238292226756829, 0.658151661788208, 0.6495153264722963,
    0.6614248957754908, 0.6681796251863672, 0.6248548166907352
  ],
  "training_time": 708.3472499847412,
  "avg_gradient": 0.009946208423654927,
  "memory_usage": 935.31640625
}
