{"train_losses": [0.30957686917289445, 0.3008466405065163, 0.29474185342374054, 0.2871900945901871, 0.2763114508403384, 0.26597128970467526, 0.25703549968159717, 0.2463637049431386, 0.23268891935763153, 0.22163104541275813, 0.2125834256572568, 0.2030517093675292, 0.1954209358309922, 0.18665957580442014, 0.18124470325267833, 0.17372765950858593, 0.1677854284644127, 0.16407205455976984, 0.15943712955745665, 0.1544669805823461, 0.15062474625428085, 0.14425372397122177, 0.14134962945852592, 0.138060564296725, 0.13414184635748033, 0.13064930203330258, 0.12852739044667585, 0.12513535238964402, 0.11962756421416998, 0.1174641136565934], "val_losses": [0.3309806352076323, 0.30127765432648035, 0.29660392844158673, 0.2864811028475347, 0.29052681216727133, 0.2706135786745859, 0.25970500448475714, 0.24046702682971954, 0.24671707075575125, 0.2231789208624674, 0.23078007672144019, 0.2033401889645535, 0.1917988732457161, 0.19076504849869272, 0.1945627908343854, 0.18185480781223462, 0.17817617564097696, 0.18209105762450592, 0.18088065314552057, 0.16983090276303497, 0.1709961483012075, 0.17009607248980066, 0.1646524324365284, 0.17559335186429645, 0.1699019894003868, 0.16582317909468774, 0.15805631746416507, 0.16445786441149918, 0.17209150512581287, 0.1819968281880669], "train_ious": [0.3562649199518841, 0.3716030811069949, 0.38093079550974596, 0.3920325454918373, 0.408037924896116, 0.4238248802632529, 0.4517974433594537, 0.4766193253757514, 0.5158454833984162, 0.5393380461179694, 0.5564807803518531, 0.5755620070773617, 0.5880448635181654, 0.6029587296796017, 0.6147000921647182, 0.6293288215562916, 0.6398485380670298, 0.6467194914601851, 0.6558382660690423, 0.6633944025506141, 0.6712534713248415, 0.6814502102957255, 0.6884737712317621, 0.6942237599928313, 0.7009434721608091, 0.7070789228098974, 0.7115827553190178, 0.7168576277360542, 0.7271728147415146, 0.7310754051027092], "val_ious": [0.27915498344362655, 0.3760209476602249, 0.38643799182297534, 0.4011491867511168, 0.4154859237048938, 0.44430742191447736, 0.47553039698497107, 0.49926048749382945, 0.5021411472040674, 0.5404545659388323, 0.5408102173520171, 0.588969270280306, 0.592940866191318, 0.6089282696661743, 0.5997717242310013, 0.6208300057096762, 0.6277298823646877, 0.6149158253185992, 0.6282838101404302, 0.6426739750996883, 0.6328192433153373, 0.6427659783242404, 0.6528754158728366, 0.6445875329815823, 0.6447116495042609, 0.652365445010904, 0.6697777729967366, 0.6546772323224856, 0.6483384772487308, 0.6244274977108705], "training_time": 710.9608068466187, "avg_gradient": 0.003123494767127517, "memory_usage": 935.31640625}