{"train_losses": [0.3300383544486502, 0.303996940507837, 0.3016080959983494, 0.30117422455678816, 0.3009166239720324, 0.30099067772212235, 0.2994599457344283, 0.2962577569743861, 0.2938787569494351, 0.29074585502562317, 0.2851900534461374, 0.2815153929202453, 0.27263229996289895, 0.258854888541543, 0.24509418148385442, 0.23386948061702045, 0.22537157878927563, 0.21652273347844248, 0.206654018924936, 0.19727420693506365, 0.19128508007396822, 0.1860897820442915, 0.17855187359711397, 0.17349605472839397, 0.16713866251318352, 0.16164974852100664, 0.1583078777336556, 0.15190347782133715, 0.14689671199606813, 0.143915345163449, 0.13958545045360274, 0.1327556216198465, 0.12802587830178117, 0.12438590662634891, 0.12078641743763634, 0.11360297011940376, 0.11276580344723619, 0.1061562112654033, 0.10388166412873112, 0.09691117869933015, 0.09561219568485799, 0.09074714488309363], "val_losses": [0.3988695339016292, 0.32420400627281354, 0.30703080477921857, 0.30366036425466125, 0.3215765350538751, 0.30280048302982165, 0.3055973279735316, 0.2960838409869567, 0.3017321812069934, 0.28765110606732575, 0.29415533788826154, 0.2842807024717331, 0.28292239068642905, 0.25610341002111847, 0.2463347040440725, 0.22457766630079434, 0.22005026398793512, 0.21475964978985165, 0.20659661552180414, 0.20419849552538083, 0.2020292803645134, 0.19536952415238257, 0.1924522499675336, 0.1822010877987613, 0.18796102184316385, 0.18666853593743366, 0.1764154936308446, 0.17071452931217526, 0.17692614508711774, 0.17369874242855154, 0.17185328674057257, 0.17105468589326608, 0.18328477928171988, 0.17556346143069473, 0.174918369754501, 0.17174445384222528, 0.1746299070832522, 0.16917642886224, 0.17506217130500337, 0.18065895237352536, 0.17965352178915686, 0.19305527210235596], "train_ious": [0.2973183573075325, 0.36811956799386325, 0.3694896124568161, 0.3698461821330819, 0.3698667745695962, 0.3697675943317138, 0.3727229696275401, 0.37722535040782107, 0.3810853895501813, 0.3862428187398424, 0.3943387012819861, 0.40211305927416235, 0.42070534629879214, 0.45439893160474254, 0.49097885200888763, 0.5129097293441495, 0.5284287037354879, 0.5464339902003608, 0.5670230442631073, 0.583412562105535, 0.5964506352725237, 0.6049254059089697, 0.6200454918856636, 0.6283510171578846, 0.6408243057844435, 0.650142717998529, 0.655615978482841, 0.6682211445725483, 0.6764133908394454, 0.6823117637439915, 0.6894991089036498, 0.7016261209720286, 0.7106942568460234, 0.7171821171498817, 0.7244262058773768, 0.7374170414455559, 0.7388262772473737, 0.7516302311981936, 0.7562375109696733, 0.7702299159938011, 0.7727637924793842, 0.7830352686021635], "val_ious": [0.21833906495484753, 0.28247709867181303, 0.35200665567232214, 0.37698813875170384, 0.34948003831432556, 0.37499112062584533, 0.3782257608714196, 0.38453145929868665, 0.35734713444675237, 0.3946166690708935, 0.3621913831097565, 0.41527028952765727, 0.41002830180029076, 0.47743212134725804, 0.49948226979029364, 0.5263594589803532, 0.5379226771385772, 0.5486926454780758, 0.5675098453310953, 0.5690366451938947, 0.5778422608323719, 0.5887506268378617, 0.5991004390129148, 0.6170923029598983, 0.6040471707997114, 0.6144126351328864, 0.6271459173033203, 0.6352332273255223, 0.6294897714818736, 0.6297073876080305, 0.6403755711904472, 0.6431995828946431, 0.6265428606150807, 0.6415001022211022, 0.642048201483229, 0.6509199533341585, 0.6448966608099316, 0.651590549211571, 0.6467404631168946, 0.6483553624239521, 0.6504119535287219, 0.6265567478494368], "training_time": 997.0155518054962, "avg_gradient": 0.0022218698846539356, "memory_usage": 935.31640625}