{"train_losses": [0.3132215446752051, 0.3008625674182954, 0.2953127528662267, 0.29051558819154033, 0.28464690628259076, 0.2755018924565419, 0.2613690706050914, 0.24585970879896826, 0.2324079957831165, 0.2224078369529351, 0.21220879936995712, 0.2017020915189515, 0.19441696912374185, 0.18668992582546629, 0.17855093968303307, 0.17202134551885334, 0.16547445952892303, 0.16067776067749315, 0.15384267230072748, 0.14819204147257234, 0.14257889901004409, 0.13778860040980836, 0.1339533157322718, 0.12681813493532978, 0.12162799323382585, 0.11823367076399534, 0.12378131399821976, 0.11273501080501339, 0.10375385545194149, 0.10225964681771786, 0.0962360130784952, 0.09583129656865545, 0.09496819604512143, 0.0995505225399266, 0.09348756074905396, 0.08742612320929766, 0.0783996006635868, 0.07540666170256294, 0.07216200912776201, 0.07310646383658699], "val_losses": [0.5218757954628571, 0.29507433137168054, 0.319113204660623, 0.2813853679791741, 0.28349393217459967, 0.2696501544636229, 0.28629454452058545, 0.24545176586379175, 0.24096093164837878, 0.23217493749183157, 0.23470760234024213, 0.1952236761217532, 0.20043722216201865, 0.19408498607251956, 0.19448796756889508, 0.1916843497234842, 0.17225165859512662, 0.1772491248405498, 0.17820127340762512, 0.16791780422563138, 0.17713197093942892, 0.1678314921648606, 0.16425874667323154, 0.1637105945011844, 0.1666694251091584, 0.17648578791514688, 0.16184599373651587, 0.1589628602175609, 0.1649039089679718, 0.16372755947320358, 0.16693331463181454, 0.17975682765245438, 0.16239580171911613, 0.17048559823761816, 0.1708927368340285, 0.16792881067680276, 0.17343989208988522, 0.1789167996333993, 0.17840102088192236, 0.1853627177036327], "train_ious": [0.34719733221560306, 0.37209813879481785, 0.3792521339908858, 0.38642620338477945, 0.39690106599659175, 0.411032748700023, 0.447612718573984, 0.49227905614922446, 0.519909428594553, 0.5392892160655365, 0.5586708478791562, 0.5791342754888792, 0.591701696370391, 0.6042704821658736, 0.6197007966322309, 0.6316377358052181, 0.6438966661799644, 0.6520763666409513, 0.6648274655791296, 0.6751480377886608, 0.6850047188176625, 0.6939828426077748, 0.7006764360636041, 0.7134875183844046, 0.7230294034748838, 0.729457368183395, 0.7190305282348305, 0.7397554226327638, 0.7571797172228496, 0.7605517691784148, 0.7722489677261608, 0.7733298690746662, 0.775481111437514, 0.7667081560129703, 0.7782458820096826, 0.7913536090889705, 0.810585312653279, 0.8171085659144582, 0.8247854975254639, 0.8226607797154474], "val_ious": [0.31979943725509924, 0.38509010469567945, 0.3804260315238566, 0.3986586362555406, 0.40065096102762904, 0.4240257453605318, 0.4573473759751388, 0.5062690152638201, 0.5066710755336977, 0.5393317762924279, 0.5269437002530997, 0.5857341461207556, 0.5775506331220918, 0.5874884508658147, 0.5954351327989412, 0.6030797540493634, 0.6334490814934608, 0.6197483387330304, 0.629602012210998, 0.6411444179821707, 0.6321094433466595, 0.6403801983249362, 0.6558920624463456, 0.655053137653116, 0.649781022598778, 0.6425759796647056, 0.6595259356325951, 0.6669417056052581, 0.6598101104947104, 0.6700999071632605, 0.6697643755570702, 0.6583431430053018, 0.6684312302133312, 0.6561005191094634, 0.6662329491497815, 0.672707780763723, 0.673018188364264, 0.6714580151913823, 0.6746251827132875, 0.6659276928158776], "training_time": 948.5700869560242, "avg_gradient": 0.0012898074133369786, "memory_usage": 935.31640625}