{"train_losses": [0.31490830850342044, 0.3024345850167067, 0.3014134006655734, 0.3002460130854793, 0.30025850090643635, 0.29850158451691916, 0.2940760355280793, 0.2868065318983534, 0.2746132003224414, 0.2630766247115705, 0.24810304087789162, 0.23696812639093917, 0.22450372163692248, 0.21686119618623154, 0.20610230108318123, 0.19878570095676443, 0.19149950268151966, 0.18791637448189052, 0.17843778309938702, 0.1731230891917063, 0.16615610958441443, 0.16378400061765444, 0.1561829075217247, 0.15182803769636413, 0.14849702742598628, 0.14140932561586733], "val_losses": [0.3059356873450072, 0.35242643369280774, 0.3064144324997197, 0.3036837998939597, 0.30349779517754266, 0.29999206701050635, 0.29547404918981635, 0.2927161707826283, 0.2616428975825724, 0.2551998178596082, 0.24091373934693958, 0.22657304678274237, 0.21652939818475558, 0.2070870564683624, 0.2094809014512145, 0.1973856447831444, 0.19193573522826898, 0.18854195041501004, 0.18943058828944745, 0.1857513014389121, 0.19551892449026523, 0.19180722729019498, 0.17974922158147977, 0.17908369328664697, 0.17366207974112552, 0.21866987192112466], "train_ious": [0.3414388989461958, 0.3690505029265005, 0.36990141590765724, 0.37138009927981414, 0.3717164504837918, 0.3746328152034844, 0.38238554411993275, 0.3940161777547369, 0.41164407844501955, 0.4323449186247116, 0.4716505167712252, 0.4998305720889576, 0.5307593060171474, 0.5493985955751894, 0.5684167147492589, 0.5834299645562104, 0.5953511514201544, 0.6025001237681811, 0.6190462572149176, 0.629450784240296, 0.6432867190004261, 0.6476663914711581, 0.6604403454432454, 0.6677507261435192, 0.6746075406562586, 0.6863229211041894], "val_ious": [0.3720561365286509, 0.35303934112839075, 0.36983644121049286, 0.37511373405765847, 0.3722541186669306, 0.3762214747459992, 0.38558044910269684, 0.39973500434248505, 0.4357452288917873, 0.450480700119574, 0.4868627999355828, 0.5342618743146675, 0.5459178687221763, 0.5708095297433328, 0.5594328985266064, 0.5830267269326292, 0.5944265485673711, 0.605666166090447, 0.6080465227149535, 0.6093308116862738, 0.5999120456584986, 0.6115918930457988, 0.6247930826916211, 0.6281436094339342, 0.6302179527887399, 0.5707631655361342], "training_time": 619.033447265625, "avg_gradient": 0.005294519092644346, "memory_usage": 935.31640625}