{
  "train_losses": [
    0.3193092383444309, 0.30177869971679605, 0.2962437918328721,
    0.29352855390828586, 0.28963078137325204, 0.2805107682943344,
    0.2680343289900085, 0.2571060199128545, 0.24417145274903462,
    0.23266040258433507, 0.2225710694556651, 0.2137726832829092,
    0.20430314119743265, 0.19813641500861748, 0.19100076664725077,
    0.18492548370166964, 0.17702777197827463, 0.17084195885969244,
    0.16718245621608652, 0.16275941702010838, 0.15724266215187052,
    0.15345012874382993, 0.14727859275982433, 0.1442157968311854,
    0.13722105575320515, 0.13352414022159317, 0.12763027616007172,
    0.1312755259239803, 0.12694524378394303, 0.1170612594274723,
    0.11041467187359282, 0.10650432688872451
  ],
  "val_losses": [
    0.33554484662802325, 0.32231951213401294, 0.30220506826172705,
    0.294940714602885, 0.29031608545261883, 0.27847741349883703,
    0.2671550214290619, 0.24903163475834805, 0.2726623140599417,
    0.2307502099353334, 0.22179995412411896, 0.21678016399559769,
    0.20643438301656558, 0.20886500050192294, 0.20408921559219775,
    0.18849545814420865, 0.1953907605746518, 0.18597031708644784,
    0.17867691102235214, 0.17931747922430868, 0.19375952624756357,
    0.17196668004212173, 0.18450518859469373, 0.18448740762213003,
    0.181637328280055, 0.18737462486909784, 0.17329610657432806,
    0.17557911348083746, 0.18162409410528516, 0.16802739935076755,
    0.17166672063910443, 0.1796727203156637
  ],
  "train_ious": [
    0.3279007532786952, 0.3700248162275641, 0.3781335963935094,
    0.38207161404948314, 0.3880183103399864, 0.4024876319411873,
    0.4201073292013106, 0.45305038804428116, 0.49528669034117373,
    0.5201157457262707, 0.5383912375925675, 0.556564822550053,
    0.5721753872121156, 0.5847021914694622, 0.596991407023608,
    0.607709078280174, 0.6219917686413162, 0.6334141578687271,
    0.6396990427612393, 0.6489162391078646, 0.6585070113448992,
    0.6650304480631283, 0.6761322106248226, 0.6807393188709799,
    0.6942570812028385, 0.7009803350420968, 0.7111529834244561,
    0.7054149444228498, 0.7136291014975396, 0.7316369038561119,
    0.7438675125224007, 0.7517649099986624
  ],
  "val_ious": [
    0.3117794210928074, 0.2953331108218517, 0.381143638405247,
    0.38122945138509734, 0.39264657683130627, 0.40671740126782574,
    0.4204383938496535, 0.4795614935025789, 0.46272080828962103,
    0.5302885242778321, 0.5494769825667574, 0.5468351491119552,
    0.5691480009236198, 0.5668130292408707, 0.5862448422805123,
    0.6007043117846269, 0.5915170356199362, 0.6115748988113543,
    0.6216933247835739, 0.625742287091587, 0.6157853421957595,
    0.6350025072477864, 0.6193466281545337, 0.6324247579643695,
    0.6347896199727404, 0.6302738649689633, 0.6415067470592, 0.6396469506232634,
    0.6452967176834742, 0.6519105315640354, 0.6571982291297637,
    0.629591855449953
  ],
  "training_time": 754.7660875320435,
  "avg_gradient": 0.005449994706467079,
  "memory_usage": 935.31640625
}
