{"train_losses": [0.3329839529874532, 0.302790439647177, 0.29859714339608734, 0.2917543575167656, 0.285551607446826, 0.277887472477944, 0.26763340984673606, 0.2552252977114657, 0.2464904370515243, 0.2337819153200025, 0.2248397131005059, 0.21574724554691627, 0.2067940688651541, 0.19901133271987023, 0.19016036213092183, 0.185466267330491, 0.17635740137294584, 0.1728081542836583, 0.16694477783597034, 0.15746577213639798, 0.15356360003352165, 0.1502170696368684, 0.14380079997784417, 0.14070842164042202, 0.1364936511963606, 0.13148567781014286, 0.13085650138394989, 0.120332394524113, 0.11855025852665953, 0.11618516618466895, 0.11120656371602546, 0.11645990346922823, 0.10833845085099987, 0.10403303340401339, 0.10136209987103939, 0.09276674461105595, 0.08815268402838189, 0.0855223937365024, 0.08259328061957723, 0.08001569674714752, 0.07729663598634627, 0.07591631773697294, 0.08573372739002756], "val_losses": [0.32015451011450397, 0.3096571065809416, 0.3041721303825793, 0.29648930093516473, 0.31820833488650946, 0.2784076410791148, 0.26895386304544366, 0.2559630378432896, 0.2427305624536846, 0.238961110620395, 0.23525491518818814, 0.21849026822525522, 0.20837954140227774, 0.202257938683033, 0.20059171772521475, 0.19706737314877304, 0.19560596573611963, 0.18470772841702338, 0.18779722665962967, 0.18503385231546735, 0.17906301241853964, 0.17920780246672424, 0.18404824578243753, 0.17485956070215805, 0.1723978257049685, 0.1794179305434227, 0.171200435122718, 0.16882247834101968, 0.1708433343016583, 0.16765786642613617, 0.18799527702124222, 0.17073945992666742, 0.17681990142749704, 0.17576928857875906, 0.17023737437051276, 0.16841620627952658, 0.18078753028226935, 0.17858056076194928, 0.18049556114103482, 0.1804628514725229, 0.17740442344675894, 0.17920892296925836, 0.20034360885620117], "train_ious": [0.29965177434591483, 0.36955215548366227, 0.37578423186272836, 0.38500665614138463, 0.39658990354594265, 0.40817572643728467, 0.42642745494405987, 0.4513685115869494, 0.48134228830104303, 0.5080718739984045, 0.5269360085004482, 0.5454703575890993, 0.5651087600575844, 0.5802702156259957, 0.5980236645571996, 0.6083637540755066, 0.6241432594648305, 0.6304118033444535, 0.6411216784322606, 0.6578250241776306, 0.6649313856294189, 0.6711236382632154, 0.6819073053589767, 0.6880037375334382, 0.6955027002571286, 0.704857487231493, 0.7060875539006529, 0.7250706971879453, 0.728709797820319, 0.7331972535753595, 0.7426931190209975, 0.7338204914568993, 0.7484752386268498, 0.7572338437472567, 0.7626868599242924, 0.7797979379369725, 0.7897510452978851, 0.7952392128822596, 0.8017367615863895, 0.8071070693541265, 0.8133357901504072, 0.8163402213350585, 0.7955798329650497], "val_ious": [0.32769971092542016, 0.36821618049904914, 0.37692386279071577, 0.38927225509415503, 0.37789430804010754, 0.4118241998035771, 0.4248998515895039, 0.47168919935390574, 0.49340684479777375, 0.511112661897272, 0.5179752217254777, 0.5497164435792661, 0.5637959823876187, 0.5753212426451669, 0.5822133644335512, 0.5901346944164539, 0.5965784081946248, 0.6179473436828974, 0.6137923131818358, 0.6206595085669256, 0.6262403853993483, 0.6298082367233607, 0.618906132121017, 0.6392680043759554, 0.6412526759980381, 0.6326800219822623, 0.6453109722638478, 0.6494144600802574, 0.6511339357365733, 0.6550166095080582, 0.6468387425377751, 0.6512822411630463, 0.6451098376858063, 0.6530214498440425, 0.664723611612251, 0.6607933759257413, 0.6588218587896096, 0.662432601702386, 0.6574603643106378, 0.6648167043492416, 0.6609841505254525, 0.6545271361651627, 0.6350234662709028], "training_time": 1024.693617105484, "avg_gradient": 0.0019178580227670852, "memory_usage": 935.31640625}