{"train_losses": [0.3089788990176242, 0.30183666086067323, 0.3006174467180086, 0.299958056891742, 0.2991555174407752, 0.29629887494704, 0.2895446515277676, 0.27710182738044986, 0.26648231539065426, 0.2574276660123597, 0.24854192242998144, 0.2422246762105952, 0.23126689296053804, 0.219322819829635, 0.21156578745854937, 0.2024538768860309, 0.19567191090596758, 0.18831478909629842, 0.1835904584630676, 0.17589586446790592, 0.17032270587008932, 0.16589261405169964, 0.15986902542088344, 0.15668631409821304, 0.1509924313539396, 0.1455356693300216, 0.14200944076899602, 0.13670530769488085, 0.13387177564689648, 0.13030214708946322], "val_losses": [0.3185197089029395, 0.32589617112408514, 0.3116903402235197, 0.30024567440800043, 0.30630534109861957, 0.2924644512974698, 0.284933856000071, 0.2773651862921922, 0.26521794012059335, 0.27388778847196826, 0.2438717066593792, 0.24377339527658795, 0.2338123687583467, 0.21987937326016632, 0.2137407657244931, 0.20931398674197818, 0.20546578907448312, 0.21255385519369788, 0.20684453164753708, 0.19458779044773267, 0.209406532023264, 0.18838418696237647, 0.23432341347570004, 0.20313674762197162, 0.19801723471154337, 0.20433196004318155, 0.18895015412050745, 0.21715642317481662, 0.21232176053783167, 0.19844130070313162], "train_ious": [0.3577754980905529, 0.3697406712151441, 0.3710841048230813, 0.37245758824969205, 0.37412737528258905, 0.3793440933721984, 0.3906766852986078, 0.408330177264967, 0.4216243805962934, 0.4390775880305805, 0.46954046394260535, 0.4944476721221179, 0.5186513868747685, 0.5433406168999878, 0.5577048426898923, 0.5736017280352721, 0.5871738486693818, 0.6012823574406942, 0.6087218570266514, 0.6239919962118501, 0.6333146842763476, 0.6407864746246213, 0.652840675597174, 0.6580947572770329, 0.668140590082908, 0.6778058394573735, 0.6844755157396412, 0.6939212373741294, 0.6992644213571932, 0.7056830975132573], "val_ious": [0.36207113533780205, 0.3630960901146349, 0.35771570837950206, 0.3735645771890446, 0.3762015218752019, 0.3885007399449418, 0.39971648061269877, 0.407467653354009, 0.4229067544574324, 0.42857508419378515, 0.4872013952961003, 0.4948036829954473, 0.5298203808673915, 0.5259177312254907, 0.5506168080196865, 0.562689807427966, 0.5788583054706671, 0.5656207459776296, 0.5666787643795428, 0.5901391332348187, 0.5786552464832428, 0.6052347947505937, 0.5464336937968283, 0.6085936773730363, 0.604021832562875, 0.5986691618311232, 0.6148979532113975, 0.5910721700908481, 0.5894020183578782, 0.5884457274839497], "training_time": 710.9824407100677, "avg_gradient": 0.002290755059864901, "memory_usage": 935.31640625}