{"train_losses": [0.31680924234830815, 0.30156022941936617, 0.29587004819641943, 0.28833012558195903, 0.2775401822898699, 0.2675390991827716, 0.2579596264530783, 0.2500831660531137, 0.2403886118174895, 0.22916020436779314, 0.22128677684003892, 0.21300813741981983, 0.20455026885737543, 0.19797084180881147, 0.19103290002955042, 0.18293844503553017, 0.1757509751326364, 0.171810956104942, 0.16534015463422175, 0.1604090009856483, 0.15268703874038614, 0.14826592649130718, 0.14602340531090033, 0.14131653438443723, 0.13639308135632588, 0.13278332239259844, 0.12645837903508675, 0.12087219338054242, 0.12087100379816863, 0.11583011589296487, 0.10890805486427702, 0.11053103402904842, 0.10599096872560355, 0.10062920508663291, 0.10107952194369357, 0.09459946879550167, 0.08815761315433876, 0.0871561443352181, 0.08516145274852929], "val_losses": [0.3056117309176404, 0.30663732147735095, 0.30853579679261084, 0.29124446861121966, 0.2749541181585063, 0.27883843040984607, 0.2768546080459719, 0.24799264449140299, 0.23909822171149048, 0.2866888959770617, 0.21956627427235895, 0.22016883544299914, 0.21038288104793298, 0.24142720193966574, 0.2199493649861087, 0.2098889043149741, 0.19821701393179272, 0.20461064739071805, 0.1972335120258124, 0.20040682994801065, 0.1916534168564755, 0.19604933974535568, 0.18424519216236862, 0.19839038602683856, 0.21449462356774704, 0.2072051021715869, 0.18736336801363074, 0.20024101598107297, 0.19053984271443408, 0.19522205286699792, 0.19279310755107715, 0.20977188614399536, 0.18676207020230914, 0.18963381745245145, 0.19391134931989337, 0.19438742619493735, 0.1973440332905106, 0.19933565673620804, 0.20374766834404157], "train_ious": [0.33601518569536853, 0.37004591265450354, 0.38081696618726274, 0.393630341993823, 0.4090703240352382, 0.42185391105143344, 0.4368239504909569, 0.45455405708010727, 0.4907939632193767, 0.5179064877034314, 0.5382585747410423, 0.5545935119515744, 0.5681770003630201, 0.5797871935410776, 0.5947906070159399, 0.6093925806167332, 0.6228035399825245, 0.6308900502550859, 0.6421117553406435, 0.6510791018929167, 0.6644517426797446, 0.6725273545345533, 0.6771487457056842, 0.6856743125379947, 0.6938129993884459, 0.6999854803409263, 0.7116155637347178, 0.722507307710855, 0.7228183211839719, 0.7319880789280799, 0.7454484425269179, 0.742861160333606, 0.7513138942852401, 0.7623022482662967, 0.7614444770674776, 0.7748773335006788, 0.7885135279401487, 0.7906645054834476, 0.7948385027331718], "val_ious": [0.3680273231820784, 0.3786696748457093, 0.37972374562767974, 0.3996370109264229, 0.41515392129835876, 0.42596313369073824, 0.405158819062163, 0.46243223771992803, 0.4775198094438815, 0.4707612591269223, 0.5405664161063622, 0.5434941014517908, 0.5493083300365917, 0.5378855154782101, 0.5544467857782392, 0.5733617386524229, 0.5861548874257266, 0.5795981685320537, 0.5934670080525288, 0.591762318343356, 0.60672319367312, 0.5984709590025571, 0.6192643020464026, 0.600206402008948, 0.5770379758399465, 0.5941484859888104, 0.6232854870782383, 0.6180734984252766, 0.6268759680830914, 0.6183286430179209, 0.6218308979186461, 0.6034740898488227, 0.6322534116713897, 0.6321251567291176, 0.6308968507725258, 0.6306355962718743, 0.6308750611716423, 0.633557362400967, 0.6267357509637226], "training_time": 925.7087728977203, "avg_gradient": 0.0019220288769175153, "memory_usage": 935.31640625}