{"train_losses": [0.3174329228375269, 0.2988645058611165, 0.28691890285066934, 0.2745755578836669, 0.26381442655363807, 0.25204943314842554, 0.24005985915984795, 0.22669964283704758, 0.21571281447034815, 0.20759118243080119, 0.19625932512723882, 0.18709811665441678, 0.18424507530163164, 0.17675246703236, 0.17240484860604224, 0.16572943993884584, 0.1618633535893067, 0.15445348644710105, 0.15025847838462694, 0.14801656786838305, 0.14138818252831697, 0.13400327697720216, 0.13227967128319584, 0.12725795023953138, 0.12198072303410458, 0.118900619690185, 0.11739008027412322, 0.10842698010737481, 0.11115597722970921, 0.10782663925024479], "val_losses": [0.30975521906562475, 0.2960452573454898, 0.2954540531272474, 0.26980426745570224, 0.2667331267958102, 0.25090759506692056, 0.23892082371141599, 0.2265956408303717, 0.28154907796693884, 0.20423622299795566, 0.20487027550521103, 0.19998457768689032, 0.1953408203047255, 0.18726999928121982, 0.19660953335140063, 0.19612940303657367, 0.17749884886586148, 0.1846913970682932, 0.1874034003071163, 0.1848530166822931, 0.17854025927574738, 0.1785066513263661, 0.17640602394290592, 0.17815811705330145, 0.17597577818061994, 0.1802391762966695, 0.17633980577406677, 0.17979442814122076, 0.17451529431602228, 0.1914310445604117], "train_ious": [0.33547249234631454, 0.3748100551682105, 0.395427556573481, 0.41346084167014535, 0.43355315997167426, 0.4616345619728815, 0.49488694890253765, 0.5298085351191133, 0.5504381245784998, 0.5651859938018566, 0.5859241414329278, 0.6026626767563646, 0.6073484113574894, 0.6214440565394316, 0.6290913497408234, 0.6413969849978667, 0.6483660482302092, 0.6626785337061123, 0.6695574811943196, 0.674033099596483, 0.686164827072534, 0.6998904628166257, 0.7024463020481059, 0.7121741572475954, 0.7213779807198738, 0.7277849698844162, 0.7305548801154329, 0.7476691477864545, 0.7423583035343798, 0.7494899711531139], "val_ious": [0.36325547941353026, 0.3839706314214762, 0.4003836821386779, 0.4222384589685281, 0.438058965636984, 0.4642495988476751, 0.5020648225386075, 0.5323655298654585, 0.4407728475289068, 0.5758611780145895, 0.5711508644879728, 0.5884071266737538, 0.5804731588864671, 0.6079652925980263, 0.5830187940079233, 0.6044966909980427, 0.6258054088423218, 0.6292859270520833, 0.6141602208001029, 0.6197462693072746, 0.6336934097867081, 0.6291118270677069, 0.6434417753547863, 0.6356138524369916, 0.6440826827201291, 0.637366659399392, 0.6439517269963804, 0.6499183752398562, 0.6518952803335327, 0.6088766695364661], "training_time": 722.4441382884979, "avg_gradient": 0.003567195121818112, "memory_usage": 935.31640625}