{"train_losses": [0.31868149680287944, 0.30244226429773413, 0.3012503958914591, 0.3006742794228637, 0.30002446100115776, 0.29738571689180704, 0.2892634070113949, 0.2781176661829586, 0.2654553655049075, 0.25241861654364545, 0.2415908450341743, 0.2296112768514001, 0.21820247416263042, 0.20914553462163263, 0.201357273141975, 0.19394942688877168, 0.1880274261955334, 0.18035496253034342, 0.17455465046931867, 0.16814062315160813, 0.16316917012243168, 0.15907214687246343, 0.15281213002036448, 0.149123075377682, 0.14256174153769793, 0.14005243166795242, 0.14049534082574688, 0.1327056868163788, 0.12457152294076007, 0.12063553253107745, 0.11690779572919659, 0.11538003571331501, 0.11264803932736749, 0.10828623787054549, 0.1035295436968622, 0.10700785413222469, 0.09820179556212995, 0.09350744889968116, 0.08823727038891419, 0.08799664097149736, 0.08502911946371845, 0.08871807336159375, 0.08568984521147997, 0.07699495962942424, 0.0736003749113044, 0.0891896934531953, 0.07417380463574892, 0.0684317676148013], "val_losses": [0.30349382952503534, 0.3077272571947264, 0.30338496488073596, 0.3043929830841396, 0.3040109160153762, 0.3070101219674815, 0.2915007180493811, 0.27245808911064395, 0.27048616597185965, 0.24829805545184924, 0.2452648959082106, 0.23270413603471674, 0.21884345716756323, 0.21811315384895905, 0.2068794489554737, 0.19871627215458, 0.23358711891848108, 0.1902590899363808, 0.19666609200446503, 0.18883326746847318, 0.18107558981232022, 0.183072032811849, 0.18359524659488513, 0.1783452186247577, 0.1825750936632571, 0.18998861798773642, 0.17859894199215848, 0.17814850159313367, 0.18785684523375137, 0.17842267291701358, 0.17870039719602335, 0.17637653422096503, 0.18565836645986722, 0.18684733011152432, 0.19090340901976047, 0.1760642347128495, 0.18409780704456827, 0.1809019488484963, 0.18363845737084097, 0.18735774800829266, 0.1873828441552494, 0.18808365030133206, 0.1873148786632911, 0.18873899915943976, 0.2002701185967611, 0.19379376231328302, 0.19191270872302676, 0.2100092486842819], "train_ious": [0.3355122262682136, 0.36926838258902234, 0.37071538694958767, 0.3711888249693573, 0.37284132800456404, 0.3778995909433698, 0.3910212843274219, 0.40722537573197826, 0.4302842016091034, 0.4588804177963512, 0.4965299921029288, 0.5246265711451784, 0.5460063991123352, 0.5631105919786991, 0.5769552512337331, 0.5899282912521262, 0.6014916419820938, 0.6151367984712126, 0.6262073683134022, 0.6371632121449363, 0.6473505465124829, 0.6556678465635016, 0.6656492821656272, 0.6721366110487261, 0.6849378396527491, 0.6890433401517246, 0.6878503493532756, 0.702139338937358, 0.7166247116266816, 0.7241706638124539, 0.7312850358801475, 0.7342167707241102, 0.7403334037441277, 0.7478664747938728, 0.7576281133013363, 0.7511729692527354, 0.7683569368892821, 0.7782788155735404, 0.7893735775049179, 0.7899761940150161, 0.7959831789459871, 0.7886457286667132, 0.7952778677361599, 0.8140124635419986, 0.8216531955893488, 0.7890602521382379, 0.8204956898006838, 0.8328624907611075], "val_ious": [0.3723565175913382, 0.3705748598212782, 0.3740204378314641, 0.3676153112580811, 0.366210352467454, 0.374903424652075, 0.3974345263795577, 0.415732449095112, 0.4383922038680833, 0.4753270852716936, 0.5026259853140168, 0.519373813185139, 0.5459939710040022, 0.5428119058842243, 0.5744217255193255, 0.5810601104428804, 0.5485621688590532, 0.6028228076039881, 0.5847368525422139, 0.60053042743517, 0.6143458395980408, 0.6113164878409841, 0.6099213060477505, 0.6239382842744606, 0.6216420101514759, 0.6123799637391949, 0.6299363420061441, 0.6344173695298209, 0.6224566069634065, 0.6324105737865835, 0.6384033975393875, 0.6391527559878168, 0.625224478866743, 0.6397006369155386, 0.6372689062702483, 0.6389970429565596, 0.6458072210999503, 0.6470220030649847, 0.6450794483872427, 0.6438716872446778, 0.6403909327759258, 0.6427154329375945, 0.6453444551730501, 0.6492353902346848, 0.6475924151963082, 0.6442685999732085, 0.6495009738466015, 0.643318640149158], "training_time": 1132.1966564655304, "avg_gradient": 0.0011659600242375097, "memory_usage": 935.31640625}