{"train_losses": [0.3122456008973329, 0.3026519364312939, 0.3015347106949143, 0.3009125199978766, 0.29693958908319473, 0.29555005434414616, 0.2954152767424998, 0.295384633962227, 0.28936093511140865, 0.28343305121297424, 0.2763186769317026, 0.2651263240562833, 0.2518035273027161, 0.23958436067661512, 0.22731917505354984, 0.21754575820396777, 0.20564827217679957, 0.19655716840339743, 0.18871694576481116, 0.18464462847813315, 0.1750169254677451, 0.16892972750508267, 0.16453288689903592, 0.15791373286882174, 0.1530250122203775, 0.1483407669255267, 0.14251972747075817, 0.1358470078152807, 0.13348988062985565, 0.12819274409633616, 0.12597485097206157], "val_losses": [0.3118312974338946, 0.3235248327255249, 0.30718056663222937, 0.30727929589541064, 0.3040712709012239, 0.3040902828392775, 0.29917676941208216, 0.3042200829671777, 0.29393042883147363, 0.2803186093983443, 0.2769639864563942, 0.26575238225252734, 0.2462061047554016, 0.23627249216255936, 0.23451671036689178, 0.2271557586348575, 0.20929959707933923, 0.20768806532673215, 0.20921210264382156, 0.19798865914344788, 0.19183809698923773, 0.19670446022697116, 0.20409610413986704, 0.1894275928321092, 0.18880254580922748, 0.18803398473107297, 0.1791589541927628, 0.18637257425681406, 0.1825883560206579, 0.19104351168093475, 0.2126520059030989], "train_ious": [0.3496962698019438, 0.36745842060728406, 0.36936699350000074, 0.37135506968805837, 0.3771208183799795, 0.3788472871062726, 0.3788033532302599, 0.3794051306370196, 0.3890877464823031, 0.39838622174492205, 0.41189832679873556, 0.4466289073817559, 0.47658625693208934, 0.5021598190744069, 0.5280895223166194, 0.5460688438050556, 0.5684954028144695, 0.5847418673498473, 0.5997151395278998, 0.6066382795950211, 0.6243528208114963, 0.6345266717607562, 0.64308935571192, 0.6550134165563443, 0.6639991129438081, 0.6716890406889324, 0.6826094400299634, 0.6949605418072233, 0.6988283078847587, 0.7092358864627886, 0.7123510607018848], "val_ious": [0.3537807380375655, 0.3709504654448804, 0.37266641552897456, 0.35751522688761994, 0.368142685164576, 0.3580536386673001, 0.3748500012401222, 0.38307305522587, 0.38732153706993244, 0.4039997427776605, 0.42387933400797034, 0.45327717465335055, 0.481908464561338, 0.5103053589877875, 0.5301727337249812, 0.5044986905287143, 0.5641420011719067, 0.5737693981415983, 0.5735741327854169, 0.5902508000532787, 0.5962910849762999, 0.5959384447854498, 0.5695204861138177, 0.6107149506392686, 0.6144396835479184, 0.6155925021655316, 0.6280421476433243, 0.6240642386070195, 0.6238398986018222, 0.6090696738034055, 0.5933917120530985], "training_time": 734.2186954021454, "avg_gradient": 0.002246854502491795, "memory_usage": 935.31640625}