{"train_losses": [0.3089931514923987, 0.29427566055370413, 0.2906388365056204, 0.28173273178222386, 0.26395095552763215, 0.2534542392291453, 0.24356339183514533, 0.23147787356182284, 0.2206260593527037, 0.2074260190939126, 0.20014017966130507, 0.19033290866924368, 0.18383576291734757, 0.1780802158071943, 0.17114892010779484, 0.1671371679429127, 0.1609738046384376, 0.15359653022302233, 0.15030814743722262, 0.14716521808472666, 0.13824338599553573, 0.136991530859276, 0.13210061224906341, 0.12889999422528173, 0.12362743829093549, 0.11532126772014992, 0.11474170645132013, 0.11580879597560219, 0.10428698992599612, 0.09956582627542641, 0.10044913540553788, 0.09409637688456671, 0.09003803640118112, 0.08417056419927141, 0.08488404617199431, 0.07986272304602292, 0.07795150910058747, 0.07737732324344308], "val_losses": [0.31465528711028723, 0.307115252899087, 0.29487892531830334, 0.28107588025538816, 0.2653418044033258, 0.27852339848228125, 0.24163044891927554, 0.24164966267088187, 0.2171531245112419, 0.21151605928721634, 0.2022696914880172, 0.19525822575973428, 0.2031414537974026, 0.19027785308983014, 0.18433725509954535, 0.18558255615441696, 0.18253666389247644, 0.17311420518419016, 0.1786127718894378, 0.1781536833099697, 0.1769242234852003, 0.19594558004451834, 0.171166625359784, 0.18254015465145526, 0.17159507520820783, 0.17780107194962708, 0.1704557001914667, 0.1676585343868836, 0.1857092519817145, 0.16932192622967387, 0.17494239204603693, 0.1727581834015639, 0.17917945900041124, 0.17398236562376437, 0.18608592159074286, 0.18409590455500977, 0.1821715676266214, 0.19180703616660574], "train_ious": [0.35670977696207834, 0.3810039132941462, 0.3865498627765456, 0.400671887818886, 0.4259761110057769, 0.451796832416241, 0.48894983292489813, 0.5176230418509329, 0.5393705712496373, 0.5664887929578188, 0.5805575015374286, 0.5982757810557237, 0.609524116271, 0.6230676737006593, 0.6342554284340663, 0.6415181812168897, 0.6523943904625333, 0.6665869549564689, 0.6717568784412266, 0.6770596597613626, 0.6930690321369448, 0.6954149185423402, 0.703956080195696, 0.7108708270218062, 0.7199627772189566, 0.7350990320893294, 0.7366678355720601, 0.7343003661844176, 0.7565979511625521, 0.7655924157495947, 0.7640833069664844, 0.776644068999567, 0.7853715025644369, 0.7976857693730921, 0.7960696660954014, 0.8068658922245536, 0.8108981285190234, 0.8124993250205902], "val_ious": [0.37126192623290466, 0.38386482021946833, 0.38203091725059185, 0.41146774805974273, 0.4237660903861556, 0.4487058098387459, 0.4926355645816393, 0.5135103108874265, 0.5485455312806625, 0.5609148079934329, 0.5730806752175523, 0.5922955685983533, 0.5744531601667402, 0.5985931186140447, 0.6098909987055736, 0.613311306613943, 0.6230233385079148, 0.6409124973891437, 0.6279112247453219, 0.6315153696830721, 0.6389909634987514, 0.6145584516335224, 0.6437729465356771, 0.62644760094691, 0.6452071396768957, 0.6360289000946543, 0.6546907308308977, 0.6580157295085381, 0.6368893089069837, 0.6573907564515654, 0.6602898881487225, 0.653541053118913, 0.6621419476426166, 0.6627365644427313, 0.660963515440623, 0.6632511464581974, 0.660584182842918, 0.6556971429482752], "training_time": 903.2061133384705, "avg_gradient": 0.0021989654606023434, "memory_usage": 935.31640625}