{"train_losses": [0.3055455940573112, 0.29552510073003563, 0.2875340150102325, 0.27365603419425694, 0.2605887843376916, 0.2521143346700979, 0.2404501404127349, 0.23322078690904638, 0.22105678057541017, 0.21003633324542773, 0.20060071632589982, 0.1897191707368778, 0.18376821741137817, 0.1743977465059446, 0.16828123723035274, 0.16375390197271886, 0.15613126430822455, 0.15346112993100416, 0.14871700383398845, 0.14271033611958442, 0.13987134623786676, 0.13412104943848174, 0.12881843693068493, 0.12458936534012141, 0.11998014969994193, 0.11525481947414253, 0.11388982370819735], "val_losses": [0.3010184311348459, 0.2944427320490713, 0.2827850314586059, 0.29158126271289325, 0.2606084440713343, 0.2570404582049536, 0.22850327128949371, 0.24164981103461722, 0.22772109832452692, 0.2147422536559727, 0.19603535824495813, 0.20088189807922943, 0.21522516692462174, 0.18291514690803445, 0.17380812310654184, 0.1803634221787038, 0.17262587307587915, 0.17951447063166162, 0.1684811474836391, 0.1643174646989159, 0.16688443364008612, 0.16756495477064795, 0.16514986688676087, 0.15885793417692184, 0.1658411482753961, 0.1637139887265537, 0.17985398581494455], "train_ious": [0.36450680861895796, 0.3791209339987541, 0.3921836444001266, 0.41386695519305655, 0.4328643689971123, 0.45118471155802736, 0.4929430630662063, 0.5117523945274128, 0.5371248209309102, 0.5584082787289567, 0.5798087376507298, 0.6007975465685561, 0.6127178009761417, 0.628534859397273, 0.639415083803992, 0.648473725478718, 0.6624998015122138, 0.6670470067664335, 0.676071216176817, 0.6862070648458554, 0.690950220585733, 0.7013794142158999, 0.7110945940881533, 0.7187737573100171, 0.7273615591659923, 0.7354897685564946, 0.7381005578714869], "val_ious": [0.38384618232215667, 0.38461623265259504, 0.40280587928018713, 0.4213103483552517, 0.43318431031176546, 0.4420182744918788, 0.5161228318145311, 0.49351684749126434, 0.5177526098770509, 0.5348963109047515, 0.5892825890062512, 0.5874146815875303, 0.5780677694989288, 0.6084901505838269, 0.6307916865832564, 0.6209772493744243, 0.6328490709049115, 0.6253262671871463, 0.6398554833038994, 0.6498527472865753, 0.6462512906046881, 0.6453565082688263, 0.6504793946725734, 0.6620541916809219, 0.6569781005382535, 0.6596254468828009, 0.6321810747402301], "training_time": 638.3300156593323, "avg_gradient": 0.0032709526038859744, "memory_usage": 935.31640625}