{"train_losses": [0.3012652905738872, 0.27395443245768547, 0.2572457561188418, 0.24259168865240138, 0.23317301880730235, 0.22553321289951386, 0.21545156569260618, 0.20742211085946663, 0.20168106946284356, 0.19687386432095713, 0.18744530601669912, 0.1809814061321642, 0.17336658809496008, 0.16393504251280558, 0.15900476746585057, 0.15260837287844523, 0.1468353500670713, 0.14211636239095873, 0.13657692111218753, 0.13198495441642794, 0.13194154526876367, 0.13211969840947702, 0.12473917861833521, 0.11669174164695584, 0.11041310692772917, 0.10540895115422166, 0.10563295504645161, 0.10221820786271406, 0.09990873552210953, 0.1054934678680223, 0.1017708410711392, 0.08883617223118959, 0.08418230947269045, 0.08642003871500492, 0.08320050808074682, 0.0772165912810875], "val_losses": [0.31540554308373, 0.34552104058473004, 0.3355437730965407, 0.2688984372045683, 0.23434471177018207, 0.2297280800083409, 0.28865504621163657, 0.21760649946720703, 0.22335826411195422, 0.2157728276822878, 0.19127876765054205, 0.2326446162617725, 0.18011965732211652, 0.1757787673369698, 0.19038302386584488, 0.17979105950697608, 0.1723190293363903, 0.1713689870160559, 0.16515787431727286, 0.17547711049732956, 0.1885423835204995, 0.1752822872089303, 0.16722949561865433, 0.17159021078892375, 0.16428622862567072, 0.16497776786918225, 0.17894450575113297, 0.17495432917190634, 0.177372879308203, 0.18056975337474243, 0.16719692815905032, 0.171270115867905, 0.1784705231371133, 0.17369809779136078, 0.1772821399828662, 0.18037648725768793], "train_ious": [0.3703326155324593, 0.41224552383241453, 0.436396224075386, 0.47895542889120296, 0.5129830638702582, 0.5325675525473077, 0.552994937919404, 0.5716311381184969, 0.5826827222616346, 0.5910638811309702, 0.607927265482536, 0.6177448595509584, 0.6315022714544035, 0.6476557595466356, 0.656948811064164, 0.6677006515471832, 0.6773655510682993, 0.6859485534546169, 0.6962740362446379, 0.7045121590296427, 0.7049578819153964, 0.704104647418295, 0.7173476870833098, 0.732191608003948, 0.7441944925897365, 0.7541919632450397, 0.7535327498571596, 0.7599320231356484, 0.7645659163810208, 0.7546765593190984, 0.7616608852817529, 0.7881152472202326, 0.7976362559458486, 0.793359619443831, 0.7994966809300412, 0.8129718694565955], "val_ious": [0.4002344748680143, 0.3855276051638783, 0.4168239726104598, 0.46253679082661453, 0.5196274300848229, 0.535768426414849, 0.5165502703816132, 0.561829946503259, 0.5406734382976657, 0.5535344984652338, 0.5965395195112712, 0.5605943675922311, 0.6113554405561391, 0.6239062053137929, 0.6032052044419275, 0.6266954925613127, 0.6360677262579186, 0.6391685188248538, 0.6498754117367923, 0.640086338787839, 0.6325453623481418, 0.6314847294403159, 0.658554115805073, 0.6544232919164327, 0.6611519570367923, 0.6635008989900781, 0.6509116356787474, 0.6536751201619273, 0.6528424663820128, 0.6464580910793248, 0.6640032186456348, 0.665380994046944, 0.6595977402251699, 0.6556900584179424, 0.6633964472490809, 0.6596215494732929], "training_time": 854.2917869091034, "avg_gradient": 0.0012140909410199823, "memory_usage": 935.31640625}