{"train_losses": [0.31548895508698793, 0.3021654933691025, 0.3009283001656118, 0.30037923302987346, 0.3001314121419969, 0.30017524439355603, 0.2995963815761649, 0.2995622865855694, 0.29829650032131566, 0.29102477285525075, 0.28114375221016613, 0.27283548393651197, 0.2621347350270852, 0.2538719174006711, 0.24444153467598168, 0.23528924543896448, 0.22803075020403965, 0.21927505172789097, 0.2106108735922886, 0.20447698316496352, 0.19727123010417688, 0.19151432447783326, 0.18360911390703658, 0.17691283397700475, 0.17254356732187065, 0.16694972307785697, 0.16078895354724448, 0.15511601993247218, 0.15269225730520228, 0.1456540321688289, 0.14061578124275673, 0.13704524638698154, 0.1329492873147778, 0.12813295282261528, 0.12755591535697813, 0.11958116535907207, 0.12277707186244104, 0.1150456581507688, 0.10750345359353916, 0.10290177283889573, 0.1005247815552613, 0.09749146874832071, 0.09551655865557816], "val_losses": [0.3205764617608941, 0.31386729038279987, 0.3043517891479575, 0.30016551523104956, 0.30129988945048786, 0.2991957372945288, 0.30160832081152045, 0.30198985662149347, 0.29991550225278607, 0.29999575925909955, 0.28135740141505783, 0.2689734590442284, 0.2576753992749297, 0.2607374511983084, 0.25610462381787924, 0.23229597379332004, 0.22636347393626752, 0.21591058373451233, 0.22262167898209198, 0.21142250817754996, 0.2138069657527882, 0.20829899641482727, 0.19318442532549734, 0.2038751562004504, 0.20277478869842447, 0.2018292095998059, 0.18432713202808215, 0.19583026060591574, 0.18884192925432455, 0.1827167910726174, 0.18090932816267014, 0.18590052490649017, 0.17701053392627966, 0.17885754160259082, 0.19012037081562955, 0.17863645242608112, 0.19262096577364465, 0.1788879999000093, 0.1853206948093746, 0.1856626343467961, 0.1848156160634497, 0.18311441074246945, 0.19180063385030496], "train_ious": [0.34113732893995585, 0.36926125065571996, 0.37106694526395934, 0.3717032372755703, 0.372249425572584, 0.37118507784534693, 0.3728046699602534, 0.3727813571188404, 0.3750172565060906, 0.38776790069929057, 0.4028829381648761, 0.41427041297544953, 0.43401465725492694, 0.46116539376679894, 0.4844914917510167, 0.5052742430994261, 0.5206148166722362, 0.5381551053968892, 0.5546924868949511, 0.5657544818747302, 0.5817490173098836, 0.5944632661083473, 0.6082041301373122, 0.6218607822784044, 0.6282440723068473, 0.6383191272076489, 0.6510431735735868, 0.6604735537607599, 0.6642458681827004, 0.6765850290008214, 0.686252891693426, 0.6928178374318111, 0.7005540008886139, 0.7090020467513712, 0.7102961816109606, 0.7251062161032705, 0.7197949505694533, 0.7340282050595769, 0.748700174516526, 0.7581376968410567, 0.76325358590786, 0.7696495527482553, 0.7738915469119511], "val_ious": [0.35910632968812745, 0.3643338887587837, 0.37167354899903987, 0.37250142555305926, 0.37260911862055457, 0.37366608411505614, 0.3735496986163512, 0.37379420488798415, 0.3790868883547576, 0.3844919405553653, 0.3997000699889832, 0.4191627632016721, 0.441412173802087, 0.4702120599323424, 0.4662565802210484, 0.5061785957735515, 0.5223232893192249, 0.5414182933560315, 0.5369369493446491, 0.5483978970543198, 0.5647740307925403, 0.57709926561169, 0.5982664778180744, 0.5812856256961823, 0.5903492528891217, 0.575701053807701, 0.6093749381277871, 0.6026478846004042, 0.6108986411405646, 0.6242365036969598, 0.6322789859512579, 0.6182485518680104, 0.6375489239243495, 0.6303642683702967, 0.6155603277510491, 0.6371673442747282, 0.6230906360391256, 0.6421948550403981, 0.636312331194463, 0.6319959869851237, 0.6416618789451709, 0.6456059150505759, 0.635687005692634], "training_time": 1018.9983236789703, "avg_gradient": 0.0023829658636569427, "memory_usage": 935.31640625}