{
  "train_losses": [
    0.32963577900891716, 0.2926339361330737, 0.28309971855386445,
    0.26885572748015757, 0.2537894462761672, 0.2406180280706157,
    0.22760303358992803, 0.21704141641764538, 0.20703421767963015,
    0.20053711282494274, 0.19072807572134162, 0.1860960486304501,
    0.17801051854115466, 0.1730346009945092, 0.16612634411000687,
    0.16376645676791668, 0.15885497119439684, 0.1535909744789419,
    0.1467592358670157, 0.14196580628176098, 0.14030191796305386,
    0.1349945076862755, 0.1282471590877875, 0.13016579482380464,
    0.12181518571046383, 0.11643630456503319, 0.11496460263657829,
    0.1090540247766868, 0.1065753635181033, 0.0999805310174175,
    0.09658239599641251, 0.10289689659586419, 0.09186694742706807,
    0.08699662886236025, 0.08908636102695829, 0.08279492803241896,
    0.07737793935381848, 0.07366610464194547, 0.07258762113507027,
    0.0714994048618752, 0.07448296208420525
  ],
  "val_losses": [
    0.2974239931158397, 0.29510369313799817, 0.274198688890623,
    0.2918710890023605, 0.25516477291998657, 0.23513970815617105,
    0.22725095632283585, 0.28114467017028644, 0.21808102662148682,
    0.2031661741759466, 0.2134857180973758, 0.1956841582837312,
    0.1996840170544127, 0.19508984166642893, 0.18435619706692902,
    0.17467692040878793, 0.1740552812166836, 0.17904195902140244,
    0.16838996986980023, 0.1735611292331115, 0.16959728948448016,
    0.166172677408094, 0.16859420097392538, 0.16835893496223117,
    0.17270406497561414, 0.1642360230502875, 0.16349491703769434,
    0.17796596042487933, 0.1698103955258494, 0.17127798627252164,
    0.18757920031962189, 0.17343301552793253, 0.17869554006535074,
    0.16953941985316898, 0.17680040099050687, 0.1800813370424768,
    0.17823886579793433, 0.1801035213081733, 0.18387660772904105,
    0.18186694739953332, 0.19460103174914484
  ],
  "train_ious": [
    0.31312435570980346, 0.3841792511875214, 0.3993406979286154,
    0.42611313146579816, 0.4718148816120474, 0.5031931992026344,
    0.5279798553851635, 0.5489331578592891, 0.5678629520200732,
    0.5799915272526551, 0.5984608303971484, 0.6066187752437765,
    0.6215379436810815, 0.6299554331741039, 0.6433208918441896,
    0.6481661109280761, 0.6567721809597983, 0.6659468962014586,
    0.6778931363985157, 0.6869206819413368, 0.6907308828895506,
    0.7006756703814743, 0.7116344176448777, 0.7087316394284151,
    0.7236067127922307, 0.7340153688429921, 0.7362959253723202,
    0.7473124859557635, 0.7526424886739771, 0.7647521152984408,
    0.7720851574794966, 0.759879662668791, 0.7816137195821256,
    0.7911292856586153, 0.7878556767127651, 0.8006635852482005,
    0.8123226401166639, 0.8204704921530641, 0.8229891053144484,
    0.8254429983056112, 0.8195521613933908
  ],
  "val_ious": [
    0.376900824515716, 0.3851780120445336, 0.4109817529502122,
    0.4089137778441976, 0.49263714426669525, 0.5177318295058996,
    0.5287434053809748, 0.45790183814107505, 0.5539517027960307,
    0.5782994253263959, 0.5612438180740328, 0.5955497260758843,
    0.5954191067080566, 0.5958502265638199, 0.6134556743545807,
    0.6314512456672778, 0.6342509416998297, 0.6332224572914235,
    0.641279301997544, 0.6371594496827194, 0.6474705893492352,
    0.6505759868068972, 0.6457089544206424, 0.6415276559798614,
    0.6607065064751584, 0.658984205213146, 0.6631299684876982,
    0.6376278970552527, 0.658132724787878, 0.6658919352120246,
    0.648780675901883, 0.6646034387142763, 0.6630096372918807,
    0.6689377880614736, 0.668121067942053, 0.6665564352187558,
    0.6733701432096786, 0.6704796863638839, 0.6643223842416984,
    0.6659033076054808, 0.6433298782162042
  ],
  "training_time": 966.8438003063202,
  "avg_gradient": 0.006291000727053409,
  "memory_usage": 935.31640625
}
