{"train_losses": [0.32960472952412523, 0.29849714235119196, 0.2866441085934639, 0.27073177193170006, 0.2590958271175623, 0.24771357594948748, 0.23934415298635545, 0.2287702522362056, 0.22081599546515424, 0.21331998098479665, 0.20482867162512697, 0.20155257504919302, 0.19463273858570534, 0.18747245131627374, 0.1836022444717262, 0.17628270071809707, 0.1707765257552914, 0.16766401258823665, 0.1604809552917014, 0.15284307098583036, 0.14938958786913883, 0.14399819825168536, 0.1390357544321729, 0.13784190696542678, 0.13144440143166677, 0.1314227909821531, 0.12347192746465621], "val_losses": [0.33993769793406775, 0.2933333315279173, 0.32202484620654065, 0.3007433647694795, 0.27765058823253796, 0.24086844499992288, 0.23976839884467746, 0.23669558569141055, 0.23640903960103574, 0.22475972447706305, 0.2151280592965043, 0.25857861987922504, 0.2029335485852283, 0.2019446751345759, 0.1982301642065463, 0.1915976793869682, 0.18891460156959036, 0.19186052744803223, 0.18114293723002725, 0.18251332219528116, 0.17559564988250317, 0.17776904157970264, 0.18454667893440826, 0.17913049556638883, 0.19319082213484723, 0.1811531720601994, 0.2190097431125848], "train_ious": [0.2979532275684032, 0.37660730976688056, 0.3946611314208233, 0.41815719087806397, 0.43711962411873484, 0.46606773991078493, 0.49955824614785926, 0.5249442467196045, 0.5416383726549322, 0.5589064477092542, 0.5743558175753857, 0.5805039063258013, 0.5939962202548116, 0.6078943170175171, 0.6136178207732198, 0.626065445739938, 0.634128073905257, 0.6400705610766362, 0.6531768670116644, 0.6668244460462659, 0.6730952928571599, 0.6828849044614944, 0.6914406734100287, 0.6927272664464041, 0.7044161669370063, 0.7047404176083162, 0.7189442153102243], "val_ious": [0.3168704753768618, 0.3786343344743701, 0.3521306841917661, 0.3735668929158778, 0.42463873197203095, 0.49979276647386334, 0.5072743918584742, 0.5080085262872174, 0.5107204861183098, 0.5412464785403097, 0.562464224147624, 0.4720853995261849, 0.5857296660542488, 0.5944299501353416, 0.5925037909461103, 0.6012074098638867, 0.6073541099178617, 0.6065795876193736, 0.6215134120505789, 0.6186058402493382, 0.6317455207092173, 0.6346819856460543, 0.6225824468377709, 0.6313575786956841, 0.615368607899417, 0.6307945694180505, 0.5948728194487266], "training_time": 638.9310653209686, "avg_gradient": 0.0027694045545417685, "memory_usage": 935.31640625}