{"train_losses": [0.3134351019626078, 0.30169464712557587, 0.29764681017917133, 0.2920653768207716, 0.2822527475655079, 0.26972861944333365, 0.25932794023791084, 0.2523206510459599, 0.2425654422815727, 0.23458501647995866, 0.22670366947093737, 0.2164291891714801, 0.20738542541537597, 0.19817695758588935, 0.192237988114357, 0.1813711734569591, 0.1765161869318589, 0.16977872124508672, 0.166544778191525, 0.16045408971283748, 0.15409907658139002, 0.1498889302348961, 0.14627470606533083, 0.14077035864086254, 0.13847942447856718, 0.1352275648842687, 0.12844834051540363, 0.12622719343103792, 0.1199934980224656, 0.11449476270733969, 0.11155338759493569, 0.10848264813261188, 0.103449372574687, 0.10130006325957568, 0.10543668861298458], "val_losses": [0.3057030160789904, 0.33785332609777863, 0.2941166272629862, 0.28427189005457837, 0.3108896153128665, 0.3154115657443586, 0.2598364327264869, 0.24921160677204962, 0.24190837112457855, 0.23739180098409238, 0.240528151716875, 0.21946751261534897, 0.23469172904024954, 0.21613906129546787, 0.20660207712131998, 0.19243483245372772, 0.20506980691267096, 0.19330298220333847, 0.19853236850189127, 0.19016773091710132, 0.18475612771251929, 0.1750217763626057, 0.17645397199236829, 0.1744887223062308, 0.1749463952753855, 0.1752392196136972, 0.17774147605118545, 0.16551638167837393, 0.16904289988072022, 0.17085564444246498, 0.17267794550760932, 0.180162592102652, 0.17127678802479868, 0.1728507502247458, 0.18732713389655817], "train_ious": [0.3494528634568717, 0.3705471855421532, 0.3758525744840592, 0.3839926359601783, 0.400283246402813, 0.41929622562399055, 0.43542396799739436, 0.4585871307635306, 0.4859758246953868, 0.5080269056277864, 0.5286899633921573, 0.5475820492467152, 0.5637570448705681, 0.5819995394381491, 0.5959426858664854, 0.6161568439363136, 0.6253163308121151, 0.6364186962499566, 0.6421129576106004, 0.6538611265520259, 0.6649911556446901, 0.6718241512451486, 0.6787925746453844, 0.6872065288649088, 0.6930406168643116, 0.6988555800331675, 0.7104889430861541, 0.7145479551475984, 0.7255629525128484, 0.7359440400656583, 0.7416789207769479, 0.7470684572514419, 0.7575106455580051, 0.761571604434563, 0.7539409491894903], "val_ious": [0.37134014199609344, 0.3579905244159157, 0.3816196418287607, 0.3914679623600365, 0.3805448672045832, 0.4080943876587022, 0.4361134615795944, 0.44304546160645353, 0.49263284657744383, 0.4948843614454719, 0.5068782450280327, 0.541039940347706, 0.5362567221340928, 0.5640537725842517, 0.564941084039384, 0.5941210122428078, 0.5798607417854711, 0.6018565814348236, 0.5996654263657074, 0.6110771881497424, 0.6135172886045082, 0.630634338527486, 0.6319744332113126, 0.6369046406901402, 0.6390454157970956, 0.6379723341568656, 0.6392034726298375, 0.653333604335785, 0.6556386072998461, 0.6497660493073256, 0.6495116292566493, 0.6448243392118508, 0.6551946006391358, 0.6578260915002961, 0.6295129861952602], "training_time": 825.6563332080841, "avg_gradient": 0.004661334229938958, "memory_usage": 935.31640625}