{"train_losses": [0.32720495339321054, 0.3032410614516424, 0.3000365939477216, 0.2974573657240557, 0.29128436825197673, 0.2832671593388785, 0.2750018907144018, 0.26752070062186406, 0.2573101173924363, 0.2458457053517518, 0.23871862669677837, 0.23092869499131388, 0.22004440685977106, 0.21398144757942014, 0.20521801054153754, 0.1974492931495542, 0.1905103706471298, 0.18575218886784886, 0.17987210562695627, 0.17400275697202786, 0.17193042049589363, 0.1677030708802783, 0.16151780465050883, 0.15880720965240314, 0.15231961019985055, 0.14781628800151142, 0.14325463747524697, 0.13995211336599744, 0.13534684592615004, 0.13353467020003693, 0.13039068808860105, 0.12748841848224401, 0.12078762350037046, 0.1177718934967466, 0.11355907883009185, 0.11183448366658844, 0.10861838297189577, 0.10701688103701758, 0.11191918591604284], "val_losses": [0.43551864960919257, 0.31356449036494544, 0.3102178411639255, 0.2943966615459193, 0.29404772040636645, 0.2885871464791505, 0.29574034136274585, 0.2781444081793661, 0.26417791422294534, 0.2467482773506123, 0.24183310212000556, 0.23546444980994516, 0.22375813450502313, 0.25665093116138293, 0.20951142000115436, 0.21334202360847723, 0.20424143062985461, 0.20756318484959396, 0.19506418575411258, 0.19112203788498175, 0.21293039425559665, 0.19034629217956378, 0.18690407600091852, 0.18138607040695523, 0.18757032084724176, 0.17658704389696536, 0.18707691748505054, 0.1806406194101209, 0.19316443898107694, 0.18983850530956103, 0.20904044321049814, 0.18584105340035065, 0.18081119332624518, 0.17840138434068017, 0.17959106389595114, 0.17105108272770178, 0.19206581556278726, 0.17893432404683984, 0.19147872147352799], "train_ious": [0.3083936515135182, 0.36807391029061104, 0.37365196903698067, 0.3775515262347087, 0.38806585554767886, 0.3991331016936983, 0.4106172318299048, 0.4210390737482972, 0.439600849548657, 0.4765310361360827, 0.49670474771140294, 0.5148436733508023, 0.5370222585599711, 0.5499615328845341, 0.5695839369318625, 0.5837431047111749, 0.5965678958033304, 0.6051100759456556, 0.6162336389331716, 0.6270346085176522, 0.6311435869530492, 0.6386564485188844, 0.649946030715237, 0.6544538110062694, 0.6659170049040215, 0.6742067396424819, 0.6821059982521808, 0.6885388017888519, 0.6967562672992548, 0.7003099085844077, 0.7064733194808165, 0.7106602927804855, 0.7236166230362396, 0.72853653041133, 0.7368213824279932, 0.7402732765868951, 0.7465222684693508, 0.7492589497047922, 0.7424107500068517], "val_ious": [0.29322576387557603, 0.33880633396514936, 0.341297997944597, 0.3795475288145784, 0.38904103075248603, 0.39834149189780454, 0.379838188705237, 0.4172815727572964, 0.43110854966916895, 0.4808851893505324, 0.48867413487987243, 0.5140764071889546, 0.5402739455086597, 0.48534508589385217, 0.5620375167632448, 0.560556815478249, 0.5754485800862313, 0.5670061941812005, 0.5930473463258881, 0.6030677065685176, 0.5653521844010422, 0.6044825231251508, 0.6134378299980925, 0.6189349646801533, 0.6119505676670349, 0.6301146054613418, 0.6224937292112821, 0.6277225825233738, 0.6219184305788812, 0.6197254152401633, 0.5996429466682932, 0.6301820567552595, 0.6405481167029644, 0.6392546689164812, 0.6375474366156952, 0.6471562238707058, 0.6225629472646161, 0.6434160743070686, 0.6177376722512039], "training_time": 924.3582835197449, "avg_gradient": 0.0023948910530946776, "memory_usage": 935.31640625}