{
  "train_losses": [
    0.3183535131747308, 0.30234532738509384, 0.30107573387415515,
    0.30077774304410687, 0.2995903151838676, 0.29040558846748393,
    0.2781430462618237, 0.2707049405283254, 0.26295943007521005,
    0.25159485200824944, 0.24027992857863073, 0.2274282035296378,
    0.2163503440501897, 0.2060733787391497, 0.19853261696255725,
    0.18974845200453117, 0.18145487206461636, 0.17362166657719924,
    0.16834516928571722, 0.1677018020140088, 0.1586928719897633,
    0.15178480217962162, 0.1476083770799248, 0.14242803912771784,
    0.1396550802190019, 0.13447257908790008, 0.1298536622248914,
    0.12618632974993924, 0.11987658464552267, 0.11990385490429142,
    0.11625875018375076, 0.11026022154028, 0.10572248377391825,
    0.10621010698378086, 0.10693940159905216
  ],
  "val_losses": [
    0.37797469807707745, 0.30147380090278125, 0.3456275093814601,
    0.3126294133455857, 0.3164115263068158, 0.2904455752476402,
    0.28105263800724695, 0.26675183066855307, 0.272695194767869,
    0.24604320428941562, 0.2414540651699771, 0.2628575074283973,
    0.2157932273719622, 0.21560493273579556, 0.23455882914688275,
    0.19939532778833224, 0.1918198576439982, 0.17921934535969858,
    0.1840969534671825, 0.1851282278480737, 0.17921236772900043,
    0.17910696792861688, 0.1750937075070713, 0.16507275969437932,
    0.16650391240482745, 0.170413705965747, 0.1706778254845868,
    0.16277291204618372, 0.1685718942595565, 0.17010902840158212,
    0.16279376929868822, 0.16764603263658026, 0.16970835561337677,
    0.1683031404795854, 0.17479305098886075
  ],
  "train_ious": [
    0.3393166371624563, 0.36890211252139654, 0.3702070807104078,
    0.3713299800880727, 0.3727427270114277, 0.38765598779181076,
    0.40606202943622494, 0.41615421079752085, 0.43109523006523903,
    0.4585858459087066, 0.49654520194356616, 0.5236855386553898,
    0.5451695460664189, 0.5671286435554855, 0.582669541131759,
    0.5986675081531636, 0.6152636619095783, 0.6281109260584131,
    0.6388471923174637, 0.6406685777980349, 0.656239336869423,
    0.6696674722260326, 0.6764188430447506, 0.6856446640862933,
    0.6905721064818944, 0.7005366261886515, 0.7080153003335, 0.7147648046198098,
    0.7258464481303656, 0.7262567363787392, 0.7326134702433711,
    0.7445212150181549, 0.7534294373531272, 0.7521379100887671,
    0.7507737188775466
  ],
  "val_ious": [
    0.32555722909561097, 0.37060409978679987, 0.3509608229762069,
    0.34958361780297936, 0.32041710248028016, 0.39941317382929986,
    0.41172198497730744, 0.4202887949304305, 0.42254811266194237,
    0.4831387972918109, 0.5020037176816361, 0.5008121279162774,
    0.5603594688185747, 0.5458507946004041, 0.540688690499983,
    0.5835223872808443, 0.5979973403871923, 0.6191030380086623,
    0.60782224436601, 0.6148315417593806, 0.6312014410893122,
    0.6310363031815791, 0.6337906411592511, 0.6494915450828662,
    0.6491497927817748, 0.6439456278863162, 0.6500152334354924,
    0.6589014312063438, 0.6547575847826143, 0.6550169956424962,
    0.6540875294502232, 0.6585277789744778, 0.6555731570807056,
    0.66122066953044, 0.648970716673395
  ],
  "training_time": 825.6075780391693,
  "avg_gradient": 0.0035467147701591945,
  "memory_usage": 935.31640625
}
