{"train_losses": [0.3084691440605599, 0.30115343063421873, 0.300546792862208, 0.29975582351503166, 0.29635734483599663, 0.2878619208931923, 0.27437435738418414, 0.2619170988707439, 0.2508692662029163, 0.2387749302484419, 0.22744717205996098, 0.2189693283289671, 0.21045869119141414, 0.20002261557332848, 0.19330696364783723, 0.18440423087905283, 0.1777713429182768, 0.17153140675762427, 0.16693407289035941, 0.1606318118941525, 0.1552508259597032, 0.14966816475371952, 0.14404097389753745, 0.14196340743776248, 0.13716115677000387, 0.13029754056554774, 0.1279820214714045, 0.12243576886375314, 0.11993294476490954, 0.11657429093737966, 0.10975828284964613, 0.1059642140146183, 0.10348564758896828, 0.10521608295486025, 0.09973729264153086, 0.09217113045894582, 0.08776469702791909, 0.08524477392759013, 0.08322130147691655], "val_losses": [0.3044225294952807, 0.30092377960681915, 0.30317295958166535, 0.3041112325761629, 0.2924556226834007, 0.28644091473973315, 0.2812724298109179, 0.2856817971105161, 0.28083302145418915, 0.235206190334714, 0.22653599569331045, 0.22402290643557257, 0.24247854915649994, 0.21484820577113525, 0.2180943838928057, 0.20626602062712546, 0.19819874964330508, 0.19133104902246725, 0.18637234166912411, 0.18514791714108508, 0.18882182985544205, 0.188463029978068, 0.20804830543372943, 0.18255720093198444, 0.1858134402529053, 0.1787310219977213, 0.17690168126769687, 0.18767574623874997, 0.1827874410411586, 0.18144991281239883, 0.19229144635407822, 0.18367797071519104, 0.2019840083692385, 0.18121462412502454, 0.1829967550609423, 0.18202294959970142, 0.18837121938881668, 0.19539596917836563, 0.20138536588005398], "train_ious": [0.3594833625882173, 0.3697547687399387, 0.3705349051866123, 0.3725293815702532, 0.3783246951334744, 0.3916901842129504, 0.41051891388889894, 0.43346510826497425, 0.46567166119306014, 0.499339921332464, 0.521691873345686, 0.5400024198427582, 0.5564040866666946, 0.5783295217307586, 0.5922674129082673, 0.6078084920789454, 0.6202763154616823, 0.6324722594649032, 0.6405605157648304, 0.6521855942581005, 0.6622375952268856, 0.6726273384107195, 0.6826082020997998, 0.6858220139815324, 0.6940904242944889, 0.7065883581729039, 0.7106849232121653, 0.7210449628747891, 0.7258526073849715, 0.7325524999827576, 0.7459651658284493, 0.7527102796711782, 0.7579273582044717, 0.7550359021170412, 0.7655268877852656, 0.7812835430537445, 0.7900597797031851, 0.7954360617567664, 0.8000562901514165], "val_ious": [0.3703116007905075, 0.37373267351179396, 0.3724251367907594, 0.37356794803475873, 0.3851955170389703, 0.4008464418027712, 0.4213490314761421, 0.4066068864890639, 0.4478993418801953, 0.5121427319835926, 0.5152123410632644, 0.5256214327030423, 0.5186326172256814, 0.5546532860700635, 0.5628317725183307, 0.577280643409577, 0.5922381902734437, 0.6006724079665932, 0.6068205815078556, 0.6115299165248872, 0.6049825069697008, 0.6149751689770947, 0.5981600367720576, 0.6185841400554214, 0.6169467435582824, 0.638206024316774, 0.6337603412676548, 0.6211426122033077, 0.6293831400681233, 0.6327672341595525, 0.6190805230019747, 0.6375052654656811, 0.6251700304556584, 0.6403562983740931, 0.648541320493256, 0.6500873235256774, 0.6460640860208567, 0.6436958790257357, 0.6247904877299848], "training_time": 924.3008074760437, "avg_gradient": 0.0020813650351298976, "memory_usage": 935.31640625}