{"train_losses": [0.3207357987437559, 0.3005828752141932, 0.29614888601329015, 0.29194435412469116, 0.28203772445735725, 0.26947983492003835, 0.25650633312761784, 0.2467717678974504, 0.2362608006628959, 0.22703788988292217, 0.2196948499945195, 0.21208793540363727, 0.20370237027173457, 0.1945086218740629, 0.1877739320954551, 0.180391277389034, 0.17502294294536114, 0.16864306350117145, 0.16233935466279154, 0.15945562064323737, 0.15420235632716314, 0.15601188369581234, 0.14425983255648095, 0.13931903631790823, 0.1385928069281837, 0.13372251055324855, 0.12662568566915783, 0.12347982799553353, 0.12104281827645458, 0.12100405399890049, 0.11121709976831208, 0.10758470513088547, 0.10951455099427182], "val_losses": [0.30531742391378985, 0.30807575583457947, 0.38193003638930945, 0.29512384404306824, 0.28335814955441846, 0.33436204622621124, 0.27309191874835803, 0.3974244704712992, 0.2396432553296504, 0.24130839822085007, 0.22840797674396765, 0.2364608936983606, 0.2132669865437176, 0.20157684482958005, 0.20596908227257107, 0.2019005110082419, 0.19042865834806277, 0.2019692652899286, 0.1914832446238269, 0.1819059563719708, 0.18420182200877563, 0.23217915840770886, 0.17493587440770605, 0.1726852448090263, 0.1833428270790888, 0.18306150546540384, 0.17792431329903396, 0.1782928504373716, 0.18658839976010116, 0.17448509160591208, 0.17537332423355267, 0.1736938759036686, 0.260192415960457], "train_ious": [0.32582805138713744, 0.37105969405481615, 0.37838592723179276, 0.3854218415710709, 0.40038856268808115, 0.41876107734028206, 0.4424538064135037, 0.47667260258795985, 0.5040629664166033, 0.5270041877646812, 0.5429848004672404, 0.5569166837503079, 0.5709305758439546, 0.5879029668597638, 0.6018111623175766, 0.616292125882878, 0.6260802418641421, 0.6382111256969145, 0.6488241649948174, 0.6543599394676477, 0.6637675248194433, 0.6612921879775279, 0.6822094455145409, 0.6909351740302383, 0.6922604491043346, 0.7005622176912383, 0.7140275690758572, 0.7191620806529041, 0.7239343946178755, 0.72266754599801, 0.7415595917922001, 0.7483132316366491, 0.7450801573045872], "val_ious": [0.3672273617727194, 0.3656356403793113, 0.21846860920753822, 0.3948681869103736, 0.40903267549689126, 0.37424833181693673, 0.453279193436754, 0.24161464879242878, 0.5064851196779722, 0.504680477190709, 0.5320417296843253, 0.5202528214541036, 0.555624255127665, 0.5780382028956342, 0.5709581073859463, 0.5735772511233455, 0.6067176943887836, 0.5947104281057483, 0.6076960411408674, 0.6191912221087924, 0.6109729370345242, 0.5640874431617019, 0.630541194824205, 0.6373164931285208, 0.6232604194378506, 0.6241788141753364, 0.636501972442088, 0.638046297258225, 0.6152937570991723, 0.6456336070230042, 0.6417316681017048, 0.6495411048332848, 0.5635538909962211], "training_time": 793.8912124633789, "avg_gradient": 0.007346328615346256, "memory_usage": 935.31640625}