{"train_losses": [0.3050895791662776, 0.29554833779516426, 0.2861330277569916, 0.27441856467529485, 0.25981922884998115, 0.2514126490315665, 0.23980123638782813, 0.2287485808458017, 0.2173453032484521, 0.2090748537979696, 0.19948033656439054, 0.19347240306113078, 0.18394031254169735, 0.1804859141778687, 0.17354228647182818, 0.16936013936672523, 0.1623202073995186, 0.1584426348462053, 0.14939781873608413, 0.14807844587156307, 0.14139337554250075, 0.14155581144049115, 0.13464692162106867, 0.12841939824916745, 0.12478634767720233, 0.12762171681970358, 0.12050043900861689, 0.11323329215140446, 0.10789252113064994, 0.10921173105421274, 0.10943108784925679, 0.09979915153235197, 0.09519064094385375, 0.08942514876632587, 0.08665171342537455, 0.08452029315673787, 0.08454732677858809, 0.0782772272663272, 0.08962589708845252], "val_losses": [0.3408373957094939, 0.3017343230869459, 0.29203748314276984, 0.28490878350060916, 0.2594891818969146, 0.2542330862387367, 0.2385882566804471, 0.25887616658988205, 0.22621166446934576, 0.2087579836016116, 0.20110578413890756, 0.22007266561622205, 0.1952788113899853, 0.20292362829913263, 0.18436669623074325, 0.17843073282552802, 0.1797553569726322, 0.18471481651067734, 0.1751773318518763, 0.17991179389798123, 0.1867690650017365, 0.17897913540187088, 0.1831649525657944, 0.1804660422646481, 0.1956720245273217, 0.1689886946393096, 0.17159928899744284, 0.16948797165051752, 0.16237752366325128, 0.16327992243611295, 0.1689210391562918, 0.16143625132415607, 0.16625668011281802, 0.1668348428995713, 0.1705271378159523, 0.17296666619570358, 0.17466335938028668, 0.17985918470050977, 0.20232361295948859], "train_ious": [0.36549646225055626, 0.37833574851569945, 0.3929142820230429, 0.410914586578511, 0.4369849937885866, 0.46591200671933175, 0.497093760435456, 0.5267901713217514, 0.5484076838508465, 0.5634579322962227, 0.5819521837908287, 0.5915135455628235, 0.6084455258172493, 0.6151852392578037, 0.628853385647138, 0.6362999994577708, 0.6472058407152474, 0.656563527342202, 0.6720415913648367, 0.6736633402389893, 0.6866144191311757, 0.6865958509345848, 0.6994691190944203, 0.7099220109698564, 0.7164765904131143, 0.7117637723036428, 0.7249992330545101, 0.7384237087723138, 0.7487046420034289, 0.7469225755312305, 0.7463274059304292, 0.7648647181905696, 0.7745261063826254, 0.7866243157481803, 0.792344694876153, 0.7970057195727381, 0.7967640670097389, 0.8107439340024757, 0.7880621156722737], "val_ious": [0.30033928868563275, 0.3833233491666075, 0.3927880052639091, 0.4055499676345051, 0.4429334488906558, 0.4642925039473652, 0.5166723638557005, 0.515552001154941, 0.5336225052242696, 0.5662552145296247, 0.5842263026945834, 0.5609777414280436, 0.5862060526142949, 0.5931475914042929, 0.6123586802378944, 0.6262802773195763, 0.6208840198274973, 0.6193853387798088, 0.6406476944684982, 0.6295922955741055, 0.6238588794418003, 0.6316890355901443, 0.6243927675312844, 0.6279195902356204, 0.6289141823848088, 0.6540079313343851, 0.661929706732432, 0.6600545977336774, 0.6696734914313193, 0.655558763422828, 0.6628447999988776, 0.6764292380084163, 0.6727849845437037, 0.6755266288916268, 0.6726679413214974, 0.6637501081694729, 0.6723203695770622, 0.6701411015313604, 0.6407011412624], "training_time": 929.5305650234222, "avg_gradient": 0.0045434678614167, "memory_usage": 935.31640625}