{"train_losses": [0.30842958520288055, 0.2976815319903519, 0.29174028693333914, 0.2895135153894839, 0.277278994007603, 0.2673002945502167, 0.2561379923768666, 0.2445182882897232, 0.23261710726048634, 0.22486421716925892, 0.21275599916344104, 0.20569601695498693, 0.19688136956613997, 0.18991598478801872, 0.18240380100905895, 0.1746014801218458, 0.1699541734288568, 0.16340606651552345, 0.15558893184946931, 0.15277845092603695, 0.1497081406009586, 0.1414315428827768, 0.13914085892231567, 0.13460689556339514, 0.1305560954320042, 0.12625040057236733, 0.12490044092840474, 0.12315201560926178, 0.11286004713695982, 0.12110141968435567, 0.11141105077188948, 0.10167983891037495, 0.0972612954919105, 0.09391995940519415, 0.10496820724042862], "val_losses": [0.30831901340380957, 0.3237222309993661, 0.3394681597533433, 0.28725985210874805, 0.2647927056836045, 0.2846867455088574, 0.3061133597208106, 0.2624920509431673, 0.23452090439589127, 0.2584003644145053, 0.2127835533541182, 0.21454111454279526, 0.2030890422022861, 0.19972552942193073, 0.19566093028887457, 0.194102399699066, 0.19276466512161752, 0.18543759830619977, 0.1808534002174502, 0.20097003941950592, 0.17436908703783285, 0.18010527413824332, 0.17443461845750394, 0.17527055805144104, 0.17360838405464007, 0.18846612099720084, 0.19268466402655063, 0.16652438562849295, 0.16236163368043693, 0.18646166182082632, 0.1788345050552617, 0.1706647911797399, 0.1672034973035688, 0.16774756299412769, 0.17889346959798233], "train_ious": [0.3586407930404517, 0.37725331920428534, 0.38642162700062205, 0.39117832228109484, 0.4085204661023983, 0.4369197760336818, 0.4686963356174259, 0.4934814148650005, 0.5181020966906474, 0.5337676859960178, 0.5554189226063698, 0.5681150661430499, 0.5849291274621006, 0.5981757688079626, 0.6115648926816124, 0.6257040222593838, 0.6346885382157305, 0.6465163572110992, 0.6620557807601875, 0.6664739451438622, 0.6722432455398898, 0.6871314011514189, 0.6906197957046651, 0.6989190135745033, 0.7069407253917579, 0.7149052482800208, 0.7168260092536608, 0.7199098603341022, 0.7398520350132296, 0.7244772340400496, 0.7427157305612941, 0.7615432137812391, 0.7705375331359497, 0.7775356851626135, 0.7561862748386206], "val_ious": [0.37510551404261927, 0.36909643074740534, 0.3672060631755469, 0.3892581689616909, 0.421923286940633, 0.4520221280230992, 0.4409108830521396, 0.4969001493376235, 0.5206660284944202, 0.4746412726632062, 0.5624672420646832, 0.562602094118146, 0.5621511843325437, 0.5931913183219192, 0.5811732695370482, 0.5869413496575493, 0.6038644371041355, 0.6161914055330164, 0.6202852395565612, 0.5851302174986271, 0.6198821668175681, 0.6234404291363731, 0.6340902816990147, 0.6243469408456831, 0.6412731216869494, 0.6238603948251059, 0.6211056966280595, 0.6523673203976258, 0.6595506603303163, 0.623702443164328, 0.6454641112814778, 0.6565379753060964, 0.6611861809008363, 0.6667056113913439, 0.6374472656111788], "training_time": 830.0861070156097, "avg_gradient": 0.0033510093585168597, "memory_usage": 935.31640625}