{"train_losses": [0.30720617832696956, 0.29697348598552786, 0.2917136412275874, 0.2875619948558185, 0.2766081333646308, 0.26334693938817666, 0.2544863752858794, 0.24492784273689208, 0.23588986289889916, 0.22781464457511902, 0.2159408512322799, 0.20439479208510855, 0.19442712280737318, 0.18612864710714505, 0.18089650166423424, 0.17339152802267802, 0.16638080678556277, 0.16253721819299718, 0.15528195642906686, 0.15349724896900033, 0.14540917843418277, 0.13988263370550197, 0.13551247172543537, 0.1331902803124293, 0.12805825739127139, 0.12411988603518061, 0.12175735418239365, 0.12155201938003302, 0.11270546483928742, 0.10828927576379932, 0.10728090507504733, 0.10466051866988772, 0.10311510867398718, 0.10232523687021888, 0.09548984577312418, 0.0912824336277402, 0.0924051929589199, 0.08508122740718334, 0.08166614737685608], "val_losses": [0.2984759788150373, 0.29614613431951275, 0.29259590545426245, 0.3165950509517089, 0.2779138574133749, 0.2667986381313075, 0.24943011092103046, 0.24621015981487607, 0.24062887805959451, 0.23465220662562744, 0.27902772245199786, 0.21184508664452512, 0.21589844868234967, 0.19537387529145117, 0.19218180749727332, 0.17519786014505054, 0.1873234801966211, 0.17369314477495526, 0.16797604249871295, 0.1673831262666246, 0.16666791166948236, 0.16216882577408914, 0.1634545203136361, 0.1632363669898199, 0.1592228801354118, 0.16201003090195035, 0.18536210319270258, 0.1625442440095155, 0.15372838938365813, 0.15649917592173038, 0.15892314910888672, 0.16661233454942703, 0.1536018913206847, 0.16548139180826105, 0.15788059454897177, 0.16651034679101862, 0.164741443551105, 0.15996760972168134, 0.16940935603950336], "train_ious": [0.3609613562829495, 0.3767122422223505, 0.3844413097030011, 0.39067804095321845, 0.4081810230146284, 0.426120014041073, 0.44179901305308034, 0.4766652119199179, 0.5075008957849246, 0.5229855936992428, 0.544662631319269, 0.5709921569441969, 0.5911564537580462, 0.6070966033831884, 0.6161965213014159, 0.6294878144896981, 0.6428372496064156, 0.6500246566382873, 0.6633767608175242, 0.6669909584781402, 0.6806283148302548, 0.6911055379803628, 0.6985014649512975, 0.7027057512946747, 0.7118012770146563, 0.7192671772470507, 0.723675777568765, 0.7240537493557169, 0.7401570028800898, 0.7489809924601644, 0.7502516757534893, 0.7556125536776971, 0.7586373016238214, 0.7607778057563995, 0.7740461977495664, 0.7824572276701965, 0.7801702754653018, 0.7952563722712407, 0.8026981729528181], "val_ious": [0.37686730230200105, 0.37838857091855305, 0.3883304090603539, 0.38562276549097413, 0.4112438397563021, 0.42275817454725056, 0.4449123479303587, 0.49433554795341217, 0.4977270290255549, 0.5003495260101299, 0.4963997977151387, 0.5600687603371729, 0.5778077378653099, 0.5736590004053669, 0.5938457186887229, 0.6273700216974036, 0.6021550610877467, 0.6349932711193527, 0.6436609975669697, 0.645956402239592, 0.6496326526006062, 0.6499652666026268, 0.6571699832228647, 0.6593064758656682, 0.6604025076696839, 0.6590542974679368, 0.6263439764363178, 0.6633532038633374, 0.6788667172625444, 0.6739757378464158, 0.6754636431949725, 0.6656217248975367, 0.6806226554124252, 0.6707158136195029, 0.6776702010977096, 0.667886040996814, 0.6757510602474214, 0.6777406205301698, 0.6763090134962744], "training_time": 928.0113017559052, "avg_gradient": 0.002735091512135016, "memory_usage": 935.31640625}