{
  "train_losses": [
    0.28785188042599225, 0.25004912127295265, 0.2212341406747051,
    0.197693876841146, 0.1867568258843992, 0.17536890644418157,
    0.16520525490784127, 0.1557530259065654, 0.1495420077572698,
    0.14196965669322273, 0.13535272431276416, 0.12826796438868926,
    0.12471643616647823, 0.11666158955220295, 0.10996367636582126,
    0.10583014996803325, 0.09758813067784776, 0.09273371780696123,
    0.08858751906486957, 0.08453658405367447, 0.08012868188645529,
    0.08260577508126912, 0.07181771354668814, 0.06552160634537754,
    0.06207936066810204, 0.05913333811432771, 0.057603354464568525,
    0.0581582338022797, 0.055425456947768514, 0.06204051979938927
  ],
  "val_losses": [
    0.2710516154766083, 0.24331958883482477, 0.2193991956503495,
    0.19964998668950537, 0.18714244858078335, 0.174458226431971,
    0.16812817752361298, 0.1654474019356396, 0.15789723039969153,
    0.15886341440288917, 0.1529717033971911, 0.1556567499495071,
    0.15572007291990778, 0.16288798431987347, 0.1481592768560285,
    0.15242009188817895, 0.1619335555511972, 0.1574714175708916,
    0.1623975511478341, 0.16703671605690665, 0.15665778857858284,
    0.16270609847877338, 0.15824994412453278, 0.16031402641016504,
    0.16401826331148978, 0.1731626977739127, 0.16929817685614462,
    0.1743076051706853, 0.1759158789139727, 0.19535911439553552
  ],
  "train_ious": [
    0.39307281935509586, 0.4574850508858711, 0.5400335344526431,
    0.5847765037762948, 0.6063900116453136, 0.627615660429001,
    0.6452671511881595, 0.6631395320637505, 0.6745401313123499,
    0.6900711963898033, 0.7008148889610731, 0.7138503824995048,
    0.7207329586904117, 0.7359370692376642, 0.7487180285911627,
    0.7561546232065429, 0.7726598231904755, 0.7819256855417851,
    0.7904263984249988, 0.7990685661417853, 0.8084420679488046,
    0.8036574368783529, 0.8261799221669419, 0.8399845751515334,
    0.8474842235445976, 0.8540923174308697, 0.8575798004217768,
    0.856459504344325, 0.8624599388112194, 0.8495742882723392
  ],
  "val_ious": [
    0.4239578484625055, 0.49882277695165184, 0.5556691231718962,
    0.5812341674514441, 0.6048420285401136, 0.6303001156319742,
    0.6419082819551661, 0.6504050618496492, 0.6646984154763429,
    0.6625668747701507, 0.6735827601042348, 0.669402327226556,
    0.6730490134678023, 0.6658962260985722, 0.6860355419525201,
    0.6824441724929255, 0.6784847396007484, 0.6757749057766322,
    0.6798203514106033, 0.6794305128463799, 0.6807395589092503,
    0.6819608595924099, 0.6935103287299473, 0.6948404420113219,
    0.6927787255549775, 0.692286261613818, 0.691591217034105,
    0.6911703918291175, 0.6939703457165454, 0.657512099414632
  ],
  "training_time": 538.6996557712555,
  "avg_gradient": 0.014384451083244206,
  "memory_usage": 745.21484375
}
