{"train_losses": [0.3222216383918472, 0.293897717219332, 0.2888381649618563, 0.27714658739126247, 0.26326264789246995, 0.2541418717769177, 0.242080957831248, 0.22948192570196546, 0.21873883724860524, 0.2108609031723893, 0.19929737905445305, 0.1901075201837913, 0.18482213831790115, 0.17872721159263796, 0.1714794941894386, 0.16741303378797096, 0.15976199256661144, 0.15563819387360758, 0.15068668240438338, 0.14773518397756244, 0.14219642422445442, 0.13744165740259315, 0.134949024118807, 0.12707259514085625, 0.12143963761627674, 0.11625328591174405, 0.11878273810219506, 0.11353883094599714, 0.10365028181315764, 0.10198479097174562, 0.10027895187554152], "val_losses": [0.30184990621131397, 0.29470871000186255, 0.293825094466624, 0.28638286467479623, 0.25981247198322543, 0.24559318241865738, 0.23786990279736725, 0.22264694811209387, 0.2192135579560114, 0.2172825407722722, 0.20485484826823938, 0.20148040127495062, 0.18893308613611304, 0.17709863704183829, 0.19212218762739844, 0.17742040397032446, 0.18029193515362946, 0.1705015149453412, 0.17301984260911527, 0.17862216091674307, 0.1636378868766453, 0.17493197062741156, 0.18562128232873004, 0.1685514822602272, 0.16296698995258496, 0.1814025141622709, 0.1806252993967222, 0.1591480923411639, 0.17219920262046481, 0.17008032487786334, 0.17681195133406183], "train_ious": [0.33361952292292757, 0.38228759115588845, 0.39035559105484396, 0.4080113109363164, 0.4278577164851555, 0.4582628987035064, 0.49882494503011304, 0.5249331733886747, 0.5465070493249361, 0.560692943038716, 0.5809199630242329, 0.6008226928179676, 0.6089463015019462, 0.6204312590045342, 0.6349475366751789, 0.6403730936024498, 0.654915302128032, 0.6613938019111537, 0.6711207203890969, 0.6758374274316905, 0.6863983227614908, 0.6939608598856821, 0.6995770129496637, 0.7138183196817619, 0.7235000168607724, 0.7331870315947395, 0.72837379893315, 0.7379156739275523, 0.7573697431471899, 0.7604395359538603, 0.7642739709952606], "val_ious": [0.3732125506452892, 0.38087194747682945, 0.3856075449266296, 0.4059664276630982, 0.4338032486646071, 0.48010853016614047, 0.5164701101788577, 0.5463104943434398, 0.5537773025208623, 0.5319914384812549, 0.556636326500903, 0.5973822865365207, 0.5955127710881439, 0.6212470777656719, 0.6040873721889828, 0.6266860620699068, 0.6232227847196055, 0.6409723097863405, 0.6307862264954525, 0.6389455149571103, 0.6526900529861449, 0.6373994289964869, 0.6131367458813433, 0.6568703971047335, 0.6612525843623756, 0.6415882952835249, 0.6336041585258816, 0.676155768226886, 0.6625710129737853, 0.6692661336366682, 0.6514439716719198], "training_time": 735.4392974376678, "avg_gradient": 0.003681694751337926, "memory_usage": 935.31640625}