{"train_losses": [0.31468088924884796, 0.3030876104274522, 0.29791779022501863, 0.2945746363181135, 0.2901989511497643, 0.2854144610464573, 0.27494408627567085, 0.26318421668332553, 0.2504687831615624, 0.23799865587573985, 0.22667492334933384, 0.21567508537808192, 0.20410101544921813, 0.19526288666478966, 0.1888495603495318, 0.17918765771648157, 0.17569540611103826, 0.1687108796575795, 0.16188871107347633, 0.15863478774933712, 0.15464607075504636, 0.14688257431692403, 0.14546971164805733, 0.13895695292107438, 0.13572312494658906], "val_losses": [0.3547150350135306, 0.30413335885690607, 0.29531634890514874, 0.2955051038576209, 0.3029769432285558, 0.28444292299125506, 0.2659831192830335, 0.25963621748530347, 0.29395220137160755, 0.23735987233078998, 0.24151604849359262, 0.22882170262544052, 0.2524240975794585, 0.20497171613185303, 0.19788558424814887, 0.1907901145193888, 0.18429207348305246, 0.175809893919074, 0.19776523534370505, 0.17409646673047025, 0.17426267460636471, 0.18855530250331629, 0.17114465618910996, 0.16931843304115793, 0.21498485298260397], "train_ious": [0.345858801220359, 0.3668660135151804, 0.37610055674679027, 0.38027747535176365, 0.3861332608863858, 0.3931023374905344, 0.4110607136237733, 0.4414401431277982, 0.47171563692930824, 0.5014202444665676, 0.5298720893409593, 0.5531433444686125, 0.5740284402787255, 0.5897724292092567, 0.6011430190039286, 0.619829309753318, 0.6245416758878936, 0.6370313293368056, 0.6501990492469159, 0.6555851609378621, 0.6625874394523926, 0.6767232404022979, 0.679227092181859, 0.6912928972987159, 0.6971341356419137], "val_ious": [0.33648991457902, 0.363859509859759, 0.3801167292007501, 0.37450487112653436, 0.3676529153101686, 0.38964737606221356, 0.43210411185155734, 0.45859425663408165, 0.42547532829685486, 0.5109308764770412, 0.4994673752158448, 0.5268655462541441, 0.5066111723797909, 0.5801611667957859, 0.5964093858349152, 0.600178667600604, 0.612836920912715, 0.6276317033646763, 0.5996671366518824, 0.6321649935798369, 0.6336933640034301, 0.5976615075183951, 0.6368661969900131, 0.6390621206466703, 0.5936093905913656], "training_time": 591.6070306301117, "avg_gradient": 0.004536430505562912, "memory_usage": 935.31640625}