{"train_losses": [0.30658671000729437, 0.29137254506349564, 0.27717877802965435, 0.2632745500330044, 0.251415788722427, 0.23901288025081158, 0.22778318214999593, 0.21672154371829136, 0.20626163077743156, 0.1974768749559703, 0.1883834455486225, 0.18384256181509598, 0.17368621654484584, 0.17003255353673644, 0.1644086479816748, 0.15914579148849714, 0.15247840997155593, 0.14887076069641372, 0.14727122296133768, 0.136892588161256, 0.1345348145974719, 0.1301556837785503, 0.13116276652916617, 0.12113682812322742, 0.12406900059431791, 0.11467620058228141, 0.11049008353248886, 0.10624024199078912, 0.10154585463359304, 0.09859947354087363, 0.09394565078875293, 0.09033348625930755, 0.0985902008883979], "val_losses": [0.3133686418118684, 0.28944180193154706, 0.273533781585486, 0.270058492279571, 0.2549995958157208, 0.23650717281776926, 0.22830451312272446, 0.22378484613221625, 0.20520442756621735, 0.19459541368743646, 0.1927183730446774, 0.19871568582628085, 0.2006904375941857, 0.19993882885445718, 0.179116522812325, 0.17943235130413718, 0.17311380479646765, 0.18099543776201166, 0.17357231611790863, 0.17158170919055524, 0.17219789390978607, 0.17531834251206854, 0.16686295232047205, 0.16364696557107178, 0.1677717129173486, 0.16932272749102634, 0.17090892014296158, 0.1668459714754768, 0.1685120680409929, 0.17133005060579465, 0.17077691853046417, 0.1773017307986384, 0.17755186331012976], "train_ious": [0.35827830461386745, 0.3851438517263834, 0.4084284655698445, 0.4349005049552945, 0.477280329079435, 0.5049483168303319, 0.5281017821660076, 0.549534838457686, 0.5682955956275485, 0.5850833941898916, 0.6015379547101002, 0.6124232242666723, 0.6289035784269591, 0.6356291003201315, 0.6462712810523267, 0.655022774485574, 0.6670882233243055, 0.6738194220199965, 0.677029723706453, 0.6953001798171066, 0.6996848299775434, 0.7069676467150018, 0.7066885001309539, 0.7241048985633296, 0.7189142561477163, 0.7356127045400768, 0.7442326903667135, 0.7528142972268922, 0.7617484968209617, 0.7675882937467619, 0.7773346453905106, 0.7849038613123306, 0.768460458009571], "val_ious": [0.3872824972090514, 0.39303649767585425, 0.417787121689838, 0.46594899579666654, 0.4776633612379647, 0.5187674496268881, 0.5326115347552991, 0.5530142040140387, 0.5756305040440699, 0.5898800905847894, 0.6013316278872282, 0.5967862947263579, 0.5870260515290758, 0.5929886223613352, 0.6212239220090534, 0.6346853487733479, 0.6344997692799222, 0.6333877522012461, 0.6446459792230442, 0.6454807936713315, 0.6400507755469583, 0.6443093168562736, 0.6568930857423422, 0.6554075645795767, 0.6608067923697872, 0.6577305880145751, 0.6605994643076606, 0.6698445247999135, 0.6658164975435837, 0.6631418321875558, 0.6680488852055175, 0.6569370944862782, 0.6559435403433399], "training_time": 783.024327993393, "avg_gradient": 0.0023850375195574973, "memory_usage": 935.31640625}