{"train_losses": [0.2661376925914184, 0.2158362058031818, 0.19510070412703182, 0.18085093034998231, 0.16972298134604227, 0.15969811331318773, 0.15264078626490157, 0.14534108429823234, 0.14115911823413943, 0.13688989408800137, 0.13187908972411053, 0.1277791572653729, 0.12255456764250994, 0.11849916329526383, 0.11716128630644601, 0.11260990429993557, 0.1087390667475436, 0.10733687711636657, 0.1012776087888557, 0.09873046045717986, 0.0975482715698688, 0.09437839245504659, 0.09434710256755352, 0.0938115434964066, 0.08681855553194233, 0.08420904555722424, 0.08105282983540193, 0.0818587822596664, 0.08223932135202315, 0.08361092691674181, 0.07550073200431855, 0.0717213409750358, 0.07464169081219513], "val_losses": [0.22781153509150381, 0.21679698740658554, 0.18971315058677093, 0.17562956233387408, 0.16803253150504568, 0.15749032503884772, 0.15451452071252075, 0.1584416937244975, 0.15613750400750534, 0.14005230059442314, 0.14219204806115315, 0.13584645821348482, 0.13870107722671135, 0.13570214079126067, 0.13438110296492992, 0.13079831279490306, 0.1322364914028541, 0.12979168169524358, 0.14061613559075023, 0.13443845429498216, 0.1364825094199699, 0.131587244246317, 0.14667972857537476, 0.13268207029803938, 0.13273199955406395, 0.13440194321067436, 0.13768367307341617, 0.1400100454364134, 0.1392561500163182, 0.1329517404994239, 0.13141336988495744, 0.14031284772183583, 0.15380439648161764], "train_ious": [0.4637563690219238, 0.5575772548175377, 0.5941976533419845, 0.6197718846733157, 0.6397411324947643, 0.6586049205043177, 0.672536656746398, 0.6862654976438786, 0.6937088688862493, 0.7014033758769863, 0.7104248866654821, 0.7176880715549857, 0.7280462987289051, 0.7348820889449638, 0.7373471521920915, 0.7452557809866858, 0.7524748420801718, 0.7553807888989862, 0.7662033067773217, 0.7712980051511439, 0.7732349609335261, 0.7789767226879143, 0.7794616451837882, 0.7794730729167014, 0.7932712268354235, 0.7984654009342195, 0.8045511259764864, 0.8032201398973883, 0.8027382977846741, 0.7996555673687359, 0.815943067488463, 0.8240139412059299, 0.8184708553379864], "val_ious": [0.5394915326134019, 0.548327792921792, 0.6043417633011721, 0.633778458704119, 0.6459567572759545, 0.6632297699866087, 0.6672399123941645, 0.6739827467911484, 0.6718593429828036, 0.6960331883983336, 0.693959322096645, 0.7028472684863685, 0.7008026987314224, 0.7061395789834038, 0.7083899432766263, 0.7157547959814899, 0.7175829533649529, 0.7198027920895728, 0.7099868972664294, 0.71640131784522, 0.719119314266288, 0.724308733706889, 0.7010348180065984, 0.7217089916053024, 0.7261832121057786, 0.7245319841996484, 0.7278840090485588, 0.7200666389603545, 0.7192424710678018, 0.7232410039590751, 0.7314298753289209, 0.7306723998508593, 0.6992251043734343], "training_time": 603.3096182346344, "avg_gradient": 0.0074566380137439485, "memory_usage": 856.21484375}