{
  "train_losses": [
    0.27121583234680735, 0.22789044127516125, 0.19998723916385486,
    0.18408792652189732, 0.17006749756958173, 0.16104130082480286,
    0.15211104901264544, 0.14425402333069107, 0.14040714850568253,
    0.13722638579328422, 0.12998763925355414, 0.12622949744210296,
    0.12357078273983105, 0.11763572814347951, 0.11707367217573135,
    0.11212524913413369, 0.10933357165397509, 0.10735800303518772,
    0.10030302543031133, 0.09886291728395483, 0.09534816856941451,
    0.09262378307302362, 0.0928899290688012, 0.08871163209171398,
    0.08423336668182975, 0.08319015270503967, 0.08170748919086612,
    0.08171381602954605, 0.08043014950564374, 0.07559159539801918,
    0.0726181715524391, 0.07052130489002752, 0.0684816076055817,
    0.07862923478545703
  ],
  "val_losses": [
    0.2577201992921207, 0.20666654213615085, 0.21242793195921442,
    0.17565422440352646, 0.1711289691536323, 0.18324621086535248,
    0.15700624202904495, 0.15102068075667258, 0.1442880894502868,
    0.15072847125322922, 0.13952386848952458, 0.1353938974764036,
    0.13404534643758897, 0.13683040569657864, 0.1387957511064799,
    0.13324777668584947, 0.14188366383314133, 0.13431077904027441,
    0.1373971182367076, 0.1335059412471626, 0.13090589189011118,
    0.13944122924104982, 0.13519836557300194, 0.13360405518956806,
    0.1339660983370698, 0.13202543362327243, 0.14096658288136774,
    0.1364970984666244, 0.13477605597480483, 0.134646063103624,
    0.1339798590735249, 0.13379725376548973, 0.13292880080964253,
    0.14011646062135696
  ],
  "train_ious": [
    0.45949357389337425, 0.5348779697619054, 0.5864885814379953,
    0.6151194670710012, 0.6413909135305363, 0.6569850091161071,
    0.6740240749457608, 0.6876830427327021, 0.6951735020763633,
    0.7020820319328619, 0.7139253427908909, 0.7206696963504602,
    0.7265861775672089, 0.735932302161835, 0.7370240783345873,
    0.7461898791185326, 0.7517077049267463, 0.7550734600079233,
    0.7686962888076687, 0.7705832899048708, 0.7776838164722573,
    0.7826106960790745, 0.7816923980911575, 0.7896993997628275,
    0.7990387846054375, 0.800977595744358, 0.8038905256468318,
    0.8043698537824813, 0.8061862824403722, 0.8161456092544224,
    0.822278098459693, 0.826880850545738, 0.8316566727083667, 0.8115651987601015
  ],
  "val_ious": [
    0.48825420989938395, 0.5696925693663996, 0.5878326383189878,
    0.6308984365584194, 0.6350588072901185, 0.618654500315155,
    0.6652984152669492, 0.680534101050833, 0.6889625837405524,
    0.682620985352475, 0.6990397371675657, 0.7050283676472264,
    0.7092238915139351, 0.7024134475251903, 0.7053146878446358,
    0.7120153294957202, 0.6982236610374587, 0.7130177332007368,
    0.7099678723708445, 0.7184818749842438, 0.7262268044810363,
    0.7135621905326842, 0.7168296687844872, 0.7218900916800983,
    0.7234935581252194, 0.7310189807760542, 0.726167283844257,
    0.7152723417333935, 0.7275131817745126, 0.7280451290417408,
    0.7344391939864643, 0.7357690943324049, 0.735775443090909,
    0.7089510071968688
  ],
  "training_time": 622.5601382255554,
  "avg_gradient": 0.003242033873063239,
  "memory_usage": 858.83984375
}
