{"train_losses": [0.26780935223011865, 0.21403718917914058, 0.19036730678509112, 0.1736938447246085, 0.16417493509209674, 0.15528530129433973, 0.14801417181835227, 0.1415929827515198, 0.1381722038773739, 0.13019787678090128, 0.1277806805446744, 0.12610049946638552, 0.1191032504176964, 0.11662035382798185, 0.1122084032015308, 0.10723289794733991, 0.104946780382939, 0.10449121588760096, 0.10049866366645564, 0.09635716927764208, 0.09585943656123203, 0.0954063197840815, 0.0898973434029714, 0.08778438263613245, 0.08551173458766678, 0.08699031959733237, 0.08583991132352663, 0.0788017047326202, 0.07663047034293413, 0.07537429447731246, 0.07607692749360981, 0.0804773868749971, 0.08286516534407502], "val_losses": [0.22896902813859607, 0.19701950867538867, 0.18189976817887762, 0.1676982605586881, 0.1620553858254267, 0.16089080144529758, 0.14889912793169852, 0.16062478753535644, 0.143792354380307, 0.14348606878648634, 0.13663409261599832, 0.13752487544780193, 0.17478904452012933, 0.13224082812666893, 0.13073375772522844, 0.13720871977832005, 0.13505866945437764, 0.13784540088280386, 0.1357313242295514, 0.13208713512057843, 0.13187127657558606, 0.14164992486653122, 0.1323607418200244, 0.1298665903184725, 0.1365117670401283, 0.12797559959732968, 0.1293315521400908, 0.13075322414869847, 0.12886234632004862, 0.13052813255268594, 0.13637725960301317, 0.14492919004481772, 0.14141898667034897], "train_ious": [0.46396517696911865, 0.5614508970546118, 0.6049789675119994, 0.6351066678762436, 0.6522892078087813, 0.667431952566772, 0.6811759568534901, 0.6930697779508604, 0.6996709251965296, 0.7140905630329387, 0.7185329488762049, 0.7209021028509173, 0.7345487087209158, 0.739561482022206, 0.746409696297369, 0.7551419879107375, 0.7594950745503108, 0.7603439610937369, 0.7684281302642996, 0.77576211893904, 0.7765290303614697, 0.777463394554629, 0.7876348482525866, 0.7919858136362786, 0.7962252270916231, 0.7933328515593557, 0.7951817549765114, 0.8093173987623574, 0.8142866865880246, 0.8168766871094704, 0.8154026408126392, 0.8064107243781506, 0.8023767484271009], "val_ious": [0.5371537544373153, 0.5860567300216012, 0.6294725900110991, 0.6476116275441817, 0.6596234993658203, 0.6605158700891163, 0.6802196111800014, 0.6650621104931487, 0.6883928624616155, 0.6923133527887042, 0.7022745168727379, 0.7002352108989937, 0.6694450022085852, 0.7117225992074911, 0.7139899646458419, 0.7057829650415891, 0.7121815355359643, 0.7091890027125676, 0.7153899075760357, 0.7183429724064425, 0.7229179217331653, 0.7054292006769041, 0.7227084483357443, 0.7291814034831695, 0.7228806053382762, 0.7338546413010445, 0.7302576629579932, 0.733606690297956, 0.7343212018410362, 0.7353136092424393, 0.7252331544523654, 0.7155427001956582, 0.7211427578459615], "training_time": 604.561026096344, "avg_gradient": 0.004040549983077959, "memory_usage": 858.83984375}