{"train_losses": [0.2656642617252858, 0.22386266525996767, 0.19715469937933527, 0.17831079896701418, 0.16569522322843905, 0.1569585586371629, 0.1517353911033791, 0.14351461090795373, 0.13949186666666166, 0.13474299321356026, 0.12829570196892903, 0.12711555393331725, 0.12224660133538039, 0.11639366505424613, 0.11465135637832724, 0.11107660688297905, 0.10867698482521203, 0.10429799941408893, 0.10061543276938407, 0.09819560983906621, 0.09874271366583265, 0.09168526890647152, 0.08941306594921195, 0.09061674781791541], "val_losses": [0.25632400324811105, 0.20682166743537653, 0.1945967062012009, 0.20018246445966803, 0.17174225397731946, 0.15461759771341863, 0.15069144235356993, 0.14630810074184253, 0.14846137992065886, 0.13741518119754997, 0.13723353652850442, 0.14550724382633748, 0.13353199900492377, 0.1273509134416995, 0.1381866446007853, 0.13127708953359854, 0.12773511089060618, 0.14651664152093555, 0.16143962125415387, 0.13226056196119473, 0.1396743363660315, 0.1329443101649699, 0.13095238999180173, 0.14032569883958154], "train_ious": [0.46547838903801614, 0.5449650112971449, 0.5920085179471019, 0.6260525588540063, 0.6486430131978748, 0.6643273859028367, 0.675054793394562, 0.6891567074302312, 0.6963744697471456, 0.7056116788931517, 0.7170337550342084, 0.719978276208259, 0.7277114002600965, 0.7384403404658252, 0.7416567251734109, 0.7479028406458488, 0.7524111370785512, 0.7603200942925779, 0.7679884614071986, 0.771869431263295, 0.7708658788731132, 0.7842295969417994, 0.7880281289310558, 0.7859629518419936], "val_ious": [0.4877680370557134, 0.5744077090335928, 0.5985452716333277, 0.6093151536972627, 0.6378863358843155, 0.6688538200181463, 0.6796369664910912, 0.6851139183061711, 0.682095512099888, 0.7015832520049551, 0.7033463580452878, 0.6889996941106908, 0.7104657719964568, 0.7196249335572339, 0.7050138340480087, 0.7157882203658422, 0.7197445557601211, 0.7042880764474041, 0.6914888162543809, 0.7178843822600186, 0.716120020850845, 0.7234105247518293, 0.7227235434279925, 0.712632186602855], "training_time": 437.6580619812012, "avg_gradient": 0.005506612412271238, "memory_usage": 858.83984375}