{"train_losses": [0.26782959756319935, 0.22115260581283466, 0.19501732467957164, 0.17796996025287587, 0.1682260748322891, 0.15702329786575359, 0.1483857158328528, 0.14347775831170703, 0.13924957386663425, 0.13291484688449165, 0.12862229031389175, 0.12465924927559884, 0.12103877370448216, 0.11741315476272417, 0.11518179139365321, 0.11072568830264651, 0.10859388246646394, 0.10499906823362994, 0.09930532887254072, 0.09927071590462457, 0.09588010220423988, 0.09229857563648534, 0.09198259416481723, 0.08613238783310288, 0.08921297129405581, 0.08274909922772128, 0.07871721741621909, 0.08494085624166157, 0.07843468318004972, 0.0744435943906074, 0.07857284972282208], "val_losses": [0.25095040707484534, 0.21359520211167957, 0.21360661121814148, 0.18229286534630734, 0.17713906842729318, 0.1552223496786926, 0.15923453413921854, 0.14467319052504457, 0.15945516380926836, 0.14474653808966928, 0.14088956590579904, 0.14206992591852727, 0.14383432236702545, 0.13553312323663547, 0.13821184295027153, 0.1394664823361065, 0.1338169437063777, 0.13572812323337016, 0.12819076540029567, 0.12861995755330377, 0.12558709635682727, 0.1297481260869814, 0.1320420727133751, 0.12838862431438072, 0.13028108279990114, 0.12708469982380452, 0.13073942518752554, 0.13087715921194656, 0.12897616705816725, 0.14071689513714417, 0.18150631403145584], "train_ious": [0.4600783831800966, 0.5486192270789456, 0.5947136598220769, 0.6250618470535765, 0.6439437142208867, 0.6633479418637962, 0.6789232116138596, 0.6888488698480785, 0.6960993147306686, 0.7081780526517095, 0.716285737744276, 0.7239977650452356, 0.7297524608455703, 0.7363433826012887, 0.7409395418413307, 0.7493985408134217, 0.7526566107096017, 0.7587572420960755, 0.7696386278755426, 0.7696647999835186, 0.7761352744115435, 0.7830866295574367, 0.7833421769673405, 0.7947168123462925, 0.7891926178033808, 0.8009434818573619, 0.8093838469273799, 0.797244902160289, 0.8099532053954358, 0.8181786396797157, 0.8103823383217276], "val_ious": [0.49469951227091363, 0.576227629314298, 0.5817971900105475, 0.6213440361662188, 0.6305010912642961, 0.668136915003044, 0.6662866686997205, 0.6884846527507339, 0.6634900055933689, 0.6899891307820444, 0.697947587871897, 0.6974255893973336, 0.7029831029366757, 0.7096900607364764, 0.7055468092794004, 0.7066797028849091, 0.7182558414296826, 0.7098836138628531, 0.7285408116337182, 0.7268663677184478, 0.7347918226235153, 0.725153352903283, 0.7239055644342863, 0.7327958209359129, 0.7296688526436902, 0.7340490532957987, 0.7347575635581778, 0.7281451261993768, 0.73841442534889, 0.7320225923389628, 0.6719553600186888], "training_time": 568.6259167194366, "avg_gradient": 0.008747632124239695, "memory_usage": 858.83984375}