{"train_losses": [0.2646739431049513, 0.22259925079086554, 0.19197962643659633, 0.17786104839457118, 0.1642052040475866, 0.15515969345427078, 0.14828997988091863, 0.14320114595086678, 0.13610419991385678, 0.1319250991648954, 0.13001348912391975, 0.12334818882948678, 0.11896526558405679, 0.11534429677640615, 0.11182509694734345, 0.1098164444303383], "val_losses": [0.2293519060248914, 0.19656865039597388, 0.1874319395941237, 0.17221350190432175, 0.16703430336454642, 0.15460549392130063, 0.15281918288572974, 0.14152926222785658, 0.1538568224919879, 0.14317476457875708, 0.1374889336850332, 0.13377063996765926, 0.12805285110421802, 0.13469272398430368, 0.1311566779470962, 0.18558130105552467], "train_ious": [0.47070308973121894, 0.5459756223025962, 0.6015104315905034, 0.6276946653058564, 0.6505167715359426, 0.6685155441147694, 0.6798494152616762, 0.6893229653545911, 0.7028931168758347, 0.7110528142016002, 0.7154590593300008, 0.7255668753515121, 0.7343174471803335, 0.7406160640327826, 0.7475493922289733, 0.7510191975836303], "val_ious": [0.5362873186451801, 0.5953286670256352, 0.6043097651091174, 0.6371391646671986, 0.6504716015812279, 0.6664831560590992, 0.6737588352483251, 0.6924639853878297, 0.6740649970977202, 0.6901130179564161, 0.7030829595050951, 0.7076505329729853, 0.718365183559017, 0.7074659671904383, 0.7149700716785763, 0.6610845303621845], "training_time": 292.1977753639221, "avg_gradient": 0.013419155510524137, "memory_usage": 858.83984375}