{
  "train_losses": [
    0.269235291234825, 0.22210793723554714, 0.198353738564512,
    0.177607588874905, 0.16465869124816812, 0.15763342060634625,
    0.15257070432214634, 0.1438117418843119, 0.13855578653190448,
    0.13471838013957377, 0.1311255947727224, 0.12743844002809213,
    0.12249315959279952, 0.11849786527454853, 0.11471585451584795,
    0.11183943445591824, 0.10786925187415403, 0.10557381569853296,
    0.09884153695210167, 0.10242866538465023, 0.09360335763219906,
    0.0930957411132429, 0.09295038810080808, 0.09239592407222676,
    0.08739473605933397, 0.08430259573556807, 0.0800207818088972
  ],
  "val_losses": [
    0.2586284943896791, 0.2338623712244241, 0.17986074122397797,
    0.17447675311047098, 0.1762726216212563, 0.14999844522579855,
    0.1579175866816355, 0.14327842223903406, 0.1450034315171449,
    0.15027063939234483, 0.13687883803377981, 0.13203776384825291,
    0.13046078529694807, 0.13634485864768858, 0.12960186130974605,
    0.129589198400145, 0.12638912042197975, 0.12838786030593125,
    0.13045602631957634, 0.13152194136510725, 0.1318601335844268,
    0.12746042061759078, 0.13715007253315137, 0.1263462622528491,
    0.1339272016092487, 0.125581672658091, 0.13547544829223468
  ],
  "train_ious": [
    0.4599452288416417, 0.5482830024337854, 0.5905962495700176,
    0.6287024464404238, 0.6512981226154858, 0.6635467346919619,
    0.6726284178810701, 0.6903183786873369, 0.6990277681877651,
    0.7070204037903017, 0.7125735832513244, 0.7197228069214717,
    0.7284213577707612, 0.7355474396676255, 0.7417994194488596,
    0.7479131274141263, 0.7541715986486794, 0.7584606510573538,
    0.7714903403235518, 0.7650314747639321, 0.7813847771697289,
    0.7819476290133555, 0.7826136593585433, 0.7831745963489665,
    0.7928307376046113, 0.7993423814034983, 0.8080023080650447
  ],
  "val_ious": [
    0.48978995952917165, 0.5150721874357999, 0.623099698536638,
    0.6299372153437656, 0.6420927373827369, 0.6766205959130024,
    0.6737901134335479, 0.686357887758725, 0.6830710775178411,
    0.6859968257123146, 0.7009661895209465, 0.7088659269654233,
    0.7123005644998688, 0.7024637054705963, 0.7178251713082411,
    0.7181091870086782, 0.7234739253054493, 0.7190663119157155,
    0.7191646252421363, 0.720897104213203, 0.7213809675928478,
    0.7223633538553681, 0.7179443225048593, 0.7309431466071501,
    0.7211069980825202, 0.7348033444605011, 0.723152121340019
  ],
  "training_time": 493.17306327819824,
  "avg_gradient": 0.0029357193427679987,
  "memory_usage": 858.83984375
}
