{"train_losses": [0.2679082185191953, 0.2209790400026933, 0.19430641700392184, 0.17533230360435403, 0.1649280337859755, 0.15607981440489707, 0.1473621611442903, 0.1420835489002259, 0.13730376124705956, 0.13363311099617378, 0.1296240364646782, 0.12400511976169504, 0.12091040643660919, 0.11713873133387255, 0.1114658960343703, 0.1094478240398609, 0.10543134184959142, 0.10343587872288797, 0.0997107339941937, 0.09864140617782655, 0.0954237235305102, 0.09349625626497943], "val_losses": [0.261684979757537, 0.2530516473495442, 0.18977985466304031, 0.1867657472258029, 0.16149526283792828, 0.16725491084482358, 0.158112528855386, 0.1505396408231362, 0.16165783256292343, 0.15165819308680037, 0.1431186137639958, 0.13707179495173952, 0.14760381469260092, 0.13395262201843056, 0.13590679479681927, 0.13804945301102556, 0.1356225938576719, 0.1358613826982353, 0.1374869215423646, 0.13701286409860072, 0.13274256609704183, 0.14536142737969107], "train_ious": [0.45930005978468985, 0.5494781008287185, 0.5965795227043005, 0.6303559734445551, 0.6492784692217474, 0.6643937662027887, 0.6820704170327259, 0.6905730697663799, 0.7006103027665957, 0.7073316061734289, 0.7146875823213567, 0.7241356784774774, 0.7306971233608065, 0.7370845334793346, 0.7476146305384842, 0.7517117649532746, 0.7586678076481475, 0.7616126336481256, 0.7693788596577406, 0.771034083666577, 0.7773315094519357, 0.7812396839692978], "val_ious": [0.47785457115674373, 0.528172074344711, 0.617467239715051, 0.6192157927198686, 0.6574025605467783, 0.6501746998317, 0.6647228624509729, 0.6803486958362053, 0.6682189255952835, 0.6804657094720481, 0.6943090935980064, 0.7054057732440423, 0.695834202826887, 0.7112061618894768, 0.7074828415677167, 0.7139241557190381, 0.711088586328686, 0.7157704685477245, 0.7161093259203263, 0.7144650438989417, 0.7200327321239142, 0.7020521759986877], "training_time": 402.9435031414032, "avg_gradient": 0.00840581737205509, "memory_usage": 858.83984375}