{"train_losses": [0.2609839350309061, 0.2118293250222569, 0.1879904605448246, 0.17440271636714105, 0.1626530342694858, 0.15466696688014528, 0.1447176825174171, 0.1405137820655237, 0.1353616701115085, 0.12959284501393203, 0.12592508724850157, 0.11999594565966855, 0.1172398145351073, 0.1106991492535757, 0.10868048202246428, 0.104427480665238, 0.10191472648116558, 0.09797518797542738, 0.09565416197090046, 0.0914697457185906, 0.09510548975642609, 0.08712690841892491, 0.08397243030207313, 0.08046787167372911, 0.08385571404157774, 0.08064032524176266, 0.07723383856532366], "val_losses": [0.24231109994909036, 0.19194467948830646, 0.17525861412286758, 0.16490107386008554, 0.173586652006792, 0.1517527203844941, 0.170111790785323, 0.14806619756247685, 0.13831899525678676, 0.14314243877711502, 0.13933508972758832, 0.14232343208530676, 0.1313660188537577, 0.12984945738445158, 0.1384211315408997, 0.13779898376568503, 0.13037827254637427, 0.13314411108908447, 0.1296018682744192, 0.13376748464677646, 0.13742894177203593, 0.12960513081887495, 0.13431315302200938, 0.13515655048515485, 0.14600304157837576, 0.13662875411303146, 0.13893136317315308], "train_ious": [0.47889409639427194, 0.5661975886618748, 0.6074001772896104, 0.6310396474664627, 0.6530318409204482, 0.6676951457300916, 0.6857207249580085, 0.6937359168153739, 0.7029158284050834, 0.713593400798846, 0.7205040038063906, 0.7317246634891069, 0.7364249571186048, 0.7482824477272617, 0.7519190280117851, 0.7598803284159604, 0.7640334379629812, 0.7722878355154958, 0.7764975789232528, 0.7841381447362721, 0.7774794041786501, 0.7926706591810005, 0.798748883432236, 0.8058147432579513, 0.7994161646111292, 0.8053842274391134, 0.812629995138749], "val_ious": [0.5132562819382418, 0.6012282768885293, 0.6296343077783999, 0.6487818040709565, 0.640255286425784, 0.6753271695064462, 0.6486461536175961, 0.6841299715249435, 0.6986798026423522, 0.6931159645318984, 0.6995073090428893, 0.697877717622812, 0.7130601341309754, 0.7166218641011612, 0.7078389365603956, 0.7050836421009423, 0.7237630927044411, 0.7159930482722712, 0.72120936754821, 0.7173817293799444, 0.7189479632222135, 0.7287389329378154, 0.727075384578843, 0.7278779060512351, 0.7147697996402131, 0.7251032668611279, 0.7219802078561507], "training_time": 488.9696226119995, "avg_gradient": 0.002728559280937032, "memory_usage": 855.96484375}