{"train_losses": [0.27780675807076954, 0.22534367685084758, 0.19433270961694096, 0.18091434710051701, 0.1653169452253243, 0.1582003154427461, 0.15057542879620325, 0.14358850807437432, 0.1390916965496929, 0.1346414157229921, 0.12972731649389732, 0.12587357672822216, 0.12306558320541745, 0.11935112159699202, 0.11570083147481731, 0.11067985706841169, 0.10782703396904728, 0.10339383420574924, 0.10120023710086294, 0.10201999877134095, 0.09908919518246599, 0.09782143313761639, 0.09194388912747735, 0.09303175305704707, 0.08794766749538806, 0.08417583192172258, 0.08892971196252367, 0.08190979051363209, 0.0785205029356091, 0.07804143951152978, 0.08400110337559295], "val_losses": [0.25405078251724655, 0.23442963445964066, 0.2133176132388737, 0.19757542338060297, 0.17460080786891605, 0.175283155363539, 0.16367068238880322, 0.15655551251509917, 0.16840502538758775, 0.14635344951049142, 0.1432780466325905, 0.13684522797879967, 0.1411388686493687, 0.13804651602454807, 0.136599888296231, 0.148778071222098, 0.1473161093890667, 0.13506034583501195, 0.1417780923454658, 0.1391753125125947, 0.13940963780750398, 0.1309538211511529, 0.12852809918315514, 0.13614139317170434, 0.13070391814993776, 0.13546619126978127, 0.13071550866184029, 0.13195072195452193, 0.1345889809662881, 0.14633840387282165, 0.14350926276782286], "train_ious": [0.44218695506561484, 0.5403527236557094, 0.5974328951451227, 0.6202300986733986, 0.6493048349368401, 0.6621804854468161, 0.6759106954694659, 0.6886323320044986, 0.6981151575303595, 0.7050008797559187, 0.7140688371399178, 0.7215350612026192, 0.7271082544348376, 0.7331042765923164, 0.7398806291537869, 0.7484046235356644, 0.7547514702098954, 0.7627904757425404, 0.7660929525028107, 0.765031929627277, 0.7701923686309139, 0.7725188458419366, 0.7840518711161784, 0.7825335982269136, 0.7915040467312372, 0.7989384822439457, 0.7902056122387667, 0.8033061692680137, 0.8100155871631438, 0.8115480944946192, 0.8002251421735772], "val_ious": [0.48555024950832576, 0.5383827263030453, 0.5699542425032976, 0.6158081612725187, 0.6399214608945707, 0.6266809656568196, 0.6504458763461182, 0.6706072012151498, 0.6427207133476286, 0.6907388973927153, 0.6913155695234521, 0.7024729614672454, 0.699197741306346, 0.7050440644008525, 0.7084913677063539, 0.694381817959357, 0.6982855019362078, 0.7129133017598719, 0.7060183573892153, 0.7084269597046619, 0.7074172518391542, 0.7217984126097915, 0.7249611786742141, 0.7104080062413562, 0.7305033129194507, 0.7228954011115474, 0.7277422350817832, 0.7267682269431546, 0.7277737328971644, 0.714038229075031, 0.7018156617447949], "training_time": 566.1734659671783, "avg_gradient": 0.006221043020873671, "memory_usage": 858.83984375}