{"train_losses": [0.26685210074419563, 0.22219855403122696, 0.19402063500298106, 0.17650215003801428, 0.16417871059282965, 0.1559412585085501, 0.1516537441993537, 0.14623069819872794, 0.13929850608110428, 0.133454783414693, 0.1285886939857965, 0.12671236936812816, 0.12336136003875214, 0.11836325664721105, 0.11470495403298865, 0.11093968683448822, 0.11061195101912903, 0.10597151161535927, 0.10286202034710543, 0.0984812117708118, 0.09732984476115393, 0.0944767160260159, 0.09308882296571265, 0.0886494388560886, 0.09421733523840489, 0.08646970019554315, 0.08145740373141092, 0.07923167040976493, 0.07901915207343257, 0.07824386105589244, 0.08468150562080352, 0.07759498735970777, 0.07439437747487555, 0.07148337034184647, 0.0690470055434043, 0.07201514245294359], "val_losses": [0.2554090871759083, 0.20258000169111334, 0.23639494310254636, 0.16713123574205066, 0.16862107392238534, 0.16721666021191556, 0.15734097539730693, 0.1531627068053121, 0.14370611536761987, 0.1451411851398323, 0.13537855268172597, 0.14560652200294577, 0.13922735643775566, 0.1402381873973038, 0.13516950979828835, 0.13806040163921274, 0.14584850681864697, 0.13165689729478047, 0.13200771662852037, 0.13204989468921785, 0.13677574596975162, 0.13513228880322498, 0.1311405680101851, 0.1301923557792021, 0.13225729423372642, 0.12912748705433763, 0.13241895838924075, 0.13438412871049799, 0.1317682365036529, 0.13744818127673605, 0.1302898655767026, 0.1375137237103089, 0.13705258395360864, 0.1323856784273749, 0.1364510919412841, 0.1352063472504201], "train_ious": [0.4638456421620817, 0.5463628586435663, 0.5970414113253354, 0.6288240869408068, 0.6516322387193423, 0.6662605170538461, 0.6750343272975389, 0.6841053821254465, 0.6976488428055375, 0.7078308287090145, 0.7169718728873176, 0.7201718056871406, 0.7265899016697336, 0.735285779596239, 0.7419914403471393, 0.7483714092792807, 0.7492595662133417, 0.7574292166509491, 0.763549691741017, 0.7712973896144091, 0.7736382797036474, 0.7790206182694092, 0.7813992696827737, 0.7897391021791581, 0.7798746596427933, 0.7939166778671568, 0.8041205089809241, 0.8084877681904945, 0.8093970497341266, 0.8106058270171065, 0.7979620025101777, 0.8118372137347861, 0.8185048217790714, 0.8244729423220611, 0.8298309930208798, 0.8243089705921606], "val_ious": [0.49177043992972025, 0.5785741964760034, 0.533955625001935, 0.6436154244170672, 0.6454989687688109, 0.6470251623271169, 0.6685376739588336, 0.6753654259702434, 0.6902169891889545, 0.688941922524701, 0.704680589446123, 0.6889287619919016, 0.7029086586789809, 0.7001259588245032, 0.7096441418364428, 0.7067231877126554, 0.6962812130433925, 0.7167060977738835, 0.7192984646645144, 0.7202488298433415, 0.7125151945628982, 0.7212262756150704, 0.7232379945723904, 0.7300960162411565, 0.7166958595963494, 0.7302907955819282, 0.7278627429319464, 0.7244654364775921, 0.7318509473748829, 0.7234862321528834, 0.7299936133018439, 0.7309109099965165, 0.7282646285450973, 0.7392448718133181, 0.7356443133043205, 0.7241830158492795], "training_time": 656.7549078464508, "avg_gradient": 0.003945706882432353, "memory_usage": 856.21484375}