{
  "train_losses": [
    0.25825296034631523, 0.2056238269838302, 0.18494568416929763,
    0.16716563993174097, 0.15847515335063572, 0.15028965315255133,
    0.1417571425680881, 0.13685938209781182, 0.1312467042437714,
    0.12918103656367116, 0.12498885227124328, 0.12102819294871195,
    0.11592684066651956, 0.1125672883151666, 0.10965986865694108,
    0.10547119455978922, 0.10372596400101548, 0.10028575356725765,
    0.09646019497481377, 0.09924851775007404, 0.09142988948556392,
    0.08845070644241312, 0.08602235271878865, 0.0845680981874466,
    0.08875618749500616, 0.0823936241314463, 0.07721428807986819,
    0.07452308746945599, 0.07281841398419245, 0.07345071337793184,
    0.07101197388913968, 0.08160094459257695
  ],
  "val_losses": [
    0.2613295067263686, 0.196725868984409, 0.18434224180553271,
    0.1745245080927144, 0.16123479118813638, 0.16012580304042154,
    0.1547066259967244, 0.14571317755009816, 0.14907460886499155,
    0.14262992418978526, 0.15960732734073763, 0.1393500495216121,
    0.13704415799483008, 0.1355332945999892, 0.13267115309186603,
    0.14522334868493286, 0.1405490806893162, 0.13468822124211685,
    0.13393148860853651, 0.12889111236385678, 0.1425541023845258,
    0.13079144578912985, 0.13581396736528561, 0.13870667779575224,
    0.1337393629162208, 0.1293761417593645, 0.13346565790150478,
    0.13158765240855838, 0.1341199782555518, 0.13261328718584517,
    0.14149729340620662, 0.1436152761073216
  ],
  "train_ious": [
    0.48095686242416297, 0.5755756186402361, 0.6138460504943912,
    0.645791582979154, 0.6613950206209781, 0.6765169494285963,
    0.6927027206705964, 0.7011701596387916, 0.7118555606491322,
    0.7140661583322548, 0.7226094052843424, 0.7313850892950657,
    0.7388608092847077, 0.7456574879478718, 0.751247441423112,
    0.7583728263127633, 0.7616340312296926, 0.7682622985347459,
    0.775281171705844, 0.7699714927137766, 0.7848504232107731,
    0.7905583926409051, 0.7950997116125145, 0.7982491989066639,
    0.7904988174745142, 0.8028180327104487, 0.8128481765372169,
    0.818450164967689, 0.8219047398238942, 0.8208522510485371,
    0.825926323407802, 0.8044482257919038
  ],
  "val_ious": [
    0.5003249012473701, 0.5939368242802828, 0.6151607379965162,
    0.6369361970303716, 0.6539736107207725, 0.6589445547349213,
    0.6718742849602216, 0.6870554832444674, 0.6805813120327132,
    0.6871428183023479, 0.6742738465900008, 0.69877379981504,
    0.7081639902747195, 0.7094150017137111, 0.7114983909371971,
    0.7000526740499164, 0.7072871320921442, 0.7116219969331354,
    0.7194188630235369, 0.7229401626880616, 0.7144541127094324,
    0.7270775063746219, 0.7203846910725469, 0.7173792994108752,
    0.7183297194432522, 0.7346768804650377, 0.7319579249706822,
    0.7361705285915431, 0.7363955698151519, 0.731544206323831,
    0.7269525070121324, 0.7189846554960029
  ],
  "training_time": 589.1051824092865,
  "avg_gradient": 0.002391408461940513,
  "memory_usage": 856.21484375
}
