{"train_losses": [0.2670796104585347, 0.2242188958208198, 0.19564586254241673, 0.17671965354162714, 0.16574446743597154, 0.157184350506767, 0.15016282382218735, 0.14442648556407378, 0.13825705704157767, 0.1334729536396006, 0.12993553135058153, 0.12734898046144974, 0.11887959856539965, 0.1181528706346517, 0.11540405986749608, 0.11080962609823632, 0.10676362337139637, 0.10274005094138176, 0.10072823840638866, 0.09731013651775278, 0.0936390208080411, 0.09506028789379027, 0.08962641202885172, 0.08803353134704672, 0.08455062281016422, 0.08498506632674, 0.08077578611024049, 0.08216989416953015, 0.07721386282988217, 0.07610987784826885, 0.07299155571862408], "val_losses": [0.2400413233300914, 0.2352456213987392, 0.19351370729829953, 0.17662228125592935, 0.1667379719083724, 0.16107203617044116, 0.14897539596194806, 0.15077041899380478, 0.1522630896905194, 0.1482531091441279, 0.13954473432639372, 0.13569776568075884, 0.1353067909569844, 0.12995588293542032, 0.1354009096065293, 0.12862875604111215, 0.13093610642396886, 0.1331739785230678, 0.13613837228521056, 0.14094802121753278, 0.12904189429853274, 0.1352173238992691, 0.14348666985397754, 0.14017000389487846, 0.13572729362741762, 0.13578716406355734, 0.13036534627494606, 0.13321856846627983, 0.13624805357793104, 0.13617875086872475, 0.1502893249625745], "train_ious": [0.4648750663424531, 0.5448586065322164, 0.5959935941719927, 0.6280587511542052, 0.6486417781291665, 0.6639436933657398, 0.6759938410334833, 0.687186571890893, 0.6988778551635534, 0.7079859324123546, 0.7135868731184284, 0.7192834426203498, 0.7334027525739392, 0.73576561415541, 0.7394885582228504, 0.749996467506972, 0.7560941049478194, 0.7639183289762856, 0.7667229110240071, 0.7736437838470591, 0.7804982522907461, 0.7782990020038428, 0.7880224304786624, 0.7914100472909816, 0.7975540940204392, 0.7978792455641252, 0.8055840811651689, 0.8032874267386354, 0.8129183902688655, 0.815242524596228, 0.8220126605120256], "val_ious": [0.5128544126299844, 0.528111141337001, 0.602684236523034, 0.6331191969954448, 0.6484875117523083, 0.6577678571144742, 0.6822239516869836, 0.6783473696829616, 0.6799077352751856, 0.6854126775178357, 0.6992532824692519, 0.7070355104363485, 0.7077990422646204, 0.7179031277048414, 0.7102906010721041, 0.7255190226478853, 0.719995996226435, 0.7163084937610489, 0.7160423767307532, 0.7167625908834347, 0.727911556976429, 0.7172976829435515, 0.7109349294417148, 0.7187372668497803, 0.7199155284442762, 0.7257377181364142, 0.7334353414134701, 0.7288641277430715, 0.7325443701035736, 0.7311042519151298, 0.7103859158097836], "training_time": 565.6952123641968, "avg_gradient": 0.005134194334884797, "memory_usage": 858.83984375}