{
  "train_losses": [
    0.25783402432242164, 0.2160301637714324, 0.1915645889290001,
    0.17627000598155934, 0.16460455338592114, 0.15684612876857104,
    0.15020504755818326, 0.14294968986802775, 0.13811027068320825,
    0.1332900009482451, 0.12824566897166811, 0.12291566023360127,
    0.11783273943254481, 0.1162403139245251, 0.11250129888725022,
    0.10987422028151543, 0.10592752476425274, 0.10128553823122512,
    0.10269056260585785, 0.09611131258956764
  ],
  "val_losses": [
    0.25575901794692746, 0.19927576637786368, 0.19263982060162918,
    0.17550473498261493, 0.16162488058857297, 0.16197026812511942,
    0.14764239768619122, 0.14467875011589215, 0.1485202142401882,
    0.14593688463387283, 0.13969530003226321, 0.14226832564758218,
    0.13221205414637274, 0.13102731691754382, 0.13612482486211736,
    0.13059565117177757, 0.1298813304823378, 0.14050647260054297,
    0.12851142607953236, 0.15087922014619992
  ],
  "train_ious": [
    0.47989672718677606, 0.555962966458089, 0.6003439432630936,
    0.6289140137749305, 0.650577080746492, 0.6638540720594102,
    0.6768795707519502, 0.6903696341467075, 0.6983476508462774,
    0.7079530577512755, 0.7170039442894248, 0.7262458308343436,
    0.7356485425886036, 0.7387713997800279, 0.7457877556806894,
    0.749500378696383, 0.7573320209656075, 0.7656824464599289,
    0.7627857163332514, 0.7757177079717319
  ],
  "val_ious": [
    0.5047728111562519, 0.5893392297236815, 0.5975821482530538,
    0.6313906802215439, 0.658615376206412, 0.6527435529059258,
    0.6840568038000577, 0.6866141691587974, 0.6795502544745154,
    0.6867951180623927, 0.6980210400145989, 0.6963753007028414,
    0.7096824762613877, 0.7164459081663604, 0.7069785901601762,
    0.7179493247598842, 0.7169737630132313, 0.7095792151015736,
    0.7224642137686411, 0.6845532025116078
  ],
  "training_time": 364.81774640083313,
  "avg_gradient": 0.004854579969821433,
  "memory_usage": 858.83984375
}
