{"train_losses": [0.2614000551402569, 0.21064846250026123, 0.18563609950892304, 0.1706423436332008, 0.16065186582019794, 0.15217340328609166, 0.14526212924038587, 0.1382680332855038, 0.133103851309937, 0.12905518131573562, 0.12363881034695584, 0.12025762491090142, 0.115148543258724, 0.11587237627447947, 0.11001099459826946, 0.10394526341849047, 0.09960143187123796, 0.09835864882916212, 0.09884828353381675, 0.0914773432052006, 0.09009331906133372, 0.09154044188882994, 0.08317223268196634, 0.08130185536878265, 0.08270564318999, 0.07917778376165939, 0.07679553872541241, 0.07720603700727224, 0.07386891722031262, 0.07097392660849121, 0.07024362158921102, 0.0767367362530659], "val_losses": [0.22738521286974783, 0.19706283477337463, 0.1900720583355945, 0.19707527270783548, 0.15141594993031543, 0.15463928910701172, 0.15478259033483008, 0.14906514889520148, 0.15032915285100107, 0.13717773799663005, 0.1511038451091103, 0.1394510802043521, 0.13989094677178757, 0.1317308810742005, 0.14697993417149005, 0.12859211910677992, 0.12996648462570232, 0.1388046500151572, 0.13108040327611176, 0.13209856204364612, 0.1347494122126828, 0.12734250254605128, 0.12832218068449394, 0.13249912582661794, 0.12861903141374173, 0.129562484667353, 0.13003094656311948, 0.13135208869757858, 0.1312318398900654, 0.13458125487617825, 0.13384675590888315, 0.1369100592058638], "train_ious": [0.47384198256295895, 0.5680224235453034, 0.6128135909312884, 0.6396716558306982, 0.6574159897323971, 0.6726487576961518, 0.6853357844486616, 0.6988239874658377, 0.7077959878505145, 0.7150402248877548, 0.7249227924191431, 0.730806885584109, 0.7405293668093893, 0.7389777823202853, 0.7494410966941409, 0.7609875422996891, 0.7690610116806582, 0.7714037568564863, 0.770733032537543, 0.7838052200774355, 0.7869148942223493, 0.784418364689834, 0.8003025601307551, 0.8042104226955469, 0.8018670831469521, 0.8086468269643581, 0.8135517614259237, 0.8131444196122279, 0.8197071702368014, 0.8255732826132708, 0.827158236093279, 0.8142147456174308], "val_ious": [0.5361127486263496, 0.5917641560452571, 0.6098218385292136, 0.5926178188427634, 0.6749991843665856, 0.6765867542961369, 0.6692065713198287, 0.6811712179063022, 0.6826356569494029, 0.7024497344442036, 0.6877486880706702, 0.7083377667527266, 0.704650836146396, 0.7141470351944799, 0.6893387149641478, 0.7252939365048339, 0.7253166363723034, 0.7116504765075186, 0.7247284326864327, 0.7296250970035357, 0.7169204054103381, 0.7313801680786022, 0.7343144125264621, 0.7333766716545908, 0.7345028951548147, 0.7326770159213439, 0.7356770304234133, 0.7303555044143096, 0.730414710830951, 0.7360534689564638, 0.7338424573342008, 0.7231467988180076], "training_time": 585.0348582267761, "avg_gradient": 0.003888756144160374, "memory_usage": 858.83984375}