{"train_losses": [0.2638028883577689, 0.21678553383959376, 0.19364855260304784, 0.17819447321412357, 0.16451520861490912, 0.15578117626516716, 0.14861170032426066, 0.14241977696023558, 0.13759906630477178, 0.13185726025182268, 0.127599925491149, 0.12611602497813496, 0.12172618204646785, 0.1187455113572271, 0.1102547730602648, 0.10999770717614371, 0.10543049224044966, 0.1026923802235852, 0.09908199496567249, 0.09870151507303766, 0.09323093554247981, 0.0908717400515857, 0.0877135255900414, 0.08695096874852544, 0.08480752166360617, 0.08021758719468894], "val_losses": [0.2606785462602325, 0.22675407580707385, 0.1889563575387001, 0.1729475327807924, 0.1705409858537757, 0.1571913834499276, 0.15327774911471034, 0.15221264245717422, 0.141860065738792, 0.14132309105733168, 0.15192949593715047, 0.13866841307152872, 0.13784675154349077, 0.1404266992340917, 0.13293408553885377, 0.13622999774373096, 0.13861892550535823, 0.1313825364670028, 0.13449354162034782, 0.13455083804286044, 0.1361671498288279, 0.13855039700865746, 0.13435751215919203, 0.13383272193048312, 0.13317896992616032, 0.14405863408161246], "train_ious": [0.46789479253651634, 0.5569480432170458, 0.5985243155526507, 0.6271450137854488, 0.6506089919611167, 0.6675469382409598, 0.6799663914826467, 0.6917566486998745, 0.6994164836579477, 0.711116244179615, 0.7190421522203563, 0.7216918323782909, 0.727986623573562, 0.7351374836719553, 0.7496011141633645, 0.7507171853836895, 0.7591179759390113, 0.7635356142469073, 0.7703488415134128, 0.7715463226364144, 0.7819180243473126, 0.7859356012465293, 0.7921826753063482, 0.7939503590265913, 0.7976385631423064, 0.8070780795769421], "val_ious": [0.4733236138371455, 0.5490510456156039, 0.610677035390467, 0.6342014892809634, 0.6456427623828254, 0.666018787069597, 0.6751099541999294, 0.6730448916770408, 0.6882330053958339, 0.6936143528724061, 0.6790872555280076, 0.7011622764926027, 0.7025536959585936, 0.7084778262221295, 0.7115751209034435, 0.7081380365551382, 0.7100093552599782, 0.7176647689463435, 0.7152103246122167, 0.7184687425260957, 0.7208867103293323, 0.7168112738408905, 0.7203963921553848, 0.7270039380460547, 0.7259005947389465, 0.7068347337021345], "training_time": 475.8885245323181, "avg_gradient": 0.006355784545235687, "memory_usage": 858.83984375}