{"train_losses": [0.26749290955131466, 0.2168677974006404, 0.19742095583806868, 0.18029432395554107, 0.16902460012099016, 0.1616944241458955, 0.15275713449101086, 0.14721295853023944, 0.14036945043050725, 0.1351693141395631, 0.13347823642518208, 0.12647053048662518, 0.12466991591550734, 0.11933607794344425, 0.11775474902242422, 0.11413809163090975, 0.11047498817029207, 0.10656669464610193, 0.10450971908057513, 0.09990161916484004, 0.09869807440301646, 0.09936990771118713, 0.0948612623969498, 0.0909539753895091, 0.08791998992471592, 0.09030939557630083, 0.08558095886331538, 0.08553634972675987, 0.08302204930425985, 0.077347946677195, 0.07512829074150194, 0.0734615312970203, 0.07230573210298367, 0.07255368396315885, 0.07274778656985449, 0.06897667497801392, 0.06698082193084386, 0.0658819969014629, 0.0682117633683526], "val_losses": [0.22911942620640216, 0.21973276624213095, 0.18653172254562378, 0.17292669318292453, 0.17865227778320728, 0.16047977785701337, 0.15124479713647263, 0.1648857149740924, 0.15428762267465176, 0.14816759283775868, 0.14647858654675278, 0.1476370599930701, 0.14260593979902889, 0.14296404191333315, 0.14344539153187172, 0.13717011589071024, 0.1395407570121081, 0.13798201489059822, 0.13325369034124457, 0.14282743179279825, 0.1403711094804432, 0.13391256802107976, 0.13853602159930312, 0.13413732644656431, 0.14771473002822502, 0.13775023753228394, 0.13364225755567136, 0.1340843670718048, 0.1304375168098056, 0.13308083168838336, 0.13077561362929965, 0.1358354057630767, 0.1331491857443167, 0.13686851282482562, 0.14537300428618555, 0.14354278325386668, 0.13516529746677564, 0.14366574018545772, 0.13995418956746225], "train_ious": [0.45981658119168395, 0.5572264316775228, 0.5911997863347979, 0.622422513268564, 0.6445951791129247, 0.6537550342255746, 0.6721418944281942, 0.6822277697316117, 0.6953243850257952, 0.7035863010239778, 0.7073519222330354, 0.721297905712888, 0.7237425536133246, 0.7335809765086654, 0.7365844586621159, 0.7429829233906405, 0.7493601784218052, 0.7569588478384672, 0.7601810711557451, 0.7691809620330304, 0.771533589540184, 0.770574982399526, 0.778929035840691, 0.7856926728525889, 0.7910660620832788, 0.7865688781915372, 0.795941479774057, 0.796923752442218, 0.8009353592127997, 0.8125696419805726, 0.8171250633355499, 0.8205295855152437, 0.8232374716064201, 0.8226796607824337, 0.822080660449422, 0.8302744862394056, 0.8347735514027486, 0.836870965210424, 0.8324071607296015], "val_ious": [0.5438931124365846, 0.5502585697433223, 0.6099703620741331, 0.6316220049840816, 0.6258662600016249, 0.6601367949143702, 0.6739412153112715, 0.6570628950561302, 0.6715374588966371, 0.6793985144383666, 0.6793469598759775, 0.6846990799126418, 0.6940374376549237, 0.6925852858070014, 0.6943553459385167, 0.7053807166175566, 0.7050232250189437, 0.7070897143820057, 0.7154702749373257, 0.7021802108788835, 0.7080073127712029, 0.7181196707314339, 0.7118131224659906, 0.7231516345687536, 0.7139312361461527, 0.7172362912392269, 0.7228822723247004, 0.7180513152177782, 0.7284538301004878, 0.7308507237745367, 0.7293119138997534, 0.7340212103681288, 0.7341758096995562, 0.7246392881092818, 0.7244950826617255, 0.7298612918542777, 0.7344438649606013, 0.7280066319997759, 0.7174043951259143], "training_time": 710.6557352542877, "avg_gradient": 0.0039061428045697143, "memory_usage": 856.21484375}