{"train_losses": [0.2623934488257636, 0.21147955565348917, 0.18701668893513473, 0.1721651751710021, 0.16055794485399258, 0.1521114973432344, 0.14630622331700896, 0.13841069485668256, 0.1337805563260032, 0.1288158040817665, 0.12695559774242018, 0.11955933730401423, 0.11717590701806804, 0.11309702471708474, 0.10996798037186913, 0.10836224027139985, 0.10700218857306501, 0.09912374684506137, 0.09510384840161903, 0.09546635822271524, 0.09026734838667123, 0.09077356690945833, 0.0908702333336291, 0.0829616119356259, 0.08170708017828672, 0.08465484307026086, 0.07950468478805345, 0.0778554912413592, 0.0754485885086267, 0.0735750573930209, 0.0718555114555942, 0.07064450354031894, 0.06722250317587801, 0.06699349024616506], "val_losses": [0.23597242942322855, 0.19427246406026508, 0.17859720762657083, 0.1730275857059852, 0.2012465709577436, 0.15349584591129553, 0.1482539071660975, 0.15518566739300024, 0.14865424872740454, 0.13853621288486148, 0.14297088170829025, 0.13813345830725587, 0.13990919146200884, 0.1353748222084149, 0.1455396340916986, 0.16146207374075186, 0.14049930935320648, 0.12775344741733177, 0.13338357420719188, 0.13429275932519333, 0.1314042941059755, 0.1369500492254029, 0.12964415436853532, 0.13612933051974876, 0.13455091562608015, 0.1396306845480981, 0.1396743237324383, 0.1313793916741143, 0.13450300968859508, 0.13375664194640907, 0.13407825030710385, 0.13657386277032935, 0.13895750758440598, 0.1570591393696225], "train_ious": [0.47397852894188697, 0.566207334426218, 0.6102586338377519, 0.6374001094288583, 0.6593300351954026, 0.6736470797247647, 0.68441486839151, 0.6983920274221379, 0.7068353818486572, 0.7159735782314902, 0.7202624296364578, 0.7338693883755935, 0.7378617663854274, 0.7446686148751478, 0.7505294459237568, 0.7525398088214195, 0.75560703555095, 0.7697877024934773, 0.7772216920511447, 0.7771873119948564, 0.7869015703706638, 0.7860191381279976, 0.7865634838092154, 0.8011986531209254, 0.8039698586731714, 0.797983825800644, 0.8076225342094037, 0.8117125715142575, 0.8166201064984003, 0.8205951721124027, 0.8241353760594907, 0.8266756742976713, 0.8343905668327772, 0.8348633925551958], "val_ious": [0.5218585853775342, 0.5966233245056609, 0.6253871252571328, 0.6376647089702496, 0.6171453860790832, 0.6745909085308298, 0.6785654918007229, 0.6654125467158746, 0.6844858026158982, 0.700675122331882, 0.7000459642082022, 0.7059024105901304, 0.6980444452036983, 0.7140185450730118, 0.69374049919239, 0.6844767710005026, 0.7003724551287251, 0.7261681649563967, 0.7209824263185693, 0.7218011619820112, 0.7251774511043577, 0.7157545804545499, 0.7302760097427645, 0.7292015774958375, 0.7260116338729858, 0.7173472692569097, 0.7268278285645057, 0.732798166896986, 0.7267011118971783, 0.7351035324559696, 0.7293150139891583, 0.733412039236746, 0.7363028202367865, 0.7053942097269971], "training_time": 621.322274684906, "avg_gradient": 0.006336608657028082, "memory_usage": 858.83984375}