{"train_losses": [0.26621019127576245, 0.2212369788600051, 0.1981496244021084, 0.17917193626256092, 0.16652460485372855, 0.15870596683057753, 0.15266895747703055, 0.1460506313520929, 0.13984991480474887, 0.13406135834267605, 0.1305467305785936, 0.12629601869570173, 0.1223540874603002, 0.1214874345485283, 0.11483027348699777, 0.11116071098038684, 0.10955199615462967, 0.10426461923381557, 0.10263197415548822, 0.1014288935162451, 0.09783558952419655, 0.0945104679254734, 0.09061642805033404, 0.09086269658544789, 0.08880766286798146, 0.08417484378847091, 0.0885385709774235, 0.08360760569896387, 0.08051837324772192, 0.07838224652020828, 0.0815385251670428, 0.07718904773988154, 0.07337686698883772, 0.070414907137013, 0.06823396773846901, 0.06797582591357439, 0.07376674097031355], "val_losses": [0.24587910557570664, 0.19952862385822379, 0.18379487129657165, 0.1880053987969523, 0.16069665097672006, 0.14579111353858656, 0.14634319378629976, 0.14325380406301955, 0.14830084566188895, 0.14288069178228793, 0.1415623288763606, 0.1356054740431516, 0.14035117237464242, 0.13253844464602677, 0.1397207583422246, 0.13684209306602893, 0.1366506852209568, 0.13905267644187677, 0.12736410275101662, 0.12991365417838097, 0.1332913909269416, 0.12554928028713103, 0.1309721759803917, 0.13444424307216768, 0.1299503661044266, 0.1330849998023199, 0.13583624622096185, 0.12965723013748293, 0.13077209080043045, 0.13074770845148875, 0.13516986418677412, 0.12912620879385783, 0.13446402322986853, 0.13373065237765727, 0.13573669334468635, 0.13535365851029105, 0.15644852930436964], "train_ious": [0.4648077135527696, 0.5501347211176073, 0.5894827311993508, 0.6245661380066386, 0.6466520136573177, 0.6615173390702063, 0.6727231149224266, 0.6846827659485999, 0.6951631180726101, 0.705871159615724, 0.7128102771289972, 0.7196803200396077, 0.7276062181462413, 0.7295843086380891, 0.7421154229753263, 0.7479871599462582, 0.750843179452678, 0.7604781919415448, 0.7641188351680401, 0.7647981703605341, 0.7723316529198831, 0.7785256812213985, 0.7860254378098511, 0.7855078557479213, 0.7893106674478537, 0.7984187394596524, 0.7902858261072979, 0.7994233944277833, 0.8059821003589079, 0.809892147347547, 0.8049922645955838, 0.8126892457189764, 0.820308458006036, 0.8268977893867352, 0.8315546210261359, 0.8323644426637801, 0.8206016528217689], "val_ious": [0.5100702250349347, 0.5892456180375554, 0.6186058123906453, 0.6307541702104651, 0.6625373590251675, 0.6871489109336466, 0.6870825327392938, 0.6936896447686179, 0.6818061464506647, 0.6970866279325625, 0.6994974122963091, 0.70561198739038, 0.6988663917434387, 0.7153254997903021, 0.7065279758062915, 0.7130267335020976, 0.7081701127083405, 0.7074460644220961, 0.7225601740073466, 0.7194897223641908, 0.7224148058372997, 0.7301320846098057, 0.726194049137226, 0.7254646113817244, 0.7357480288415715, 0.7236550582059915, 0.7235182886538298, 0.7331309372532198, 0.7281644864790681, 0.7299539284861606, 0.7298463123000186, 0.7395390535610309, 0.735626450267391, 0.7402473873850228, 0.7373252565014191, 0.7392512553411982, 0.7147221172201462], "training_time": 677.4497809410095, "avg_gradient": 0.00938853632582614, "memory_usage": 858.83984375}