{"train_losses": [0.2689073603276325, 0.22437092256934746, 0.19614640056439067, 0.18111433882428252, 0.1673090339678785, 0.1592237997557158, 0.1501755976806516, 0.14386318190752165, 0.13903260729073183, 0.1335919490084052, 0.13000241897838272, 0.12505648066492184, 0.11963843639292147, 0.11607548472997935, 0.11401100768505232, 0.11117145321939302, 0.10540216849387987, 0.10355065690110558, 0.09774228391925925, 0.09617087277381317, 0.09760155860820542], "val_losses": [0.2749378830194473, 0.2428244750784791, 0.20080864915381308, 0.19230974757153055, 0.16233781789955887, 0.16092428824175958, 0.1795243190034576, 0.16008167357548422, 0.15296152493228082, 0.15032125701722893, 0.14044655001033907, 0.13785250063823618, 0.14302580431103706, 0.14818953042444977, 0.16733000168333884, 0.13868072661368744, 0.13573236099403838, 0.13917508737548537, 0.13734578551805537, 0.15304056198700614, 0.15080871659776438], "train_ious": [0.4607526757012029, 0.5442353828499713, 0.5935461161037285, 0.6208555047818717, 0.6448658341946811, 0.6600637934778044, 0.6770076662625952, 0.6888170453409354, 0.6974208255068979, 0.7078974903493684, 0.7135318257454514, 0.7227516894539197, 0.7325004882894567, 0.7397988002369368, 0.7434200436092808, 0.7482973652473395, 0.7584571289303511, 0.7619115479182507, 0.7732632851255117, 0.7754193773844105, 0.7729005918878578], "val_ious": [0.4672603728114696, 0.5117436451972395, 0.5855565321618232, 0.6040797617988309, 0.6522156283043435, 0.6608773826257043, 0.6359740381223569, 0.6651089230309362, 0.6704086985277093, 0.6775559107030648, 0.6989776533151016, 0.6987964733355286, 0.6926647130993829, 0.6870108639848405, 0.6754316814999649, 0.7063945760761482, 0.7085843723321308, 0.7117379826048146, 0.7102585523456766, 0.693687885135844, 0.6925020338832468], "training_time": 382.90841722488403, "avg_gradient": 0.02400700471993281, "memory_usage": 856.21484375}