{"train_losses": [0.2638918699129768, 0.22199831174119658, 0.19314625737783703, 0.17788352541949437, 0.16603259199663348, 0.15566417923116166, 0.1499440995571406, 0.1424953984501569, 0.13704006875986638, 0.13433135219890138, 0.1292053034286136, 0.1256951789331177, 0.12362681896142337, 0.11581195060811612, 0.11152589272545732, 0.10970552233250244, 0.1070306176400703, 0.10662077367305756, 0.10106127915660972, 0.09654094165434009, 0.09478610847145319, 0.0942968901084817, 0.09314061689150074, 0.0895059457372712, 0.08492268366820138, 0.0836504195695338, 0.08335752028000096, 0.07973657852119725, 0.07565239015156808, 0.07442911461238629, 0.07305309838493881, 0.07424373766812294, 0.07641980355686467, 0.0693165118927541, 0.06584297278491051, 0.06424178262038724, 0.06891965110907736], "val_losses": [0.250755842289199, 0.19864834521127783, 0.18332956698925598, 0.1841946370575739, 0.16422322878371115, 0.15726698028004688, 0.1628198568587718, 0.14775634978128516, 0.1384315105236095, 0.14100361194299615, 0.14213215818871622, 0.14024255926842275, 0.13724311651742976, 0.141271629087303, 0.13273838632132695, 0.15614429407793542, 0.1426898921313493, 0.13519835844635963, 0.14015769262028777, 0.13128003996351492, 0.13061115340046262, 0.14107587204679198, 0.1320890042444934, 0.13341759663561117, 0.1307938421226066, 0.1346654125853725, 0.13732257372011308, 0.13485618065232816, 0.13256912775661633, 0.1339603155527426, 0.14354863438917242, 0.1354772307626579, 0.13484500218992648, 0.13563770817025847, 0.14210068807005882, 0.14087113397924797, 0.14088582927766052], "train_ious": [0.46960519422925473, 0.5479467429382645, 0.5979814707585003, 0.624478977659474, 0.6476898287301478, 0.6660053013567474, 0.6786311918302724, 0.6908958954871567, 0.70130077322972, 0.7062293486534688, 0.7149345938494243, 0.7219063747080341, 0.7266351304732375, 0.7397884442538455, 0.7473575446376763, 0.7505643755413484, 0.7556344212397287, 0.7569563004417696, 0.7669283476644668, 0.7750743876980697, 0.7782019161875702, 0.7792864522316323, 0.7809894101127333, 0.7883839984086976, 0.7970322235554888, 0.7996423301705421, 0.801090123428815, 0.8071569020765412, 0.8159786427150607, 0.8186700714455136, 0.821641209332839, 0.8192999800262245, 0.8150707915209341, 0.829520556913769, 0.8371171885426498, 0.840598386158978, 0.8310844637993451], "val_ious": [0.505648073186909, 0.5866005430402963, 0.6120184133018273, 0.6275575895240342, 0.652679727561232, 0.6642246283050897, 0.6572864107463671, 0.6792077884293986, 0.6955337235029193, 0.6916452540435654, 0.6979240736235743, 0.6976655058670737, 0.7019977856805361, 0.6977589929449387, 0.7142339588507364, 0.6723705394112544, 0.6995148410399754, 0.7065277097449787, 0.7032855256744053, 0.7266841442256735, 0.722297465455705, 0.7079199943421545, 0.7217949916055236, 0.7287321285061212, 0.7290146072273668, 0.7297480607378308, 0.7291353463694669, 0.7296380480562432, 0.7345968014088231, 0.7310374767883967, 0.7283683836028195, 0.7281629518754239, 0.7321184143639993, 0.7342389610366545, 0.7321805087984472, 0.7323121834492337, 0.7173241849826728], "training_time": 674.9091689586639, "avg_gradient": 0.00529984278372443, "memory_usage": 856.21484375}