{"train_losses": [0.26325442641973495, 0.21282948010965533, 0.19157554103952387, 0.17387714155990144, 0.16251312256993158, 0.15251199791774803, 0.14803946273320395, 0.14082405367947143, 0.13589150438328151, 0.13138830710364424, 0.12477647464560426, 0.12097285772957232, 0.11738039601756178, 0.11495784504096145, 0.1111882399038776, 0.1052583300549051, 0.1040277709050671, 0.10449127844818261, 0.09639134707496218, 0.09258930903414021, 0.09099678840974103, 0.0893053561044128, 0.09007214997773585, 0.0841647736809176, 0.08079009495027688, 0.0798567893874386, 0.07993059374554001, 0.0774785761276017, 0.07546895857819397], "val_losses": [0.23144713789224625, 0.19548986204292462, 0.19991690859846448, 0.16885066259166467, 0.166747711436904, 0.15098070531435634, 0.14729199963419334, 0.1526484102334665, 0.14015200588366258, 0.14355024355261223, 0.14227696653941405, 0.13987331643052722, 0.1388775633405084, 0.1395251401092695, 0.14080060354393462, 0.14215650036931038, 0.1351520394825417, 0.13706663348104642, 0.13266953307649362, 0.13090823218226433, 0.1317811096492021, 0.141149182682452, 0.13803063543594402, 0.12826912671975468, 0.13614723183538602, 0.13428979723349863, 0.1392602403850659, 0.13822793620436089, 0.13913592793371365], "train_ious": [0.4765710383721129, 0.5633927268394526, 0.6013569979240067, 0.6334655918720838, 0.6547284201867339, 0.671470811455578, 0.6810971983856913, 0.6945909808079404, 0.7037317647018293, 0.7115781525338908, 0.7236762169370621, 0.7306478642791074, 0.7370118631616881, 0.7416532935331697, 0.7486134811803914, 0.7589054685355958, 0.7612637780282812, 0.7602282382979773, 0.7753199117015243, 0.7825209975134638, 0.7853213865579903, 0.7887704980870088, 0.7870329114729947, 0.7985268277858479, 0.8049960249791974, 0.8071685999199965, 0.8069015755385595, 0.8116130709000255, 0.8161294120161431], "val_ious": [0.5289480605203173, 0.5976833187151646, 0.5953455558721569, 0.6447623277056043, 0.6524045061374056, 0.6781482649022255, 0.6852044484753539, 0.6823985911365869, 0.6962036373822585, 0.6927082385273947, 0.6939758148746215, 0.6986153192710188, 0.6983555242203283, 0.7025321834329243, 0.7024780032427416, 0.7031465632760004, 0.7091733713944752, 0.7093247231365979, 0.7212319058784541, 0.7235933455868044, 0.7217255616965501, 0.7078316086444301, 0.7168326040972834, 0.7301922231048777, 0.7284423702436945, 0.7250995199749436, 0.7230523235124089, 0.718789741396904, 0.7211039789776872], "training_time": 528.910055398941, "avg_gradient": 0.0034035902035874487, "memory_usage": 856.21484375}