{
  "train_losses": [
    0.26409471593797207, 0.21438452212706857, 0.18933304091510567,
    0.17194599852613782, 0.16251421039519104, 0.15340527333319187,
    0.1452832597753276, 0.1376955437919368, 0.13663702547226264,
    0.13116457637237466, 0.12495179575584504, 0.12390627635075994,
    0.11835263669490814, 0.1148630166426301, 0.11068951917569274,
    0.10800670395078867, 0.10395824544779632, 0.10074473172426224,
    0.09943706157576779, 0.09499979885699956, 0.09401134409658286,
    0.0910086713164397, 0.08903362407632497, 0.09474206663182248,
    0.08644505845301825, 0.08891291685564362, 0.08443695610470098,
    0.08262467764965865, 0.08083689629869617, 0.07562123710775505,
    0.07490381199623579, 0.07133204103245036, 0.07125741358765442,
    0.07468856508722124
  ],
  "val_losses": [
    0.23773213897062384, 0.20115731818520505, 0.19905194121858347,
    0.18707816399957822, 0.16435911668383557, 0.1500308094141276,
    0.1474618262246899, 0.15430160563277162, 0.15012724746180617,
    0.14776765960066215, 0.14742613616197006, 0.13805571732961613,
    0.14148579716034557, 0.13789925610889558, 0.13588562445796054,
    0.1306721493601799, 0.13474708795547485, 0.13924061944303306,
    0.1279253998528356, 0.13479271352938985, 0.13514482197554215,
    0.13868547457715738, 0.1335287818118282, 0.137150131975827,
    0.135767698449933, 0.130211074391137, 0.13693942259187283,
    0.14100464789763742, 0.1341081237339455, 0.1320026902400929,
    0.13650718671472176, 0.13587286209930544, 0.13756513028689052,
    0.1484131464815658
  ],
  "train_ious": [
    0.466987522615903, 0.5616628748729173, 0.6064453352836594,
    0.637119574121375, 0.656307738598274, 0.6713790963201423,
    0.6861606356890304, 0.6990384068070116, 0.7018530473005083,
    0.7120216175157954, 0.7235526612055478, 0.7251318317932496,
    0.7345077224831648, 0.7408848592768544, 0.7485743614210598,
    0.7536906631312507, 0.7611710509636266, 0.7674224187714467,
    0.7690917611446071, 0.7775358333103902, 0.7800099098704003,
    0.7855253747623901, 0.789045788293732, 0.7781000340870322,
    0.7940404952868173, 0.7901210067928703, 0.7978841608417205,
    0.8021124362729601, 0.8053446989776433, 0.8158444346509119,
    0.8174245011979258, 0.8250763356901597, 0.8250909407717593,
    0.8182243295553802
  ],
  "val_ious": [
    0.5236993704153143, 0.5900054548097694, 0.5991276563077732,
    0.624478379453438, 0.6573718391034915, 0.6790911036988962,
    0.6814323281464371, 0.6741723698982293, 0.6893995121337365,
    0.6849658182565718, 0.684206082985021, 0.7003805198963136,
    0.6975754106390305, 0.7036726684242053, 0.7081832592038139,
    0.7180032222599222, 0.7144315424172775, 0.7106115636618241,
    0.7222006051004798, 0.7176049461831215, 0.7164600027212198,
    0.7168318668137424, 0.7234947528096213, 0.7184017719565958,
    0.7249317376509957, 0.7271468507638875, 0.7229522159997965,
    0.712116361528203, 0.7297517292309499, 0.7346667692713114,
    0.7299867544485177, 0.7305123803840168, 0.7331160227025763,
    0.7144214223692383
  ],
  "training_time": 624.3232188224792,
  "avg_gradient": 0.004135797467647931,
  "memory_usage": 856.21484375
}
