{"train_losses": [0.26367607162050577, 0.22215689014157522, 0.19553199637195337, 0.18093610878871835, 0.16811626299243906, 0.15750661176507888, 0.15219402313232422, 0.14532566973534616, 0.13802336565340342, 0.13569757836344448, 0.12911014546356772, 0.12668766202810017, 0.12163170305607111, 0.12028473692581705, 0.11481649622969005, 0.10929871678514325, 0.11179254677794549, 0.1068568971089047, 0.10272170206450898, 0.10147807690436425, 0.09871043293210476, 0.09373871775586969, 0.09164818380351948, 0.08809553111053031, 0.09202199222762948], "val_losses": [0.23743407039538675, 0.21686405235010645, 0.18696049633233444, 0.17512822345547055, 0.16191895889199298, 0.15064434286044992, 0.15805946290493011, 0.14413797806786455, 0.1467840564639672, 0.13995364972430727, 0.1426769033398317, 0.13801872908421184, 0.13235676531558452, 0.13607119817448698, 0.1324024483885454, 0.13669020099484402, 0.12837646982592085, 0.1394314498681089, 0.12522838685823523, 0.12749979904164438, 0.13029612827560175, 0.13128497888860496, 0.1279841209559337, 0.13883200984286226, 0.14607793335681377], "train_ious": [0.4683187362886425, 0.5482232659191327, 0.5940947592042495, 0.619843784125819, 0.6442582585673403, 0.6659002085418808, 0.6731361902278403, 0.686186549618192, 0.6995720591774024, 0.704409880536622, 0.7167953552435273, 0.7201884672369644, 0.7296392124524153, 0.7324383606513342, 0.7414734876458194, 0.7512507660017499, 0.7464615130338115, 0.7554320418208403, 0.7633742560511045, 0.76607871444329, 0.7706787701210247, 0.7799995287281015, 0.7840758231131061, 0.7905290877257568, 0.7839900589399579], "val_ious": [0.5208420857139255, 0.5669267224012943, 0.6148482902326446, 0.6336787526590237, 0.6577442577783613, 0.676640846375106, 0.6707373373750329, 0.6887745934983956, 0.6805220591849175, 0.6939255005639532, 0.6923854107010193, 0.7045718556728914, 0.7126081454149191, 0.7075601669325344, 0.7117524661015773, 0.7068017971688423, 0.7216214148894601, 0.7050185194913893, 0.7251749107803122, 0.7233092853988426, 0.7226991269035616, 0.7215709109669146, 0.7297529675390413, 0.7237924901039703, 0.7029895285765331], "training_time": 456.9826350212097, "avg_gradient": 0.011369169939007825, "memory_usage": 858.83984375}