{
  "train_losses": [
    0.26708850547995255, 0.22285085576383964, 0.19620809574490009,
    0.17642721379904644, 0.16571803844493369, 0.15544213354587555,
    0.15070110814564902, 0.1462016484254728, 0.13800495381102615,
    0.13488448334290928, 0.12976362973289646, 0.12411146489498408,
    0.11854329470383085, 0.11631165614918522, 0.11383947973018108,
    0.11018580688244622, 0.10725827511076046, 0.10246495732470699,
    0.10114558425772449, 0.09560091113266737, 0.09489169688490422,
    0.09327838792587104, 0.08919776806040951, 0.0849082734759735,
    0.08629979557641175, 0.08359847371668919, 0.08423370645260034,
    0.07875511187898077, 0.08689638494473437
  ],
  "val_losses": [
    0.2520298643604569, 0.20279836103968, 0.19535926923803662,
    0.18662662609763767, 0.16630136901917664, 0.15992288032303686,
    0.16086540759905524, 0.14564513204538304, 0.1399574398022631,
    0.15701697961143826, 0.1480121690294017, 0.13252968000976936,
    0.13822882039391476, 0.12986990631274556, 0.1302022512840188,
    0.13652966317275297, 0.1306105855366458, 0.13324712216854095,
    0.12708243808668593, 0.12748336824386017, 0.12822822108864784,
    0.13523152535376343, 0.1263894840427067, 0.12654384290394577,
    0.13463567002959873, 0.12991818024412446, 0.1305647594449313,
    0.13651573625595673, 0.13186868199187776
  ],
  "train_ious": [
    0.46579996064183826, 0.5456211722685373, 0.5922125486953967,
    0.6291467238595522, 0.6495964451004631, 0.6673556222323921,
    0.6770105508250607, 0.6843154620433196, 0.6991614162705947,
    0.704163945725431, 0.7135469452410506, 0.7245067537802714,
    0.7341421406338186, 0.7380664286514119, 0.7431271092399312,
    0.749158927873857, 0.7553291824524816, 0.7633101138407771,
    0.7665352285772125, 0.7771517476741814, 0.7782387836579825,
    0.7814000770989536, 0.7890586290994418, 0.7974810904782753,
    0.7954566160729832, 0.8000033731045929, 0.7996148486500197,
    0.8105219235454778, 0.7942479230139566
  ],
  "val_ious": [
    0.5097445340260214, 0.5806601480513379, 0.6086576166360276,
    0.6149814217418865, 0.6482478540012802, 0.6704322803711545,
    0.6596815961858501, 0.6855830744556759, 0.6953011580567426,
    0.6771822429221609, 0.6841567279635996, 0.7132390355286394,
    0.7065814057554023, 0.7182747071635897, 0.7170021838468053,
    0.707907719888549, 0.7224101352950799, 0.7204699477423793,
    0.7265393885149471, 0.7282034312037453, 0.7267799347207167,
    0.720909729168035, 0.7344786349845969, 0.7385354890771534,
    0.7178169152011042, 0.7358702537806138, 0.7338080192389695,
    0.7236010795054229, 0.7230804538813188
  ],
  "training_time": 529.9328150749207,
  "avg_gradient": 0.006859304329408849,
  "memory_usage": 858.83984375
}
