{"train_losses": [0.26969394703274185, 0.2218493381920068, 0.1959767122955426, 0.17895103569911874, 0.1665921914998604, 0.155853935274417, 0.15021611292563056, 0.14376010073591833, 0.13856578622337268, 0.13502249951757814, 0.12845643662402165, 0.12534585404817178, 0.12208534611146087, 0.11836895808253599, 0.11513391938870368, 0.11436585235692885, 0.10790999747974717, 0.10408652679103872, 0.10223650855376669, 0.09656074724119643, 0.09661233153842065, 0.092988440969392, 0.09214411603043908, 0.08921542411427134, 0.08648322988301516, 0.08335556037238111, 0.08955516686420077, 0.0843204504445843, 0.08254648947521397, 0.07761937452723151, 0.07399390978009804, 0.0729445835939892, 0.07220290613401195], "val_losses": [0.243162894702476, 0.20132340426030365, 0.18139848210241483, 0.17022506082835404, 0.17069564792125122, 0.1534363773206006, 0.16617606936589532, 0.15054037227578784, 0.14670334059907042, 0.13954765932715457, 0.13974450091304985, 0.14333722092535184, 0.13805365934967995, 0.1322978828912196, 0.1389627500396708, 0.13731554069596788, 0.13068906703720923, 0.14511280085729517, 0.13209737335210261, 0.14764906741354777, 0.1296677403151989, 0.13052046914463458, 0.12753014962958253, 0.13350024058119112, 0.1302187517285347, 0.14747537186612253, 0.1260868069594321, 0.1328918828588465, 0.13182949080415393, 0.13272115377628285, 0.13245821209705394, 0.13023674666233684, 0.14210548932137695], "train_ious": [0.4583184290137409, 0.5485965847375173, 0.5939262122779655, 0.6237153282416038, 0.6467828402376695, 0.6645117857210013, 0.6761826607736126, 0.6880011541795905, 0.6987990999351377, 0.7040598714265269, 0.7165001167011436, 0.7214688318579092, 0.728290154558161, 0.7355105017406353, 0.7410325133714121, 0.7423643345634143, 0.7541889403069366, 0.7611923260965208, 0.7645824070533982, 0.7751011263201203, 0.7745256579980471, 0.7815001750553867, 0.7834696217399583, 0.7888873699998512, 0.7941182189337586, 0.8006255660691987, 0.7880808123643847, 0.7978966671271605, 0.801893715517244, 0.8116683963200321, 0.8194921096597894, 0.8217661251192507, 0.8232906583858572], "val_ious": [0.5081078778358474, 0.5891176790430925, 0.6230243524347526, 0.6446760873431745, 0.6403764432323152, 0.6728063906016557, 0.6475302324346872, 0.6792112662308457, 0.6834110557169154, 0.6979472380185474, 0.6965896932111271, 0.6988542619822681, 0.7016818210266639, 0.711869563529457, 0.7019866333491559, 0.710098318647647, 0.7200987628404647, 0.697655833069829, 0.7181379862021708, 0.7021608009286548, 0.7237229954073396, 0.7219039290279581, 0.7316808629295101, 0.7233953713506891, 0.7301584335340969, 0.7125642379556877, 0.735789975610332, 0.7244250469881554, 0.7267340527496478, 0.7348457859910053, 0.7380556941464327, 0.7405702596989228, 0.7229116047206131], "training_time": 602.6274530887604, "avg_gradient": 0.006409762317000379, "memory_usage": 858.83984375}