{"train_losses": [0.26548180947809114, 0.22359745795636074, 0.1962921001503001, 0.17926591416092022, 0.1654485860515548, 0.15574713039171437, 0.14928737448771362, 0.1438176214856946, 0.14032353412197984, 0.1329286843943207, 0.13069715865118348, 0.12756492987113155, 0.12173775486324144, 0.11888933149368866, 0.1168618616445557, 0.1106778439944205, 0.10903696319007355, 0.10506689180012631, 0.10398230908195609, 0.09808750049737484, 0.09719489956193644, 0.09369576799318842, 0.09492343894975341, 0.09175059539468391], "val_losses": [0.23796009855425876, 0.2182743746949279, 0.20148443981357242, 0.16794642806053162, 0.16766975755276886, 0.1625118365754252, 0.15943032146795935, 0.14726836817420047, 0.13710279924714047, 0.14299284731564316, 0.15676738176008928, 0.13571427665326907, 0.1425169163747974, 0.14613802828218625, 0.1401337231306926, 0.1274246908724308, 0.14233823428335396, 0.13107434141895044, 0.12819699246598326, 0.12838601952661638, 0.12836011677332546, 0.13016057111646817, 0.13087453239637872, 0.1614716849897219], "train_ious": [0.4623163403821704, 0.5444722395606234, 0.5927893842529989, 0.6243009508411951, 0.6490053962106291, 0.6657079810789528, 0.6785558007549547, 0.6889613859787367, 0.6946435366095839, 0.7088177903298881, 0.7131911423327268, 0.7181843032763492, 0.7282088558742964, 0.7352709121246273, 0.7379696449075915, 0.7492043609204496, 0.7523313193865441, 0.759457341732754, 0.7616542612836842, 0.7721900389786214, 0.7739585463119593, 0.7805452529286994, 0.7784449901917705, 0.784286139074011], "val_ious": [0.5144167293025098, 0.5622492117294368, 0.5880353526360749, 0.6440900065328763, 0.644182569954706, 0.6597284830134849, 0.6681314991868059, 0.6850248959617339, 0.7022330007259395, 0.6928409800149393, 0.6739547874616542, 0.7055798207504161, 0.6941698826309566, 0.6969902975403748, 0.698279941211576, 0.7209160237208655, 0.7047968187193941, 0.7197437331728314, 0.7200300695671551, 0.7268818640622542, 0.7246069238669628, 0.7287311648976977, 0.7243343025877855, 0.6946708775948787], "training_time": 438.9106867313385, "avg_gradient": 0.0026937516361105573, "memory_usage": 856.21484375}