{"train_losses": [0.2583742574181246, 0.2114214825079493, 0.18834933355126693, 0.17401309683918953, 0.16155306751961293, 0.15499039711025747, 0.14894045897476052, 0.14171331140982069, 0.13617032369517762, 0.13441309442176766, 0.1289396043057027, 0.1242097265937406, 0.12171212454204974, 0.1166814569302875, 0.11331218553949958, 0.1107411042827627, 0.1073871113197959, 0.10414757093657619, 0.09912825472976851, 0.09993692997681058, 0.09601590110232001], "val_losses": [0.27007068013367447, 0.20658324594083038, 0.21807475064111792, 0.1828784356298654, 0.16784499099721079, 0.16542967991984409, 0.15476403012871742, 0.1529686416944732, 0.15241286838832108, 0.1757627336875252, 0.1390913836658001, 0.13911381752594656, 0.13679784018060434, 0.14501817087116448, 0.14695714721861092, 0.13542700332144034, 0.14297185238936674, 0.14290416791387225, 0.13565769321892573, 0.14629747961526332, 0.14473960030338037], "train_ious": [0.4765089457868125, 0.5679472337166466, 0.6076480799719046, 0.6328813055179258, 0.6554105817947697, 0.6681100490732471, 0.6800633710471612, 0.6919866382427841, 0.7031509445413296, 0.7062555096935534, 0.7162499735536786, 0.7243758652197281, 0.7289194099173161, 0.7388386996867864, 0.7441283629640291, 0.7483014069713544, 0.7548418359264085, 0.7608675806094771, 0.7698823830679712, 0.7685181739861551, 0.7765193207972293], "val_ious": [0.4706394596808197, 0.5757276601549508, 0.5617278648027476, 0.6213552221871808, 0.6505361078442006, 0.6508336535830428, 0.6701841067144836, 0.6757275310979373, 0.6765191071275352, 0.6465894253789515, 0.703377098492954, 0.7019440423751224, 0.7039616768774778, 0.6928109727475953, 0.6906429006569627, 0.7142365758401763, 0.7019306930942811, 0.7056727461192919, 0.7153045154999994, 0.7011723349923674, 0.7030209559893263], "training_time": 382.5224905014038, "avg_gradient": 0.006364672776725002, "memory_usage": 856.21484375}