{"train_losses": [0.2674647580994212, 0.22076803381028381, 0.19281877107594325, 0.1777332487475613, 0.16430227822907592, 0.15740432715772287, 0.1494618114488928, 0.14292294114990078, 0.13654663879424334, 0.1342132568926267, 0.12950240241606598, 0.1259671815711519, 0.12088172777515391, 0.11472035458554393, 0.11596964186300403, 0.10927740233423917, 0.10778793631850378, 0.10482173457579769, 0.09909675096202156, 0.0981327386006065, 0.09474195135028465, 0.09304048262698494, 0.09049766846810994, 0.08642849164164584, 0.08567010797560215, 0.08506004168125599, 0.08811924355509489, 0.07764716543581175, 0.07476780142473138, 0.07912972423693408], "val_losses": [0.2548528417297032, 0.20683263533789178, 0.184755047702271, 0.1834248022540756, 0.16566020639046378, 0.16591099325729453, 0.15254101367748302, 0.14631494620571966, 0.14781391231910043, 0.15025765545990155, 0.149765242215084, 0.14005535760003587, 0.1379199084704337, 0.13637048880691113, 0.1366353025254996, 0.13757811470524126, 0.14465612966729247, 0.13788965943714845, 0.13251772279972615, 0.1362282476671364, 0.13172026415881904, 0.14871169821075772, 0.13031166824309723, 0.1349542845526467, 0.1400294658606467, 0.13651613453808037, 0.1345622764657373, 0.1320739484027676, 0.14160400240317636, 0.1412052593153456], "train_ious": [0.459766724322369, 0.5482723185171684, 0.5982017251460446, 0.6275163795529075, 0.6521441884662795, 0.663759924687337, 0.6779526966097559, 0.6908446769567501, 0.7022658536291643, 0.7065580105544, 0.714798642727344, 0.720756344551194, 0.730797773847977, 0.741939058770304, 0.7392535551410652, 0.7513356568372764, 0.7535962105553216, 0.7594876349836153, 0.7700210793510726, 0.7716503043969473, 0.7782380407055222, 0.7816469476598762, 0.7858999028154038, 0.7941458347806895, 0.7956077794449921, 0.7966337497683541, 0.7913460894015385, 0.81145616059286, 0.8175272470799051, 0.8089026053962501], "val_ious": [0.5001011078340418, 0.5817447095245557, 0.6129871799030167, 0.6291913334010306, 0.6501183412645173, 0.6465836245080699, 0.6780253977015399, 0.685863221253174, 0.6913365013357521, 0.6812586374040962, 0.6895255761733954, 0.7009835051021716, 0.7060124252153481, 0.7108419705992162, 0.7077464381421822, 0.7096768580917, 0.7009023803731668, 0.7142686986404917, 0.7204429299935052, 0.7166846776786058, 0.7238852213258327, 0.7041964045037392, 0.7280478289593822, 0.7246381275463795, 0.721637710496999, 0.7224000025054683, 0.7259915259437284, 0.7331377399572429, 0.7295545559862385, 0.7091597037902779], "training_time": 547.7436912059784, "avg_gradient": 0.009168175270908801, "memory_usage": 856.21484375}