{"train_losses": [0.2660971804643455, 0.21589628979563713, 0.19065830978038517, 0.1752133380783641, 0.160980595599698, 0.15470374217661825, 0.14736567660356345, 0.1407827536535004, 0.1344064095907885, 0.12918586109805366, 0.12579216492240844, 0.12092304667053015, 0.11666265713131946, 0.11343717085116584, 0.11178934732047112, 0.1058310397050303, 0.10697155777850877, 0.10103523407293402, 0.0973557132984633, 0.09669628962064566, 0.09068256397934063, 0.09283665389470432, 0.08593242724790522, 0.08495881623062103, 0.08589654379402814, 0.08046465261798838, 0.08135932412646386, 0.07640116062501202, 0.07721856941023598, 0.07252140875662798, 0.07080295609067315, 0.07162019614454197], "val_losses": [0.2261552914329197, 0.22293110029852908, 0.18299606766389764, 0.182425104405569, 0.15517110798669898, 0.16423245260249014, 0.15160219306531159, 0.1503883412350779, 0.1502650621468606, 0.14624094153228012, 0.13452602550387383, 0.13922019140875858, 0.1425769000273684, 0.13153253430905548, 0.1383726774998333, 0.13805276997711347, 0.14177376857918242, 0.12848741188645363, 0.1297916504351989, 0.12941320467254389, 0.13975304073613623, 0.13177104683026022, 0.1347922854449438, 0.13148606050273645, 0.13140406475766844, 0.1285953157297943, 0.13965110982889714, 0.13525083936426952, 0.13230015369861023, 0.1308098351177962, 0.13915406621020773, 0.14266413644604062], "train_ious": [0.46497473818506446, 0.5601134889799616, 0.6036496887496416, 0.6307107725761079, 0.6580771524189174, 0.6692792931436626, 0.682021283315144, 0.6942990579898808, 0.7064947991807388, 0.7157422167019567, 0.7214947638736255, 0.7300542648071828, 0.7375310458566833, 0.7441578222897604, 0.7468193711146064, 0.7575066096108894, 0.7555576001928337, 0.7663808061160902, 0.7731965672818647, 0.7750589399450065, 0.7857475518316465, 0.7822850350344523, 0.7952247412092442, 0.7968877334741578, 0.7957451758177384, 0.8060899015138113, 0.804953081020411, 0.8144703736339787, 0.8133211094832078, 0.8226871282078221, 0.8265469736163168, 0.824777313440606], "val_ious": [0.5391978300783944, 0.5572407437839372, 0.6207262538913367, 0.6233600153439286, 0.6671399770007617, 0.6651686201061028, 0.6737782890382021, 0.6819381243076877, 0.6793430590111275, 0.6873208003631539, 0.7092826750831327, 0.7014029896345693, 0.698315578526345, 0.7140519476455193, 0.7016999090927234, 0.7053278578796249, 0.6966136668039402, 0.7212339110564494, 0.7240831450275753, 0.7219328647074492, 0.7153350486271622, 0.7255585338326466, 0.7225278089011925, 0.7309416709602743, 0.7305495825366697, 0.7325515241726587, 0.7196027243482893, 0.72483323233715, 0.728962507152903, 0.7350696897593096, 0.7302278969166933, 0.7209706997525865], "training_time": 583.6451678276062, "avg_gradient": 0.005514764680677345, "memory_usage": 856.21484375}