{"train_losses": [0.2654150462020998, 0.2267289963429389, 0.19822083324517892, 0.17808955025089823, 0.1657220678322989, 0.15564600754853175, 0.14909487820999778, 0.14101218796618606, 0.13571788062867912, 0.13170694762273974, 0.12825526734409126, 0.12143865575932938, 0.12024893089319053, 0.11530561862594407, 0.11278021363946407, 0.11120901831790157, 0.10572526757807835, 0.10018377496010583, 0.10013849429948174, 0.096501425192084, 0.09367844806579144, 0.09183268334068682, 0.08943397086113691, 0.0854935814505038, 0.08119964862809233, 0.08205252177203479, 0.081778301169043, 0.08039382731784946, 0.07594204726426498, 0.08493550542903983], "val_losses": [0.2491911639985831, 0.22281072256357773, 0.2020217973900878, 0.17393581342437994, 0.16263786120259244, 0.16205843554242796, 0.1599617231151332, 0.15418509912231695, 0.14356901529042618, 0.14371528719430385, 0.1509869699568852, 0.14156652938412584, 0.14765238130222197, 0.1382375540940658, 0.1353472054976484, 0.1354574991957001, 0.12989135783003725, 0.13289118541971498, 0.13349048404589944, 0.13075213425833246, 0.13310259661596754, 0.13020262851015382, 0.1261703681362712, 0.12854504844416742, 0.13137539735306863, 0.13200650202191394, 0.13954143388115842, 0.13154837051811424, 0.1428162866960401, 0.14299907081800958], "train_ious": [0.46767965667759603, 0.538779430496304, 0.5906312237291232, 0.624652946070916, 0.6463459275015019, 0.6669292895366314, 0.6777437617057472, 0.6932215131279348, 0.7034541337710357, 0.7106844369268073, 0.7162669422509877, 0.7296337071212307, 0.7315048017687554, 0.7411257252097129, 0.7454591584594357, 0.7484496104652467, 0.7582428850017592, 0.7681965256190818, 0.7676960041449553, 0.7750309792117797, 0.7804945056745111, 0.7839937204684037, 0.7881748915474478, 0.7956564357315287, 0.8043517872043274, 0.8025494121770932, 0.803395619858866, 0.8061805187144145, 0.8149839934447531, 0.798071223000685], "val_ious": [0.49353683383568464, 0.5516711070701694, 0.5869343466516853, 0.6345099076844644, 0.6572391408077185, 0.6582989230536032, 0.664239338558653, 0.6808608174324037, 0.6935392810382704, 0.6897999274989833, 0.6800602741431497, 0.6973589088605798, 0.6920820807201276, 0.7072222772715749, 0.7119712967803514, 0.7096600539010504, 0.7221839693577397, 0.714744746685028, 0.7207803212214207, 0.7209612649420033, 0.7279062212809272, 0.730222480020661, 0.7355647033107454, 0.7336159836554872, 0.7299768918234371, 0.7335395165111706, 0.7230626776598502, 0.7299797884795975, 0.7240473148615464, 0.7154896380244824], "training_time": 547.6035704612732, "avg_gradient": 0.00874841930398275, "memory_usage": 856.21484375}