{"train_losses": [0.26576386910417804, 0.21964980216453905, 0.19388290462286575, 0.18002817982240862, 0.1643636798405129, 0.15744315958379404, 0.14961779421276372, 0.144438282991557, 0.1386055948374712, 0.13691246246352143, 0.12843148693766282, 0.12614415861342265, 0.12016763550269863, 0.12028878323895775, 0.1148631906379824, 0.1105730778578183, 0.1082493795648865, 0.10400307231137286, 0.10246168109385864, 0.10083726979792118, 0.09533167626384807, 0.0946069891847994, 0.08896593632095534, 0.08740579268044751, 0.08658892750416113, 0.08407990727573633, 0.08527689293512832, 0.0805240411149419, 0.07626739464214315, 0.0795690767345545, 0.0793305138611923, 0.07212607159643718, 0.06963689562500171, 0.06768982422173671, 0.08203813820348485], "val_losses": [0.2349868607909783, 0.20641146891790887, 0.18163459197334622, 0.1741975438983544, 0.16681343025487402, 0.160973122910313, 0.15940144431331885, 0.1476081956339919, 0.14842270509056424, 0.14853817823788393, 0.13600163453299066, 0.1445986604237038, 0.13548999749447987, 0.1344826660402443, 0.1307097074130307, 0.13188367353185362, 0.13381941891882732, 0.13111820671221483, 0.12903512900938158, 0.1276698974163636, 0.12797462114173433, 0.13343482448355012, 0.12891857115470845, 0.12617759487551192, 0.1303187717238198, 0.13121273303809372, 0.13086637417259422, 0.13638032017194707, 0.13173083944813066, 0.1340228387195131, 0.13145477243739626, 0.13730891518618749, 0.13689572461273358, 0.13446672098792117, 0.13609727634036023], "train_ious": [0.4607117382499079, 0.5524298938774114, 0.5972145251605819, 0.62129059255771, 0.6505277103380018, 0.6635237647679404, 0.6778076483287669, 0.6889888969776422, 0.6989396695533523, 0.701577789649583, 0.7170872243418206, 0.7209238103334457, 0.7315432363986104, 0.7326267028524395, 0.7416621838574827, 0.7492901944703817, 0.7532226292119507, 0.7611833456633749, 0.7641185199760874, 0.7668824890169542, 0.7771287731610347, 0.778680938363507, 0.7891044975730818, 0.7919140993684965, 0.7937420789098397, 0.7985978194013024, 0.7965015060659767, 0.8057224153392555, 0.8143761228176125, 0.8082014199184335, 0.8086723030909246, 0.8231999235956562, 0.828561344116494, 0.8328986906487014, 0.8059581862087701], "val_ious": [0.5207084494008534, 0.5796634999738224, 0.6204957206180131, 0.6314823016308359, 0.6512629452390947, 0.6540597696667133, 0.663596922720688, 0.6870973958917288, 0.6855433514152748, 0.6837307473887569, 0.7021746410839801, 0.6898199613543524, 0.7033695284871088, 0.7098097885432452, 0.7162938305865163, 0.715295041816822, 0.7149788223314976, 0.7165773798158203, 0.7210481276978618, 0.7216132894374322, 0.7270873292632727, 0.7207535786041318, 0.7295888578114303, 0.7319946038550226, 0.7280973096688589, 0.7273405284985254, 0.7265912834284961, 0.7275913603927778, 0.7319672494262888, 0.7229575342026311, 0.7313788217910823, 0.7361766441144804, 0.7328122910382093, 0.7344480899796969, 0.712770789861679], "training_time": 641.337132692337, "avg_gradient": 0.009188693684650747, "memory_usage": 858.83984375}