{"train_losses": [0.2603997614882562, 0.20982838478749213, 0.18193455089045607, 0.16985249203508315, 0.1587015047021534, 0.1494232968467733, 0.14387876495880925, 0.13700931709583686, 0.13268518310202204, 0.12730250171507182, 0.12303167334555284, 0.11924202149005039, 0.11846652683680473, 0.11229546185906815, 0.10873759667510571, 0.10318861428000357, 0.1054268496353989, 0.09828505551685458, 0.09697781604431245, 0.0905392586618014, 0.0884524570454074, 0.08662599410213855, 0.08551596809664498], "val_losses": [0.24712912414384924, 0.1953871366770371, 0.1820308757217034, 0.1742546927669774, 0.15723078957070474, 0.15599778812864554, 0.13917502242585886, 0.1505403094317602, 0.13961852876388509, 0.15604904132044833, 0.1339392666907414, 0.13936158237249954, 0.13018123076661772, 0.12789734161418417, 0.12632304656764734, 0.13165471476057303, 0.12809818659139716, 0.13180824936084126, 0.12594134392945663, 0.12740169514132582, 0.1262483574126078, 0.12699941043620525, 0.13197452947497368], "train_ious": [0.4793289883291697, 0.5703998764409967, 0.6203396326281886, 0.6424058722197146, 0.660383874469477, 0.6791200612982119, 0.6893689240450449, 0.7010723237974059, 0.7096485314701778, 0.7203494590045751, 0.7268971720359463, 0.7333091389441838, 0.7350696633043496, 0.746690422188545, 0.7522082722381408, 0.7625926683886329, 0.7591338621425454, 0.7714434523081433, 0.77490987693486, 0.786785634045584, 0.790820441816164, 0.7938267263597337, 0.7968885903989061], "val_ious": [0.5043690228375833, 0.598129150228224, 0.6352921765351642, 0.6368750724671544, 0.6657160539989884, 0.6716244006934372, 0.698822976022527, 0.6705497730037441, 0.6989014198382696, 0.6656832431537517, 0.707885816693306, 0.7011886029571726, 0.7158846870280694, 0.7214772720699725, 0.7225330327300058, 0.7196744892044343, 0.7208285942889643, 0.7216163197721259, 0.7257314987372662, 0.7285196087930512, 0.7280266138090603, 0.7287143956923832, 0.7149937947591142], "training_time": 419.73743963241577, "avg_gradient": 0.004214064885879105, "memory_usage": 858.83984375}