{"train_losses": [0.2670280681518109, 0.22152246785876545, 0.19490923198020976, 0.176553204898601, 0.1658000679605681, 0.156982883810997, 0.14896682394749444, 0.14269786024385173, 0.13654617936876806, 0.13354699568741996, 0.13007771037518978, 0.12507944307087557, 0.11912175255787114, 0.11564910290357859, 0.11417853892983301, 0.11209259004048679, 0.10539322986227015, 0.10317321376794059, 0.10255660971059748, 0.09930409094237763, 0.09593898126774508, 0.09458646943549746, 0.09071850343404905, 0.08761039813575537, 0.09603232108866391, 0.08890021580230931, 0.08075914434764696, 0.07909839134663343, 0.07639516171310907, 0.076344209217021, 0.07688339815839478], "val_losses": [0.2507492734686188, 0.2170280995576278, 0.18785858121903046, 0.17180303419413773, 0.16324946284294128, 0.161686426271563, 0.15385432703339535, 0.14834115573245546, 0.15036635959277983, 0.13927709392231444, 0.13847144660742386, 0.13935663275744603, 0.13766327808084694, 0.1342611241599788, 0.1359053767569687, 0.13554366710393326, 0.1314115848230279, 0.13585722802773767, 0.13523796832431917, 0.13557234779000282, 0.12834137548571048, 0.13181857084450516, 0.1324048944465492, 0.1423591741401216, 0.13089410814902055, 0.13360580510419348, 0.12969669391927513, 0.13273924929292305, 0.13238345475300498, 0.13908071540620015, 0.1419113132616748], "train_ious": [0.46621239951987214, 0.54891450057967, 0.5959152565000284, 0.6285698495913242, 0.6486068704313993, 0.6649468512530777, 0.6795274761599907, 0.6908205689295475, 0.7015063074295937, 0.708849591297516, 0.7136956927353058, 0.724009346648835, 0.734767765076696, 0.7403567548355332, 0.7436724315950838, 0.747046870705874, 0.7592337606609734, 0.763201780779206, 0.7647253430407982, 0.7701362861131412, 0.7763032958019471, 0.7788940339308718, 0.7862002693008688, 0.7922540048434251, 0.7769925378370977, 0.7897229318817457, 0.8057156713760413, 0.8090677887633227, 0.8148176549137504, 0.8147929384224651, 0.813621294239293], "val_ious": [0.503181457951449, 0.5690955035928367, 0.6055279715337615, 0.6369949998199076, 0.6566808683716733, 0.6632904233275979, 0.6729043769663658, 0.6826986873495406, 0.6806333732345831, 0.6963421395723371, 0.6991840670074242, 0.6984252208384917, 0.706197670188503, 0.7106289347444756, 0.7084484387567077, 0.7084934329209122, 0.7215055138736529, 0.7110665494549101, 0.7087876699540926, 0.709858968206074, 0.727545532843341, 0.7186406904804533, 0.7245233713284784, 0.7158312845057336, 0.7234056719403335, 0.7277003554762275, 0.7311194089875706, 0.7322569005731224, 0.7306820955397424, 0.7226565303145975, 0.7231973722793054], "training_time": 566.8050169944763, "avg_gradient": 0.004868467532180985, "memory_usage": 856.21484375}