{"train_losses": [0.26221133096386556, 0.22336189732279466, 0.2008092958966027, 0.17979622996695663, 0.16628580961538397, 0.15913862645950005, 0.1505067212831067, 0.14543126867679151, 0.14222648517107186, 0.1348385374750132, 0.13081387746269288, 0.1267469623328551, 0.12394448653187441, 0.11872471018653849, 0.11607463026176328, 0.11248495061274456, 0.10849725090615127, 0.10553450708318016, 0.10281572993034901, 0.10172670699008134, 0.09687328520838333, 0.09602541237583627, 0.09175787768934084, 0.09626521935443515, 0.09114771546876949, 0.08440697731693154, 0.08378573405839827, 0.08108473561056283, 0.08264374826103449, 0.07756867466251487, 0.07781780697405338], "val_losses": [0.27655653266803076, 0.24031639487847037, 0.18576359392508215, 0.1964113569777945, 0.1618502263141715, 0.1623699347610059, 0.1521455950063208, 0.1544582095483075, 0.14751896586107172, 0.14710508853844975, 0.14548445136650748, 0.14089381500430728, 0.14100988986699478, 0.14125744885076646, 0.14387747402424397, 0.14020701449202455, 0.13242790686047595, 0.13653574802953264, 0.1397705183404943, 0.133106778173343, 0.12786854220473248, 0.12768104753416518, 0.1286655105650425, 0.13494195367978967, 0.13045272036739017, 0.1360619628558988, 0.13156205950223882, 0.14580534074617468, 0.13644002507562222, 0.1366417736786863, 0.13618965155404547], "train_ious": [0.4672528801256441, 0.5420913080266424, 0.5850132033228875, 0.6230997774156105, 0.6457871341726916, 0.6611949919682483, 0.6769401316085591, 0.6860332820510525, 0.6920262887210087, 0.7055210180688596, 0.7123477727282735, 0.7189692230760187, 0.7248678634996001, 0.7339013615164207, 0.7387341164268448, 0.7457220352970164, 0.752669234260701, 0.7585737878537695, 0.7635249469051327, 0.7654704211846636, 0.7740738044182457, 0.7758760577526642, 0.7837950057093647, 0.7757889045321421, 0.7848109609946821, 0.7980735943369242, 0.7991924014860305, 0.8045643656582075, 0.8016488906266036, 0.8120878915423932, 0.8113395024252977], "val_ious": [0.4818289241065149, 0.5297431814065878, 0.6130829678065535, 0.6045179207255874, 0.6603664490191833, 0.6582853025284365, 0.6740548159333243, 0.6735147209703056, 0.6850512440221896, 0.6834169367085332, 0.6914018107497174, 0.6954243856927621, 0.6970723245454871, 0.7012456342361976, 0.6985539716223012, 0.6997187293094137, 0.713091357462648, 0.7071821521157802, 0.7108007829258406, 0.7183149744203127, 0.7257034119920455, 0.7253284054821817, 0.7289704088715538, 0.71791078970916, 0.7306027559266574, 0.7256355210058932, 0.7313790921715722, 0.7170754848183065, 0.7231067950310913, 0.723642335421797, 0.7206011868041496], "training_time": 565.4399290084839, "avg_gradient": 0.003479832411726571, "memory_usage": 858.83984375}