{"train_losses": [0.26231822104233765, 0.21453500879199608, 0.1897740326821804, 0.17453446781829648, 0.16487014840316513, 0.1545886661776382, 0.147289181087652, 0.1404714595283503, 0.13554977799725274, 0.12988576896326698, 0.12658989656230676, 0.12316616908039736, 0.1213084481170644, 0.11455089841847835, 0.11068641912678014, 0.10664199154985987, 0.10647203542454087, 0.10178536269813776, 0.0981400392787612, 0.09274933450733838, 0.09294040816957536, 0.09145211630865284, 0.08985559204998224, 0.08446782066122345, 0.08168469357263783, 0.08260344798960116, 0.08048791950568557, 0.07876940638474796, 0.08230818188546793], "val_losses": [0.260845099778279, 0.20507975829684216, 0.17895613545956818, 0.17388499528169632, 0.16639792174100876, 0.15054884034654367, 0.15941605133854825, 0.1430939259412496, 0.13997919080050095, 0.13897817517104355, 0.13387496737034424, 0.1477553799100544, 0.12875729038015657, 0.1356595843706442, 0.12852088685916818, 0.1294277504734371, 0.13125058895219927, 0.13606072994677917, 0.12468111012940822, 0.1254422959426175, 0.1394754039204639, 0.13635490510774695, 0.12750162556767464, 0.126772983080667, 0.13362674560883772, 0.12733879491038944, 0.12817166940025662, 0.13593245977940766, 0.13770302466076353], "train_ious": [0.47255672777638486, 0.56169861358037, 0.6049835781796256, 0.6312926967182885, 0.650279764679895, 0.6687579050768114, 0.6817282367551669, 0.6940460674248744, 0.703393948196933, 0.7140803636740085, 0.720874147084744, 0.7264440442988839, 0.7294222615335298, 0.7423046887244865, 0.7495321595798367, 0.7570832962359206, 0.757065330078637, 0.7657089384029738, 0.7723371475071146, 0.782643322441457, 0.7820225523217862, 0.7850187802552311, 0.788079517313104, 0.7986258916232899, 0.8039568024485007, 0.8018211548527079, 0.8065154158334802, 0.809937789820242, 0.8022832949308382], "val_ious": [0.48458305940679897, 0.5695455024639766, 0.6258726346751916, 0.6436860084101772, 0.6574126885852953, 0.675408667412357, 0.6571996313506281, 0.6910899095777152, 0.6987128180006276, 0.6999827325344086, 0.7089711328347523, 0.6854968872191249, 0.7229935099249301, 0.7098672808944315, 0.7210142713957939, 0.7214728405942086, 0.7187733838091726, 0.7137108108271725, 0.7322053786205209, 0.7304045773934627, 0.7122858162375465, 0.7214418617279633, 0.7325261097023454, 0.7339584462452625, 0.7321092525254125, 0.7395165126392808, 0.7326270423937535, 0.7289340951736422, 0.7299280315637589], "training_time": 528.7165801525116, "avg_gradient": 0.0027369263869253388, "memory_usage": 858.83984375}