{"train_losses": [0.2679824304321538, 0.22240629492570524, 0.20176985131009764, 0.18200659768089003, 0.17230598401764166, 0.16208760760238636, 0.1524338776083744, 0.14685137950531815, 0.14426827114885268, 0.1359314023638549, 0.1325142714802338, 0.12647007551530134, 0.12370452110696098, 0.11889457617602918, 0.11653358853705552, 0.11290413307268983, 0.1103282540064791, 0.10516881185543278, 0.1010308392021967, 0.09815006091704835, 0.09624959487953912, 0.0947409509073781, 0.09574974275639524, 0.08722429758990588, 0.09107940178364515, 0.0870120240294415, 0.08017330535727998, 0.07860943675041199, 0.08399530407041311, 0.08093307219931613, 0.07450272150985572, 0.07227903359529117, 0.07147663997729188, 0.07135580498320253, 0.06833071696936437, 0.07005216853450173, 0.06802821612876395], "val_losses": [0.24337479796098627, 0.22509738608546878, 0.18968665761792142, 0.1970716215994047, 0.16760986201141193, 0.15277836050676263, 0.15738816332557928, 0.14712012980295264, 0.14267050150943839, 0.15327936767236047, 0.13984467186357663, 0.1437547206878662, 0.14044792010732318, 0.13630359036766965, 0.14460146783486658, 0.1331270772801793, 0.13139326643684637, 0.13012410230610683, 0.1370115200786487, 0.15024201928273492, 0.1305535298002803, 0.13168646735341652, 0.12909862949796344, 0.12843136699951213, 0.13552470084117807, 0.12667129771864932, 0.12885687888964362, 0.12928444066125414, 0.13751583530203157, 0.13858276362652364, 0.13091193933201872, 0.13767370403460835, 0.13732723130480104, 0.1387590545675029, 0.1361459676662217, 0.1334230422001818, 0.14200363599735757], "train_ious": [0.4623381703201195, 0.5477550242744066, 0.5830720175543561, 0.6196154382997665, 0.6369815652353176, 0.6557173436858516, 0.6729410674045049, 0.682052976951219, 0.6886626514403718, 0.7026819945245546, 0.7095075060707934, 0.7199633942134137, 0.7258595121295556, 0.734407475947038, 0.739331326838853, 0.7457469746038533, 0.7498928605970265, 0.7597530676942803, 0.7671071585213795, 0.7721594715679899, 0.7766275630481003, 0.7790290527045728, 0.7770837729499829, 0.793180170536473, 0.7856691850052365, 0.7936921260063198, 0.8069536112572836, 0.8101567171406056, 0.7997976957239967, 0.8061368821755693, 0.8185848177991051, 0.8233949578758597, 0.8249691651351208, 0.8253461924799972, 0.8319069824141, 0.8282572640025101, 0.8325710618409555], "val_ious": [0.5101745121073032, 0.5444277023923568, 0.6067012593798015, 0.6051024714673775, 0.6416264500307001, 0.6703509811473927, 0.6696874043647797, 0.6788388363261155, 0.6898197406443997, 0.6790638250717218, 0.6993322327085165, 0.6968983977601149, 0.6933299737132116, 0.704755039534707, 0.694487008927525, 0.7093902480775031, 0.7149351509152981, 0.7203457690235496, 0.7133345638496288, 0.6993038408134294, 0.7218853632609049, 0.7183926206999931, 0.7245065081810604, 0.7310613570869833, 0.7159762911606526, 0.7351532416499179, 0.7299034485350483, 0.7346973000229269, 0.7200042691783628, 0.7275523264770922, 0.7353761083837868, 0.732318313657374, 0.7351720892432807, 0.7313916616249775, 0.7350127869758054, 0.7384236135344573, 0.7298597645932349], "training_time": 676.4730365276337, "avg_gradient": 0.0030694280345666294, "memory_usage": 858.83984375}