{"train_losses": [0.2614907884727354, 0.2163549213791671, 0.18850764721308066, 0.17156888892793137, 0.16172354506409686, 0.1525487568553375, 0.14564349931543288, 0.14054497177510158, 0.13602313990502254, 0.13085153018650802, 0.13052917948073667, 0.12281823109673418, 0.11995683322944072, 0.11511265980484693, 0.11194965587523968, 0.10892103798687458, 0.1032990644807401, 0.10370548895519713, 0.10047801106196383, 0.09810858734114014, 0.09524436825481446, 0.09150874197645031, 0.08794333441587894, 0.08624086533065724, 0.08467299082194982, 0.08452822717473558], "val_losses": [0.24769237572732178, 0.26964198441609094, 0.18801927728497464, 0.1709905114510785, 0.17168457903291867, 0.1749492268199506, 0.1550483878539956, 0.1573909747859706, 0.1481936773204285, 0.14441493461313454, 0.14504205824240393, 0.16022287908455599, 0.13899815924789594, 0.13499851038922434, 0.13702309325985287, 0.13527182732587276, 0.14846968634620958, 0.13902280641638715, 0.14012867682006047, 0.13438302197534105, 0.1341885023790857, 0.13496780330720154, 0.12981798953336218, 0.1319790840472864, 0.13528229668736458, 0.14703097356402356], "train_ious": [0.472890271359812, 0.5582082103397968, 0.6073230790595211, 0.6384494487142216, 0.6559151678305603, 0.6740247670399108, 0.6850958846077538, 0.6942666225891181, 0.7032977587179, 0.7131331316802809, 0.7136073276616525, 0.7275906239190829, 0.7328927600621311, 0.7419737960765326, 0.746424952818864, 0.7529806730107985, 0.7625741716204344, 0.7624017729059515, 0.7685703729697767, 0.772418719270955, 0.7775525142425213, 0.7843742374924646, 0.7916585817609144, 0.7948779101497024, 0.7976660000133341, 0.7984456769798115], "val_ious": [0.5004070542644763, 0.5062765629179234, 0.611385590788247, 0.6426774183477181, 0.6467465961324994, 0.6438377344090005, 0.6773577421039773, 0.6676491306743761, 0.6854842620483341, 0.6895257850056108, 0.6907024137351826, 0.6779530175786087, 0.6996163123327753, 0.7124467420837154, 0.7055047350949133, 0.7080316066310025, 0.7041914318350778, 0.7050961588603862, 0.6970532890679179, 0.7188662919013395, 0.7220990245324981, 0.7143964791211528, 0.7257599042377609, 0.722519251531449, 0.7236340445452842, 0.7018857041130895], "training_time": 474.3357939720154, "avg_gradient": 0.007798802529690755, "memory_usage": 858.83984375}