{"train_losses": [0.25859074221680994, 0.2107344176620245, 0.19053490233162176, 0.1748379187901383, 0.16255356274221255, 0.15374199628991925, 0.1449866360863266, 0.14483977295458317, 0.13799582093792118, 0.13174501725513002, 0.12705106818643602, 0.12329835829365512, 0.12053573192299707, 0.11491969786584377, 0.11266290623208751, 0.10688633427185856, 0.10449424847636533, 0.10032213491428157, 0.1029427315958816, 0.09735526658756577, 0.09268411738879007, 0.08894028721134299, 0.08777176005684811, 0.09156075840734917, 0.08262584200533836, 0.07893431397235912, 0.0782342246612129, 0.07958422544533791, 0.07515283485712565, 0.07262225939041894], "val_losses": [0.2297194421939228, 0.20054426789283752, 0.1880597099661827, 0.1724661572471909, 0.16115010076242944, 0.16626189746286557, 0.1655250920549683, 0.15310012273814366, 0.15163710049313048, 0.14492864631440328, 0.14860237017273903, 0.15358997800427934, 0.13801981557322585, 0.1433516083204228, 0.14330691860421843, 0.14125574525931608, 0.13400495538245077, 0.14099145129970883, 0.13667891028782594, 0.1339934463410274, 0.13069791573545206, 0.12966602198455646, 0.13289184754957323, 0.13169968079613603, 0.14091330831465515, 0.13346366438528764, 0.1302492080823235, 0.13612826832610628, 0.13373621796136317, 0.15888246359384578], "train_ious": [0.48036110322868475, 0.5686637834254379, 0.6033700880581053, 0.6320407496954221, 0.6528863846931767, 0.6693335786677792, 0.6858780582745869, 0.6868050568129704, 0.699933386259321, 0.7105956142363341, 0.7183741315983341, 0.7257726556365042, 0.7315031775421855, 0.7418112634424716, 0.7455600293866103, 0.7559878953017187, 0.7603046491310215, 0.7680507687230905, 0.7636168830204705, 0.7734060546626216, 0.7830133649210135, 0.7896547163094297, 0.7919115867411747, 0.7854053399161154, 0.8020257873163708, 0.8094658523366072, 0.810709712729938, 0.8079622181645338, 0.8170757014034452, 0.8222845408363625], "val_ious": [0.5298080966956374, 0.5894041895002561, 0.6161637345085972, 0.6381607789924179, 0.6570686967908473, 0.6446413160234257, 0.6529604663019596, 0.6677034518856932, 0.680767875434696, 0.6890039152425268, 0.6946130513712978, 0.6764095136220905, 0.6996474585671355, 0.695117640538492, 0.6917512254870456, 0.701197168533353, 0.7115243280279463, 0.7076247960760974, 0.713249567842138, 0.7174849743428438, 0.7255875854820447, 0.7275972698909648, 0.7236722057712252, 0.7277286769687266, 0.7188602206499679, 0.7254592536584192, 0.7296513211036076, 0.721671313263368, 0.7289869072644607, 0.7016851200141769], "training_time": 548.4808440208435, "avg_gradient": 0.003527640900453281, "memory_usage": 858.83984375}