{"train_losses": [0.25507512939688953, 0.21167712504773037, 0.18570329678123412, 0.17323929524939993, 0.1609533953115992, 0.15444315698645686, 0.1479597093699419, 0.1428039021709043, 0.13773848233825486, 0.13292994192275015, 0.1300714881685765, 0.12286494028471086, 0.11932998527165341, 0.11893770685824363, 0.11375283352706743, 0.10875691088807324, 0.1098319141842101, 0.10338623424910981, 0.1008461466383027, 0.09703531731729922, 0.09752125726283892, 0.09342129488030206, 0.09118109078996856, 0.0889032139726307, 0.0840214977202856, 0.08099003747591506, 0.0792765432725782, 0.08783827381937401, 0.07844669695781625, 0.07800159340157457, 0.07895156769486873], "val_losses": [0.21911527443191278, 0.18883332318585852, 0.19456079667029175, 0.19724338145359702, 0.16396970609607903, 0.16244795108618942, 0.1490549793385941, 0.14227757732505383, 0.1422288529574871, 0.1433846686521302, 0.14024026853882748, 0.13656439049088437, 0.13386280381161234, 0.15326100749813992, 0.12999069091418516, 0.1268289197722207, 0.13326258536266244, 0.1355352093992026, 0.12700624666784122, 0.1345989289491073, 0.12530258200738742, 0.1343177022493404, 0.13624764314812163, 0.12711770978310835, 0.1259968965921713, 0.1346570237175278, 0.12961000236480133, 0.13275686926815822, 0.13110861263197401, 0.13573626995734547, 0.13498949972183807], "train_ious": [0.48523039565475634, 0.5651665982398864, 0.6119640795648958, 0.6353665544394999, 0.6562472306515862, 0.6692185566045237, 0.6807165152352789, 0.6900623255557774, 0.6988271360380061, 0.7086459157475526, 0.7136007893452612, 0.7261354103144528, 0.7331650404502518, 0.7348040032429973, 0.7438458351661328, 0.7533553734529707, 0.7509924193871196, 0.7626883016656277, 0.7668627224646613, 0.774552216348441, 0.7735377683479718, 0.781844194492568, 0.7854170073633603, 0.7899764971132729, 0.7997876512615576, 0.8057142128978952, 0.8085523573816684, 0.792344838704752, 0.810806499227234, 0.812241889968298, 0.8097918073552244], "val_ious": [0.5476949420096218, 0.6017768659453463, 0.6159653572932535, 0.6053679997938266, 0.6578729172115741, 0.6563483521990154, 0.6794397945421331, 0.6893695754849393, 0.6932903357606003, 0.6920739863661752, 0.7004460718320762, 0.7038142391736956, 0.713060929723408, 0.6924061222352841, 0.7198118016771646, 0.7254058468169058, 0.7098726589178692, 0.7152127489663552, 0.7270960814279058, 0.7170537578454916, 0.7309653778438983, 0.7161713745714959, 0.7211046069860458, 0.7298747594805732, 0.736602558173995, 0.7289996343678322, 0.7334081457144973, 0.7228229492902756, 0.7326651273862177, 0.7216864362143087, 0.7278164415687757], "training_time": 565.5591044425964, "avg_gradient": 0.0029332260098758455, "memory_usage": 858.83984375}