{"train_losses": [0.2592896397994912, 0.21342517144006232, 0.1876923369810633, 0.17191034312481465, 0.1618110193749485, 0.15343297050213037, 0.14819248692820902, 0.143132658391867, 0.13657914243800484, 0.13145189987414557, 0.12663095501130042, 0.12378396089796138, 0.11872251028114039, 0.11645786937974069, 0.11121190043733171, 0.11219575167026209, 0.10836125460817762, 0.10329839700590009, 0.09936110331150501, 0.0976673737573235, 0.09163112752139568, 0.09334914519896974, 0.0912568335947783, 0.08972851786276569, 0.08256199352605187, 0.0800703397506605, 0.07937751925024002, 0.07909061553199655, 0.07992424463610286, 0.07761180700491303, 0.07689589326796324], "val_losses": [0.2580816804066948, 0.20354672586140427, 0.16984550849251126, 0.16542048687520233, 0.1484351501516674, 0.1528977727436501, 0.16517571149312932, 0.1426183861558852, 0.14383772647251253, 0.13239419071570688, 0.13243228585823721, 0.15211035667554193, 0.12950770168200784, 0.12573028955122698, 0.1259450961066329, 0.1265034934748774, 0.1272106731067533, 0.1329897436434808, 0.12777654308339823, 0.12645961797755698, 0.12602392243950264, 0.12191523498167163, 0.1239722108711367, 0.12143559267987376, 0.12296218797564507, 0.12493146065136661, 0.12495612304495729, 0.12597008940318358, 0.12770536622923354, 0.12438058027106783, 0.13585114495261855], "train_ious": [0.4780161385491923, 0.5630078581904157, 0.6101135298933672, 0.6373991215790529, 0.6561062805138635, 0.670679503268954, 0.6806758037511854, 0.6916196946648584, 0.701456243523221, 0.7112243921104546, 0.7206059287207711, 0.7259412776084914, 0.7345487904073538, 0.738990134195141, 0.7491913667299607, 0.7466599493678927, 0.75380334355261, 0.763186622357023, 0.7703243406570476, 0.7730467704435192, 0.784480707746917, 0.7808349545559156, 0.7860315324387688, 0.7882899724594933, 0.8023638871052985, 0.8072085022062494, 0.8085668173389159, 0.8090758338786557, 0.8073934476444685, 0.8125373457652934, 0.8138076896252839], "val_ious": [0.49358317115600553, 0.5764894266275392, 0.6405081139958425, 0.6499167337365772, 0.6792344034150026, 0.6768833858811337, 0.655846121950426, 0.6914711594581603, 0.6900048065876616, 0.7087240221275799, 0.7082708696092385, 0.669086482213891, 0.7183287625295528, 0.7194576721260514, 0.7224318020153736, 0.7213420140138571, 0.7201530097619347, 0.712812696678051, 0.724640221915383, 0.7293951157210531, 0.7321596871251645, 0.7374486188957657, 0.7305157668348672, 0.7346206894819288, 0.7382218496523041, 0.7376711139644402, 0.737117441236109, 0.7380018497722737, 0.7325768803340802, 0.7342703819706821, 0.7284360024808111], "training_time": 565.1385850906372, "avg_gradient": 0.0063466289009993125, "memory_usage": 858.83984375}