{"train_losses": [0.26294651951478876, 0.22765295207500458, 0.1984624314405348, 0.18124104509858982, 0.16536264429273811, 0.15955330739202706, 0.15263644443905872, 0.14358458777322716, 0.1380407068392505, 0.1346110835995363, 0.13133371653764145, 0.1259151910958083, 0.12172347801211088, 0.12329106539001931, 0.11738242241351501, 0.11255368335253518, 0.11063360896609399, 0.1059422742413438, 0.10399931770465944, 0.09850554884937794, 0.0980023151749502, 0.0955247911422149, 0.09179967334089072, 0.09172909771618636, 0.08720549366072468, 0.08320847234648207, 0.0858259231419019, 0.08334070112070312, 0.07912599878466647, 0.08000370131238647, 0.08715377249957426, 0.07552458295274687, 0.07164566052834624, 0.07267113758817963], "val_losses": [0.2591124270921168, 0.2335192865651587, 0.1994826923245969, 0.1779221195889556, 0.1566065841394922, 0.17152923410353454, 0.1531273418146631, 0.1585911489699198, 0.14882102932619012, 0.13829905199615852, 0.13782562752780708, 0.13827248452150304, 0.1370349625206512, 0.13244089241261067, 0.13731282998038374, 0.13623866827591605, 0.1311732559748318, 0.13202511502996736, 0.13777529221513998, 0.1285999619766422, 0.1320034599174624, 0.12663051097289377, 0.13266404264647028, 0.1254812287895576, 0.1256616875205351, 0.13039362754510797, 0.13374344567241875, 0.12644469899975735, 0.13165237446841987, 0.1313895471394062, 0.1297041577813418, 0.130151544738075, 0.13561328970219777, 0.14476002704190172], "train_ious": [0.4699187328553069, 0.536978588965924, 0.5902774373096399, 0.620739006747802, 0.6496811069656111, 0.6591259939191134, 0.6723981507770393, 0.6886836402658103, 0.6996034302249339, 0.7055473578148994, 0.710802970913009, 0.7218968445516153, 0.7296960952057359, 0.7260495492297665, 0.7373078207930798, 0.7460281101149921, 0.7495394015441772, 0.7579241054321545, 0.7609782939695797, 0.7713900474102602, 0.772341200083062, 0.7769472392788832, 0.783725778909697, 0.7845133866412917, 0.7932849646802399, 0.8003796441615493, 0.795902649939492, 0.8003016946756325, 0.8089229907246601, 0.8074707438548405, 0.7935735922900662, 0.8165378709850105, 0.8245179848610491, 0.8226253739085748], "val_ious": [0.494658482355484, 0.5339728512841723, 0.5905569068331649, 0.6260034819875938, 0.6647330546292705, 0.643040637391201, 0.6720173568397328, 0.6633997648090556, 0.6785933960607086, 0.6982636240081511, 0.6983701625595921, 0.6982885774063028, 0.7048876622448796, 0.713638628522555, 0.7062999111586722, 0.7082112111907075, 0.7146926677745321, 0.7130080565162327, 0.7076875113922617, 0.7200544128815333, 0.7186772017807199, 0.7265624220388524, 0.7206494993921638, 0.728543456265892, 0.7318392141141751, 0.7264684304810952, 0.7168774583201478, 0.7311510961988696, 0.728961996410204, 0.7272301467432492, 0.7298370744439139, 0.735607583021772, 0.73188201478426, 0.711957872993704], "training_time": 621.4257888793945, "avg_gradient": 0.007003766783849134, "memory_usage": 858.83984375}