{"train_losses": [0.26134727951949055, 0.20990311313906443, 0.18541408305906731, 0.17119908081772534, 0.15961753787553828, 0.15189698800120666, 0.145289217810268, 0.1408545206422391, 0.1335944211839334, 0.1285019435150468, 0.12558505676038886, 0.1221848314466036, 0.11848997668889553, 0.11462904286125432, 0.11081638511108316, 0.10765078084786302, 0.10293506247841794, 0.10501961292617995, 0.09832515506802694, 0.09864950819831828, 0.09234591249538504, 0.0895425301126164, 0.08887595181231914, 0.08547687789668208, 0.08408559158282436, 0.08974305540323257, 0.0831389858427903, 0.07678400802061609, 0.07775911482293969], "val_losses": [0.2296236342062121, 0.20446021984452786, 0.1824860488590987, 0.1819385390566743, 0.1677492673954238, 0.16022664470517117, 0.15268459073875262, 0.1423362543725449, 0.14344651737938757, 0.15038972007839577, 0.14314977452158928, 0.13560380154977675, 0.13493603548925856, 0.14696314833734347, 0.13970951314853586, 0.13720931452901466, 0.13044897321125734, 0.12846577880175217, 0.1294381028932074, 0.12939725476114647, 0.13114645996171495, 0.13129837146919707, 0.1299811833254669, 0.1403644190210363, 0.1335497344641582, 0.12872061619292136, 0.13149823264583296, 0.13125570895879166, 0.1373243202333865], "train_ious": [0.4725198250101961, 0.5696998956356791, 0.6122574541123882, 0.6382437088135359, 0.6602914715050784, 0.6740301933841428, 0.6845797609699809, 0.6940231317303319, 0.7075652955774814, 0.7160772546261981, 0.7210880054727843, 0.7277254424989222, 0.7342442248178565, 0.7421883260966211, 0.7484208984111531, 0.7550481478481192, 0.7631438673622363, 0.7590316234939335, 0.772234941036373, 0.7712412061358708, 0.7825321149134981, 0.7879151965936889, 0.7892510859106762, 0.7958650593848331, 0.7986718752030013, 0.7882207701711548, 0.8004302834363083, 0.8136201209348178, 0.811619528069876], "val_ious": [0.5369343747911244, 0.5735904922087989, 0.6216470619690593, 0.6284386177641759, 0.6483507802089056, 0.6592316998951678, 0.6730025687079499, 0.6952329319024433, 0.6926225685123082, 0.6834701124740681, 0.6920361773691317, 0.7076934254255849, 0.7090169320935789, 0.6900500553673592, 0.7019837863635325, 0.7059076173581936, 0.7241664401431017, 0.7215594342653301, 0.7246315233085469, 0.7229254066512204, 0.7226120494845985, 0.7272327961265176, 0.7301701022231062, 0.7222650586694911, 0.7261862499990326, 0.7306907060353652, 0.7326971633710722, 0.7351393295802933, 0.716926300439282], "training_time": 531.313512802124, "avg_gradient": 0.006217526438684017, "memory_usage": 858.83984375}