{
  "train_losses": [
    0.25645713410947635, 0.2061862236941638, 0.18448485247790813,
    0.1702634522934323, 0.15870500202088253, 0.15340654969053424,
    0.1437990035780746, 0.13871154444211203, 0.13463548704495895,
    0.1283644094415333, 0.12506115185501782, 0.12130454409381618,
    0.11736982805735391, 0.1145505104213953, 0.10973422925757326,
    0.10725937893047281, 0.1037396144364839, 0.09923101848234302,
    0.09744410338285177, 0.0980999109375736, 0.09379294607788324,
    0.09328931695579187, 0.09066123418186021, 0.0873122172349173,
    0.08365475637433321, 0.08124795835465193, 0.07937181627620822,
    0.07650559330764024, 0.07571700458293376, 0.07932977661814379,
    0.07373068188114659, 0.07451531787038497, 0.06896075086020258
  ],
  "val_losses": [
    0.2415311728482661, 0.20533500190662302, 0.17570615171090417,
    0.18218737678683322, 0.1546677919509618, 0.15917672443649042,
    0.15412108762108762, 0.17063754051923752, 0.1488964441029922,
    0.1364411548103975, 0.1471242953253829, 0.13843080223254536,
    0.14220526296159494, 0.13554044650948566, 0.13248104148584863,
    0.1350812498965989, 0.1351955249581648, 0.13035320927915367,
    0.13318303373196852, 0.13197629202319228, 0.13010512259991272,
    0.13856612453642098, 0.1269960265768611, 0.12951721510161524,
    0.1315846605145413, 0.13068216585594675, 0.13152697601396104,
    0.1307324961475704, 0.1329233638294365, 0.13775397837162018,
    0.1365011925606624, 0.132279426669297, 0.13712388034100118
  ],
  "train_ious": [
    0.482341906339254, 0.5746572926586521, 0.6146356577350606,
    0.6403883982827698, 0.661528508030418, 0.6700754933383152,
    0.6885536008554957, 0.698884862056677, 0.7065718067081077,
    0.717407807437838, 0.7231298274212123, 0.7291338927503944,
    0.7368085290426797, 0.7421662389584208, 0.7511516943897888,
    0.7551451012816116, 0.7621423097840251, 0.770579251798167,
    0.7735044095611225, 0.7717285848938032, 0.779912591844365,
    0.7813675167659916, 0.7863000956350482, 0.7925830433226153,
    0.7995184622165078, 0.8042349650160127, 0.808366296084031,
    0.8142384215109588, 0.8157042674180388, 0.808692695437998,
    0.820073014476161, 0.8186213009167408, 0.830484547800776
  ],
  "val_ious": [
    0.52557856729929, 0.5835989408087039, 0.6339481069125992,
    0.6252684550008911, 0.6698968961187032, 0.6667614309252174,
    0.6719648222560469, 0.6426016848156418, 0.6868237727794093,
    0.704836318890254, 0.6879991089952164, 0.701103577579277,
    0.6954102470822956, 0.7117037244033122, 0.7150798504767211,
    0.7119515911824462, 0.7135209117246712, 0.7265809055255807,
    0.7162261499442918, 0.7248774820911714, 0.7271304936080737,
    0.715256889445194, 0.7320477377245392, 0.7337374397809953,
    0.7302498843358909, 0.737072840764903, 0.7354559596034064,
    0.7361341961052107, 0.7330117886481078, 0.7265850661889367,
    0.7289919013130494, 0.7353716296130332, 0.7306310633818306
  ],
  "training_time": 604.5558936595917,
  "avg_gradient": 0.0030211162720863893,
  "memory_usage": 858.83984375
}
