{"train_losses": [0.25978324149289855, 0.21410577063975128, 0.18679581712121548, 0.17093083553988, 0.1596549238766665, 0.15220500253464864, 0.14659564885432305, 0.14067220841736897, 0.1322292431217173, 0.13338633003118244, 0.12753264079599277, 0.12150057793959328, 0.11669856884881206, 0.11228829022982846, 0.11281319448481435, 0.10638793399962394, 0.10108864060400621, 0.100369766799976, 0.09851766669231912, 0.09824882885036261, 0.09390986641949933, 0.08958055860484423, 0.08531948559634063, 0.08364341096223696, 0.08103691418047833, 0.07858717510395724, 0.076684662302875, 0.0741317772468471, 0.08249485407672498, 0.0749393322950472, 0.07162942065168983, 0.06844396628034503, 0.06647727828796791, 0.06694004555111346], "val_losses": [0.23974624924037768, 0.20322844645251398, 0.17646856638400452, 0.176899261124756, 0.1697095085097396, 0.15453709402809973, 0.16080637502929437, 0.14684656683517539, 0.15126297784888226, 0.14850584887292073, 0.14372429980531984, 0.14640578368435736, 0.1393880597923113, 0.13449725265736165, 0.13745310611051062, 0.13335317778198616, 0.13466815877219904, 0.15156593125151552, 0.13117066673610522, 0.12743659220311954, 0.1402861979668555, 0.13092126713498778, 0.13487132136588512, 0.13559582084417343, 0.13265620026251543, 0.1306527812519799, 0.1319345324907614, 0.13550247527335002, 0.13755730750120204, 0.13898364438310915, 0.1365608312189579, 0.13461927907622379, 0.13832715202284895, 0.14643306009795354], "train_ious": [0.47700317405110243, 0.5623028066981096, 0.6094537540406421, 0.6391236425741859, 0.6590754834098228, 0.6737279939478721, 0.6822185736635459, 0.6956231162707873, 0.7092421769663911, 0.7068233400367303, 0.7190826855383922, 0.7289099221968129, 0.7381412799375646, 0.7460662644842395, 0.7451749738251818, 0.7566672127315965, 0.7664251860933026, 0.7678549061866775, 0.7714061250073323, 0.7717779433165772, 0.7801746725496175, 0.7878056977322135, 0.7958289640753162, 0.7995681205521462, 0.8046523475128674, 0.8097675596026407, 0.813580852271854, 0.8192076440090716, 0.8025119393200116, 0.8170851491715595, 0.8240942598684972, 0.8312143377851745, 0.8355758058420131, 0.8349134110022286], "val_ious": [0.5152336210012437, 0.5898580065240031, 0.6369078288907588, 0.6287845129120176, 0.6477837975042453, 0.6688558958146884, 0.6706295242344124, 0.6852534065643946, 0.6841002897075984, 0.6821738498798314, 0.6924984975569489, 0.692681090987247, 0.7052250428908112, 0.7121549808028816, 0.7048886925845907, 0.7187075617088786, 0.7130338502103004, 0.6916562295046407, 0.7205443064803664, 0.7262142922567286, 0.7142169486353365, 0.7276411574819812, 0.7236767663903857, 0.7293737327706985, 0.7300022689328679, 0.732970029115677, 0.7348606875841167, 0.7323857100977413, 0.7233596588822379, 0.7279674717481583, 0.7319804840329762, 0.7335603798645131, 0.731549202532008, 0.7161002053298814], "training_time": 622.6424350738525, "avg_gradient": 0.004483119240344408, "memory_usage": 858.83984375}