{"train_losses": [0.26133713612089987, 0.21284167792486108, 0.18523060012122858, 0.16873127651279388, 0.15849359187742937, 0.15217918647534173, 0.14429479396051687, 0.1370688276770322, 0.13330870457803426, 0.12532722427631202, 0.12282339042133611, 0.12004746881354114, 0.1142801089293283, 0.11201489631734464, 0.11012356153324894, 0.10456189982916998, 0.10223476884319731, 0.10010670591145754, 0.09856507044447504, 0.09125396730783193, 0.0893908904703415, 0.08545292403710925, 0.0906792238516652, 0.08313589842747086, 0.08204759143130935, 0.07796456567619157, 0.0762978880463735, 0.07723203690155693], "val_losses": [0.2532386517395144, 0.2069419217498406, 0.1840043333561524, 0.17855663565189941, 0.1728683655028758, 0.15697224632553433, 0.1630976600167544, 0.16048691907654639, 0.14831732667010764, 0.15169664423750795, 0.14120327001032623, 0.14455013252470805, 0.14885971306458765, 0.13883150433716568, 0.14000532938086468, 0.1486911402772302, 0.1435182420131953, 0.135431207716465, 0.1390098140615484, 0.1371351342810237, 0.13898868648254353, 0.14354300660931546, 0.13821312007696732, 0.13872381980004517, 0.1354580323981202, 0.1410874505729779, 0.13700025593457016, 0.14554038319898688], "train_ious": [0.477798555397253, 0.5637007551672666, 0.6128683496212611, 0.6433614475139674, 0.6630287481390913, 0.672769028963386, 0.6879145630459854, 0.7015041491907574, 0.7075616398259347, 0.722372678796882, 0.7264945353718772, 0.7314501871773298, 0.7420073517098804, 0.7460695012756016, 0.7491899075499483, 0.7600064808907719, 0.764066885238972, 0.7683077041005746, 0.7708764557281266, 0.7843252732485962, 0.7881186666048096, 0.7957399869202704, 0.7860533166406812, 0.8005606693526112, 0.8025851904050165, 0.8106759192718975, 0.814230365597684, 0.8122424991882368], "val_ious": [0.5037065073847771, 0.5694891511314156, 0.6227566126895988, 0.6365522113831146, 0.6423230823399363, 0.6695804306562397, 0.6656465612459875, 0.6649464653885883, 0.6870595961809158, 0.6890512167111685, 0.6986861537764039, 0.6963047802016356, 0.6919107162866039, 0.7044207769027655, 0.7082566459109819, 0.701347624262174, 0.7073264463224274, 0.7168189863795821, 0.7145551268173298, 0.7171952255826066, 0.7197555826194045, 0.7180082117733749, 0.7181074962667794, 0.7277538683535397, 0.7247961709896723, 0.7224251580411108, 0.7297741241645122, 0.7079465957223504], "training_time": 513.5708413124084, "avg_gradient": 0.008988640660084854, "memory_usage": 858.83984375}