{"train_losses": [0.2705700118904528, 0.2169168824734895, 0.19378423042919324, 0.1823159383366937, 0.1687014595321987, 0.1610015610475903, 0.1544057026748424, 0.1471830587429197, 0.14250191446879637, 0.14066085263924755, 0.13331184710335472, 0.12834917976642432, 0.12486166219510463, 0.12106908068222844, 0.11620147534362647, 0.11376895431591116, 0.1082334270214905, 0.10575424527506465, 0.10546041798332463, 0.09841828331675219, 0.09721682208549717, 0.09388429683673641, 0.09150094972194536, 0.09722423245725424, 0.08708214751728204, 0.08272026827477891, 0.0823464326803451, 0.08138702279361694, 0.08108853386796039, 0.07608890067785978, 0.07376766342507757, 0.07649375279636486], "val_losses": [0.24806377194497897, 0.20546526235082876, 0.18449475681004318, 0.18095651528109674, 0.20415827955888666, 0.1558476692956427, 0.15740156173706055, 0.15280209044399468, 0.15120412279730258, 0.17082749533912409, 0.15677628455602605, 0.14923642899679102, 0.1390791451153548, 0.13521512322451756, 0.13635398755254952, 0.13464230817297232, 0.14720810237138168, 0.1324364215783451, 0.1342748798753904, 0.1329416835113712, 0.1372621687858001, 0.1316901061521924, 0.13696364604908487, 0.1338250620857529, 0.13536429032683372, 0.1357387485711471, 0.13808786982427473, 0.14446205645799637, 0.13402120574660922, 0.14203956188715022, 0.140384201284336, 0.2023735726657121], "train_ious": [0.4553120869103873, 0.5556881921770778, 0.5979838272745627, 0.6186426846661428, 0.6424135221303373, 0.6566089447317779, 0.6687349686804026, 0.682260901113783, 0.6912899917342523, 0.6944071401072582, 0.7076948713781178, 0.7164794628818826, 0.7236763911618703, 0.7295279215103471, 0.7386880701110846, 0.7430397394126736, 0.7527628373084719, 0.75780446384696, 0.7580339612196324, 0.7714180755226508, 0.7739349044319519, 0.7794989525084045, 0.784232668254686, 0.7737600662462086, 0.7929188665272534, 0.8013286890758985, 0.8022691039503486, 0.8040277531397519, 0.8043317244104715, 0.8146311760596608, 0.8197933308024347, 0.8145980878152707], "val_ious": [0.5144355546521103, 0.5756050561001337, 0.6150980831488317, 0.621308751512265, 0.6088547067365784, 0.6668575753768285, 0.6637943354637728, 0.6707572867904884, 0.6796141316493353, 0.6585116181252658, 0.677554846457813, 0.6925268572741661, 0.7002492385066074, 0.7084017817092978, 0.7072440312392471, 0.710854270104049, 0.6993187994196796, 0.7150266906921413, 0.7152353896610978, 0.7159105619226677, 0.7075092237496721, 0.7257627440967422, 0.7205631193043528, 0.7230069911566332, 0.7245191435019175, 0.7181389778852462, 0.7218891570101613, 0.7158802305010782, 0.7308604322049929, 0.7267740198235578, 0.7268963067427926, 0.6673717986846315], "training_time": 582.4603340625763, "avg_gradient": 0.008187972165428171, "memory_usage": 858.83984375}