{"train_losses": [0.26504422384111775, 0.21360615981013878, 0.18852553638103214, 0.16994830536777558, 0.1622211988610418, 0.1502241924729036, 0.14617349786440964, 0.1393171939998865, 0.1330526392178043, 0.12905207567888757, 0.12632775808806004, 0.12237180077025424, 0.11793126615331224, 0.11461360736385635, 0.11516895043947127, 0.1084948273618584, 0.10497610023974077, 0.10076907738719297, 0.09898753213169782, 0.09646739612292984, 0.09714925815553768, 0.09122243495253117, 0.08978848734303661, 0.08803398287652628, 0.08689914502041496, 0.08282884991849246, 0.07886255973869044, 0.07951347600749653, 0.0772534203513161, 0.08391862366672444, 0.08553832453554092, 0.07440999826497358, 0.07031408108203956, 0.06881130294388403, 0.07352793967837225, 0.06797705236417444, 0.06516003226051512, 0.064230902120471, 0.06405725131702164, 0.07241442912946576], "val_losses": [0.23587641508682913, 0.2024294996391172, 0.1917085058015326, 0.16334703175917917, 0.16101203016612842, 0.17305877545605536, 0.14955527869903523, 0.14583486172816026, 0.14563521807608398, 0.14551003066741902, 0.1535197214587875, 0.13558031019309294, 0.15186674066859743, 0.1370294502247935, 0.13685334328076112, 0.13056223418401636, 0.135615145544643, 0.1322321190458277, 0.13896103915960892, 0.1462700852881307, 0.13579014964077785, 0.12841403516738312, 0.13360824695099954, 0.13724798369018928, 0.13421620882075766, 0.13524983580345692, 0.12839447237227275, 0.13061697214193965, 0.13719032348498053, 0.1444929600085901, 0.13558371672811714, 0.1324595964473227, 0.14355963581930037, 0.13903261235226755, 0.13946564819501794, 0.13509968652025514, 0.13496087280952412, 0.1389520383723404, 0.1409613447992698, 0.14662157258261804], "train_ious": [0.47001823040562246, 0.5628673819744068, 0.6082179205681107, 0.6413748690291591, 0.6549903841662232, 0.6771219639998417, 0.6843373305771666, 0.6974923882795414, 0.7086559335390724, 0.7162643264493217, 0.7209642324326694, 0.7279061119517548, 0.7362513470368973, 0.7419665888815684, 0.741833973136069, 0.7529725788728048, 0.7594840498506162, 0.7676122953062469, 0.7709865921541407, 0.7753497124042197, 0.7742390770303165, 0.7854031693136347, 0.7881894700121191, 0.7917934576238413, 0.7935197560683541, 0.8013731183997099, 0.8094805001780602, 0.8085328519776245, 0.8129449939166292, 0.8006269199152785, 0.7964109803779399, 0.8186973391667655, 0.8275688487118569, 0.8308425923620445, 0.8210822171059209, 0.8323853201624276, 0.8388587725551236, 0.841096262353054, 0.8413388046665465, 0.8254558844626811], "val_ious": [0.5193524726707003, 0.590637264908224, 0.5981769911620928, 0.6553410650163456, 0.6599226907111596, 0.643778531231742, 0.6801696752292522, 0.6879439602295558, 0.6902250699374984, 0.693685054563094, 0.6753056092538695, 0.7052827015303182, 0.6863653413627461, 0.7079564747603043, 0.7073395943296127, 0.715987796800724, 0.7125937007907508, 0.7254763295253115, 0.7052853794201562, 0.6975765653710433, 0.720382180766783, 0.7296255289212518, 0.7241323670183405, 0.7169597431801364, 0.7186281227547188, 0.7264801395544107, 0.7321135991293451, 0.7262510817120041, 0.7318261635044345, 0.7054248110971588, 0.7219676850498584, 0.7354629627172499, 0.7290138848449871, 0.732942235858544, 0.7287712179232338, 0.7383824992870938, 0.7382326108821925, 0.7361179905525153, 0.7348370403051377, 0.7001432309979981], "training_time": 730.8586602210999, "avg_gradient": 0.005485431855034289, "memory_usage": 856.21484375}