{"train_losses": [0.27108336588286835, 0.22913912351688612, 0.20196700857385344, 0.18119113325424815, 0.16825171892085802, 0.1619089476602233, 0.1515947143830683, 0.14715942627061968, 0.14014858675553746, 0.13490404354651336, 0.13197227466203595, 0.12739593746221584, 0.12232129652377056, 0.11923590407747289, 0.11609385656597822, 0.11453457132143818, 0.10706746574167324, 0.10504953522721062, 0.1031756907215585, 0.09970788017887136, 0.09548766461565443, 0.0922772954420551, 0.09315207329295251, 0.08828323123895604, 0.08551776336263055, 0.08646674097880074, 0.0899214100740526, 0.07967956679994645, 0.0761981627944371, 0.07361055870095025, 0.07232559873196094, 0.07206047757569214, 0.06899038803480241, 0.06761972371326841, 0.06611437808074382, 0.0762925847514492, 0.07694579446283371], "val_losses": [0.2345628650939983, 0.2177735214000163, 0.19375347896762515, 0.18323524199102237, 0.1699284098070601, 0.16287363903677982, 0.16059837555107864, 0.1536886855635954, 0.14376982787381049, 0.14700933772584665, 0.13857468849290971, 0.13429597781404204, 0.13571503466886023, 0.1346994847383188, 0.13173170177185017, 0.13520279737270396, 0.13761812351320102, 0.13899464808080508, 0.13545379010231598, 0.13430808047237602, 0.14490784866654355, 0.13228048594749492, 0.13180369316883708, 0.1310092993080616, 0.13693106287847395, 0.14112805623723113, 0.13794006860774496, 0.1310646106367526, 0.1345840966247994, 0.13656139843489812, 0.13537147754560347, 0.13582129970840787, 0.13487604309035384, 0.13549058171718018, 0.14394807329644327, 0.14168333829097127, 0.14733271738109383], "train_ious": [0.4504086310178903, 0.5329018080796019, 0.5842950069817947, 0.6197892615868563, 0.6445844031978342, 0.6566681702067886, 0.6734563193783378, 0.682398376311513, 0.6943935933860316, 0.7051836095642352, 0.7106742482578404, 0.7184221434636393, 0.7275354923761408, 0.7332626325280766, 0.7389352650422119, 0.7414868391402392, 0.755391956887383, 0.7596080192513222, 0.7627258627958918, 0.7692480949496018, 0.7766731621130648, 0.7835309942779335, 0.78123534578776, 0.7907373156884446, 0.796213297740273, 0.7945300202438799, 0.7875251537323866, 0.8079646284813472, 0.8150148487825323, 0.8200284903464106, 0.8228590364257498, 0.8236526599612793, 0.8302542020877202, 0.8334575584833174, 0.8369678649781409, 0.8153361868167274, 0.8141794907657997], "val_ious": [0.5167638317182445, 0.5504597466492996, 0.5966589159291722, 0.6145222223755246, 0.6485335969406627, 0.6599186088727869, 0.662305655038875, 0.676253127878991, 0.6940618487803831, 0.6848923974279046, 0.698004015761873, 0.7078171398328699, 0.7047224057757338, 0.7086234760025273, 0.7134861812211463, 0.7068230788344922, 0.7045903611874234, 0.7057490504306294, 0.712396207710971, 0.7200471655182215, 0.7157630117043204, 0.716756034588468, 0.7253000334553097, 0.7262842853864034, 0.7158876018247742, 0.7088414380947752, 0.7173763386149336, 0.7333328307106876, 0.7291132300228316, 0.7322000908678857, 0.7312646670186003, 0.73182862629925, 0.7338317604600519, 0.7385044259869535, 0.7234229194945183, 0.718027671178182, 0.7163425405388293], "training_time": 676.7761726379395, "avg_gradient": 0.0030039256905590823, "memory_usage": 856.21484375}