{"train_losses": [0.26860038191080093, 0.22359890353096568, 0.19864749025715434, 0.18032211227261502, 0.16804097098824772, 0.16029827551835257, 0.15092765547983025, 0.14508345391115415, 0.14263380646867596, 0.13588310830780995, 0.13089351088780424, 0.12904164130273071, 0.12431008093383002, 0.1185981052239304, 0.11438625763453868, 0.11257192686848018, 0.1095171582115733, 0.10922250038255817, 0.10096480069762986, 0.10074249258183915, 0.09900301933774482, 0.09335130493602027, 0.09399226056816785], "val_losses": [0.2354632803927297, 0.21979321701371152, 0.19391248407571213, 0.18586044920527417, 0.16331309792788132, 0.15831718950167947, 0.17221624145041342, 0.1661799365411634, 0.15293789557788684, 0.14949258692238643, 0.13756985298317412, 0.14167960263464763, 0.13847603535522585, 0.1342841234544049, 0.13760945719221365, 0.14684459097359492, 0.13845720611836598, 0.13137334342236104, 0.1317348541772884, 0.13159666113231494, 0.13419386064228805, 0.14440516220486682, 0.14366830577668938], "train_ious": [0.4639452083738167, 0.5436176569943407, 0.5898100230302932, 0.6208619192998474, 0.6435893503004226, 0.6580997503538062, 0.6751429418614808, 0.6859630117921722, 0.6892077298699949, 0.7032028655859008, 0.7120913810812044, 0.715195431117562, 0.7239559102209587, 0.7348754863268216, 0.7417268347589004, 0.7458495603523392, 0.7508646406881189, 0.7508469125714854, 0.7662241339035656, 0.7666067533410982, 0.7703031156805982, 0.7807526259102684, 0.7796551091731456], "val_ious": [0.521460703101711, 0.5485237206237903, 0.601499594208123, 0.6225210670111835, 0.6562112172444662, 0.6621439307928085, 0.6484682292178057, 0.6525075502585672, 0.6720395831094272, 0.6811910230612408, 0.7019008700398431, 0.6959815481002779, 0.7054883580708848, 0.7100834777389745, 0.7045665337987568, 0.6931645176980805, 0.7047148845765902, 0.7161377160877421, 0.7222966815250507, 0.720460718524629, 0.7214327603578568, 0.7067183893227922, 0.6986687775107399], "training_time": 415.4746923446655, "avg_gradient": 0.005031629676890837, "memory_usage": 856.21484375}