{
  "train_losses": [
    0.26446846402857616, 0.22056689647876698, 0.19549034568278686,
    0.17990998178720474, 0.16735791937326608, 0.15794688706164775,
    0.14904865622520447, 0.14547999879426282, 0.13948950969168675,
    0.13460907315754372, 0.1308602648584739, 0.128245171038029,
    0.12305577139815559, 0.1168722577555024, 0.11412207126293493,
    0.11035046366083881, 0.10608283474879421, 0.10652155283352603,
    0.1038745581374868, 0.10026066244134436, 0.09738245108367308,
    0.09505564800423125, 0.09208819909912089, 0.08900107860403217,
    0.08627245911275563, 0.08233540885798309, 0.08572501377405031,
    0.08188115076526352, 0.07992272803802854, 0.08657500289542519,
    0.07626821756686854, 0.0724522726326857, 0.071919368903922
  ],
  "val_losses": [
    0.2293796137623165, 0.28547908268544986, 0.18219689506551492,
    0.16752035915851593, 0.1632712042849997, 0.15580555861410889,
    0.15957036193298257, 0.14976466835840888, 0.1594002528682999,
    0.1372718362380629, 0.13706834598079973, 0.1359918839905573,
    0.13564489668478136, 0.13439518990723984, 0.1306134259895138,
    0.12603736053342404, 0.13232044179154479, 0.1302610127174336,
    0.1283776139759499, 0.13022701814770699, 0.1253314947952395,
    0.13783019975475644, 0.1198635331314543, 0.12160019414580386,
    0.12907144184345784, 0.13688393698438353, 0.12550291419029236,
    0.1368740492540857, 0.13049789161785788, 0.12957225383623786,
    0.1290090354564397, 0.13006583358282628, 0.1341783535545287
  ],
  "train_ious": [
    0.4718807880240292, 0.5494808689623639, 0.5950645126294399,
    0.6225989294656806, 0.6472938251344188, 0.6631548405233502,
    0.6789801339416401, 0.6868703568327255, 0.6969111141735231,
    0.7061334498010681, 0.7133496777302978, 0.7187073923971343,
    0.7282312713779401, 0.7383120087501797, 0.7433838395104888,
    0.7506586360218739, 0.7581814169559792, 0.7577502489413905,
    0.7624771817978744, 0.7683145586887129, 0.7741241853522216,
    0.7777111387231208, 0.7839497367217053, 0.7896877873850907,
    0.7948058007851888, 0.8025998296081156, 0.7959720263446581,
    0.8036054914844215, 0.8075312693481854, 0.7944230909688749,
    0.8149926443246825, 0.8230305975977928, 0.8242376309590063
  ],
  "val_ious": [
    0.5408790590970414, 0.5110375119940094, 0.6214603703954946,
    0.6430702950211539, 0.6592838343070901, 0.6711590344059295,
    0.663705511369567, 0.6798251688048458, 0.6640895158052446,
    0.7019978442053865, 0.7000456556029941, 0.7019857870063919,
    0.7049655646517657, 0.7093614521233933, 0.7149915893872578,
    0.7241126046232557, 0.712730496905852, 0.7187434415454448,
    0.7191186825866283, 0.7197272550800574, 0.7330821979305017,
    0.7107405202544254, 0.7374853297420172, 0.7375604890394902,
    0.7314158153274785, 0.7245444348756819, 0.7328733238189117,
    0.7198461747687794, 0.7301212359165801, 0.7314756318278934,
    0.7377554813156956, 0.7395793720000031, 0.7373982261920322
  ],
  "training_time": 605.7646045684814,
  "avg_gradient": 0.0034955863475056776,
  "memory_usage": 856.21484375
}
