{"train_losses": [0.26639038340552995, 0.22101015103575977, 0.19287476275602114, 0.17668082605561483, 0.16378233529141414, 0.15642862030021523, 0.14984274080590063, 0.14210125293744647, 0.1381250962857967, 0.13174561969935894, 0.12615314024783994, 0.12621582959495162, 0.11812513592936423, 0.11722581647336483, 0.1144474409520626, 0.10885160590481499, 0.10419177563618058, 0.10533174544410862, 0.10036886750679949, 0.09484539776230635, 0.09285192223994629, 0.09284288606241993, 0.08950920581169751, 0.08607641603473735, 0.0852534001612145, 0.08543842715089736, 0.0816363664748876, 0.07725043270898901, 0.08259533151336339, 0.0779651234574292, 0.07618433473955678, 0.0707458523709489, 0.06887042070941432, 0.06758406770456096, 0.06665959800391094, 0.0654464554163101, 0.0681953549830486], "val_losses": [0.2506254555090614, 0.20707971213952356, 0.18561317220978116, 0.16895488617212875, 0.15357367419030354, 0.1594254112114077, 0.14197634646426077, 0.1417239880108315, 0.13858376168038533, 0.1380541191800781, 0.13845231432629668, 0.13087477794160013, 0.14302381694964741, 0.1385127532741298, 0.13372158988014513, 0.1287138803821543, 0.1422338693038277, 0.13334205779044525, 0.1330390387903089, 0.13250499623625175, 0.12887813766365466, 0.12999251501067824, 0.12692326015752295, 0.12934259730188744, 0.1379829476708951, 0.12909290324086728, 0.1293080933392048, 0.12879948917290437, 0.1366029101545396, 0.14487837060638095, 0.13088269369757694, 0.13246297512365424, 0.135480808823005, 0.139240603570057, 0.14356237050631773, 0.13598551455399263, 0.1458192419098771], "train_ious": [0.4676700234750582, 0.5492395921137888, 0.5995010349467613, 0.6282145202267859, 0.6524622575312422, 0.6647451105865015, 0.6783457416771111, 0.69176149956774, 0.6987574080518195, 0.711120372287173, 0.7209988908059356, 0.7209488807273086, 0.7349307089504122, 0.7371561884124205, 0.7419526846404519, 0.7518394638554776, 0.7603955554465449, 0.7588446093318255, 0.7677805766031358, 0.77827079648125, 0.7820552912527237, 0.7819493964746372, 0.7886048812365184, 0.7950090734639035, 0.7966630589486899, 0.7966326913539913, 0.8038256402680838, 0.8128916265955873, 0.8023231926819554, 0.8111683661523073, 0.8150655432887695, 0.8266527688373688, 0.8304413666111828, 0.8334217515328655, 0.8355558749990187, 0.8383235588021896, 0.8323950696250664], "val_ious": [0.4977210795749788, 0.5822656495847562, 0.616781420033911, 0.6465997713199562, 0.6697517801886022, 0.6671553886886955, 0.6920351727285246, 0.6918926301641742, 0.6996401554864385, 0.7022855940504351, 0.7005242001319278, 0.7135210654873778, 0.6944795937641808, 0.7044949905163997, 0.7111390220082324, 0.7220609084419582, 0.6983976454838462, 0.7115561268899747, 0.7203318943148074, 0.7229602267776711, 0.7273786033409229, 0.7276893623065257, 0.7351231575012208, 0.7327364385128021, 0.7237418855445973, 0.7305559803178344, 0.7368329936179563, 0.738669497811276, 0.7296746368857399, 0.7283658061338509, 0.7355841983487643, 0.7404865410880764, 0.7375332179708759, 0.7388321720603583, 0.7367211984119555, 0.7366810674252717, 0.7181836217641829], "training_time": 675.0781412124634, "avg_gradient": 0.006307286834877966, "memory_usage": 858.83984375}