{"train_losses": [0.2759778996038696, 0.22988019373429858, 0.20313626916512198, 0.18784881933875705, 0.17018918231453584, 0.16245130668191807, 0.15287333131646333, 0.14648950452227955, 0.14298300080649232, 0.13498471069919027, 0.1322015178916247, 0.12776862704397543, 0.12216856245599363, 0.12182308915678573, 0.11905810820019763, 0.11379683491490457, 0.10777913398392823, 0.10371127534333778, 0.10361218764244215, 0.1028699293003782, 0.09730338013690451, 0.09549970645457506, 0.09324437477018523, 0.09191530550141698, 0.08720748110309891, 0.08728085915841487, 0.08270544449434332, 0.07925111120161803, 0.07913790554132151, 0.07653400832382233, 0.0793999625450891], "val_losses": [0.24551149749237558, 0.2240749804869942, 0.21514112340367358, 0.1794050562640895, 0.17000537462856458, 0.1620765415870625, 0.15440387926671817, 0.1465693595616714, 0.14157137501498926, 0.14296590034728465, 0.14865225067605142, 0.14325245793746866, 0.1404558067088542, 0.14137249051228815, 0.13817299044002657, 0.13252362074411433, 0.132252537847861, 0.1396857456344625, 0.13966877547943074, 0.1429511786479017, 0.13461451070464175, 0.1303226941305658, 0.13596097039787666, 0.13666731151549713, 0.13366621700317963, 0.13471971533220747, 0.129940763277852, 0.13550051998185075, 0.13727683946490288, 0.1368825216980084, 0.14792610785883406], "train_ious": [0.448740262322236, 0.5313798150560561, 0.5794581588681625, 0.6070918522343254, 0.6399269916009208, 0.6542901835687784, 0.6704163284081479, 0.6823093568285306, 0.6886690254120725, 0.7045787003269229, 0.7088738284681153, 0.7176812473090659, 0.7267337364779004, 0.7282184146452643, 0.7326088982323805, 0.7430558289954626, 0.7530566822143574, 0.7613893697659172, 0.7614055025944677, 0.7631048969384553, 0.7730323700369269, 0.7765918601358285, 0.7812225649646231, 0.7839756325643136, 0.7924702370512311, 0.7927200569622758, 0.8012173876598262, 0.8085229725077533, 0.8088625412488324, 0.8140933089282205, 0.808565710765728], "val_ious": [0.5011829646385234, 0.5494371216366257, 0.5673105486709139, 0.6313334612742714, 0.6477700832529346, 0.6566086351007655, 0.6718023890170499, 0.6872324481390526, 0.6962597821501718, 0.6937057114597678, 0.6888827277698379, 0.6922760370416917, 0.7006581371677093, 0.698657784772956, 0.7062501103981681, 0.7188019173732701, 0.7162738390590832, 0.7073455170012903, 0.7117390861545781, 0.7077133342407752, 0.7196793180444966, 0.7283266562482587, 0.7197311049786168, 0.7216579361238342, 0.7225935662138289, 0.7251065390697424, 0.7358637089314669, 0.731111811986868, 0.7319274071765982, 0.7306800398273745, 0.7164550678453585], "training_time": 566.0410838127136, "avg_gradient": 0.005019969481533047, "memory_usage": 856.21484375}