{"train_losses": [0.2649003470559483, 0.21640051698879056, 0.19341632448460744, 0.17818921359012957, 0.1653471817464932, 0.1597885406859543, 0.15346298200766678, 0.14517815451583135, 0.13671725729237433, 0.13469250593334436, 0.12901226998023366, 0.12584346212932598, 0.12220287391834933, 0.11777637161962363, 0.11359795089811087, 0.11045302130767833, 0.10586259546487228, 0.10297773503091025, 0.09860456973800193, 0.09850624632900176, 0.09418561054474633, 0.09244049534849498, 0.09365943402213894, 0.0888447018502199, 0.08719716630066218, 0.08439805285762185, 0.08143880339744299, 0.0776203784322285, 0.07757108982490457, 0.07912248583591502], "val_losses": [0.23111285496017206, 0.24378356369941132, 0.17982619709294775, 0.17563968346170758, 0.16190879241279935, 0.15462889457526413, 0.15670683121551637, 0.14506952723731165, 0.1513533930739631, 0.1380904822245888, 0.15178501249655432, 0.13372979183559833, 0.1364269130255865, 0.1298993801617104, 0.13215133418207584, 0.13645222005636795, 0.126744098637415, 0.13405411123581554, 0.13494336248739905, 0.12889076267247615, 0.13509495232416235, 0.13632561995283418, 0.13579867067544357, 0.1310477890074253, 0.12916652939241866, 0.13508096142955447, 0.12993114004316536, 0.13768109241905419, 0.13316723380399786, 0.14127520536598953], "train_ious": [0.46397015038013906, 0.556813406312595, 0.5970993263889912, 0.6248421468704509, 0.6474400540084941, 0.658722887436549, 0.6703310580789179, 0.6856786486139336, 0.7008492201026802, 0.7047987792478957, 0.7155230457800024, 0.7213349417931794, 0.72719901352041, 0.7354189918740934, 0.7430450952463394, 0.7485116831418397, 0.7567064612024074, 0.7625703763054763, 0.7709762926982798, 0.7709917935772223, 0.7786677583944107, 0.7823365585527561, 0.7801625875459203, 0.78912836259258, 0.7926535311600438, 0.7982094385053801, 0.8037146431380424, 0.8118812706375467, 0.8119257835374366, 0.8083505108952522], "val_ious": [0.5349140013905541, 0.5383839254146036, 0.6169760220724605, 0.6326229667318038, 0.656136916599412, 0.6687140054460884, 0.6759465135957884, 0.6892125643249871, 0.6747508554354957, 0.7014803700688956, 0.6819311311279518, 0.7097959747349007, 0.7074135904726775, 0.7188373272833617, 0.7172916129879328, 0.7110717065524365, 0.7253427695536961, 0.7170939067567603, 0.7143187306929323, 0.7273812937563745, 0.720562626918157, 0.7209684244100597, 0.717039544729219, 0.7284162273441536, 0.732097126003625, 0.7301760300777957, 0.7358596309803535, 0.7264407912026281, 0.7321002127035807, 0.724708600104719], "training_time": 547.3292021751404, "avg_gradient": 0.003530787677115223, "memory_usage": 858.83984375}