{"train_losses": [0.2577527812479631, 0.21703207751978998, 0.19132719901592835, 0.17463476777724599, 0.16487926204243433, 0.15906106138035006, 0.14721258790434702, 0.14272778100617553, 0.13683537329020706, 0.1327055272767725, 0.12696773898990257, 0.12250542729769064, 0.11731296737232934, 0.11372687780986661, 0.11033380626822295, 0.10669214942533037, 0.10319611033343751, 0.10022458191151204, 0.10057453106602897, 0.09228482332242571, 0.09111877275711816, 0.09143553783550211, 0.08588171871783941, 0.08480898104608059, 0.08288157103664201, 0.07887855487997117, 0.07740941931210134, 0.07365671395445647, 0.07485424255466332], "val_losses": [0.23233700835186502, 0.21152572463388028, 0.1897962621372679, 0.17577192543641382, 0.1725004140449607, 0.14552458602449167, 0.1548363158236379, 0.1616282968417458, 0.14304317712135936, 0.1393818524868592, 0.13277710812247318, 0.13640582431917606, 0.14337206356551335, 0.13512440009609514, 0.1355133314171563, 0.13178103514339612, 0.1311132342595121, 0.13344126664426015, 0.12782902416327727, 0.13057173270246256, 0.13505599080868388, 0.13119112522057866, 0.132160110966019, 0.131259906227174, 0.12756038667715114, 0.1353407142602879, 0.13129863159164137, 0.13316745051871176, 0.1377237503943236], "train_ious": [0.48130629538301983, 0.5558878505413514, 0.6022374166202716, 0.6327416449245339, 0.6487236053183459, 0.6614605493951536, 0.6826052425456216, 0.6906989946745438, 0.700945430799671, 0.7085582601527376, 0.719698655486539, 0.7276814880146492, 0.7374444982927784, 0.7434326721814231, 0.7494953750916146, 0.7565673405061599, 0.7629776327614338, 0.7684958286151509, 0.7674648375722812, 0.7832085065867591, 0.7860305498799549, 0.7846131817694161, 0.7955811951255455, 0.7975231531089632, 0.8013433127299594, 0.8092693292360377, 0.8122749616918356, 0.8201700458708013, 0.8182698521709095], "val_ious": [0.5257573820974519, 0.5705690908691157, 0.6040873203588568, 0.6408580818038054, 0.6435805744882945, 0.6858930203361787, 0.6757792059494102, 0.6714634504439174, 0.690222925250081, 0.7013507716465688, 0.7095048907010452, 0.7028997771549916, 0.6938856779665187, 0.711043992984122, 0.7114350735277369, 0.7162863618653752, 0.7175028574639473, 0.7204864634119946, 0.7265461612006893, 0.7271770474271498, 0.7161325170941975, 0.7202543994222863, 0.7204271902640661, 0.7277645922225454, 0.7339824353871137, 0.7325601938410081, 0.7306615511576332, 0.7304896999528442, 0.7230945622575454], "training_time": 529.7731740474701, "avg_gradient": 0.0026615175346132594, "memory_usage": 858.83984375}