{"train_losses": [0.26019847182476, 0.2162748001029958, 0.19128251780310404, 0.17580844753462335, 0.1637908139306566, 0.15488583193686994, 0.147359533842815, 0.14211462357121965, 0.13672834873685372, 0.13245404803234598, 0.1258611070478092, 0.12131592064448025, 0.12084480508676042, 0.11540956924790921, 0.11214199690553157, 0.1098570370155832, 0.10354698574899332, 0.10092714331720186, 0.0990596882108113, 0.09566908560531295, 0.09211207926273346, 0.08801504354114117, 0.08809068179486887, 0.08509914111346006, 0.08436070880650179, 0.08004488536845082, 0.07732479541522005, 0.07592351868262757, 0.0737704070203978, 0.08026994961192427, 0.07501767668873072, 0.0701606270816663], "val_losses": [0.2525950686439224, 0.22978607306013937, 0.20519852055155713, 0.17606001541666363, 0.15804823342224825, 0.1492851099566273, 0.15332363740257596, 0.1622288303206796, 0.15017755766925606, 0.15265752018793768, 0.15120931633788606, 0.1412215224750664, 0.15116389614084494, 0.13652115347592728, 0.13535620158781175, 0.14697940841965054, 0.1345284195697826, 0.13889763488069826, 0.13332856187353964, 0.14056082604371983, 0.13767219351037688, 0.13188835298237594, 0.13671670789303986, 0.133308752561393, 0.13625989676169728, 0.13507969175343928, 0.13980987489871358, 0.1382422950928626, 0.14364730485755464, 0.14606155374127885, 0.13613836710219798, 0.151993493023126], "train_ious": [0.4761735758730681, 0.55813028631003, 0.6012757202421409, 0.630887192444525, 0.6522362145284809, 0.6676841071550395, 0.6836206841727962, 0.6921052851214786, 0.702360419637483, 0.7109528724914015, 0.7213859489538537, 0.7292299637759941, 0.7310188611888369, 0.7407856283952365, 0.7462579551814258, 0.7511907054678255, 0.7622702771230881, 0.7672847471591359, 0.770363270048646, 0.777526822049117, 0.7835071642977605, 0.7907540020735372, 0.7915501548112305, 0.7971506861132991, 0.7987479254927328, 0.8068998211967775, 0.8126604974917742, 0.8153528431835385, 0.8200375443135484, 0.8071697043335962, 0.8174501331388089, 0.8278798616450764], "val_ious": [0.5170539897205174, 0.5356131054568982, 0.5950855485339095, 0.6276945955511453, 0.6624347129161807, 0.6779693259277204, 0.6718199989501982, 0.6579926594875859, 0.6810071641120359, 0.6816238361424294, 0.671373913253563, 0.6940405334251515, 0.6827103467523188, 0.7062617777914241, 0.709602827611177, 0.699735243683276, 0.7117181098547537, 0.7112033833628117, 0.7208590736423716, 0.7068648880374603, 0.7202751206746999, 0.7249480740747591, 0.7171314771192661, 0.7229800405709641, 0.7254574793404427, 0.7297383987385295, 0.7201922276745675, 0.7269353916247685, 0.7277746258870416, 0.7165431365154794, 0.730182383371436, 0.720683333882387], "training_time": 585.3352611064911, "avg_gradient": 0.0030721565836386274, "memory_usage": 858.83984375}