{"train_losses": [0.2583583339076975, 0.2111152811380832, 0.18859529592420743, 0.17255764810935312, 0.15888905735767406, 0.1518986118228539, 0.14571006729712951, 0.13851870017369156, 0.13636420958715936, 0.13031369257394387, 0.1267231669600891, 0.12621505489653867, 0.12050473653589902, 0.11597723886370659, 0.1107814377983627, 0.10650319630361121, 0.1036380722956813, 0.1014721792029298, 0.0984560843638104, 0.0942717194152267, 0.09370886004003494, 0.09019365886469251, 0.08856806685419186, 0.08888918404345927, 0.0845442773045405, 0.08012078868468171, 0.07909581579429947, 0.07686905473794627, 0.07654623087981473], "val_losses": [0.24639909617278888, 0.22276793290739474, 0.1930153998343841, 0.1699375620354777, 0.16436306322398392, 0.1534757866807606, 0.1691646906344787, 0.1435965477772381, 0.1467417242086452, 0.14272093400359154, 0.1519744360576505, 0.14763816980564076, 0.13673583563903105, 0.137044712415208, 0.14097355289951616, 0.1363061802542728, 0.13444285710220752, 0.14646490371745566, 0.13131971414322438, 0.1331259541861389, 0.13264353055021036, 0.13016834676913594, 0.14842937028278474, 0.13755779195090997, 0.13255799820889597, 0.1351938433945179, 0.13976873101099677, 0.13312810173501138, 0.1448022611439228], "train_ious": [0.47798269466105575, 0.5667672392682753, 0.6063890935502194, 0.6355164425204629, 0.659733846135761, 0.674047851152178, 0.6848128858035888, 0.6979565442796205, 0.7016497394205006, 0.713375931470722, 0.7193984842818718, 0.7206370032567904, 0.7308209774394833, 0.73825603723526, 0.7485812590929904, 0.7566366761490917, 0.7613728059914662, 0.7650301260468754, 0.7715911234094616, 0.7791940091528753, 0.7798918361465139, 0.786855781423873, 0.7897425184863202, 0.789100104753954, 0.7978841625693913, 0.8062912390931798, 0.808856684444607, 0.8131532141047976, 0.8141320948151578], "val_ious": [0.5098999875827113, 0.5532625490340632, 0.5994732449020165, 0.6403506879789242, 0.6504200768211613, 0.6751284534516544, 0.6521533693092454, 0.6943066271318905, 0.6861897538537565, 0.6972030157196348, 0.6832413707954297, 0.686468225242435, 0.7063263229269912, 0.7073617216901503, 0.7050803336112396, 0.7139966060285983, 0.7130725873985153, 0.700216907090035, 0.7229670884384626, 0.721114959621775, 0.7230041461146396, 0.7281811487847479, 0.7098834631235704, 0.7198416826085768, 0.72809940641341, 0.7303877177013868, 0.7236812866252401, 0.7299815703561342, 0.7140319386254185], "training_time": 532.4140625, "avg_gradient": 0.00812248026895292, "memory_usage": 858.83984375}