{"train_losses": [0.2657330845199201, 0.2188024058452119, 0.19354639704460683, 0.1778094728031884, 0.16798602854428085, 0.1564686127492915, 0.15005667005544124, 0.14375893156165662, 0.1380784362959473, 0.13343988686961972, 0.1298941431324119, 0.12351026584434768, 0.1216371224221328, 0.11770398424857337, 0.11344132523821748, 0.11033314162784297, 0.10716293622618137, 0.10421070209501879, 0.09876635148311438, 0.09848839409001496, 0.0948834809596124, 0.09260495132564203, 0.09176257370120805, 0.08898079213078904, 0.0876505833686046, 0.08397846328823463, 0.08131148455583531, 0.08354334006814854, 0.08838824207044166, 0.07769308806113574, 0.0742777987666752, 0.07124555234432868, 0.07027943357420356, 0.07170088435320751], "val_losses": [0.2631449249127637, 0.19975070072257, 0.1934712477352308, 0.17053777692110642, 0.1782072967161303, 0.16466840583345163, 0.15197834923215534, 0.15503464930731317, 0.14455257906861926, 0.14761539273287938, 0.1446442166748254, 0.1445279633221419, 0.14189873101270717, 0.1353637969688229, 0.13600451758374338, 0.13119121624723726, 0.14695354129957117, 0.13503986321713612, 0.13410343958631807, 0.13682067637210307, 0.13801900621341623, 0.1324250911888869, 0.13048934142874635, 0.13291110341315684, 0.13491589041507762, 0.13321791492078616, 0.13553805082388545, 0.14269130596000215, 0.13503713889614397, 0.1307334143506444, 0.13596617997340535, 0.13317993040318074, 0.134907070223404, 0.14425341218062068], "train_ious": [0.47035826696082933, 0.5531402564189137, 0.5983911362895068, 0.6260654552151328, 0.6443544465886508, 0.6642981546836486, 0.6767214285614699, 0.6877071308916893, 0.6982596635926458, 0.7075861515342323, 0.7134344578329209, 0.726038241677958, 0.7293044096533806, 0.7363264794474923, 0.7438293397426605, 0.7498841972994625, 0.755546218891075, 0.7610363012746627, 0.7708320511855945, 0.7715920657999276, 0.7779262349873344, 0.7826435241470301, 0.7842119507815527, 0.7892989873130255, 0.7914554613871848, 0.7989555797067243, 0.8038264963289966, 0.8004979358419125, 0.7922356184841928, 0.8120778698636136, 0.818864246209462, 0.8253789821612665, 0.8277974791716838, 0.8245254071510356], "val_ious": [0.4861507752667301, 0.5882648294386658, 0.6016495249409607, 0.6404010383547217, 0.6344237407480461, 0.6528605967760086, 0.6750444718029189, 0.6756164235049401, 0.6889672719913981, 0.6875447222720021, 0.6858853421349458, 0.6904687348051348, 0.6970858357954716, 0.7062177761741306, 0.7070637852817343, 0.7172188551529596, 0.7016241055899771, 0.7142552463472753, 0.7168150937211685, 0.7127951357675637, 0.7152153989975002, 0.7213800264441449, 0.7236100089722786, 0.7212570447852645, 0.7266496970601702, 0.7278615661721297, 0.7287570860074912, 0.7179996593706852, 0.7284497137086979, 0.7350700968417571, 0.7308065007994139, 0.7320795085119163, 0.730612305411394, 0.71697957014692], "training_time": 620.2887232303619, "avg_gradient": 0.004897402270366403, "memory_usage": 858.83984375}