{"train_losses": [0.2634806471836308, 0.21952442768151345, 0.1958640371651753, 0.17708426811124967, 0.16560714068296162, 0.15772094209071086, 0.14861610556102317, 0.14480347453576067, 0.1382861296929743, 0.1339279829888888, 0.13022365919111864, 0.12581992627162, 0.12183548712536045, 0.11853293418560339, 0.11635458056369553, 0.11238697810989359, 0.10875668417176475, 0.10576451091986636, 0.10110239725074043, 0.1012919596598848, 0.09452262200901042, 0.09261507767698039, 0.09229142218828201, 0.08842333746345146, 0.08996212672766137, 0.08581287025109581, 0.08096672521661157, 0.08108336672834728, 0.07675205782541762, 0.07395044378126445, 0.07659711085421883, 0.07482097176430018], "val_losses": [0.2427781577343526, 0.19989762034105218, 0.1867089278024176, 0.16695252805948257, 0.1528900808290295, 0.16354575008153915, 0.15125637145146079, 0.1459935100182243, 0.150929374701303, 0.14610449823996294, 0.13690083668283795, 0.15042835927527884, 0.1499313823878765, 0.13535192576439484, 0.126336135942003, 0.1286434270441532, 0.13111584374438162, 0.12545399173446323, 0.13832139887887498, 0.1273405464447063, 0.12632249943588092, 0.12222935243145279, 0.12878769117852915, 0.12600164504154868, 0.13245198146804518, 0.1245981017532556, 0.12728882856343104, 0.13221535750705263, 0.12715267940707828, 0.12688298102306284, 0.12801269684796748, 0.14525590415882028], "train_ious": [0.47076034800999805, 0.5521035969149376, 0.5948979265825901, 0.6282813685635726, 0.6478882210086219, 0.6629097138302048, 0.6794586942355704, 0.6864883652415826, 0.6996198235538558, 0.7071787887185382, 0.7134173097817798, 0.7213897538789807, 0.7288267216712668, 0.7350837489509061, 0.7389129359761005, 0.7451456021787467, 0.7526900329343651, 0.7580219234569351, 0.7667052801428494, 0.7663961443780124, 0.7787981357803381, 0.7829684004511523, 0.7825660946900428, 0.7907148347492668, 0.7877611162653875, 0.7957135511265281, 0.8050488661164826, 0.805025710467843, 0.8135771910133569, 0.81959903963666, 0.8141849351965863, 0.8176614367875501], "val_ious": [0.5065907697746718, 0.5892229435452517, 0.6133517968481865, 0.6467994142701661, 0.6679475361454313, 0.6577220330203789, 0.6743769259124563, 0.6853197178115017, 0.6848299408304519, 0.6900335587021234, 0.7043808597153512, 0.6810722219339315, 0.6847333899442701, 0.7080593638230062, 0.7209865498370018, 0.719143752818522, 0.7131905801918194, 0.7257236140793649, 0.7137093675741252, 0.7243402226679566, 0.7288307957891107, 0.7353761820257574, 0.728859072794085, 0.7301274410624436, 0.7216845841511438, 0.7360999538846638, 0.7347627580165864, 0.731717374013818, 0.737570678410323, 0.7394536506870518, 0.7372833140518358, 0.7176577280397001], "training_time": 583.868319272995, "avg_gradient": 0.006187348123496632, "memory_usage": 858.83984375}