{
  "train_losses": [
    0.26702364736601064, 0.22052244923037032, 0.19426604854347912,
    0.17584638904942118, 0.1659251104068497, 0.15767352283000946,
    0.1504557284971942, 0.1445466871170894, 0.14116536380480166,
    0.13639041068761246, 0.12913604679962862, 0.12366185232025126,
    0.12290976354447396, 0.11740509740522374, 0.11693601925735889,
    0.11253835443083358, 0.1072316380298656, 0.10643042842655079,
    0.10050597110682208, 0.09811817405178495, 0.0976332134121786,
    0.09464893894998924, 0.0909015349233928, 0.085426673333606,
    0.08822278459758862, 0.0841599110432941, 0.09023653999294924,
    0.0837681001133245, 0.08014538560224616, 0.07856357300087162,
    0.07463323656955491
  ],
  "val_losses": [
    0.23470371248929398, 0.2553814500570297, 0.19974169361850488,
    0.19065956674192264, 0.16819193149390427, 0.15660666787753935,
    0.1516210265133692, 0.14839864716581677, 0.16465672850608826,
    0.14242820717070415, 0.14084981041757957, 0.14131504734573158,
    0.13578342176649882, 0.13564977017433746, 0.13902698214287343,
    0.14248561778146288, 0.13667462361247643, 0.1434776402362015,
    0.13076393549209056, 0.13912007649955543, 0.13289977091809976,
    0.14103798600642578, 0.12991279590389002, 0.13191737590924554,
    0.13642705361480298, 0.13249876512133557, 0.13290450398040854,
    0.13680953370488208, 0.13021883141735327, 0.13594965782502424,
    0.15577286319888156
  ],
  "train_ious": [
    0.45536863639532305, 0.5501651823844597, 0.5977939244737659,
    0.6297658446474352, 0.6487927441687685, 0.6629786904415357,
    0.6759943693768288, 0.6879286155428574, 0.6928026542823382,
    0.7022013558425764, 0.7158648222144961, 0.7252198232040891,
    0.7271398123947607, 0.7365142312710696, 0.737692930020284,
    0.7450926006920099, 0.7550787098597789, 0.7567996216424998,
    0.7676648202257745, 0.7725153427733022, 0.7734499219535053,
    0.7790287400501367, 0.7856006476542224, 0.7961886860430242,
    0.7908533035737019, 0.79845234427763, 0.7880685302442398,
    0.7994442592928379, 0.8068200654309724, 0.8098542914874314,
    0.8180545276921733
  ],
  "val_ious": [
    0.5179228140176206, 0.5156079278044079, 0.5971106368562449,
    0.611868068791818, 0.640273443598678, 0.6642724370610887,
    0.6737817851961523, 0.6789365097664405, 0.6535525293885798,
    0.6923719227745914, 0.6972409845262332, 0.6972635440204454,
    0.7072615683942599, 0.7080391740453418, 0.7033815340719363,
    0.7039961223153101, 0.7081574041774309, 0.7024706951949904,
    0.722559788952703, 0.7129386570574582, 0.7202568315509438,
    0.7067553573760434, 0.7263883617909058, 0.7290957971759461,
    0.7120923177487609, 0.7327291293852569, 0.7197623434274092,
    0.7227942258983419, 0.7347436251415722, 0.7287979557894281,
    0.7063858470191124
  ],
  "training_time": 565.7718880176544,
  "avg_gradient": 0.009469430349048766,
  "memory_usage": 858.83984375
}
