{"train_losses": [0.26228991628664994, 0.21760334123087965, 0.19426272947179235, 0.17528839708994265, 0.16132263993115528, 0.15508617258266263, 0.15085160687727772, 0.1415452108030086, 0.13875135394704083, 0.1326891425592096, 0.12637342949924263, 0.12274736506135567, 0.12051396974888832, 0.11514120925541806, 0.11388996842762698, 0.11170642551682565, 0.10784928775999857, 0.10139267612248659, 0.09926591833810443, 0.09582780265127835, 0.09380326861434657, 0.08912922429811695, 0.08671792576332456, 0.08715894879044397, 0.08232478534235903, 0.08436280954629183], "val_losses": [0.25021321715220163, 0.20176776012648706, 0.18264489232198053, 0.1706407863808715, 0.16220785094344098, 0.1939502905892289, 0.15851828601697218, 0.14751362509053687, 0.1502008857610433, 0.14864115983895634, 0.14522692561149597, 0.1409863918695761, 0.14751004087536232, 0.13238151420069777, 0.1532657857498397, 0.13183335312034772, 0.1371911874283915, 0.13208567399693572, 0.1338940473354381, 0.1363147231547729, 0.13597959749724553, 0.13381381883569385, 0.1343666119096072, 0.14337466041678967, 0.13527206639232842, 0.1412171922300173], "train_ious": [0.4705453553520466, 0.5544411847232912, 0.5973566540287457, 0.6297897505911366, 0.6554925195008953, 0.6670134464899697, 0.6762115913240809, 0.6934008056270903, 0.6974327795315479, 0.7087371197083724, 0.7199513010032802, 0.727366478708775, 0.7317403639140331, 0.7408508583903313, 0.7429972191651659, 0.7470118121608441, 0.7545576739678349, 0.7661712762454277, 0.7697314126012123, 0.7762717660246554, 0.7805485831762572, 0.7887902209076326, 0.7935553072155382, 0.7932785620939905, 0.8023019820667698, 0.7985843359020314], "val_ious": [0.5074264727856801, 0.5880216275868211, 0.6136330819648246, 0.6392934207898984, 0.6516669001700223, 0.6144433580878854, 0.6635494638180386, 0.6853670220876087, 0.6824527017880179, 0.6862263917059138, 0.6863831365885941, 0.6975601373807244, 0.6924657007490379, 0.7119327932596207, 0.6950478754613713, 0.7161762282468271, 0.7103862984888795, 0.7191026526084842, 0.7149936278229173, 0.7153276427500489, 0.7216126856164655, 0.7236781759538513, 0.7280380630838698, 0.721389282008876, 0.723391913201498, 0.7128094266290248], "training_time": 474.35772609710693, "avg_gradient": 0.004203916222310341, "memory_usage": 858.83984375}