{"train_losses": [0.2634511842675831, 0.21527522624186848, 0.19315105174546657, 0.17328251865894898, 0.16054622011016245, 0.15390997173507576, 0.14641650559623604, 0.14018968796438497, 0.13592912313406882, 0.13043495008478995, 0.12499511557752671, 0.12134624454800201, 0.11826828316501949, 0.11385102019361827, 0.11127392073040424, 0.10740261707130981, 0.10139155059890903, 0.10319260588806609, 0.099601357648878, 0.09349292395231516, 0.08956213425035062, 0.09025547916636519, 0.09075138037619383, 0.08295757457128038, 0.08242545617015465, 0.07887658667143273, 0.07682893251109382, 0.08223059777494358, 0.07374670388905899, 0.07720429701325686], "val_losses": [0.23019466128038324, 0.19996904516997543, 0.18109836234994556, 0.19276053749996683, 0.1582387659860694, 0.1493634529735731, 0.14900841207607932, 0.1449317028341086, 0.14848690042677132, 0.17443138620127802, 0.13884063162233518, 0.13306849352691485, 0.13453298855734908, 0.13944652741369995, 0.1362971321720144, 0.13616872011967326, 0.1294638563109481, 0.13052946005178534, 0.1362249904676624, 0.1277216520646344, 0.13152409782228264, 0.13241891433363376, 0.12940540958357893, 0.1314223671089048, 0.13045800914583, 0.12919236460457678, 0.1351428767261298, 0.13597735228097957, 0.12829278312299564, 0.1339013425876265], "train_ious": [0.4756771984908299, 0.5585088674248992, 0.5977645403557067, 0.6350310724498569, 0.6587140897585859, 0.6696677208486674, 0.6845925348824354, 0.6953129873111628, 0.7030947388190292, 0.7125060510268245, 0.723111161719198, 0.7293413026069385, 0.7356113579826081, 0.7427242165566356, 0.7484339426501075, 0.7552900864486248, 0.7655565605323382, 0.7625509821742341, 0.7688492314107181, 0.7803874266860279, 0.7880480952992823, 0.7871573499903302, 0.7866679401933282, 0.8012626843823899, 0.80191100637118, 0.809154951486035, 0.8134580385209856, 0.8029001241252905, 0.8197542729153152, 0.8134408548906235], "val_ious": [0.5401886160606926, 0.5881031788345696, 0.6206424761077632, 0.6043921759811, 0.6630133632300558, 0.680999769464783, 0.6803616334994634, 0.6890042087306145, 0.6787142176990922, 0.6571592213450997, 0.7019967931336252, 0.7115769209205243, 0.7073083094496657, 0.6983314232117886, 0.7127778469652368, 0.7140638543211897, 0.7251289245011151, 0.7210157198318536, 0.7122579065785892, 0.7285188566083495, 0.7260876576537673, 0.7255085302867753, 0.7277716054864551, 0.732652529642202, 0.7284826178481613, 0.7347594866718069, 0.729824968222259, 0.7261485552442247, 0.7341666420300804, 0.7263717336067256], "training_time": 549.2432084083557, "avg_gradient": 0.0038018113620094905, "memory_usage": 856.21484375}