{"train_losses": [0.25500502696503763, 0.21250759129938873, 0.19127571194068246, 0.17334015222023363, 0.16343915405804696, 0.15564975296349629, 0.14890009298434723, 0.1398772062814754, 0.13810108427930137, 0.1289252067875603, 0.12715855301560267, 0.12363524637792421, 0.11778245015960673, 0.11273512908298036, 0.11287674530530753, 0.10726035256748614, 0.1066459052912567, 0.09940399298363406, 0.1010362101799768, 0.0958432127195208, 0.09359966692231271, 0.08907154627630244, 0.08684995256202377, 0.0833990478726185, 0.08206778643247874, 0.08555073210078737], "val_losses": [0.24632556153380353, 0.21630175055369086, 0.19558827579021454, 0.17327997930671857, 0.16689026874044668, 0.15418203628581503, 0.1697202039801556, 0.1572988115898941, 0.15266896638533342, 0.14444483282125514, 0.14072448144788327, 0.14108355456720229, 0.13493939327157062, 0.1456205496645492, 0.1383297870988431, 0.13740716826008714, 0.13613171017040376, 0.14066171905268793, 0.14188551837983338, 0.14130355012805565, 0.13568629486405331, 0.1365701946551385, 0.14072068537706914, 0.1326944983523825, 0.14103409890895305, 0.1509025449986043], "train_ious": [0.4858557826744906, 0.564936116391766, 0.6025059749574766, 0.6354306224679601, 0.6514620603858561, 0.6665784648579097, 0.6793171734265656, 0.6952733260889847, 0.6998763729588708, 0.7164445024361643, 0.7191566833551378, 0.7251147305511911, 0.7360931055593314, 0.7451484495962875, 0.7454476388900176, 0.7556539017005243, 0.7561592525006199, 0.769878764299379, 0.7675328487395379, 0.7762953395536847, 0.7807388797510361, 0.7894723065521406, 0.7932262309975384, 0.8006261465126185, 0.8033626352207388, 0.7962331726499228], "val_ious": [0.4985731409295747, 0.5480628192856694, 0.5993704806635346, 0.6410276637129165, 0.6484599340221155, 0.6684549820163976, 0.6485595055248425, 0.6640248963798301, 0.6773919769819231, 0.6858614953099818, 0.6977552482183427, 0.6969018600125245, 0.7061865239039713, 0.6904542893171312, 0.7029496891343072, 0.7097825660653736, 0.7115643391574639, 0.6998576312393382, 0.7066848036171735, 0.7060527298329532, 0.7121552192214606, 0.7182034888993141, 0.72017855812674, 0.7276421087807503, 0.7162693849076394, 0.7096933176120123], "training_time": 473.3646342754364, "avg_gradient": 0.0046970862544721504, "memory_usage": 856.21484375}