{"train_losses": [0.2663295946043471, 0.2167569733346286, 0.19253058820638969, 0.17644810109682704, 0.16719266683187173, 0.15656473924932274, 0.15213875087868908, 0.14552227055410977, 0.13932695741886678, 0.1354849837396456, 0.13044945721555015, 0.12841747697118833, 0.12464845075231532, 0.12077749637967866, 0.1160206667592992, 0.1106467439752558, 0.11222278909838718, 0.10639433910989243, 0.10168236534556617, 0.09885748613463796, 0.09724166033708531, 0.09484910547895276, 0.08993203184850838, 0.09229491059870823, 0.08987579219367194, 0.08457483075883078, 0.08702644126732713, 0.08097939164904149, 0.07829919935244581, 0.0779826330911854], "val_losses": [0.2307677848831467, 0.20314198278862497, 0.19372215283953625, 0.16979375028091928, 0.17237174187017523, 0.16145802516004312, 0.14913347282487413, 0.15756631043294203, 0.1430308760508247, 0.148204924457747, 0.14494626596570015, 0.14569987486238065, 0.13770703906598297, 0.14123785074638284, 0.13450227953169658, 0.1536577449220678, 0.1330041320103666, 0.12827734357636908, 0.1347355696818103, 0.12966308046294295, 0.13259791048324626, 0.13066104718524477, 0.1352960664940917, 0.1364086675255195, 0.1315285223333732, 0.1409933298178341, 0.1325177072506884, 0.13199781286327736, 0.1296801818129809, 0.14542906844745512], "train_ious": [0.46396898302803025, 0.5580268374819688, 0.5998943079586906, 0.62929758667082, 0.6463704474702264, 0.666258294729219, 0.6731048792708614, 0.6855862938083598, 0.6972768738649898, 0.7041176039239635, 0.7143877195059387, 0.7168556090066399, 0.7246975580203359, 0.7310700768577882, 0.7396318378007926, 0.7497501064469848, 0.7462153874229697, 0.7568051251920237, 0.7658171604616915, 0.7704455755327058, 0.7736477767643717, 0.7784113075746142, 0.7876404280355875, 0.7826384433909606, 0.7877486780609769, 0.7976678440320321, 0.792990606656109, 0.8052403420425847, 0.8104362731826474, 0.8114203489992924], "val_ious": [0.5332209209817044, 0.5877115946748982, 0.6187370458374853, 0.6394274247729258, 0.6312638812738917, 0.6565025632364161, 0.6790367194275926, 0.6671890124030737, 0.6893198211555894, 0.6864909277014111, 0.6963385168624959, 0.6896711769311322, 0.7016852683779122, 0.6951673838539401, 0.7104716458614321, 0.6874690576308015, 0.7138439749462018, 0.7205677228993264, 0.7173585941394169, 0.7239726121010988, 0.7220160183699235, 0.7235945966364682, 0.722240637609924, 0.7182972372873969, 0.7228642499101333, 0.7118841921505722, 0.7262639483247979, 0.7321234939322956, 0.7323607772156812, 0.7153924118349518], "training_time": 547.603634595871, "avg_gradient": 0.01200896796445596, "memory_usage": 858.83984375}