{"train_losses": [0.26294283617449843, 0.2132065750496543, 0.193756939276405, 0.1756846511979466, 0.16325701003813226, 0.15484414772009072, 0.14904263425294473, 0.14036482021860455, 0.13602954064212416, 0.13098594975536285, 0.12529784538175748, 0.121224503721232, 0.11708244985050481, 0.1111347619039209, 0.11044939805794021, 0.1077707070938271, 0.10422359180191289, 0.10154339464624292, 0.09410791200302217, 0.09650236339834721, 0.09343692024602838, 0.08917737436359344, 0.08765107470200113, 0.08377729121433652, 0.08130744326373805, 0.08369362621527651, 0.07800489765308473, 0.07486390699025082, 0.07270753371488789, 0.06964461274607026, 0.06907196990821672], "val_losses": [0.22772672513256903, 0.18701921079469763, 0.17832438194233438, 0.16724254676829214, 0.17526916511680768, 0.15590613675506218, 0.15948082862988763, 0.14802675580848818, 0.14399892156538757, 0.14111104720960493, 0.13857663147475408, 0.1454998695332071, 0.1331459513824919, 0.1338249106446038, 0.13382787095463794, 0.153299646695023, 0.1401200325268766, 0.13231351939232452, 0.1360512137736963, 0.12975262866719908, 0.13293625284796176, 0.13155214974413748, 0.12803683883470038, 0.12758181098362673, 0.1283508825885213, 0.13934350370065027, 0.13389020413160324, 0.13786352976508762, 0.1356719056873218, 0.13532218013120734, 0.15485246673874234], "train_ious": [0.46802094601688615, 0.5648466358906115, 0.5963616954513649, 0.629566852003336, 0.6525938356484192, 0.6668333619077136, 0.6784102820075939, 0.694185341883829, 0.7028669279230679, 0.7133306512690107, 0.7216934271804661, 0.730848552848118, 0.737019249494525, 0.7476835464653757, 0.7491995588592862, 0.7540710448570875, 0.760935916038959, 0.7662265055637433, 0.7800595887761187, 0.7755471875054245, 0.7809164557551991, 0.7896069573859377, 0.792204879170311, 0.7994280153534549, 0.8047002926468849, 0.8003073910764161, 0.8111832548958667, 0.8175955701997317, 0.8222306978659354, 0.8289902656190635, 0.8300283882712975], "val_ious": [0.5322804114092952, 0.6131945178992507, 0.6243545579305595, 0.6507548080838245, 0.6418132954749508, 0.6662512514470281, 0.6629653693973157, 0.6845534238694371, 0.6896554875201073, 0.6955631530803182, 0.6976847495289817, 0.6959722292596016, 0.7090192428533583, 0.7104044487510903, 0.7113337456316188, 0.681206902516061, 0.7086139541605244, 0.7188992109419642, 0.7172430166299791, 0.726151468961135, 0.7202545309412308, 0.7250293003044265, 0.7266104735326079, 0.7314032352920892, 0.7330853200477104, 0.7255918301533962, 0.7310576657022257, 0.7277323988036832, 0.7343437695416853, 0.7343486111233201, 0.7088654101758763], "training_time": 566.6312434673309, "avg_gradient": 0.007464510121121549, "memory_usage": 858.83984375}