{"train_losses": [0.26460875716546306, 0.21941064241463723, 0.1943699672980153, 0.17562421386980492, 0.16442987363299597, 0.15544030908495188, 0.14907885763956152, 0.14142954228040966, 0.1403356482396307, 0.13470812368652094, 0.1291191746764209, 0.1235798733389896, 0.12148263017930415, 0.11590225532974886, 0.11267535096925238, 0.11002510802253433, 0.10848277378017487, 0.10347029129448145, 0.10075804477800494, 0.0991857664902573, 0.09420919041756702, 0.09380674313591875, 0.09119163332102091, 0.09025727337955133, 0.08467107383615297, 0.08188378705602625, 0.07988175927944806, 0.08142577257493268], "val_losses": [0.2550458286119544, 0.2427736783157224, 0.1807087867156319, 0.17079880056173904, 0.17659717279931772, 0.15244841867167017, 0.14798644152672394, 0.14968885027843973, 0.135582040509452, 0.13506653840127197, 0.13673126891903256, 0.13978783672918443, 0.13470988445307897, 0.12869590002557504, 0.14405032587440117, 0.1306575042722018, 0.1335307383990806, 0.12712451961377394, 0.13144770896305208, 0.12379766028860341, 0.13041030777537305, 0.13528596107726512, 0.12541618457306986, 0.12899946907292242, 0.12628580273493475, 0.12844942526324934, 0.13420272796698238, 0.14514852056036825], "train_ious": [0.4674193482927005, 0.5537128681991843, 0.5983145275571641, 0.630812829117412, 0.6521379625343755, 0.6669092590286247, 0.6795642284703429, 0.6929568612705107, 0.69579735689837, 0.7064058120375953, 0.7157202406745893, 0.7266082178963266, 0.7299714580826139, 0.7400333099607108, 0.7451708401566833, 0.7497635493999802, 0.753387176688167, 0.7625860571861267, 0.7676247948969619, 0.7705449036498, 0.7791263783431571, 0.7809066399931903, 0.7851951961284094, 0.7874225383975364, 0.7978243584326211, 0.803566856228787, 0.8076288462549013, 0.8046236730356146], "val_ious": [0.5123924942336221, 0.48801978245593497, 0.6197128252706665, 0.6382971151151519, 0.6407109913618669, 0.6727920172439105, 0.6777073278807212, 0.672612080755441, 0.7042164215143174, 0.7021562305913455, 0.7004978615736615, 0.6952598716901697, 0.7073225841142129, 0.7138393763182821, 0.6990783026684884, 0.7135452515837075, 0.7156946905281233, 0.7228076248497203, 0.7174698159746503, 0.7334487943545632, 0.728912163255871, 0.7223402559757233, 0.7328674413155818, 0.7290945418071055, 0.7315487973931909, 0.7344941637222319, 0.7281072876159697, 0.7193687350853629], "training_time": 511.1254417896271, "avg_gradient": 0.004350878848223674, "memory_usage": 858.83984375}