{"train_losses": [0.2652664320624393, 0.22023742192465326, 0.193190337361201, 0.17561723802076734, 0.1666664755700723, 0.15591985258557226, 0.14865038665416447, 0.14206837834385427, 0.13904333969011254, 0.13262080433576004, 0.12927514756017405, 0.12448359446843034, 0.11974148387494295, 0.11730542774919582, 0.11361250313727753, 0.1092036782723406, 0.10311915567549675, 0.10452313518718533, 0.09906016877325981, 0.09820149138407863, 0.09649725485107173, 0.0891411524751912, 0.0886475134478963, 0.09250836531915095, 0.08518293427060479, 0.08216984610518684, 0.08311400829773882, 0.07841088659251513, 0.07706863558648722, 0.07500697996305383, 0.07570787658914924, 0.07992839181552762], "val_losses": [0.24700735574183258, 0.21404807139997897, 0.19029489969429764, 0.17470796924570334, 0.16737648844718933, 0.1602465353258278, 0.16267554040836252, 0.14397904471210812, 0.14747129040567772, 0.14053767838555833, 0.1469106436099695, 0.13440130699587904, 0.14558002142154652, 0.14239858852132506, 0.13350991094889847, 0.135041279313357, 0.1312234775851602, 0.14226398050137187, 0.1337891655123752, 0.1320060269664163, 0.1322166767457257, 0.1320423216599485, 0.13450922412068947, 0.13673532187290813, 0.13582709464042084, 0.1357480873880179, 0.13767114832349445, 0.13550915698642316, 0.1478708127270574, 0.1395656288318012, 0.1368244638585526, 0.13936098017122434], "train_ious": [0.4656193991313162, 0.5508929994497177, 0.5997743844931971, 0.6304772511340571, 0.6475436582189534, 0.6661579123549701, 0.6803305402290128, 0.6915595052034961, 0.6992398796306141, 0.7103134463878643, 0.7158782625219959, 0.7241837857426077, 0.7323908659535043, 0.7377344368268617, 0.7435283423873823, 0.7517192539745482, 0.7629402752263823, 0.7606621347907658, 0.770615164784418, 0.7720824084852057, 0.7758138287758484, 0.7891201459519245, 0.7901431704884854, 0.7833123766965621, 0.7968170723837354, 0.8029454530797139, 0.8009896053784139, 0.8106060382248701, 0.8132993119998263, 0.8173828248096554, 0.8164476878617123, 0.8081327005141025], "val_ious": [0.506848260436369, 0.5579338414945464, 0.6065910346266152, 0.6343755344117897, 0.6430253367061198, 0.6570255752058997, 0.6554610701142879, 0.6867712410031885, 0.6815905069959336, 0.6944128901198292, 0.6877352392327954, 0.7046695191791094, 0.6866785901180212, 0.6892576872006706, 0.7096169569354127, 0.7096263012592344, 0.7153137965478761, 0.6981970186250799, 0.7082664716070978, 0.7154416459194128, 0.7169009341277939, 0.7225775314845899, 0.7174459607272908, 0.7143130054076513, 0.7203876546759538, 0.7212389530479043, 0.7225583150334979, 0.7256271819705549, 0.7173490228428356, 0.7249392415734305, 0.7219245459722436, 0.715497149937395], "training_time": 582.6525340080261, "avg_gradient": 0.0028164173202318422, "memory_usage": 856.21484375}