{"train_losses": [0.2656737566804108, 0.21657827553217826, 0.19444103182657904, 0.1781785771574663, 0.16846349276602268, 0.1592873496853787, 0.15158154633220122, 0.14525507066560828, 0.1424136560653215, 0.13546883549703204, 0.12904964622272097, 0.12615446952859993, 0.12241720570170361, 0.11723309945639061, 0.11359279254532378, 0.11068483846990959, 0.10803712738434905, 0.10314492913691894, 0.09963116187440313, 0.10000093508025874, 0.09448504144244868, 0.09658730694133302, 0.08937667909523715, 0.08576174764691488, 0.08286066948557677, 0.0836466846825636, 0.08763436313070681, 0.07982070865514486, 0.0755965195434249, 0.07264728267150729, 0.07066268684423488, 0.08253850743336522], "val_losses": [0.22646219996006592, 0.20533914021823718, 0.19253833170818246, 0.17329572011595187, 0.18425617010697073, 0.15492486079101978, 0.1853561048274455, 0.14747524018520894, 0.14948914475415065, 0.15026634089324786, 0.13672092168227487, 0.13308060590339743, 0.13707652704223341, 0.13422090479213258, 0.14098514049597408, 0.13029449028165443, 0.13183663186171782, 0.13412958432150923, 0.13339605781695116, 0.13235944444718567, 0.130988458900348, 0.13393547693672386, 0.12915637813832448, 0.13596364726190982, 0.13671792962628862, 0.13817426076401834, 0.13601636076750961, 0.13588277509678964, 0.1317920430522898, 0.13571682102654292, 0.1365981586277485, 0.1376540458396725], "train_ious": [0.46583614706237264, 0.5569666179193968, 0.5967436690099429, 0.6264005788750404, 0.6428326351595096, 0.6591004735209804, 0.6742092524857625, 0.6863476135160613, 0.6920414970836779, 0.7037147302990376, 0.715188930216043, 0.7215498030401656, 0.7287047235970041, 0.7384852032190651, 0.7439454569332841, 0.7491009823869971, 0.7542293883212242, 0.7629318174676623, 0.7693821616146871, 0.7687692083958264, 0.7788341893018154, 0.7755443818759226, 0.7885829929424366, 0.7955835831446061, 0.8011154026009035, 0.799115714711556, 0.7919218171981796, 0.8069207346525746, 0.8158611119657324, 0.8218721466651865, 0.8262279247460157, 0.8028034865856171], "val_ious": [0.5435591935031655, 0.5857265265523526, 0.6064738529747811, 0.638375184458235, 0.6330881552851717, 0.6709488343069517, 0.6387491224036699, 0.6843021345743233, 0.6788285063660664, 0.6898210530263789, 0.7040609875019047, 0.710415545149126, 0.7091598160888836, 0.7102921728206716, 0.7044189820686977, 0.7199993932592694, 0.7178638426290043, 0.7166298668885578, 0.7191581685042038, 0.7194943194803985, 0.7233120453530463, 0.715262462263522, 0.7300800413325212, 0.7192312602115714, 0.7291100113720131, 0.7291010281314019, 0.7233219379964082, 0.7279645323321442, 0.734998046056084, 0.7344169521677321, 0.7327895546736924, 0.7138251647137214], "training_time": 585.0414133071899, "avg_gradient": 0.008805796289502371, "memory_usage": 858.83984375}