{"train_losses": [0.26118277134778706, 0.21932269576127114, 0.1933496071268683, 0.17684616593886976, 0.16624499120466088, 0.15625302659590606, 0.14855125890639814, 0.14348924123560605, 0.13921205411948587, 0.13267958812091663, 0.12974426401374134, 0.12310628746838673, 0.12078135679273502, 0.11626249827120615, 0.11266455770996602, 0.11131320488841637, 0.10703675906457331, 0.10599315980368335, 0.09840766340494156, 0.09649259876459837, 0.09469604974045702, 0.08860620516149895, 0.08519846047072308, 0.08473982864423939, 0.08561263002617203, 0.08570699632653724, 0.08153705695725005, 0.07786664354574421, 0.07408260711995156, 0.07147286830307997, 0.07087181526762636, 0.07405668906057658], "val_losses": [0.2398719081412191, 0.19980729306521622, 0.23570152307334152, 0.17617503909961038, 0.16626107433567877, 0.1513685880471831, 0.14620433083694914, 0.14281199580949286, 0.15404322063145431, 0.14066517822768376, 0.143088736773833, 0.139777601575074, 0.13279870622183965, 0.13529988005757332, 0.13532495935973915, 0.13170062475230382, 0.1279638555386792, 0.1327329007503779, 0.12547830913377844, 0.13943867579750394, 0.1278656925196233, 0.12539668688955513, 0.1278622767523579, 0.13419308319039966, 0.13600785560581996, 0.13225510246727779, 0.13188514469758325, 0.12462809455135594, 0.13298540368028308, 0.12897484134072842, 0.14046875338839448, 0.1352902114715265], "train_ious": [0.47214007491002913, 0.551460170875425, 0.5987315770184649, 0.6282170914869376, 0.6468105521323025, 0.6649152771502299, 0.6789868615999596, 0.688367285374282, 0.6976323219529097, 0.708418113273987, 0.7137876888872057, 0.7264410203349762, 0.7308065086819123, 0.7392489007417705, 0.7458623742171817, 0.7476548263128252, 0.7553258003208086, 0.7583133792099749, 0.7716331872819128, 0.77546912793448, 0.7791081867788145, 0.7904582567836927, 0.7969848798668902, 0.7978521127631697, 0.7959890928173409, 0.7963993879763975, 0.8044814155369562, 0.8120967322501587, 0.8195923375694653, 0.825287874734056, 0.8263315614582837, 0.8202186282994092], "val_ious": [0.5183894129982893, 0.5876915854388388, 0.5241029335968735, 0.6353377436382182, 0.6492870240539744, 0.6749141306980796, 0.684389694661334, 0.6917963192082833, 0.6791867011267206, 0.6994447781555896, 0.6903040685515471, 0.702269994262336, 0.7071966446828151, 0.7112236746411391, 0.7094451757012933, 0.7178458366273105, 0.721523648586826, 0.7135090039692065, 0.733008725919585, 0.7145755690508994, 0.7305292111376059, 0.735798081194145, 0.7341440216354702, 0.727446739008461, 0.7276710155217544, 0.7245578331791837, 0.736079136746517, 0.7417875284302061, 0.7393371162639147, 0.7395930249189986, 0.7380184667265935, 0.730397099170132], "training_time": 584.4179487228394, "avg_gradient": 0.004117138012191992, "memory_usage": 858.83984375}