{
  "train_losses": [
    0.29413453902563325, 0.24355004727840424, 0.22359938441735247,
    0.20986398447142995, 0.19515895284712315, 0.18115320194350637,
    0.17500361055135727, 0.16809536257515784, 0.16197849631957387,
    0.1552092765417436, 0.14931548929408842, 0.14479934910069342,
    0.1404882785661713, 0.13676360686836037, 0.13218746593464975,
    0.1294190149511332, 0.1261608927389202, 0.12459575842418101,
    0.12196691143933845, 0.11936500162372123, 0.11482788986809876,
    0.11273354405294293, 0.11108318092706411, 0.1080461558683411,
    0.10452756228978219, 0.09964159693892884, 0.1019784102783255,
    0.10092430853325388, 0.0995911520946285, 0.09499732591211796,
    0.09566642850151529, 0.09366150904932748, 0.09257574683136266,
    0.08786385012385638, 0.08772331188716319, 0.085479611247454,
    0.08700918956943181, 0.08214211366746736, 0.0794341292070306,
    0.08135153098112863
  ],
  "val_losses": [
    0.2657016454183537, 0.2359296783157017, 0.23506349551936853,
    0.2105578789892404, 0.20247689213441766, 0.18297694623470306,
    0.17643266916275024, 0.1779762616624003, 0.16849372179611868,
    0.15885032519050266, 0.1488274865500305, 0.14769177543728249,
    0.14773324601676152, 0.1468398446298164, 0.13758118968942892,
    0.14335925310202266, 0.13676294668213182, 0.13639871193015057,
    0.13310306438285371, 0.14258470548235852, 0.14442863606888315,
    0.13422110871128415, 0.1299155348021051, 0.14412576867186505,
    0.13362710356064464, 0.13617789081257323, 0.1423216373052286,
    0.13177316506271777, 0.13528134981575218, 0.1295140387247438,
    0.12687779023595477, 0.13200531219658646, 0.13101999591226163,
    0.1271263417666373, 0.13619268636988557, 0.13949920058898305,
    0.12883046447582866, 0.12753263083489044, 0.13113945981730585,
    0.13416954227115796
  ],
  "train_ious": [
    0.4046929509082025, 0.504077031020669, 0.5427891606383997,
    0.5695490406529194, 0.5960634360494822, 0.6212403029203414,
    0.633426779260238, 0.6447969809498483, 0.654142266004414, 0.66801524443039,
    0.6783787891592666, 0.6870168206700376, 0.6952472369092098,
    0.7012836083337879, 0.7101929691498693, 0.7149909020442032,
    0.7216552782641802, 0.7236435510002185, 0.7290673262399175,
    0.7326754994042544, 0.7416657437232956, 0.7454037521088467,
    0.7488880056509939, 0.7541550541485565, 0.7610160562655198,
    0.7697652282490239, 0.7654742990498957, 0.7671135968488195,
    0.7703000251473725, 0.7787240682088811, 0.777041209618682,
    0.7811492954691256, 0.7832232602480526, 0.7925707945681136,
    0.7923026221493881, 0.7970944878415779, 0.7939055950745292,
    0.8034220167260238, 0.8086606949783754, 0.8048582585069582
  ],
  "val_ious": [
    0.46260419865881197, 0.5186627368996107, 0.5323942547691043,
    0.5690078694319378, 0.6026104755591655, 0.6325918025728585,
    0.6288203070129174, 0.6272188975759174, 0.6524297243011172,
    0.6604566202647444, 0.681363011183946, 0.6813661322213601,
    0.6841007177380549, 0.683852740172027, 0.702594544360603,
    0.6952359119187231, 0.7033818439728974, 0.7056517279234483,
    0.7084815009780552, 0.6950862964858179, 0.6986753869315853,
    0.7116236561450406, 0.718624942328619, 0.6969890423874925,
    0.7202305567005408, 0.7134834581959074, 0.7040991457044213,
    0.724814368546873, 0.712434882487076, 0.7289259818153105,
    0.7290567099184232, 0.7227728099062823, 0.7224593136621558,
    0.7295873651038045, 0.7232956162829332, 0.7215963610704393,
    0.7315284173557725, 0.7397294215102125, 0.7381462020718533,
    0.7280502045068187
  ],
  "training_time": 901.3733592033386,
  "avg_gradient": 0.0061701405332921224,
  "memory_usage": 1151.470703125
}
