{"train_losses": [0.286452101867484, 0.23948358298967715, 0.21645404309358285, 0.2031943997287232, 0.18936324459703072, 0.17718496206014053, 0.1679791544928499, 0.16140064499948337, 0.1532742525248424, 0.14868782541674117, 0.14295551160593395, 0.13865420230380868, 0.1340871722558918, 0.13066003030247014, 0.12820836387412704, 0.12171494349351396, 0.12022349481349406, 0.11984074978238862, 0.11358616011136252, 0.11037547185855068, 0.10949055708782829, 0.10608575991152422, 0.10390369120337394, 0.10052065417656432, 0.09568583325523397, 0.09640038082295138, 0.09470477254818314, 0.09626361999012854, 0.09664059248145508, 0.08801810334072165, 0.08881623326274364, 0.08410279910363581, 0.08659790241685898, 0.08456762479213269, 0.0820997752978102, 0.08028875218461388, 0.08326231016089088], "val_losses": [0.24689828280521475, 0.23043915402630102, 0.20376496664855792, 0.210098163265249, 0.1950202623139257, 0.17158993722304053, 0.16229391259991605, 0.15645791136700174, 0.14569512074408325, 0.14882519905981811, 0.15496282085128452, 0.14810200910205426, 0.14438243712420049, 0.1384896977764109, 0.1374153766943061, 0.138350336448006, 0.1305091656420542, 0.13854520605958026, 0.12871775144468184, 0.12439429241677989, 0.13033823199246242, 0.1282317829520806, 0.1311779623122319, 0.13178634497782457, 0.12847397444040878, 0.1264608892733636, 0.12507761674730675, 0.13707783121777617, 0.12301589208452599, 0.12634690235490384, 0.1240263077551904, 0.12241124410344206, 0.13155542670384698, 0.12642206332605818, 0.12816981080433595, 0.12746487395918887, 0.14187022995041765], "train_ious": [0.418655956238238, 0.5157864276265753, 0.5567937159937788, 0.5814295840868052, 0.6057749280463096, 0.6274050847775693, 0.6430200037640939, 0.655922959410194, 0.6707787789620352, 0.6795730030407078, 0.6906542511305949, 0.6978090856818185, 0.7065853430633093, 0.7132469906971071, 0.7174792805875556, 0.7294851650578388, 0.7317270131754706, 0.7329407685260836, 0.7450091064624165, 0.7498729582606021, 0.751777479236108, 0.757055579104285, 0.761299316163944, 0.7675636956549209, 0.777784225679394, 0.775651797328307, 0.7789143529059231, 0.7764259622148842, 0.7748143488298291, 0.7913356860154785, 0.7902676973329935, 0.7988049626566363, 0.7946507894042609, 0.7981271355048465, 0.8030178462681562, 0.8066931203871534, 0.8010562896944479], "val_ious": [0.5063682508425437, 0.5388889548139295, 0.5785556187232337, 0.5679667676272597, 0.6028769972963611, 0.6390893930110378, 0.6553509976120963, 0.6697223126024439, 0.6849678117727886, 0.6878808052211568, 0.671627827744553, 0.6808791704799818, 0.6909777714290479, 0.7009958974693131, 0.6959714068882709, 0.7000018440294957, 0.7145066174907961, 0.7022875813038453, 0.7217805044374603, 0.7264927448569862, 0.7202061231153596, 0.7240219185317772, 0.7180023739735283, 0.7219860100227852, 0.7269866963227589, 0.7252725965302925, 0.733035287131434, 0.7100262771482053, 0.7366286511870399, 0.7313841121352236, 0.7362761240506519, 0.7397240756646447, 0.7259211395529733, 0.7367027019676955, 0.7351310188355653, 0.7406704350226166, 0.7238875368367069], "training_time": 834.1558287143707, "avg_gradient": 0.004805378358349804, "memory_usage": 1151.470703125}