{"train_losses": [0.2687243765786938, 0.22065618051135022, 0.20040100189330784, 0.17973000548132087, 0.1657003507665966, 0.157467701755788, 0.14976819871884325, 0.1433213737833759, 0.13937275524696577, 0.1334322699467125, 0.1299627938348314, 0.12486295385853104, 0.1199524311510765, 0.11748569721922926, 0.11655028208928264, 0.11091126497510982, 0.10490841102664886, 0.10576556193763795, 0.1039562190518431, 0.09695619559320419, 0.09722530323526134, 0.09755010700420193, 0.09731156245359908, 0.08935403382486623, 0.08703274093568325, 0.08662517052953658, 0.08228233355380919, 0.08039200674418522, 0.07968029954835125, 0.07850237700926221], "val_losses": [0.25117678681145544, 0.21580179456783377, 0.19603211270726245, 0.18067006702008453, 0.1779889098328093, 0.1648908246146596, 0.1660962506480839, 0.15195300996951436, 0.15205053531605264, 0.14648004653661148, 0.15410803873901782, 0.14193394359039224, 0.16116958419265953, 0.1488989219069481, 0.1402570190637008, 0.14423040640742882, 0.1411406404298285, 0.1448030092793962, 0.13373442690657533, 0.13456827045782752, 0.145842504080223, 0.1359948744268521, 0.13154218734606452, 0.13613811281064284, 0.13660319392447887, 0.13847292959690094, 0.13436169323066008, 0.14154299704924875, 0.13292017951607704, 0.14064782112836838], "train_ious": [0.4590120159521482, 0.5465512936529907, 0.5858001558623023, 0.6238263666197874, 0.6500514476303606, 0.6641330401534615, 0.6780217997729775, 0.6897668776952698, 0.697531139937, 0.7080450206995006, 0.7143650222839655, 0.7240670085277244, 0.732315673344377, 0.736420535792907, 0.7387046453313546, 0.7489755243818823, 0.7598207456910092, 0.7580111575299412, 0.7610771335877368, 0.7742160446941851, 0.7739980798484628, 0.7730368409791717, 0.7741986803062583, 0.788392110417287, 0.7927668533571385, 0.7936509944282576, 0.8024270534515378, 0.8061617308336753, 0.8077515294586399, 0.8104085222534512], "val_ious": [0.5075612841308981, 0.5539781159680823, 0.5902075756719147, 0.6318727062232251, 0.6345434236353722, 0.661123011207235, 0.6601690105769944, 0.6768674649622131, 0.6751266076512961, 0.6875573251990305, 0.6785299289917601, 0.6942962736323258, 0.6682289961887443, 0.6929327724636465, 0.7055065407269241, 0.6965079776186873, 0.7043325428081595, 0.7039758448583491, 0.7186970255081202, 0.7205774328414946, 0.6976709314014601, 0.7158491576927296, 0.722578610415044, 0.7211650495511898, 0.721751277645429, 0.7188455427902333, 0.7218223322128905, 0.7201836031416188, 0.7320025403430498, 0.7190380366384119], "training_time": 679.2371098995209, "avg_gradient": 0.0033032757707025613, "memory_usage": 1151.470703125}