{"train_losses": [0.2823729026738716, 0.23766700478027697, 0.20947371512327506, 0.19336021626773087, 0.17980416637399924, 0.16603807068389395, 0.15643200436202082, 0.15222862075366403, 0.14475357775454936, 0.14135986210211463, 0.13570981970785753, 0.12953381487370833, 0.12772339311144923, 0.12484825665698103, 0.12202830317065767, 0.11744275049346944, 0.11261213591079348, 0.10996037555615538, 0.10597129166126251, 0.10524248335834431, 0.10362975931038028, 0.09772818082052728, 0.09599716629347076, 0.09742106319121692, 0.09133935140688783, 0.09248673154608063, 0.09138583173246487, 0.09066043919681208, 0.08799143171990695, 0.08590417189280623, 0.0845307095543198], "val_losses": [0.26120257312836853, 0.22721379671407782, 0.22529435352138852, 0.20199044469905936, 0.17759378999471664, 0.17147909363974695, 0.15663646193950073, 0.15946330292069394, 0.15412422901262407, 0.1474155692950539, 0.14738333646370017, 0.1480609197979388, 0.15809415345606598, 0.16365306792051895, 0.13603376564772232, 0.13845078809105832, 0.13338104441114093, 0.13685506549866303, 0.13427529856562614, 0.13613801935444708, 0.1341150085563245, 0.1446911354103814, 0.1347109116613865, 0.13260841337235077, 0.1393830632062062, 0.1394427983981112, 0.13634547834163127, 0.13925696796049242, 0.13204547795264618, 0.12994567564000253, 0.14595170562034068], "train_ious": [0.42128625910297285, 0.5153562330465384, 0.5671734282935875, 0.5966590381618858, 0.6224283910207994, 0.6491209687530128, 0.6652016674802786, 0.6743293336012222, 0.6865368006561977, 0.6935202563586442, 0.7033824298152886, 0.7149236301041171, 0.7190435576806038, 0.7240166813675045, 0.7283066809177398, 0.7365976516427338, 0.7456873173191064, 0.7504254783085287, 0.7577054524335309, 0.7585944770902827, 0.7618521270544634, 0.7729862325325394, 0.7758654996320825, 0.7739193331504218, 0.7851543930237711, 0.7822659555012766, 0.7849335257989776, 0.7870448822344557, 0.791256671420474, 0.7956202534445821, 0.7983018530235775], "val_ious": [0.4700262306824976, 0.5336814216081646, 0.5407723248868749, 0.5945036940384603, 0.6317945716605671, 0.6470620627852455, 0.6642228006452755, 0.6595959488464438, 0.672453496767127, 0.6845051156005997, 0.6887025567500487, 0.6802711352921912, 0.6758099705844683, 0.6605630326962126, 0.7074646051379218, 0.7054341176281803, 0.7133367342361505, 0.7078986962636311, 0.7154097215852877, 0.7155126430418182, 0.7167913179466692, 0.7076574114785679, 0.7225883361222086, 0.7224807255509973, 0.7151896117821984, 0.7167683431635731, 0.7207203965256178, 0.7191804621530614, 0.7314688438090726, 0.7322826122028239, 0.7151741018329841], "training_time": 699.182338476181, "avg_gradient": 0.006484252848307575, "memory_usage": 1151.470703125}