{"train_losses": [0.26261047192889714, 0.219471278640887, 0.19413550805462443, 0.1811212148193432, 0.16911887377500534, 0.1601825166169716, 0.1548452725957917, 0.14559433212422807, 0.14139631649722223, 0.1365782389336306, 0.1319818520999473, 0.12926484267834737, 0.12372521298897007, 0.12107431690168122, 0.11718433629721403, 0.11489127969126338, 0.11022816974993634, 0.10625485144555569, 0.1049840021473558, 0.10303884331622849, 0.09675323724260797, 0.09798957322440717, 0.09595549272616273, 0.09232167680950268, 0.09027303419197383, 0.08986433344366758, 0.08602290341387624, 0.0882707680778011, 0.0836018182175315, 0.08231849276015292, 0.0849890370812753, 0.07887588850344004, 0.07623259804171065, 0.07412635879186184, 0.0776521060210855, 0.0843166957973786, 0.07328889478483926, 0.07233152678236365], "val_losses": [0.2445043085709862, 0.2046973485013713, 0.18705609699954157, 0.18938284756048865, 0.16642599407097566, 0.16331472652761833, 0.15942171167420305, 0.14582044404485953, 0.14962053315147109, 0.14195875596740973, 0.13920755538603533, 0.13890536793548128, 0.1507289581324743, 0.1382863414676293, 0.1396263692042102, 0.13074004860675853, 0.13765136298278105, 0.13061760074418524, 0.13044901953443236, 0.13774163745667622, 0.12985156930011252, 0.1302890063303968, 0.13414103796948557, 0.1388856308615726, 0.14020689657848814, 0.12814342619284338, 0.1361431664098864, 0.1325588404484417, 0.13021986137913621, 0.13008753534244455, 0.1296757258798765, 0.12674450874328613, 0.1339020601109318, 0.12908892025766167, 0.1401257289816504, 0.13364426824061768, 0.12825196398341138, 0.1525463721026545], "train_ious": [0.4704847487526527, 0.5526333627817425, 0.5980641827041256, 0.6212900391091472, 0.6442724189356616, 0.6590516241132347, 0.6696940628082855, 0.6860800795796993, 0.6942954949386738, 0.7023774645142796, 0.7107297649634061, 0.7156930131756739, 0.725926734507084, 0.7308648579038572, 0.7380964078980944, 0.7413518866659076, 0.7506298246806947, 0.75766199676023, 0.7603640086624932, 0.7637551210928651, 0.7751093686058897, 0.7724965120787206, 0.7762401905180752, 0.7837182599781221, 0.7871180147580474, 0.788474306842123, 0.7954900155140873, 0.7916654423959014, 0.8001627583002696, 0.8026380691191423, 0.7979399041421175, 0.8095337183795109, 0.8149865721014962, 0.8191517569880556, 0.8124575600891875, 0.7995167516063949, 0.8209564658826669, 0.823607909182707], "val_ious": [0.5034538648914603, 0.5776855803054312, 0.6105939884116683, 0.6107055570768274, 0.645319953560829, 0.6552667427754058, 0.6628588001797165, 0.681726190490999, 0.6814438687718435, 0.691734707009965, 0.6972525741743005, 0.6972701286060223, 0.675084813349489, 0.700833516276401, 0.6986118630654571, 0.7132425727187723, 0.706890747167062, 0.7158018242621766, 0.7172723371481551, 0.7099542239869853, 0.7220666941957196, 0.7219882482203885, 0.7173715482155483, 0.7189698415821877, 0.7110604121201278, 0.7250840609920198, 0.7198828426392181, 0.7177755681500919, 0.7302773979263029, 0.7321625395097593, 0.7306554483762686, 0.7336143000402313, 0.7320960254772849, 0.7354109723498857, 0.7165456414222718, 0.7287763460822726, 0.737600315956102, 0.7059804708629416], "training_time": 859.0058732032776, "avg_gradient": 0.005036835943846986, "memory_usage": 1152.220703125}