{"train_losses": [0.2846198384852513, 0.23375100124141443, 0.21077883850945078, 0.18807999700631783, 0.17840338733209216, 0.16692035483277362, 0.15964744742149892, 0.15176037808313317, 0.14586712071753066, 0.13936795780192252, 0.1364271618101908, 0.1330341876929869, 0.12898280597089426, 0.12498283487461183, 0.12181301273243583, 0.11679572207124336, 0.11428075939740824, 0.10967492644229661, 0.10784786826242572, 0.104985559804608, 0.10002968768062799, 0.09900755479769863, 0.09636566662432058, 0.09843002498635779, 0.0928549881943542, 0.0883724010023086, 0.0912651443530036, 0.0851133639478813, 0.08252666198203097, 0.08719233459914508], "val_losses": [0.28101332226525183, 0.22301763425702634, 0.18665223989797675, 0.18208160218985184, 0.16375916516003403, 0.15274496522286665, 0.15013057576573413, 0.1479658445586329, 0.14142691311628922, 0.14084566659901454, 0.1417950950562954, 0.13768277074331822, 0.1365945642085179, 0.13619405322748682, 0.12962028772934622, 0.13942050366945888, 0.12602105072658995, 0.12952560688490453, 0.12917772178416667, 0.12872394530669504, 0.12908489419066388, 0.13177201330013896, 0.13083216645147488, 0.1295328409127567, 0.12246027750813443, 0.12464822796375855, 0.12859668890419212, 0.12398625505359276, 0.13063307786765305, 0.14108322722756345], "train_ious": [0.4252517018720266, 0.5236433304954268, 0.5671100331119436, 0.608190824156222, 0.6256139408257132, 0.6459776144744697, 0.6595344562353428, 0.673479684992977, 0.6855592735759589, 0.6974502393193002, 0.7025501286961892, 0.7085864509901277, 0.7162565294707165, 0.7224073317171866, 0.7294660253801213, 0.7374276603045667, 0.742674361806417, 0.7508678587990398, 0.7534494432958142, 0.7596696637354899, 0.7685230462339476, 0.7700605214290001, 0.7753468516512193, 0.7719512673067875, 0.7816076378567495, 0.7901941956277344, 0.7848047300417356, 0.7967062069885971, 0.8018592691075972, 0.7932021596293519], "val_ious": [0.46387740343377204, 0.5541568420071533, 0.60701423905034, 0.6184872779725255, 0.6526988995247991, 0.6722455247156859, 0.6788141682096148, 0.6788276669339858, 0.6902887732654377, 0.695696686057077, 0.6883430763863134, 0.7024120258680288, 0.699662574607393, 0.7034115810757098, 0.7152794117944827, 0.705162760572157, 0.7194254854019136, 0.7186493389848346, 0.7195093614467676, 0.7215070936126986, 0.7222410017165583, 0.7177509637414544, 0.7233232883871463, 0.7212526847918831, 0.733569488145303, 0.733700352086537, 0.729780150928359, 0.7341460825308512, 0.7313339718873952, 0.7108658407477365], "training_time": 678.1468141078949, "avg_gradient": 0.006678953033023299, "memory_usage": 1152.220703125}