{
  "train_losses": [
    0.2695447559589925, 0.23075559111716953, 0.20363825324760831,
    0.18832365941742193, 0.17455135261558968, 0.16603679708002703,
    0.15617039151813672, 0.15001733054447433, 0.14582086075097322,
    0.14036385674515497, 0.13390372458683408, 0.13038383355445188,
    0.12739355943125227, 0.12197490915170182, 0.12014690559843312,
    0.11425591235899407, 0.11102436053688111, 0.1073370507877806,
    0.10550868952565867, 0.10128466554148041, 0.10175474911280301,
    0.09634192097608162, 0.09321860074187102, 0.0907542750482326,
    0.09377457071905551, 0.08777670404347389, 0.09017537015935649,
    0.08649181202054024, 0.08214889786651601, 0.08192886873755766,
    0.08145345852750799, 0.08305231684251972, 0.08129193099296611,
    0.07483628266693457, 0.07292412790348349, 0.07126175351035983,
    0.07011935315297349, 0.07607551767369328, 0.06963248753353306,
    0.06679571614317271, 0.06611716745259322
  ],
  "val_losses": [
    0.2721611747275228, 0.22353357724521472, 0.2080845784233964,
    0.18171161251223605, 0.1831860548776129, 0.1807431688775187,
    0.15241529646774996, 0.1560529076858707, 0.1615060493350029,
    0.14943332306068877, 0.14621176748819972, 0.1447599904368753,
    0.13496058239884998, 0.14495059135167496, 0.13843332797936772,
    0.1421835832297802, 0.14227635397211366, 0.1318394711808018,
    0.13281968543710915, 0.1365490337104901, 0.12584581485261087,
    0.1360336140446041, 0.13070299913701805, 0.1345300049237583,
    0.1291397489283396, 0.13951733821760054, 0.14784877374768257,
    0.13004137332672658, 0.1311833200895268, 0.13720109751043114,
    0.130086541985688, 0.1397589501803336, 0.13009182558111523,
    0.1377029256976169, 0.134743915627832, 0.1358885386067888,
    0.1357269779495571, 0.13497495894198833, 0.13483479440860127,
    0.13656691704755244, 0.14487110726211383
  ],
  "train_ious": [
    0.45351520379114435, 0.5302168923173695, 0.5801525049829397,
    0.6072848416540935, 0.6318705263345136, 0.647780463963315,
    0.666396685106599, 0.6780821366262608, 0.684595886185981,
    0.6954742200888584, 0.7076996469843214, 0.7127946445691412,
    0.718323753201875, 0.7283012835659841, 0.7318981474508408,
    0.742956864013188, 0.7479919456485387, 0.7547908492278362,
    0.7586327197867027, 0.7663387390582458, 0.7653264026494991,
    0.775308477435855, 0.7810447426053924, 0.7858210416051791,
    0.7803800082293111, 0.7913733024312101, 0.7873306622107821,
    0.793894665180773, 0.8026047984974969, 0.803378681341807,
    0.8040658606999161, 0.8011880203865573, 0.8043576518910519,
    0.8173709790343817, 0.8214023063580198, 0.8254427997314405,
    0.8276258927324548, 0.8152187604835067, 0.8286574138463407,
    0.8348052841813665, 0.8363064935673836
  ],
  "val_ious": [
    0.46166457300600805, 0.5424580589152764, 0.569105497520903,
    0.6264651663925337, 0.6199194544899289, 0.6243797871081725,
    0.6697680297969043, 0.6689657849678096, 0.6533213722101159,
    0.6762256695740466, 0.6909698660390964, 0.692182926380116,
    0.7050937729469243, 0.6962454934482988, 0.7012808720270792,
    0.7010020710851835, 0.6997744009114695, 0.7196919436472049,
    0.7117992931086085, 0.7119325012832448, 0.7279859269442766,
    0.7112414957820505, 0.7258367940135623, 0.7243348560903385,
    0.7275370726550835, 0.7170814871788026, 0.7115237930978554,
    0.7267378415318504, 0.7320984828731288, 0.7173650767924131,
    0.7323888846929522, 0.7228439491296159, 0.7282988992722138,
    0.7329874526763309, 0.7327403568703196, 0.7352855136429054,
    0.7342266410157301, 0.7358538657426833, 0.737600349429725,
    0.736673709491025, 0.7309651998937995
  ],
  "training_time": 942.0125141143799,
  "avg_gradient": 0.005449798755683357,
  "memory_usage": 1152.220703125
}
