{"train_losses": [0.2707102526303219, 0.23305705173507982, 0.21055129219008528, 0.19356134056073168, 0.1806135228632585, 0.17232540994882584, 0.16081357115636702, 0.15408140918968813, 0.14760485473696305, 0.14325512362563092, 0.1391265013295671, 0.13565329838868068, 0.12830143041260864, 0.12593272619921228, 0.12205003112878489, 0.1210657574398362, 0.11573559110579283, 0.11234407916503109, 0.10818388600550267, 0.10872505605220795, 0.10202826126276152, 0.10013294713976591, 0.09971848195013792, 0.09684623866949392, 0.09070360567420721, 0.0918094619055805, 0.09177182035763627, 0.08956122301194978, 0.0872271763484763, 0.09402379531251348, 0.08186352277255576, 0.07981555200303378, 0.07820990211937738, 0.07620687175380148, 0.07718315597056695], "val_losses": [0.2523835573507392, 0.2293508590563484, 0.207744091425253, 0.18402890990609708, 0.1717628710295843, 0.16892950269191162, 0.16060860244476277, 0.1647173078811687, 0.15088215794252313, 0.1460694487652053, 0.14611134516156238, 0.13944313788543578, 0.160321947997031, 0.13913378556785377, 0.13425471309734427, 0.1428936875384787, 0.13785111126692398, 0.14067011180779207, 0.14054472631086473, 0.1321000630116981, 0.13184066408354303, 0.13497262480466263, 0.1393062130588552, 0.12826280247258104, 0.13094328716397285, 0.139640759838664, 0.13811470082272653, 0.13708955130499342, 0.13172143292815788, 0.13189571966295657, 0.12899485230445862, 0.1321871191587137, 0.13141449443672015, 0.13929408999240916, 0.1432493617353232], "train_ious": [0.44829111154852563, 0.5262230102080796, 0.5661182472131386, 0.5982981043449347, 0.6224523450153462, 0.6366326431541341, 0.656568032082008, 0.668958064654599, 0.6822563575013822, 0.689255682454593, 0.6968865759022858, 0.7041452314866627, 0.717065561238838, 0.7220026596948719, 0.7283021201905996, 0.7306426261970099, 0.7396555600174954, 0.7464640407242635, 0.7529200641573339, 0.7522403861841435, 0.7646484310752241, 0.7677435233541157, 0.7693041780072708, 0.7740701337115488, 0.7862056985605456, 0.7839452881312026, 0.7839507804508656, 0.788342438314272, 0.7925706571103008, 0.7804659523501776, 0.8032289288830061, 0.8073595153248819, 0.810513444136882, 0.8148067780378934, 0.812577678673509], "val_ious": [0.48003973379947135, 0.5271064180178919, 0.5810853648876797, 0.6212071255929228, 0.6368440709252287, 0.6427163922268411, 0.6594841925130376, 0.6538687447706859, 0.6754016990678896, 0.6830199989287749, 0.6834029421426248, 0.6986826213373655, 0.6716068035018616, 0.701252539952596, 0.707238759899485, 0.695996698262035, 0.7042091216730035, 0.7031452711941542, 0.7125915122636848, 0.7156601442375046, 0.7169935184976327, 0.7206198478090592, 0.7119862974985786, 0.7284320908180182, 0.728354188627091, 0.7159467292004738, 0.719954708132191, 0.7194475853356761, 0.7296969411165818, 0.724499454964762, 0.7358621432297473, 0.7309753847294959, 0.7323183618161991, 0.7320028029490208, 0.7234280256257541], "training_time": 787.923670053482, "avg_gradient": 0.001683919599994467, "memory_usage": 1152.220703125}