{"train_losses": [0.27352263324934506, 0.2263433085349591, 0.2025583874758171, 0.18260498191027538, 0.17314997841806515, 0.16157125576358775, 0.15376166031574426, 0.1489359171980101, 0.1425010138393744, 0.13837239575450835, 0.133941613421168, 0.1301939935301957, 0.12485884478234727, 0.12315752199324577, 0.1189797736056473, 0.11635076886285907, 0.1109382317846884, 0.10937241521542487, 0.10697933905960424, 0.10611029677902875, 0.10219740260230459, 0.0997643282475031, 0.09704746670373109, 0.10078810297114693, 0.09492051358456197, 0.0903504573861542, 0.08592540471126205, 0.08539312992892835, 0.08741931115155635], "val_losses": [0.4413790702819824, 0.21991975119580393, 0.2063980679149213, 0.19021932489198187, 0.16826164528079654, 0.1691191475028577, 0.15401862723671872, 0.1436914181255776, 0.15241743041121442, 0.1430534143810687, 0.14445953767584718, 0.13829165761885437, 0.13545497118130975, 0.14616187256963356, 0.15460580231054968, 0.1381324876261794, 0.14800722913249678, 0.1315931120644445, 0.13410511337544606, 0.13551787983464159, 0.1350112290162107, 0.12791927741921466, 0.13673586042030997, 0.13522789449147557, 0.13254571220149164, 0.13506512505852658, 0.129104344903127, 0.13182934567980145, 0.13880966441786807], "train_ious": [0.4422582551040617, 0.5411875897721538, 0.5830130839477412, 0.6185266184418095, 0.6357033474613788, 0.6570799500829929, 0.6707924588758872, 0.6797444612003758, 0.6927534294841081, 0.6987379638181216, 0.7071903148747005, 0.714209462961425, 0.724413435798193, 0.7269721109474052, 0.7343682500979175, 0.7395934815100137, 0.749556061960217, 0.7517240967439567, 0.7562273357981357, 0.7583745152190112, 0.7655740230735659, 0.769746733856374, 0.7751232779220397, 0.7682643088957536, 0.7782813092504723, 0.7873783665506733, 0.7957739102235738, 0.7966179340213968, 0.7931705204688985], "val_ious": [0.4000135298440423, 0.5565803522864978, 0.583544893541198, 0.6128276174051174, 0.6484871618989585, 0.6437307982773021, 0.6709499149650767, 0.6889442909454954, 0.6793169338202132, 0.6945816485778147, 0.692813702467559, 0.7016938847044237, 0.7052834915078207, 0.6947945112335507, 0.6844126683646354, 0.7015489614096239, 0.6870892194734103, 0.7154857194510058, 0.7135391563609027, 0.7131960657627686, 0.7102810792301012, 0.7274002653101216, 0.7160277411989545, 0.7179423920486284, 0.7221407136623411, 0.7267839705598528, 0.7277195142663043, 0.7298189131678015, 0.7120961212161658], "training_time": 656.5506148338318, "avg_gradient": 0.0035862304933695, "memory_usage": 1151.470703125}