{"train_losses": [0.2671938677844794, 0.2170720327159633, 0.19405014626681805, 0.1775034572929144, 0.16560143702056096, 0.1567908548142599, 0.15108370056132908, 0.14366457959556062, 0.13901445629966, 0.13572561558659957, 0.13000659405699241, 0.12564006403250538, 0.12218947327979233, 0.12040493928867838, 0.11945418414214383, 0.11192812515503686, 0.11064883434902066, 0.10645564208212106, 0.10552349597539591, 0.09983010027233673, 0.09976418445939603, 0.09815643618450216, 0.09339844779637844, 0.09138825333312801, 0.09185540607280057, 0.0882011992127999, 0.08712927964718445, 0.0847592355845415, 0.08410143601181715, 0.08082965040660423, 0.08370312955230474, 0.08212241396793853, 0.0771495901129168, 0.07549806016132883, 0.07491036759608466, 0.07532470169193718, 0.08012071073703143], "val_losses": [0.24373327843520953, 0.21244476282078287, 0.2019007173569306, 0.17619310578574304, 0.17123207385125366, 0.16938392040522202, 0.1742476574752642, 0.1656443476676941, 0.155304417014122, 0.15987802280679994, 0.15615224643893863, 0.14902118091350017, 0.14559905198605164, 0.171780858674775, 0.1408457963362984, 0.1385462206342946, 0.1360784364135369, 0.14334184822180998, 0.13867952528855074, 0.13555140760929688, 0.13592156362922295, 0.14644522592425346, 0.1382001814958842, 0.1293601631794287, 0.13314719951671103, 0.13405801291051117, 0.13265490969238075, 0.13206884945216385, 0.1332226572153361, 0.14056750986239183, 0.1319253094818281, 0.14232469236721162, 0.13644855177920798, 0.13602150004843008, 0.14082476026985957, 0.13823050341528395, 0.1441132274010907], "train_ious": [0.4579953037175364, 0.5558918367909348, 0.5966890028583396, 0.627344930895429, 0.6491611125352587, 0.6661970002603703, 0.6753603534745999, 0.6892329110507517, 0.6978088054212112, 0.7033188261523624, 0.7147377159824408, 0.7215354975474915, 0.7284802381435164, 0.7317692284350809, 0.7325652254664381, 0.7469872267025971, 0.7496636474802014, 0.7571073549165238, 0.7586671366639761, 0.7686415398898332, 0.7691679385801156, 0.7725313205433924, 0.7805719594808587, 0.7848654042767444, 0.7831765707528241, 0.790646769106388, 0.793148310936016, 0.7976379388052485, 0.7985391901886983, 0.8053086676459386, 0.7991724113623305, 0.8025314006684482, 0.8124738026788267, 0.816293234410493, 0.8172220068349357, 0.816512559095155, 0.807373798735764], "val_ious": [0.5074631283464639, 0.5698186377252356, 0.5860013197297633, 0.6341108660335125, 0.6444676900687426, 0.6486169754163078, 0.645371062816053, 0.6587317097878111, 0.6717774317316385, 0.6788685799076937, 0.6681066036656282, 0.6843992538642193, 0.6920261689718219, 0.6617017129193183, 0.7034701696340591, 0.7051949982625851, 0.7100454640129337, 0.7000894587540971, 0.7146571969640426, 0.7188078124022137, 0.7231327992850455, 0.704422184522601, 0.7182523586611818, 0.7266038926183314, 0.7283592319142992, 0.7228166426437489, 0.7298611545044443, 0.7271824636753054, 0.7317483915366986, 0.7302158150983892, 0.7281260136244952, 0.7228293801131456, 0.7301755577757739, 0.7359596976767414, 0.7307385128477345, 0.7340680278729701, 0.7117998435877371], "training_time": 844.5856161117554, "avg_gradient": 0.004997651441908948, "memory_usage": 1151.470703125}