{"train_losses": [0.27107882038082765, 0.2289834307587665, 0.20417730736991632, 0.1874421877057656, 0.1750565435251464, 0.16279040268905784, 0.1543830931186676, 0.15024063436557417, 0.140211570724521, 0.13987723069832378, 0.13521265258769627, 0.13110557445527418, 0.1276453372253024, 0.12152443785706292, 0.11965874363870724, 0.11660481892202211, 0.1126530779444653, 0.10979321991781825, 0.10490612596597361, 0.10183876926970223, 0.10196362152371717, 0.09791132536433313, 0.09434084768366555, 0.09713955255954163, 0.09558538772651683, 0.08992445699708618, 0.09209638335944517, 0.08845871221274137, 0.08538177597295979, 0.08119853031214165, 0.08389522147405407, 0.08014484920093547, 0.07780160596999137, 0.07678214833140373, 0.07506185672853304, 0.07398062041434257], "val_losses": [0.2626848544763482, 0.25433217474947806, 0.19461929020674332, 0.2017645187999891, 0.17532346203275348, 0.16413261741399765, 0.16295135247966516, 0.1522518432010775, 0.1540442779660225, 0.15946063820434653, 0.1496304513319679, 0.14176275953650475, 0.16823493948449258, 0.14419465350068134, 0.14764338164873744, 0.14363877685821574, 0.14021239348727724, 0.13132499709077503, 0.1354317629466886, 0.1378339239112709, 0.13391255036644314, 0.13823247263612953, 0.1428105986636618, 0.14224716794231665, 0.1336364619757818, 0.1319000967170881, 0.14109491589276688, 0.13765218238467755, 0.1301065600760605, 0.13625743078148883, 0.13826781981017278, 0.13849578992180203, 0.1411914642414321, 0.13385376658128656, 0.1342244530501573, 0.1407870475364768], "train_ious": [0.44986173382325845, 0.5319535044710275, 0.5785419728498963, 0.6090134033474371, 0.6316487115362416, 0.6541623681027818, 0.6684222707281942, 0.6769892295849497, 0.6957602110029996, 0.695780849813119, 0.7044992295728213, 0.7119010273313175, 0.7186555758766502, 0.7285881368578342, 0.7318544804617977, 0.7382226746691308, 0.7449474136034648, 0.7506772615555405, 0.7592690389441406, 0.7656101328523264, 0.7645439439169734, 0.7728343356562697, 0.7791090252390809, 0.773408554062463, 0.7766302148609058, 0.787401398346908, 0.7839908775320086, 0.7906685563317236, 0.7959830583329656, 0.805172057039496, 0.799298946408258, 0.8067554465454557, 0.8114979601856593, 0.81334224872399, 0.8170639528096586, 0.8193863434852033], "val_ious": [0.4532940495705258, 0.5212111449328021, 0.5992656535860421, 0.5981639945420667, 0.6347898659498795, 0.6543381404185641, 0.6570775746435359, 0.6736261989327446, 0.6713826159636179, 0.6674637092628342, 0.6904119801694069, 0.6948191834532697, 0.6573661293672476, 0.6964231269515081, 0.691341459751129, 0.6959944587686789, 0.7006756706514219, 0.7132480675759522, 0.7131041776442876, 0.7055863997210629, 0.7182034796130834, 0.7126734727534696, 0.7135725150937617, 0.711357813814412, 0.718864311558613, 0.724564435041469, 0.7091534325610038, 0.7198849335528803, 0.7294876929642499, 0.7245326368273168, 0.7210043146126511, 0.7177847254535424, 0.7277676037688185, 0.7311975148277006, 0.7323213945264402, 0.7212937554155568], "training_time": 813.7390356063843, "avg_gradient": 0.004225114651368968, "memory_usage": 1151.470703125}