{"train_losses": [0.2928800451690736, 0.2475555675185245, 0.2212433303989794, 0.2033549130934736, 0.18948356126961502, 0.17820806242525578, 0.1686794842066972, 0.16401549388209116, 0.15589639670013086, 0.1492136288434267, 0.1470256471682502, 0.1432349041266286, 0.1397168002617748, 0.13384379470801872, 0.1319622356120659, 0.12439044208630272, 0.1205936280362632, 0.12007506981330074, 0.11625075575126254, 0.11372183388827936, 0.11076232681617788, 0.10866562366161657, 0.10566308981050616, 0.10150101699906847, 0.10340468897281782, 0.10104997504664504, 0.09393684116556593, 0.09485143030305272, 0.09013962284054446, 0.09160718617393919, 0.09496485786107571, 0.08942778748662575, 0.08501863512008087, 0.08536789339521657, 0.08329657926831556, 0.08047867214064235, 0.079289091548518, 0.07830778723987548, 0.07933834794422855, 0.07362136718533609, 0.0731029915218444, 0.0729267256455901, 0.07326013445044341], "val_losses": [0.2805988982967708, 0.23643720149993896, 0.22357987094184625, 0.18856434459271637, 0.1859483893798745, 0.17431437386118848, 0.16972963349974673, 0.1605664732987466, 0.15215044711594997, 0.15068843296688536, 0.1577273866404658, 0.14886410145655923, 0.14158819988369942, 0.1539856313687304, 0.1507563903603865, 0.16169664717238882, 0.14113774442154428, 0.13624193357384723, 0.1372260916168275, 0.13875709295920705, 0.13960731806962387, 0.13624417004377945, 0.13252513175425323, 0.14444030384006706, 0.13202428331841592, 0.13341679958545644, 0.14035453631178194, 0.13505012655387755, 0.13135567858167316, 0.13564006708886311, 0.14927981826274292, 0.13628840284503024, 0.13468916438843892, 0.13503583488257034, 0.1317244044140629, 0.1399597545032916, 0.13182887629322385, 0.13787061380951302, 0.13819879941318347, 0.13596569746732712, 0.14354674777258997, 0.13667060272849124, 0.15493480650627095], "train_ious": [0.40075838133065095, 0.49581325202640414, 0.5470890348804168, 0.5795309712057525, 0.6045806720528916, 0.6243624036618768, 0.6429058327407078, 0.6510714225579002, 0.6671265731363193, 0.6781580469206624, 0.6825654504523758, 0.690422770013844, 0.6961879685413147, 0.7071455636102222, 0.7100201344144516, 0.722910883795956, 0.7303920365546056, 0.731415668637424, 0.7388095980429128, 0.7432806094487512, 0.7490269033697203, 0.7527531279062015, 0.7578151433904101, 0.765246525298858, 0.7618151625645335, 0.7667880121996435, 0.7798009485654214, 0.7779305851545891, 0.7867087599267996, 0.7840199467820538, 0.7776565447557668, 0.7885674543246842, 0.796814894762592, 0.7962371546613135, 0.8005883287692414, 0.805594015272631, 0.8084994030819423, 0.8103327705808308, 0.8083593815133191, 0.8200451550276382, 0.8212407193538067, 0.8216484767803244, 0.8210186029689903], "val_ious": [0.4341276126603285, 0.5167311787389327, 0.5532704671655878, 0.6042277704978334, 0.6105516967566118, 0.6328050807334374, 0.6450343604968944, 0.6594239952771559, 0.6744114121665126, 0.6753709478222806, 0.6679256513066915, 0.6825753513021746, 0.6935555848522462, 0.6832345065431318, 0.683618402135545, 0.6668068475049477, 0.7005051540723745, 0.7069478559753171, 0.706203655488249, 0.7040926952292953, 0.7023014970447704, 0.7130056151013442, 0.7175463705823042, 0.6990104581134907, 0.7236202596754268, 0.7217369798732842, 0.7114868386500123, 0.7181540304335994, 0.7235807806685355, 0.7152360174534979, 0.7049572273440983, 0.7192333485337272, 0.7259320668552235, 0.7269237777893093, 0.73189507122489, 0.7236509495887202, 0.7330173688090368, 0.7266905990199767, 0.7281578425048053, 0.7321277442185775, 0.7203365946593492, 0.7295762998038443, 0.7084945718879285], "training_time": 980.7859170436859, "avg_gradient": 0.0020324787623460265, "memory_usage": 1151.470703125}