{"train_losses": [0.2650610727622457, 0.21806739100619502, 0.1975109431406726, 0.1810786389624295, 0.1695321079991434, 0.16012189942209618, 0.15239465653734363, 0.14511954517144224, 0.1400981036865193, 0.1360678267462746, 0.13153386630279862, 0.12696671461605508, 0.12429832663063121, 0.12119281769770643, 0.11537669902748388, 0.11424510772137539, 0.11177474098361057, 0.10989077903492295, 0.10498541706930035, 0.1024869091241904, 0.10069448488723973, 0.09793891283966925, 0.0966879584543083, 0.09352855141396108, 0.0907458057222159, 0.08722985438678575, 0.08553754339885453, 0.08532421878012626, 0.08283069041436134, 0.08078404017926558, 0.0837960182081746, 0.08104221810303304, 0.07452789771006159, 0.07403931035862668], "val_losses": [0.2261753438607506, 0.24695852334084717, 0.20347427673961804, 0.21808349211578784, 0.17370469187912735, 0.15850380516570547, 0.15938292605721432, 0.14491873315494994, 0.15140545044256293, 0.14140033300804056, 0.1429980011737865, 0.13985366439041885, 0.1375439390540123, 0.13339099287986755, 0.13323935898749725, 0.15206607544551726, 0.13682928940524225, 0.14084392024771028, 0.1359708566704522, 0.13729878693171169, 0.1394272862893084, 0.12860712230853413, 0.12717703762261764, 0.1254952407401541, 0.12830667554036432, 0.1305352149774199, 0.13596695920695429, 0.13261387513383574, 0.1295405316935933, 0.13541006896158922, 0.13362188410499823, 0.13506873389301094, 0.12653440382817518, 0.13351862942395004], "train_ious": [0.4661026978055419, 0.5528107830795687, 0.5909627066466259, 0.6210287208466427, 0.6418570641806159, 0.6600938262282939, 0.6743900302419629, 0.6862593007584418, 0.6966881270425909, 0.70346181747922, 0.7125185730772607, 0.7211884569538676, 0.7248059385388658, 0.730756765366464, 0.7398045097032317, 0.7430871092862842, 0.747570279553749, 0.7513657862293551, 0.7599900450719439, 0.7644278773687022, 0.7679646055119632, 0.7731939974254456, 0.7752029591280478, 0.7811196476113105, 0.7864324360330038, 0.7929116033989453, 0.7963010778893598, 0.7969626891224277, 0.8013110432935797, 0.8056729774976114, 0.7999170802641605, 0.8053992321525792, 0.8184931274989369, 0.819428489691969], "val_ious": [0.5360693011594855, 0.4948331369222075, 0.5867382195116817, 0.5972717918347619, 0.6461648610622985, 0.6612685791392258, 0.6606670361066209, 0.6854413806096366, 0.6705052926056625, 0.6919311045304586, 0.6953874550003936, 0.6981692873481391, 0.7039500418780504, 0.7079274144725524, 0.7135734545147937, 0.6808384976525236, 0.7078686712876611, 0.7012696095566816, 0.7116329875113309, 0.7064659062071124, 0.7048323093980983, 0.7260702556889993, 0.7275211556234222, 0.7307954056971318, 0.7300002099811166, 0.7263878771792287, 0.7187328969222911, 0.7296428224746729, 0.7318284928366757, 0.72186755227006, 0.7194593935341074, 0.7261003346546836, 0.7388451771027801, 0.7294190307890159], "training_time": 769.3816137313843, "avg_gradient": 0.0020798961672538114, "memory_usage": 1151.470703125}