{"train_losses": [0.28711665081589116, 0.23738592547243056, 0.21599420670257963, 0.2029312150147946, 0.19073197804391384, 0.17930543997689433, 0.17258220611383085, 0.16219153692540916, 0.15506145811599234, 0.15184089877521215, 0.14638866609691278, 0.14505951223975938, 0.1365641971807117, 0.13474715375543936, 0.13175302306595055, 0.12652665206595606, 0.1229806569526377, 0.12168698369160942, 0.1183001393776225, 0.11376326510925656, 0.11180997514368399, 0.10594763537949842, 0.10813922115156184, 0.10393155661776014, 0.10174359154442082, 0.097822575384508, 0.09876507383001887, 0.0964995281284918, 0.09138020885217449, 0.0910086375458733, 0.09443049460811459, 0.08959109004101028, 0.08784896139379429, 0.08698547339957693, 0.08327761353196009, 0.08237143431830665, 0.08197230586539143, 0.07952360464664905, 0.08660639636218548, 0.08122211225006891, 0.08269829477143029], "val_losses": [0.2778246840057166, 0.2288193922975789, 0.21220273200584494, 0.2011473013654999, 0.2190185296146766, 0.17917783558368683, 0.1659570333102475, 0.15675293621809586, 0.1524895235248234, 0.15843404165428618, 0.14798792937527533, 0.15483730934236362, 0.14129679407114568, 0.1387205078550007, 0.14058212773955386, 0.13982154396565064, 0.13661950891432556, 0.135350089520216, 0.14654190125672714, 0.14166266843676567, 0.13271703247142874, 0.13089405226966608, 0.1320112402672353, 0.14113087628198706, 0.13176035686679508, 0.13147868458991466, 0.13110794564304146, 0.13342722683497096, 0.13537935118960298, 0.13216158666688463, 0.13388263029248818, 0.12760978904755219, 0.1290359323763329, 0.13106643246567767, 0.12732234775372173, 0.12881557303278343, 0.1248595155775547, 0.135647589907698, 0.13869513862806818, 0.13054652074756828, 0.1450947962053444], "train_ious": [0.4199410986722163, 0.5187423258641924, 0.5583841176568598, 0.5836227890913898, 0.6051080463103193, 0.6249297452901584, 0.6377036261061828, 0.6555177395002565, 0.6693918734141018, 0.6746635199996873, 0.685965384370175, 0.6873443451156653, 0.7027602228673474, 0.7060287711413009, 0.7118177777831107, 0.7209832761706653, 0.7265775445038861, 0.7290729099101779, 0.7361180714291067, 0.7445990950732992, 0.7476636166481869, 0.7580382207381556, 0.7537364078604657, 0.7618734102858151, 0.7655817811795771, 0.7728058997055756, 0.7719650260456237, 0.775272465594437, 0.7852570106261882, 0.7862769832321702, 0.7796249452816402, 0.7884804908240185, 0.7920673879916257, 0.7938329002995426, 0.8007586117887844, 0.802861457609612, 0.8033226184223008, 0.8082165780706682, 0.794888377297616, 0.8049211589538536, 0.8021138785002023], "val_ious": [0.45669260680459545, 0.5296315726810608, 0.5642305195763491, 0.5790902436643408, 0.5485182953053627, 0.6223800560270533, 0.646335627073827, 0.6627732288578282, 0.6712224993152894, 0.6610559304987175, 0.677578255750131, 0.6659482702396918, 0.693719980293426, 0.6963839595732482, 0.693920734136001, 0.6918403545151586, 0.7015547754539959, 0.7043224087227946, 0.6886132534431373, 0.6982602086188135, 0.7089668218640314, 0.7134826116371845, 0.7107018739848897, 0.6982611324908076, 0.7156698464051535, 0.7202563106581785, 0.7165341951708863, 0.7194480023522309, 0.7143385537724565, 0.714550185246744, 0.7170236622509752, 0.7301647773255473, 0.7345683674017589, 0.7292658142421555, 0.7329721841691196, 0.7342937847842341, 0.7354741591042364, 0.7240328959364821, 0.7170758467653525, 0.7319776076769482, 0.7095625091722048], "training_time": 927.6490757465363, "avg_gradient": 0.00344808360038991, "memory_usage": 1151.470703125}