{"train_losses": [0.26785929768305755, 0.21991286232419635, 0.2024613137802352, 0.18512497089155341, 0.17121130624867004, 0.16334617421354936, 0.1542504320083105, 0.1505789637322659, 0.14329083324612482, 0.13957786106544992, 0.13330535323399564, 0.13077830474661745, 0.12600666288610385, 0.12328951198445715, 0.12138580636161825, 0.11727705642419017, 0.1146039744110211, 0.11107705711670544, 0.10951805272666008, 0.10581703103430894, 0.10107125503861386, 0.09844634009768134, 0.09483592317480108, 0.09943113617760979, 0.09322477306198815, 0.08956120875866516, 0.09206300998187583], "val_losses": [0.2416030045436776, 0.21240900489299194, 0.20197817132524823, 0.18360003634639407, 0.1643815999445708, 0.16286247320797131, 0.18890411925056708, 0.15297322088609572, 0.1485537863943888, 0.1692232502543408, 0.13997618011806323, 0.13999366274346475, 0.1361410378114037, 0.1442141419519549, 0.14004385584722395, 0.1522283701469069, 0.13213904963239378, 0.13336443674305212, 0.1326247706361439, 0.12701192724963892, 0.13063089322784674, 0.136526503154765, 0.1302235069806161, 0.1384143082667952, 0.12623729945524878, 0.13328783894362656, 0.1435785272523113], "train_ious": [0.4561462102565862, 0.5495572397890299, 0.5808359571611103, 0.6135399815612942, 0.6374281180509627, 0.6534641898520617, 0.6689630070350309, 0.6764922766689806, 0.6899938808511136, 0.6964979643623037, 0.707564556296321, 0.7125930384989232, 0.7203526286867219, 0.7250696720312473, 0.7293597250312994, 0.7370160148627517, 0.7410607960453063, 0.7480580499530703, 0.7508160288891067, 0.7575482874568827, 0.7668504353234731, 0.7711646182705532, 0.7774536029260232, 0.7702812727918655, 0.7813390583555765, 0.7881728596445439, 0.7832297127207984], "val_ious": [0.5143515680363211, 0.5712115693351496, 0.5843990637340407, 0.6152320687753565, 0.6516592539307002, 0.6593090107907419, 0.6093922706617825, 0.6739089327014011, 0.6833019971415617, 0.6482343567886216, 0.6985357703938, 0.6980310982984047, 0.7057257115408995, 0.6936482789291851, 0.702619259124217, 0.6832413440165311, 0.7136758965426596, 0.7150092753379238, 0.7100749011488926, 0.7259725965019586, 0.721459665376207, 0.7174544023430866, 0.7193999445956688, 0.7081753816725552, 0.7313469728265981, 0.7209906515435897, 0.7055421188689658], "training_time": 610.8715753555298, "avg_gradient": 0.003806090459362195, "memory_usage": 1151.470703125}