{"train_losses": [0.27966685439257516, 0.22407488622095273, 0.20247504835867364, 0.18566000340101513, 0.1747790949176187, 0.1648979463978954, 0.1555728896561524, 0.14808046242789083, 0.1435864068891691, 0.13725701954377734, 0.13360100174727646, 0.1293517221170275, 0.12707289356900298, 0.1226553660614983, 0.12059777177384366, 0.11427994040043457, 0.1110654681030175, 0.1096566732486953, 0.1057980082443227, 0.10450252335842537, 0.1007768116162523, 0.09963308149219854, 0.09720591646011757, 0.09863069564428019, 0.09162925070394641, 0.08949081988438316, 0.08914044284788163, 0.0884683177522991], "val_losses": [0.25087516463321186, 0.2135252819760986, 0.19929947574501453, 0.2020218806422275, 0.18300647094197894, 0.17019045028997504, 0.16431390850440317, 0.1663000868714374, 0.15597651169999785, 0.15695993764244992, 0.1472775772537874, 0.14515330950203148, 0.14652681723237038, 0.14653636579928192, 0.1420267054244228, 0.14754385241995688, 0.14418616680347401, 0.13696747078843738, 0.1419199118795602, 0.14123302325606346, 0.13975077948492506, 0.13203771833492361, 0.14404498931506407, 0.14830560593501382, 0.14125598999469177, 0.14414782757344452, 0.1424835463580878, 0.14992407369224922], "train_ious": [0.4343483624473701, 0.5425567311653193, 0.5801596046033975, 0.6116956236461796, 0.6317660264886807, 0.648073676325705, 0.666363773084637, 0.6794958854823008, 0.688957644491524, 0.6999770277652189, 0.7065087785215478, 0.7142537148750345, 0.7192168575374113, 0.7271268115095468, 0.7303678853356317, 0.7419353379611521, 0.74801527865339, 0.7499444388069109, 0.7574783700747767, 0.7594861378488335, 0.7668617144227025, 0.7689013511914272, 0.773305232488159, 0.770401420638613, 0.7840285446980719, 0.7877897884210819, 0.788459626228913, 0.7899070046842098], "val_ious": [0.508717027263365, 0.5692066810485246, 0.5910070621664972, 0.5703172128701555, 0.630031776169072, 0.6431658572476845, 0.6548739004394283, 0.6501733388589773, 0.66998616811158, 0.6682680700568183, 0.6923910418282386, 0.6894416074821915, 0.6914266008829724, 0.6942926872035734, 0.696841015331987, 0.6924893588259599, 0.697560031344925, 0.7078643538381744, 0.7018371358297876, 0.7065392000519711, 0.7075838755438294, 0.7179151002479638, 0.7102656515612118, 0.7036434098862219, 0.7150525148364082, 0.7083769419055056, 0.7104982442182042, 0.7032487727161765], "training_time": 640.4830644130707, "avg_gradient": 0.00607950778970647, "memory_usage": 1151.470703125}