{
  "train_losses": [
    0.27494518313071004, 0.22395037098423295, 0.19925946207798045,
    0.18116022354882697, 0.16831356173624162, 0.15874567389002311,
    0.1544931907530712, 0.14669721387326717, 0.1441407977886822,
    0.13780980638187865, 0.1332291919009193, 0.12875610399667337,
    0.12645912915468216, 0.12294468113585659, 0.11979397220294112,
    0.11778235884950213, 0.1132921089782663, 0.10948597214630117,
    0.10807867024255835, 0.10472367120825726, 0.10416303481906652,
    0.09845109381105589, 0.10017374664059152, 0.10046447878298552,
    0.09502964624730141, 0.08984014517425196, 0.08738827652743329,
    0.0887570345936262, 0.08732231414836386, 0.08385985611897448,
    0.08073818234159895
  ],
  "val_losses": [
    0.29390832781791687, 0.2036972846026006, 0.18700865494168323,
    0.1843010572635609, 0.17714184295871985, 0.16061335607715274,
    0.16342466713293738, 0.150947206856116, 0.152474038950775,
    0.14663994458058607, 0.1403256811849449, 0.14294708811718485,
    0.14023215080732884, 0.1327464376454768, 0.1499762259747671,
    0.1331552913331467, 0.14212711511746698, 0.16329827613156775,
    0.12981193204936775, 0.12668998766204584, 0.12381494822709457,
    0.1282821040114631, 0.1290333143070988, 0.12690056325948756,
    0.12183145190710606, 0.12224761169889699, 0.1260159509661405,
    0.1268363744020462, 0.12692354149792506, 0.12417205115375311,
    0.132052231580019
  ],
  "train_ious": [
    0.44109196428621206, 0.5433567851997804, 0.5888885870791863,
    0.6221300095211768, 0.6450640309224094, 0.6629572935618351,
    0.6704565666184051, 0.6847184137373731, 0.6888686897961988,
    0.7010443637660447, 0.7088284271674743, 0.7174289888985781,
    0.7212661151112855, 0.7274473272264, 0.7335005626622314, 0.7364627885213794,
    0.7449995673976946, 0.7517314785956472, 0.7536675508903425,
    0.7605726980212806, 0.7617822042193964, 0.771901618095412,
    0.7682079217680122, 0.7682774111736511, 0.7781610286970071,
    0.7879603735130765, 0.7926446104395216, 0.79008792432538,
    0.7926237566963489, 0.7992711750709496, 0.8058463224898214
  ],
  "val_ious": [
    0.47245241588224546, 0.5909961397233217, 0.6165195645197578,
    0.6214781742596971, 0.6308578077865683, 0.6667910563773002,
    0.6574539140514707, 0.6839091108329054, 0.6799025971820388,
    0.6879639642826024, 0.6949058930942977, 0.6956196066693984,
    0.6994487215643344, 0.7135062839673915, 0.6897953796213951,
    0.7128558405067608, 0.7113050120896185, 0.6877476389425388,
    0.721579579339511, 0.7256502215413079, 0.7288382588953214,
    0.7265305367932803, 0.7279350900131721, 0.7287734390600865,
    0.7403335063785745, 0.7377478838830756, 0.7352447822905966,
    0.7340211587539618, 0.7295400053262711, 0.741383845175522,
    0.7240551928247231
  ],
  "training_time": 712.5424044132233,
  "avg_gradient": 0.004564904663510924,
  "memory_usage": 1152.220703125
}
