{"train_losses": [0.2678328622942385, 0.22601740143221358, 0.20216376577382503, 0.18348546123699003, 0.17140401705451633, 0.16457282581731028, 0.15821218065431583, 0.14927764487979206, 0.14511148510095867, 0.13962265500879806, 0.13753957718448795, 0.1347061291175044, 0.12853545217734316, 0.1259102053211435, 0.12299812030371117, 0.11776655450787234, 0.11819711525964996, 0.114164963769524, 0.11024549870711306, 0.11104853511990412, 0.10467932652682066, 0.10723170087389323, 0.09974721381845682, 0.09953167273298553, 0.09724492697126191, 0.09355049183511216, 0.09343153748499311, 0.09029343327426392, 0.08900717471766731, 0.08619750457127458, 0.08407044119161108, 0.09317525873041671, 0.08257697389015685, 0.0869428845041472, 0.08004859126294436, 0.07614210519291785, 0.07576672305636432, 0.0745887324699889, 0.07899752372632855], "val_losses": [0.2668017116577729, 0.22544404281222302, 0.1911152193079824, 0.19347255417834158, 0.17124470355718033, 0.17014290068460547, 0.1560687383879786, 0.14779630190004472, 0.16365329208581345, 0.15117461007574332, 0.14147865561687428, 0.1389713139961595, 0.13656528504646342, 0.13731776161686235, 0.1477399986723195, 0.13115493677880452, 0.13508909195661545, 0.13083398180163425, 0.13301367766183356, 0.12886413915649705, 0.12777428296597107, 0.129646848725236, 0.12624718702357748, 0.1346183602252732, 0.13501729670426119, 0.12387147723980572, 0.1295483000576496, 0.12389782670399417, 0.12365776284233383, 0.12545489681803662, 0.13154802131264107, 0.12587424448650816, 0.12289619040877922, 0.12830944537468578, 0.12585086505050244, 0.1239749986840331, 0.12923542993224185, 0.12612763695094897, 0.13091339235720428], "train_ious": [0.45410472080381437, 0.5396323436466247, 0.5810971426359124, 0.6162827254637429, 0.6382421959137566, 0.6503902038262372, 0.662314608639133, 0.6780808918933935, 0.6866299334535568, 0.6968605455712995, 0.700610560621472, 0.7056031904142839, 0.7168988115221692, 0.7212163173202156, 0.7270909118047661, 0.7364830278076127, 0.7358025422022823, 0.7432489612720147, 0.7499291140424167, 0.7487252904237182, 0.7597486570585462, 0.7553913689393931, 0.7688862777490548, 0.7700672690095248, 0.7742074032624565, 0.7805827032180801, 0.7812915011376572, 0.7870442865659366, 0.7899061244359055, 0.7950237143946728, 0.7992372016651911, 0.7821825221180913, 0.8021675636586939, 0.7944334836109826, 0.8072704514083658, 0.8150577669342364, 0.8161127408561492, 0.8180816769599919, 0.809818763447844], "val_ious": [0.5062143369645312, 0.5428759168455565, 0.6039336947859197, 0.5978437454804129, 0.6386008441880129, 0.6427452570718267, 0.6674874416296034, 0.6821443293837534, 0.6640663267909616, 0.6812274777802869, 0.6939063562431198, 0.6973295280898829, 0.704914706988611, 0.7041925930458568, 0.6906793450099834, 0.7159179880999137, 0.7115839788879172, 0.715589657857798, 0.7159264117911242, 0.7204499544872754, 0.7244419038727664, 0.7265628928291624, 0.7296221707610119, 0.7141280359979988, 0.7207732220058856, 0.7369019834027775, 0.726271789143051, 0.7397046937890674, 0.7393262898144515, 0.7377835175265437, 0.7304787380971771, 0.735983445808507, 0.7460874394662137, 0.7295487615941226, 0.7435416728258132, 0.7449651576470638, 0.7374598606341128, 0.7451726139887519, 0.7319732437963069], "training_time": 880.8749663829803, "avg_gradient": 0.0024544187229317053, "memory_usage": 1151.470703125}