{"train_losses": [0.2804116409109986, 0.23714991586039896, 0.2115965577085381, 0.19872565373130466, 0.18310400948900243, 0.17438402358928454, 0.16510139713468758, 0.1583768017590046, 0.15220303509546362, 0.14709164619283832, 0.14217120826082386, 0.13664362223252005, 0.1343588143101205, 0.12890237035310786, 0.12826433951925972, 0.12397825381840052, 0.11774327492584354, 0.11732268515650345, 0.11328889304043158, 0.10979627728786158, 0.10818843009031337, 0.10457715894217076, 0.1012603828035619, 0.10025865252575149, 0.09864324477055798, 0.09545209307385527, 0.09779232035836448, 0.09339812798830478, 0.08931700751671325, 0.0896407054413272, 0.0853649134464238, 0.09254052445454442, 0.08774632677111936, 0.08155574920870688, 0.07880163097592152, 0.07808774665160023, 0.07769790631921394, 0.07731520965614397, 0.0742939829259463, 0.08396359196985545, 0.0791925797238946, 0.07260383436780261, 0.07050238474798591, 0.07038717597480053], "val_losses": [0.29308062143947766, 0.2223128942043885, 0.21126365208107492, 0.18889655334794003, 0.19182068303875302, 0.1660227422480998, 0.1578509234215902, 0.15468420719970827, 0.15888291014277417, 0.1501179483273755, 0.14199405876190765, 0.14010774797719458, 0.1385207623243332, 0.14335732081014177, 0.15989583228593288, 0.14099108735504357, 0.13284171162092168, 0.13271253620800766, 0.1354840789800105, 0.14176799162574436, 0.12805965558990187, 0.13635390138496523, 0.125805893993896, 0.13401146087309587, 0.1287365863504617, 0.13116720772307852, 0.1283028101467568, 0.1310438695161239, 0.12540625019565874, 0.12804210477549097, 0.1329527617148731, 0.13149584473475165, 0.129833301772242, 0.1258656748610994, 0.13269525442434393, 0.12893065113736235, 0.13109547806822736, 0.13759096177375835, 0.13216677632020868, 0.12843025589118834, 0.13154403201263884, 0.1305111476584621, 0.1369306728567766, 0.1315405814220076], "train_ious": [0.4346186387980276, 0.5171858096036359, 0.5659927412651589, 0.5900001970754155, 0.6174897865756696, 0.6334611700064892, 0.648772804363482, 0.6610995067310506, 0.6744958267587686, 0.6825892273066703, 0.6918634088251036, 0.7021972818327121, 0.7056645935644276, 0.7161916943024036, 0.7175264307230281, 0.7254989580723685, 0.7367971093542333, 0.737296859909227, 0.7441245056148887, 0.7518851817518042, 0.7540557379631893, 0.7605556941226774, 0.7665958587026251, 0.76874573269616, 0.7712583696280696, 0.7775372410382052, 0.7736586778276205, 0.7812775913356006, 0.7886831855428393, 0.7877399389078648, 0.7966689557053042, 0.7828591017295486, 0.7919931267050732, 0.8038395176763123, 0.8095227231582006, 0.8107316406524696, 0.8118224589936973, 0.8124499140658238, 0.8186018267187523, 0.8000620538773745, 0.8084326099226441, 0.8221242197829747, 0.8266758363747941, 0.826996934586677], "val_ious": [0.4579775438144586, 0.5472005127348762, 0.5683006786781809, 0.6065468775189441, 0.6121191663154656, 0.6462683418522711, 0.6631866941849391, 0.6675261790337769, 0.6613811764164246, 0.6802616922751717, 0.6959945917993352, 0.6972156400265901, 0.7001709495333657, 0.6985134704821351, 0.6760909807854807, 0.7003108083769894, 0.7145174562499144, 0.717188467366108, 0.7134700296581656, 0.7010411935440011, 0.7225575412529102, 0.7155402229315991, 0.7279518939878631, 0.7168247447065683, 0.7259697575068127, 0.726160019852113, 0.7265349838180819, 0.7251280271920606, 0.7327086104862934, 0.7287717681864037, 0.7306230469890262, 0.7233972756758978, 0.7311131347348724, 0.7383558162744492, 0.7341166903143344, 0.7394892305567644, 0.7381316460129143, 0.7371397463307864, 0.7350112422220947, 0.7359208032704779, 0.7401643656734105, 0.7406359893688258, 0.735819789810457, 0.7345742380273516], "training_time": 990.2068915367126, "avg_gradient": 0.0019705333204256786, "memory_usage": 1152.220703125}