{
  "train_losses": [
    0.27148254078043543, 0.22153193657488926, 0.1973245083151952,
    0.1804655628359836, 0.16964823955103106, 0.15977352387879207,
    0.15078833820703236, 0.14657279099945142, 0.1423107760593943,
    0.1375412242487073, 0.13057683388014202, 0.13075820992336326,
    0.12292596855727227, 0.12143504433333874, 0.11625333697251651,
    0.1145363504310017, 0.11092957445298848, 0.1081212579637118,
    0.10488398903575928, 0.10196531547800354, 0.10057641213516826,
    0.09542465979314368, 0.09547202924833349, 0.09149247663014609,
    0.09171734904141529, 0.09407145076471826, 0.08794884302693864,
    0.08474192096163398, 0.0861906623467803, 0.08307920574494031,
    0.08011348610338957, 0.07975460507947466, 0.083193922172422,
    0.07777896535623333, 0.07547397089555212, 0.07381900294643381,
    0.07559437650944227
  ],
  "val_losses": [
    0.24703850370386374, 0.21768346396477325, 0.19464130893997525,
    0.17219868237557617, 0.16567178297301996, 0.16347528281419174,
    0.16898961980705676, 0.16584084393537563, 0.15456003922483194,
    0.15559455768569655, 0.1375099158157473, 0.1425628613518632,
    0.13934090506771338, 0.14197675543634788, 0.1401928732900516,
    0.13890050886117894, 0.15400049074188524, 0.13856439697353737,
    0.13194589397829512, 0.13104778139487558, 0.12804301212663236,
    0.140623837871396, 0.15011048867650653, 0.12597261110077734,
    0.13022732993830805, 0.13993186357876528, 0.1256243418092313,
    0.1409591128644736, 0.13711430035207584, 0.132956948293292,
    0.12664418440798056, 0.13825480558949968, 0.13512360207412555,
    0.1317017428253008, 0.13664127238418744, 0.13108402555403503,
    0.14328067636360292
  ],
  "train_ious": [
    0.44906651862370595, 0.5479031344740721, 0.5934272343697755,
    0.622683387303698, 0.6417659449836483, 0.6599155887961388,
    0.6759644715466364, 0.6839899143231087, 0.6920226096998956,
    0.7008420216540493, 0.713515367304933, 0.713686771204938,
    0.7264115536126535, 0.729391316032928, 0.7398132371405765,
    0.7428572255092252, 0.7487583801798199, 0.7542964749146198,
    0.7596930373406066, 0.7654645970982051, 0.7679239202128806,
    0.7774140123223915, 0.7774013845061051, 0.7847271878542242,
    0.7839273988552719, 0.7795984276394915, 0.7914063356060911,
    0.7976668789118959, 0.794731199417425, 0.8009656282222786, 0.80689711296472,
    0.8078487271416016, 0.800659623105025, 0.8115573295432589,
    0.8163971740050586, 0.8199356378636496, 0.816219392678012
  ],
  "val_ious": [
    0.5071300270332806, 0.5619788899801779, 0.6128066169179003,
    0.6380868919085765, 0.6475415249233659, 0.649696329149647,
    0.6501596284949261, 0.6574955325627674, 0.6684512303791185,
    0.6751766790082491, 0.7028960890096166, 0.695253738026688,
    0.6965592212003212, 0.6948639923247739, 0.7016784108203392,
    0.7077571205470873, 0.6901590204325276, 0.7139937275129816,
    0.7195914750513823, 0.7215849737758222, 0.7223942845627882,
    0.715800135679867, 0.7013727001089979, 0.7292248861513275,
    0.7283534249965696, 0.7085821689039038, 0.7357401500145592,
    0.7165552708117857, 0.7282876177974369, 0.7348931222290231,
    0.7359216699133747, 0.7194328575894455, 0.7226285969001662,
    0.7331872984119083, 0.7286138480556185, 0.7391881309989571,
    0.7288590702025787
  ],
  "training_time": 834.2984511852264,
  "avg_gradient": 0.004288791813865132,
  "memory_usage": 1151.470703125
}
