{"train_losses": [0.2628806138654118, 0.21620474990619265, 0.19494827318450678, 0.17636888247469198, 0.16554035064156936, 0.15738341718426216, 0.14967881090453136, 0.14491447903539822, 0.13668719897775547, 0.13518392100282337, 0.13083228598470273, 0.12605874625075122, 0.1199296530255157, 0.1168294022993549, 0.11499931497256392, 0.11114296693678784, 0.10844952868216712, 0.10618504201588423, 0.10389539012280495, 0.10223726332997499, 0.09608213174278321, 0.09565686709854913, 0.09073328570989163, 0.09156642169894083, 0.0920907670389051, 0.08635599275484034, 0.08448734790410685, 0.08243561446990656, 0.08491861913353205, 0.08311691248546475, 0.0804266047704479, 0.08073020070467306, 0.08180135966319105, 0.07616484983135825, 0.07327092461206991, 0.07361329705251948], "val_losses": [0.23458556021037308, 0.2345583173243896, 0.19131272156601367, 0.17806972887205041, 0.17578864615896475, 0.1574662918953792, 0.15162625244778136, 0.15162263227545697, 0.1576317239390767, 0.14325755640216495, 0.15184470071740772, 0.1434432065681271, 0.1391811787110308, 0.13736120805792187, 0.15319309626584468, 0.14596027119652086, 0.14843216522232347, 0.13786284819893216, 0.15221971095256184, 0.14755096966805664, 0.14659120579776558, 0.130933392630971, 0.133730788755676, 0.14287413753893063, 0.1319929074658, 0.13547444602717523, 0.13849414544908897, 0.13937427233094754, 0.13243461821390234, 0.1315094321642233, 0.13308582260556842, 0.13439998872902081, 0.12730172454662944, 0.12912662424471066, 0.13159136749480083, 0.21008622241408928], "train_ious": [0.46892016196110553, 0.5582442751451249, 0.5965569094633282, 0.6301377302818538, 0.6501842663771864, 0.6655272345288078, 0.6792520676618037, 0.6875570446684742, 0.7027594056790297, 0.7063260099486165, 0.7136121648701206, 0.7220320613055989, 0.7323189182881862, 0.7386297504215136, 0.7416138538847801, 0.7486952184766962, 0.7538266785010908, 0.7578860186040401, 0.7624565450393637, 0.7647062604841978, 0.7764161736097023, 0.777557953598275, 0.7868015548565251, 0.7853589731714, 0.7840109301757983, 0.7947973083650721, 0.7986661105592184, 0.8029168250336166, 0.7980113303747728, 0.8015948051343793, 0.8067567770679792, 0.8059538215182825, 0.8041098514112872, 0.815026267391184, 0.8212426398759303, 0.820778466545153], "val_ious": [0.5326658781023994, 0.5427946275559024, 0.6094665261714354, 0.6295592031185178, 0.6342815555956053, 0.6609846124614492, 0.6779379833867584, 0.6739111719787985, 0.6681517960800639, 0.6917919579191485, 0.677652828719305, 0.6908474201741427, 0.6990922959386437, 0.702460548799971, 0.6771110332962396, 0.6998653452897419, 0.6926675875117813, 0.7079884593469509, 0.6906646531129229, 0.6964074399160303, 0.7065920674282572, 0.7227878609429235, 0.7189521880253501, 0.7090561081101928, 0.7248927093502404, 0.7233067107373387, 0.720897622730421, 0.7201945613259852, 0.7233571777309196, 0.7362103848785594, 0.7291437132634979, 0.731208952008814, 0.7334710076667261, 0.7376101433798886, 0.7304343339325726, 0.6745790681545284], "training_time": 814.1274812221527, "avg_gradient": 0.005157146944973637, "memory_usage": 1152.220703125}