{"train_losses": [0.2819988854715358, 0.22575576959744745, 0.20333209884879383, 0.18643392590077026, 0.1734217819960221, 0.1646320300338709, 0.15682922125510548, 0.152772704584767, 0.14650198303001083, 0.14008303168837144, 0.13643257919213045, 0.13459881536824547, 0.1292548516522283, 0.1267619469486501, 0.12092829102893239, 0.11820152260201133, 0.11696475521539865, 0.11263241222047288, 0.11036258154427228, 0.10750495942066544, 0.10308880184817573, 0.10592011086966681, 0.0995424872102297, 0.0985834566147431, 0.09570505862812632, 0.09383371095780445, 0.0904390984012381, 0.09603997838238011], "val_losses": [0.2929896864554156, 0.24573926238910013, 0.2016770473640898, 0.19052132672589758, 0.18944879038178403, 0.16241169720888138, 0.17578828140445377, 0.15804430437476738, 0.15522708873385968, 0.15253406244775522, 0.14505908233316048, 0.1421243180723294, 0.14164102271847104, 0.13496665640369707, 0.1397849488193574, 0.13876895541730133, 0.1633806581730428, 0.1390519717141338, 0.13088853770624037, 0.13685041050548138, 0.13908369531450065, 0.14100140802886174, 0.13856966259038966, 0.13353293745414072, 0.13128486923549487, 0.13781109630413677, 0.13676557382163795, 0.15066643399388893], "train_ious": [0.4357841191501224, 0.5381217213968436, 0.5808411699220324, 0.612080227151729, 0.6337898760170179, 0.6514600695691243, 0.6662744435927139, 0.6735959700916122, 0.6845240897998429, 0.6964864858250691, 0.7020447433426762, 0.7063987711309525, 0.7169547226225982, 0.7206838253507578, 0.7317118219815303, 0.7357263788040996, 0.7381829019042027, 0.7458525247116019, 0.7501797653410748, 0.7552614596442896, 0.7638015677963476, 0.7584491098380604, 0.7698474073971527, 0.771585254943457, 0.7768954954285554, 0.7807427328889781, 0.7875315390419267, 0.7771949115870658], "val_ious": [0.42940291049687757, 0.5139275614334191, 0.5825033269930576, 0.6112378282823423, 0.6117027613563814, 0.6532915202171905, 0.6458998579477917, 0.6659149996180463, 0.6680315931638084, 0.673425081199494, 0.6893070167389469, 0.6911923559247584, 0.6936101673737817, 0.7091612150703652, 0.7010109100652777, 0.7025450118210006, 0.6701023688782817, 0.7031758878973947, 0.7168252548013908, 0.7081054129462312, 0.7098649211119913, 0.7028267832769862, 0.7093769938185596, 0.7131634581348169, 0.7207106053829194, 0.7190995460403137, 0.7153794791387476, 0.686691882169765], "training_time": 630.6877222061157, "avg_gradient": 0.0053062393772224286, "memory_usage": 1152.220703125}