{"train_losses": [0.28023648375402327, 0.2362122525177572, 0.2127467385776665, 0.1945560781042213, 0.1810866935259622, 0.16800145667208277, 0.1604049561707222, 0.15429811131047166, 0.1482155527109685, 0.14239862180598403, 0.13880543414827273, 0.1343160358703007, 0.13068459539309793, 0.12613102903022713, 0.12164997649581535, 0.11856088520068189, 0.11645301135823778, 0.11240310614685649, 0.10962348127656657, 0.10668474362920159, 0.10067663123102291, 0.10192486546609712, 0.09873626935903144, 0.09415435580455739, 0.09327242895960808, 0.09462818025570849, 0.09047484086097582, 0.09180003979607769], "val_losses": [0.2616873338170674, 0.2227355066848838, 0.2035305072431979, 0.20045678609091303, 0.18220138582198517, 0.17620595965696417, 0.16157322862873907, 0.17348959329335586, 0.15088726466764574, 0.1527510951070682, 0.15242963446223218, 0.14727091254747432, 0.14340947455038194, 0.14221957406919936, 0.138212193613467, 0.14924087569765423, 0.13994419590934462, 0.14466593446938888, 0.13417575022448663, 0.14043584158239159, 0.1357772154328616, 0.14756633146949436, 0.13773081888971123, 0.13977292487802712, 0.13303883487115736, 0.13403150390671648, 0.12877297644381938, 0.146580061348884], "train_ious": [0.4267316008513063, 0.5194137221121268, 0.5636341480835195, 0.5965729608483937, 0.6215490271755754, 0.6439099707033326, 0.6568598683545556, 0.6690233126822585, 0.6809044159624886, 0.6928701854270436, 0.6977569025711741, 0.7065637256896151, 0.7126558554237306, 0.7214200268836989, 0.7290810699156229, 0.7347499980874682, 0.7385815859812755, 0.7459653557642649, 0.7512959936714687, 0.7564295812685417, 0.7671977065611577, 0.7649060941260792, 0.7710541291297347, 0.7795484831043779, 0.7812756154740208, 0.77830020311302, 0.7868635786184366, 0.784946344414915], "val_ious": [0.4717038408785626, 0.5481698088671851, 0.5797303094380143, 0.5840168731368107, 0.6232011920731999, 0.6345069244288015, 0.6562962974759114, 0.6518960456917252, 0.6769737439311069, 0.6764867264723433, 0.6731153206116911, 0.6871964607549751, 0.6919948873312576, 0.6965850457765052, 0.7019760736088823, 0.6854919605497, 0.7057503120622772, 0.7003791025583294, 0.7123187488835788, 0.7068614383106643, 0.7130653402511623, 0.702026041737501, 0.7073193259429241, 0.7071790956500649, 0.7139570350232335, 0.7149994250224986, 0.7242678483759148, 0.6991935244936875], "training_time": 633.4113981723785, "avg_gradient": 0.004067595905072485, "memory_usage": 1152.220703125}