{"train_losses": [0.26643415370389173, 0.2251399329499058, 0.2025589238366355, 0.18686960912916972, 0.17576886753997076, 0.1648111340144406, 0.15554385227353676, 0.15031137876212597, 0.1442450000702039, 0.1405755763306566, 0.13564799993258456, 0.13077310525366795, 0.1279718087905127, 0.123634932724678, 0.11910292898993129, 0.11747396684697141, 0.11411585784314768, 0.1101472534077323, 0.10953664759416944, 0.10790483936991381, 0.10319213658247305, 0.09818832491241071, 0.09851431287825108, 0.0963468475105322, 0.0929212451952955, 0.0919758102087223, 0.08980379071410584, 0.09048471117959074, 0.0906966365063968, 0.08489809233857237, 0.08167022005047488, 0.0793366230133435, 0.07915051111384579, 0.07652989762794712], "val_losses": [0.25062200005935586, 0.2217918112874031, 0.21156085476927136, 0.20977909117937088, 0.17119033958600915, 0.17255563386108563, 0.16274007021085077, 0.1557206427273543, 0.15830097671436227, 0.1478812109840953, 0.14484171358787495, 0.1530840249489183, 0.1439803837110167, 0.13484223041197527, 0.14424738611864008, 0.13955811200582463, 0.13350114874217822, 0.14212820112057353, 0.13436672140074812, 0.13740723952651024, 0.13042677177683168, 0.13009095775044482, 0.13044403104678445, 0.12890940078574678, 0.1349151108575904, 0.12955707441205563, 0.12783852284369263, 0.13569720704918323, 0.1281366793681746, 0.13195369651784067, 0.12738546631906345, 0.13796248724279198, 0.12942313354300417, 0.14186612759595332], "train_ious": [0.46402456770327094, 0.5392452711104483, 0.5814517268614064, 0.6097785604280836, 0.6304498771070568, 0.6509221345726133, 0.6671774921317896, 0.6770891658421871, 0.6879402782929978, 0.6953362428947635, 0.7037302435956142, 0.7121339049460237, 0.71835385100997, 0.7252527817651846, 0.7336421027455641, 0.7369904511648674, 0.742121805585381, 0.7501317927802819, 0.751106134467367, 0.7538689305276973, 0.7625228986144069, 0.7721762561603734, 0.7712943528549394, 0.7751704581297824, 0.782455183997535, 0.7833681532546233, 0.7877390308008677, 0.786666523017313, 0.7861417371617713, 0.7974150860007257, 0.8036681911435682, 0.8083921596407891, 0.8087166764813919, 0.8145558414035944], "val_ious": [0.4971206812323003, 0.5512993647784427, 0.5557323177007661, 0.5687515968861787, 0.6372334944165272, 0.6408021288073582, 0.6560139757567557, 0.6694936311763265, 0.6599490873623586, 0.6813173721665923, 0.6860915666473087, 0.6771937103375146, 0.6952274487070415, 0.7053592462038649, 0.6932261985713157, 0.7020026369803195, 0.7105053404103153, 0.7048398584559343, 0.7126266716615014, 0.7088576909424604, 0.7184305668309117, 0.7230041506497756, 0.7231116707342258, 0.7252853286007175, 0.7162331651518312, 0.7270964625952901, 0.7290647368932115, 0.7214517198179081, 0.7315455515315566, 0.7258493429508761, 0.7351753871509993, 0.7238357898549758, 0.7373943562092988, 0.7212828013344088], "training_time": 769.469803571701, "avg_gradient": 0.004894096221962867, "memory_usage": 1152.220703125}