{
  "train_losses": [
    0.2801437898660484, 0.22748689774585806, 0.2077727299993453,
    0.18979936530408653, 0.17968977177920548, 0.1674370276539222,
    0.16337907885241768, 0.15461025520673263, 0.14862420134570287,
    0.14588904534669025, 0.14259520707570988, 0.13694175547393767,
    0.13257423452223124, 0.12947136171810006, 0.12561618224920137,
    0.122909693006912, 0.11874135437866916, 0.11490005117071711,
    0.11488834582269192, 0.10891824786591789, 0.1065248075629706,
    0.1047997475075333, 0.10344386432805787, 0.10126994137206803,
    0.09822236455005148, 0.0960684930095854, 0.09203850789724485,
    0.08842882931070484, 0.08944049582857153
  ],
  "val_losses": [
    0.2729527189031891, 0.21311767075372778, 0.19446402885343717,
    0.18329015600940454, 0.17464468109866846, 0.17414886536805527,
    0.21534276818451675, 0.1592384709612183, 0.1800080942718879,
    0.15517967777407687, 0.15970330296651178, 0.1450109838143639,
    0.14466897657384042, 0.1387893717897975, 0.16173795610666275,
    0.13427762476646382, 0.13763594190063683, 0.14503805404124054,
    0.13190813654142877, 0.136291128947683, 0.13349161880171817,
    0.13860045438227447, 0.1363640213790147, 0.13091893073009409,
    0.1295370129139527, 0.13551284275625064, 0.1279884643204834,
    0.1280754838624726, 0.14975207493357037
  ],
  "train_ious": [
    0.4347576116873086, 0.5370150994293501, 0.5722929207149192,
    0.6050718813270762, 0.6225305567293066, 0.644669574347959,
    0.651911981673776, 0.6693602180567342, 0.6798144642641581,
    0.6850977702525216, 0.6917675415026968, 0.7018756232615829,
    0.7107138183453807, 0.7165918047877327, 0.7231731163742754,
    0.7274357348788479, 0.7354757609790653, 0.74195131616316,
    0.7420873139863423, 0.7534778832957364, 0.7571841604143816,
    0.7601798392724303, 0.7628234404044743, 0.7670025684047437,
    0.7720584225287473, 0.7764322612488613, 0.7839299101328506,
    0.790814741474131, 0.7890137363279213
  ],
  "val_ious": [
    0.48229305543329415, 0.5617239198822908, 0.5977016048154968,
    0.6164372816033986, 0.6333030395317767, 0.6333447692618853,
    0.5934427297417669, 0.6622416029373804, 0.6376869402069975,
    0.6690769597240116, 0.6721505779719006, 0.6890870468771975,
    0.6887200016906295, 0.6954509592142658, 0.6798387863065883,
    0.7061449749314265, 0.7013183203728303, 0.687960506781288,
    0.7149090620054714, 0.7124029102100845, 0.7162391141704891,
    0.7078443834747092, 0.7113867911739626, 0.7198231120904289,
    0.7194089237330615, 0.7121581402809724, 0.7264866152967232,
    0.7254500615855922, 0.7038037150666334
  ],
  "training_time": 655.2252943515778,
  "avg_gradient": 0.010942609478236179,
  "memory_usage": 1152.220703125
}
