{"train_losses": [0.2721665296703577, 0.22700238883819268, 0.20847146480303744, 0.19604525488355887, 0.1794781496991282, 0.1698963923136825, 0.16013806621017662, 0.1550367200018271, 0.1490632815529471, 0.14381232448732076, 0.1397783554199597, 0.13339354365092257, 0.13002483919262886, 0.12869121952225332, 0.1254295630623465, 0.12109469618324352, 0.11733863765940718, 0.11782829346054274, 0.11017831305608801, 0.10827265363996444, 0.10324277121411718, 0.10240979326645964, 0.09887099581892075, 0.09502649736469207, 0.0969953043791263, 0.09318084658487984], "val_losses": [0.2623640953198723, 0.22519769066053888, 0.20431468085102414, 0.18470919132232666, 0.17796156717383343, 0.16165998610465424, 0.17350579182738843, 0.15874529435582782, 0.1601658424605494, 0.14445348164957503, 0.14777473489875378, 0.13900231926337533, 0.14823012701843097, 0.13439396023750305, 0.13942883001721423, 0.13093853417945944, 0.1345577917021254, 0.13807841244599092, 0.13064507767558098, 0.12692732574499171, 0.13269876202811365, 0.127094441457935, 0.14029090398031732, 0.1342074239383573, 0.13037207512103993, 0.14428428479510805], "train_ious": [0.4480277278892482, 0.5361846013507547, 0.5709304602249812, 0.5922656826458976, 0.6229608907107853, 0.6414998371316037, 0.6581449608008066, 0.6674591243483018, 0.680545107286045, 0.6893834981365481, 0.6952550883634371, 0.7074871075110163, 0.7140715572497122, 0.7163422413278321, 0.7220446178554623, 0.7298315669531406, 0.7368849332349885, 0.7366972260609053, 0.7500214206891647, 0.7530240142798937, 0.7620685892584532, 0.7644406357321192, 0.7698803155858444, 0.7772701535967812, 0.7738583733638128, 0.7812893943510195], "val_ious": [0.46447507432405505, 0.5509627827483674, 0.5871911447333253, 0.6227314951627152, 0.6298475544089857, 0.6578471902487935, 0.6365690486154694, 0.6686414277208024, 0.6599715399569359, 0.6868805004202799, 0.6825838406448779, 0.7028538198142812, 0.6845273941323378, 0.7057791058567986, 0.7035741400027619, 0.7145741575438044, 0.7113612505836764, 0.703755274630975, 0.7176100432440854, 0.7221319161463475, 0.7163973856663359, 0.7257272946661798, 0.7120387420274207, 0.720053799558377, 0.7217332610617513, 0.7054849472166836], "training_time": 588.5388889312744, "avg_gradient": 0.00374337990420183, "memory_usage": 1152.220703125}