{"train_losses": [0.2799751501044501, 0.2239413611266924, 0.20523272454738617, 0.1871391964023528, 0.17651402342902578, 0.16707676892047343, 0.159456058162386, 0.15358298263795997, 0.14887675813034826, 0.14369624286242152, 0.13861268973382918, 0.1351251389183428, 0.12929536507505437, 0.12640758109805378, 0.12471014131670413, 0.11797546951667122, 0.11503486606575873, 0.11309078295269738, 0.11136310187208912, 0.10728879754795977, 0.10663305514532587, 0.10148603979336179, 0.09783324615462967, 0.10005613610796306, 0.09294233965161054, 0.09252558547355559, 0.0924238632230655, 0.08936487668720276, 0.0926196291313871, 0.08820826965181724, 0.0868884610498081, 0.08652894830574161, 0.08213966129266698, 0.07828539524875257, 0.07995132482408182, 0.08083249928186768, 0.08529862433509983], "val_losses": [0.2569570068431937, 0.21216781534578488, 0.2010314218375994, 0.18624070740264395, 0.16893611394840738, 0.1684830227623815, 0.16258585712184076, 0.1733572638553122, 0.15449994834868805, 0.15274143980249114, 0.143736290866914, 0.14060149795335272, 0.1428252094141815, 0.14741215968261595, 0.13707164836966473, 0.14401751286957576, 0.1499204012038915, 0.14659831154605615, 0.13414709820695545, 0.14100417349001634, 0.1457302635130675, 0.1500606889957967, 0.13360069125242854, 0.13220713319985763, 0.13866378658491632, 0.1331375315785408, 0.1275386633756368, 0.13065016480243724, 0.1371882261465425, 0.13100093829890955, 0.13085237744709718, 0.13684167907289838, 0.13631732470315436, 0.13272356711651967, 0.14257631434694581, 0.1413809373650862, 0.1390408909191256], "train_ious": [0.42737661957389844, 0.5425886578749922, 0.577399486243941, 0.6100671851764554, 0.6294439163436926, 0.6463259741987872, 0.6594218154964236, 0.6707914832817466, 0.6793848503974902, 0.6883418414795746, 0.6987414325492967, 0.7043095861656077, 0.7144715477698952, 0.7202203929748228, 0.7238477450673991, 0.7356098673805811, 0.7410109628909739, 0.7451643544262737, 0.7472581085411533, 0.7552575234701667, 0.7559296785705331, 0.7656652830217194, 0.7727684693923897, 0.7678148614755572, 0.7817174160610081, 0.7826592393111491, 0.7822163325828918, 0.7883367310075657, 0.7824415064052396, 0.7907227187053019, 0.7931959540515711, 0.7941033849357698, 0.8025921272194906, 0.8103198745976323, 0.8074518191641661, 0.8052695763931759, 0.7969015313015472], "val_ious": [0.4871164643462155, 0.5602994772835054, 0.587544157885123, 0.6111247833224309, 0.6431159325267956, 0.650040033718814, 0.6571695554083674, 0.6397277680428133, 0.6717741821987042, 0.6767963067344998, 0.6908303764851197, 0.6971588270819705, 0.6912617512803149, 0.6909581833127618, 0.701012290906215, 0.6908332949531252, 0.6863132047912349, 0.68832364462424, 0.7120484722697217, 0.7087288764507874, 0.7054320036069207, 0.7013361488563428, 0.7194447862929193, 0.7183269771976747, 0.7167164501936539, 0.7172629740359125, 0.7308618290268857, 0.7279008244690688, 0.7135431507359382, 0.7279230911230694, 0.7305053349422372, 0.7245368188705996, 0.7326275473055631, 0.7365621071362842, 0.7234647591476857, 0.7221685406090554, 0.7205237070287484], "training_time": 846.6312253475189, "avg_gradient": 0.0025627556320116903, "memory_usage": 1151.470703125}