{"train_losses": [0.2714698617549046, 0.22535653655295787, 0.20314593378292478, 0.18715013628420624, 0.1757851500550042, 0.16597022407728693, 0.15595686630062436, 0.1496888973709682, 0.14421062151213054, 0.13976872206220162, 0.13679887467752333, 0.13220990526125484, 0.1277694735352112, 0.12312307087299616, 0.1196242107645325, 0.11658764881608279, 0.11427035271797491, 0.11123823609365069, 0.10806073017580353, 0.10809109084632086, 0.09971770129935897, 0.09867303449984478, 0.10083377332953007, 0.09583759793768758, 0.09387530568663192, 0.09143901855239402, 0.09144478153599345, 0.08890153062732323, 0.09263172271944907, 0.08534010722423377, 0.08697496565139812, 0.07905598555732032, 0.0799881290320469], "val_losses": [0.2694081861687743, 0.2256773133640704, 0.20309499748375104, 0.18502316364775534, 0.16885130722885547, 0.1733869965309682, 0.1602542018112929, 0.1756568421488223, 0.15138059465781503, 0.1471331449954406, 0.1406245597678682, 0.1491818447475848, 0.14499647931560225, 0.13662002203257187, 0.14506261245064114, 0.13761712092420328, 0.14174698001664618, 0.1363955611444038, 0.13723879485674526, 0.14278709726489108, 0.12643964297097662, 0.14014938165960106, 0.1391936560039935, 0.1360289692554785, 0.13252443577284398, 0.13058782579458278, 0.1334544276089772, 0.13287947326898575, 0.12823817101509674, 0.12770676726232405, 0.12800592119279114, 0.13861392535593198, 0.1617285827903644], "train_ious": [0.44851244956362946, 0.538975103123896, 0.5800761803984641, 0.6085778829520164, 0.6299943400789862, 0.6474491439327813, 0.6659066746200341, 0.6790359262107079, 0.688304917157992, 0.6950857508117738, 0.7023743941732075, 0.709732188154822, 0.718043952964354, 0.7267405906341212, 0.7330106051935666, 0.7387112712190634, 0.7421535733493342, 0.7475020781267381, 0.752899004119462, 0.7535156688072545, 0.7690123525326666, 0.770923184959785, 0.766983641176552, 0.776607177449742, 0.7802862735546156, 0.784571282835542, 0.7848760111500385, 0.789235042705052, 0.7830160490196687, 0.7964724798997238, 0.7934796136358513, 0.8094118397304984, 0.8074301732839015], "val_ious": [0.4726088244090047, 0.5349519762440004, 0.5845976273218791, 0.6190981944833976, 0.6439525469921638, 0.6422447551419768, 0.6642676332722539, 0.6523877764525622, 0.6740713549264964, 0.6877131408107454, 0.6972131368474682, 0.6850762544334796, 0.6938654456449592, 0.7053470099749772, 0.6970142959684568, 0.7069659444732942, 0.7025279111188389, 0.7168854092774183, 0.7052600636430411, 0.7017543840667476, 0.7293588609799097, 0.7130372120418409, 0.7078590373630109, 0.7176308199979257, 0.7238379218008205, 0.7287476492532786, 0.7286609674709432, 0.7314621553472849, 0.7310905959727106, 0.735541320581367, 0.7343913586675256, 0.7295176471057144, 0.685761874568635], "training_time": 747.5661587715149, "avg_gradient": 0.007509542930437911, "memory_usage": 1151.470703125}