{
  "train_losses": [
    0.28016970922117646, 0.22829608708296134, 0.2052038134602101,
    0.18833668853925623, 0.17597313460124575, 0.16709740079291488,
    0.15723894917122697, 0.15056203014176825, 0.14539355140827273,
    0.14049770517031784, 0.1357841041829923, 0.13047762215137482,
    0.12721008965340647, 0.12217069396992093, 0.12059005487548269,
    0.1157058555956768, 0.11259285627823809, 0.10792060540584118,
    0.10832200114331815, 0.10655482623564161, 0.10060729657340309,
    0.09761716623831054, 0.0990383961521413, 0.09513396749515897,
    0.091364870738724, 0.09302307183489851, 0.08972983325467161,
    0.0911007947490915, 0.08453235175946484, 0.08589746871882159,
    0.08279641531407833, 0.08367039907075789
  ],
  "val_losses": [
    0.3198654191649478, 0.22166957609031512, 0.23111075843157974,
    0.1916091966888179, 0.18489140660866446, 0.1630388951819876,
    0.16364448387985644, 0.15635176537477452, 0.14914661645889282,
    0.1589507855798887, 0.15108750290844752, 0.14092795388854068,
    0.1380447968840599, 0.14269260219905688, 0.13878030054595158,
    0.13872129178565482, 0.1376264809590319, 0.13893020039667253,
    0.13779128375260727, 0.14626510133561882, 0.14025328713266746,
    0.13315725310341173, 0.13446913497603458, 0.13257883116602898,
    0.14507102982505507, 0.13125386542600134, 0.1371709735173246,
    0.13556684715592343, 0.14594530265616334, 0.13799946690383164,
    0.1395665599924067, 0.15268533628271974
  ],
  "train_ious": [
    0.4259987919442895, 0.5337980933541404, 0.5763867903176857,
    0.6068064025400776, 0.6295434426030387, 0.6455269275584086,
    0.6648100498469843, 0.6761516800717169, 0.6868560676449448,
    0.6946063054644543, 0.7037410371113516, 0.7128912390250229,
    0.7189921585546021, 0.7286796231308711, 0.7313167952217057,
    0.7387651915027611, 0.7449954781087418, 0.7540347809916819,
    0.7532349019378851, 0.7568499339555484, 0.7673476932273396,
    0.7723749657903893, 0.7705109431475833, 0.7774859057280463,
    0.7846502325888991, 0.7809317196732846, 0.7878842891018458,
    0.7854571704199345, 0.7975109247625739, 0.7953884411549225,
    0.8012947740330209, 0.8010781424632973
  ],
  "val_ious": [
    0.4569879760560781, 0.5634210759746856, 0.5398470004615578,
    0.6048347904630329, 0.626670516271522, 0.6534170372330624,
    0.6585469474827033, 0.6682844252690023, 0.6806320705707521,
    0.6656720029271167, 0.6783017760169677, 0.6985164807326553,
    0.7049474934304972, 0.6949267307485362, 0.7028723510279171,
    0.7046431380769481, 0.70132712803889, 0.7092631498108738,
    0.7042325942412667, 0.6978336676307346, 0.706756138715191,
    0.714345097757768, 0.7189452844685403, 0.726868786673615,
    0.7100366265445514, 0.7192710895037306, 0.7177758625020152,
    0.7192977597748024, 0.7089986727721451, 0.7264768122762872,
    0.7167326602814855, 0.6976951848769535
  ],
  "training_time": 721.329293012619,
  "avg_gradient": 0.00409404633951592,
  "memory_usage": 1151.470703125
}
