{"train_losses": [0.27411598744599713, 0.23216610523345677, 0.206950971532775, 0.18779381097334882, 0.1768749136801647, 0.16632441795714523, 0.1592728753938623, 0.15183243969374377, 0.14614530219494, 0.14369489467176405, 0.13815476980222308, 0.13371407212284597, 0.12919850521923407, 0.12538034379806207, 0.12052577758288902, 0.11886311136186123, 0.11739957490530999, 0.11282444846532914, 0.11112032603958379, 0.10590235390902861, 0.10506452223205048, 0.10574111941715945, 0.09792337360103494, 0.0985857143836177, 0.09275541377618261, 0.0907681219117797, 0.09130187547239273, 0.09177183035923087, 0.08845170477972082], "val_losses": [0.25841085418410925, 0.24330535531044006, 0.20110614565403565, 0.23698975275392117, 0.22703507542610168, 0.18725931644439697, 0.18211716381104096, 0.16793899853592334, 0.15063723873185075, 0.14957174480609273, 0.145539412032003, 0.14893750020343324, 0.14082326448482016, 0.14843738095267958, 0.14042442227187363, 0.1448964662849903, 0.13884298584383467, 0.1414665343320888, 0.13683954269989676, 0.1330172544264275, 0.13695942497123842, 0.14140629784568495, 0.12956462978668834, 0.13376087436209555, 0.12833075678866843, 0.1310457791323247, 0.13942351969687836, 0.13789943200738533, 0.1471134388576383], "train_ious": [0.44658067045004474, 0.5268057140427221, 0.5717890163262684, 0.606505202210468, 0.6267716318800831, 0.646312974501347, 0.6605782514788966, 0.6738172393778095, 0.6845204705993335, 0.6889317901670065, 0.6997949249934459, 0.7071225808366488, 0.7148654783225574, 0.7226646998762221, 0.7310122047969394, 0.7347758695267248, 0.7369941301319912, 0.7451958411197729, 0.7479092965739358, 0.7580866781805733, 0.7598027390954284, 0.7580397155513794, 0.7723133104542894, 0.77118783481959, 0.7826231163588987, 0.786047992283019, 0.784760423544524, 0.7834709781235546, 0.7905302314978576], "val_ious": [0.4891398533962775, 0.5251713250426279, 0.5883981341469116, 0.5509634747885276, 0.5917109544726386, 0.6103796375834424, 0.6359930781350619, 0.6502686356720716, 0.6779877655748004, 0.6817453382671743, 0.6870458072078401, 0.6807322169559589, 0.6953303049439971, 0.6835335253373437, 0.6975341020286948, 0.6920132146797318, 0.7048356217750605, 0.6996277121530062, 0.7081492610167766, 0.7144361455803332, 0.7077812904465025, 0.6991889323445335, 0.7234858077937278, 0.7178041386431543, 0.7268058597177698, 0.7249406044897826, 0.7112356970707576, 0.7183703989654349, 0.6977925108394762], "training_time": 655.9526257514954, "avg_gradient": 0.0032712514113205425, "memory_usage": 1152.220703125}