{"train_losses": [0.28631466967256175, 0.22927852120736372, 0.2039228648595188, 0.18825578260356965, 0.1758643697299387, 0.16530157722856686, 0.16338768670254428, 0.15252381214952987, 0.14535294153282177, 0.1421720737024494, 0.1388281986684255, 0.13276773642586626, 0.1317450494464973, 0.124985264695209, 0.12390447946508294, 0.11993740725776424, 0.1160044178933553, 0.11297856619500596, 0.11133899879844292, 0.10802803293842336, 0.10659261598535207, 0.10427301198891971, 0.10496489080074041], "val_losses": [0.2893165952485541, 0.25319919411254965, 0.21446361684280893, 0.19268225101025208, 0.17371077576409216, 0.1667960337970568, 0.16496222466230392, 0.18068091538937195, 0.16097402993751608, 0.16393008925344632, 0.14508297002833823, 0.15566560140122537, 0.13802291469081587, 0.1405859547464744, 0.14720441870715306, 0.1423907665454823, 0.13750856904231984, 0.13964808311151422, 0.14589100557824838, 0.13754798893047415, 0.1303177270228448, 0.13634657082350357, 0.14555670677319818], "train_ious": [0.42310688873429014, 0.533413744734033, 0.5813873608907064, 0.6094634008148444, 0.6304554227685583, 0.6484717147937715, 0.6539209272334539, 0.6719148020813436, 0.6858249200319034, 0.6908096336368205, 0.6978242994434593, 0.7090125718302488, 0.7111188323925373, 0.7235622491849504, 0.7249635544376095, 0.7322524457738012, 0.7393482985055964, 0.7445462986934878, 0.7477589384045288, 0.7544895633515238, 0.756602898510038, 0.7608494454643864, 0.7597454747967961], "val_ious": [0.4648457842784515, 0.5113824230173359, 0.5756414612566216, 0.6053499866654908, 0.6348609464324041, 0.6519019247397135, 0.6525659502848334, 0.6345195498155511, 0.6641448088314224, 0.656567703122678, 0.6890043853849604, 0.6771472858777945, 0.7004353205362955, 0.6970111768746724, 0.6955238915439964, 0.6996912941120673, 0.7036828379268232, 0.7080301126276238, 0.6930965902148813, 0.7099573225646779, 0.7182530894659567, 0.7089452283537905, 0.6982754974261575], "training_time": 521.4322695732117, "avg_gradient": 0.0024697381494323753, "memory_usage": 1151.470703125}