{
  "train_losses": [
    0.2709988976788262, 0.21855947950288004, 0.20310541072293467,
    0.18927240452688673, 0.17869971206654672, 0.1694329431199509,
    0.1623199947340333, 0.15524402544226334, 0.1496372182003182,
    0.14410785820497118, 0.13981693699632003, 0.13339287313916112,
    0.1316146307989307, 0.12841654815913542, 0.1245701547469134,
    0.12309964138852514, 0.11897330107572286, 0.1164396089380202,
    0.11481332224186348, 0.11010892806655687, 0.10612927348879368,
    0.10702011523687321, 0.10248353174361198, 0.10026282173297975,
    0.0973456388582354, 0.0970811901776039, 0.0965798037207645,
    0.09246253675740698, 0.08842439127519079, 0.08605275286928467,
    0.08588336416236732, 0.08733115794704012, 0.09033794522933337,
    0.08287480635487515, 0.07971514461804992, 0.08050363644471635
  ],
  "val_losses": [
    0.24908968547116156, 0.2580134988478992, 0.21046542052341544,
    0.18759156893128934, 0.17360251105349997, 0.16562250580476678,
    0.16510066422431366, 0.1590177232156629, 0.15129241638857385,
    0.15514336396818576, 0.15912897884845734, 0.16777294647434485,
    0.14127344022626462, 0.14224019614250763, 0.1366416609481625,
    0.13639000463096992, 0.14497735529490138, 0.13283051291237707,
    0.13090538654638373, 0.1355123490743015, 0.12998176220318544,
    0.13147274955459262, 0.1318225431377473, 0.13059733727056047,
    0.1369378710894481, 0.12481285210536874, 0.13206542331887328,
    0.12990195806259694, 0.12438443481274274, 0.13155771176452222,
    0.13287321964035864, 0.1312826789267685, 0.1339217997763468,
    0.12743672258827998, 0.13266595841749854, 0.1484171573234641
  ],
  "train_ious": [
    0.4581680705743857, 0.5535341847579979, 0.5811160386040588,
    0.6071128232971478, 0.6247136757533621, 0.6420098569622074,
    0.6559623742773045, 0.6682698104692539, 0.67770862330993,
    0.6884217411279677, 0.6964640181133711, 0.7079466037128286,
    0.7103081876277059, 0.7173596703163957, 0.723650300848311,
    0.7267402890475761, 0.7342997095075204, 0.7384190464365311,
    0.7414797664336537, 0.7504224823112939, 0.7571979940909404,
    0.7559010322219223, 0.7641479971724144, 0.7677151217408799,
    0.7738116550920664, 0.7745922439988111, 0.7750474231290644,
    0.7824654825895593, 0.7905350420893967, 0.7950821485424385,
    0.7951721767692462, 0.792497898141543, 0.786843450281067, 0.801114255913357,
    0.8077263006049652, 0.8060508245143336
  ],
  "val_ious": [
    0.48971295475527865, 0.48306087393691577, 0.5712438197671506,
    0.6098913358173509, 0.6353041587964349, 0.6446438008460447,
    0.6541420724512873, 0.6659981940967449, 0.6783376873835274,
    0.667615402435911, 0.6674322533434718, 0.6584520711415055,
    0.6947670548722362, 0.6938289788322173, 0.7020964492922243,
    0.7061344328997791, 0.6997049334256545, 0.7113636896230172,
    0.7165320869805157, 0.7103234600761664, 0.7169403874355815,
    0.7181024899085363, 0.717744050466496, 0.7211503889681637,
    0.7173106301089993, 0.729537796067155, 0.7205190142427668,
    0.723921247366546, 0.7336071496424468, 0.7321621931117513,
    0.7225546106912087, 0.7282175484342851, 0.719685939559038,
    0.7354586150335229, 0.727571926687075, 0.7088478408429933
  ],
  "training_time": 811.7029373645782,
  "avg_gradient": 0.004243861557801762,
  "memory_usage": 1151.470703125
}
