{"train_losses": [0.2700573647313792, 0.22200788743793964, 0.19936519602070685, 0.18221073613866515, 0.17226014934156253, 0.16043984881885673, 0.1562052377216194, 0.14857578723003034, 0.1418294431641698, 0.13623602408915758, 0.13430324168470892, 0.1287689352327067, 0.12514401628109423, 0.12254015178136203, 0.12005531573263199, 0.11514195095261802, 0.11086474695121465, 0.10914558334195096, 0.10637339301731276, 0.1044752128098322, 0.10357059607201297, 0.09871279853193657, 0.10051002236002166, 0.09407896900792485, 0.09214369167128335, 0.08887484770916078, 0.08632228806938815, 0.09710503154960663, 0.08785455888542144, 0.089253437421892, 0.08433993755961242], "val_losses": [0.24470196664333344, 0.20842757399963296, 0.18652161145987717, 0.1822010748412298, 0.16004757680322812, 0.15793185778286145, 0.15994174746067627, 0.14684346318244934, 0.15087097737452257, 0.14851723303613457, 0.14151835425392442, 0.14368335708327915, 0.13524146264661913, 0.1405794030946234, 0.13444615576578223, 0.1367210964469806, 0.14231781888267267, 0.13858514927003696, 0.13007718324661255, 0.13793430072457893, 0.12968210033748462, 0.13311215830237969, 0.1306921047684939, 0.14003132591428963, 0.12898681944479112, 0.1284609733392363, 0.13003143214661142, 0.1339709752279779, 0.1306419843888801, 0.1314620383731697, 0.14257187930786092], "train_ious": [0.4572922320820499, 0.5449858945996865, 0.5860169961022722, 0.6197429570382917, 0.6369024755946103, 0.659268018938061, 0.6655679868831151, 0.6792024727640807, 0.6930022570642006, 0.7029522335615715, 0.7067764662746068, 0.7162445205385268, 0.7229290225583576, 0.728680512773386, 0.7317869930487612, 0.74199984886724, 0.7491920634672258, 0.7521298317157704, 0.7573132064139492, 0.7601364245773222, 0.7618786469641811, 0.7705395723274653, 0.7672083736329839, 0.7794954567823718, 0.7830505174571192, 0.7894248566657734, 0.7943711143688875, 0.7737696082263755, 0.7913714126832242, 0.7886857977271946, 0.7982936522558974], "val_ious": [0.5092147295025812, 0.5795512311700459, 0.6143146474724231, 0.6218442094066869, 0.6587699904390005, 0.6655681306037349, 0.6631267437900322, 0.6863177174675292, 0.677617678175802, 0.6872031410103261, 0.6973716273255967, 0.6939546923706498, 0.7048538547495137, 0.6949141414269157, 0.7084720899229464, 0.7089679407468741, 0.7042181120402573, 0.7056472981753558, 0.718433991074562, 0.7074112315540728, 0.7219995560421459, 0.7201348404953446, 0.7238244956386263, 0.7183989487264469, 0.7278550761765326, 0.7305662953767222, 0.7293912947609805, 0.7200340088726815, 0.7254267930984498, 0.7251447018073951, 0.7177007595698038], "training_time": 708.4457824230194, "avg_gradient": 0.002381980416238812, "memory_usage": 1151.470703125}