{"train_losses": [0.28159510595319065, 0.2298068034908046, 0.2056560037738603, 0.19022817399514758, 0.17531308377890484, 0.16697532910367716, 0.15985121569879676, 0.1529956950765589, 0.14837924046846834, 0.1412282535887283, 0.13980828776307727, 0.13604520641915177, 0.13147079341275536, 0.1263410921572991, 0.12235574193460785, 0.12026642380363267, 0.11518700671908648, 0.11742205488617005, 0.10861121320530125, 0.10566543678388647, 0.10422940754696079, 0.10555411377192839, 0.10019336725868609, 0.0959426268287327, 0.09525916850923197, 0.09276525161998428, 0.09190047702387623, 0.09165930727739698, 0.0954682802700478], "val_losses": [0.24820675085420194, 0.2359949463735456, 0.20444077739249106, 0.19913608969553656, 0.18422755242689795, 0.17016963855079983, 0.17652568156304566, 0.17034740907990414, 0.16190270302088364, 0.15623361925068108, 0.14977687791637753, 0.1628575440010299, 0.1455418036683746, 0.14877712305473245, 0.14404443521862445, 0.14836958909164305, 0.16051278473890346, 0.13964672840159872, 0.14041481782560764, 0.14748786276449327, 0.13926064757549245, 0.1456149147580499, 0.14850243504928506, 0.14052154998416486, 0.13860976404469946, 0.14008444175124168, 0.14472093562717023, 0.13646578011305435, 0.14492310939923578], "train_ious": [0.4360496341723245, 0.5327428803927657, 0.57730959104779, 0.6051786342176837, 0.631995295052943, 0.6467131544174485, 0.6593118602598927, 0.6721854682309905, 0.6806153560030286, 0.693129469735035, 0.6959679195306442, 0.7026237383808775, 0.7103951741819801, 0.7204033345307991, 0.7278349443298316, 0.7317743223106516, 0.7407037358785019, 0.7372710558491341, 0.752992695980314, 0.7585701778315115, 0.7603841828371303, 0.7587350927077346, 0.7683604647931846, 0.7764411979503388, 0.7773613401729129, 0.7822005291455898, 0.7839758541381017, 0.7835817820244074, 0.7775384170421659], "val_ious": [0.49210937342781963, 0.5284941303341286, 0.5825679612116538, 0.5860161851497662, 0.6225476096505705, 0.6455490124830302, 0.6350688290768775, 0.6456522488075754, 0.6630584509044454, 0.6743097039668456, 0.6804221859876659, 0.6632438874331072, 0.6912763015083644, 0.6828974360141202, 0.6941947038622871, 0.6935393181831941, 0.680878369488578, 0.7027256132467933, 0.7076954463685767, 0.6965046011019443, 0.7081749093705328, 0.6996928529031036, 0.6988191313069799, 0.7089769138374189, 0.7175561561100726, 0.7172302297060041, 0.7195608749769735, 0.720326170973156, 0.7054967137350553], "training_time": 663.1804087162018, "avg_gradient": 0.0019460683101544924, "memory_usage": 1151.470703125}