{"train_losses": [0.2629864341376916, 0.2117928204976994, 0.1919380175354688, 0.17703681147616843, 0.1688502781579028, 0.15766331391490024, 0.15002326250238263, 0.1452110296358233, 0.139669767661911, 0.1344190509584935, 0.12944628294233396, 0.12735885794719923, 0.12151812251819216, 0.11652690200540035, 0.11655863913019067, 0.11193185546637877, 0.10769947512966135, 0.10294723607923674, 0.10409086351485355, 0.0981832347891253, 0.09843223262578249, 0.09692352540467096, 0.09008900877898154, 0.09179233156306588, 0.08720910018714874, 0.08551094867289066, 0.0853994257910096, 0.08106411487349997, 0.08674290444216003, 0.08191476503144139, 0.07640732654734798, 0.0743197312011667, 0.07948770114909047], "val_losses": [0.2636255913454553, 0.21260201607061469, 0.18585592961829642, 0.2186161691079969, 0.1795379574532094, 0.1670079014223555, 0.15725391892635304, 0.15899835251595662, 0.1473233647968458, 0.14536853231813596, 0.15091667048957036, 0.13784363379944925, 0.14429324330843013, 0.17182434803765753, 0.14030334142887074, 0.14886561262866724, 0.14144828786020694, 0.14472926213689472, 0.1444460605473622, 0.13483400416115057, 0.1352465941530207, 0.13525139589024626, 0.13560881498067276, 0.1384774256983529, 0.13942766788861025, 0.1357357317338819, 0.13331930485108626, 0.1445731778183709, 0.13688143051188925, 0.13055402105269226, 0.14021343705446823, 0.13337194482269493, 0.1501987918239573], "train_ious": [0.4682752160301458, 0.5652242320711196, 0.6019911644575388, 0.6288146104501645, 0.6419743380468822, 0.6637295393840128, 0.6769701810418697, 0.6858354474863276, 0.6957510714621644, 0.7052349785639755, 0.7150510204551009, 0.7196931043720759, 0.7293858284643595, 0.7390873191905201, 0.7374593293213326, 0.7469902936963068, 0.7541719994683193, 0.7635790377423387, 0.7610292568046977, 0.7721803685029345, 0.7721092292796012, 0.7745166445771854, 0.7870186900962949, 0.7842300806896414, 0.7926367467296292, 0.796092147952405, 0.7958028340793171, 0.8048538677934285, 0.7945999993362287, 0.8029786160458694, 0.8142770309595092, 0.8188288425621779, 0.8094695999246575], "val_ious": [0.49085518491009006, 0.57736945476221, 0.610483971842821, 0.6017581168292225, 0.6252060552006181, 0.6530839176713554, 0.6669470663519873, 0.6715800030075986, 0.6835524495961011, 0.6888440171445627, 0.6878061763186384, 0.7020624165517696, 0.6919223003197407, 0.6538322403811029, 0.7015931524228359, 0.6918635916882667, 0.6997255987447241, 0.7037149615909742, 0.7048623026281164, 0.716855460534925, 0.7122052998646445, 0.7230673283338547, 0.7221847325563431, 0.711511936092722, 0.720292404294014, 0.7225908552822858, 0.7247789128535035, 0.7181071785912997, 0.7168771399967911, 0.7286462870197018, 0.7267530094022338, 0.733923666719077, 0.6935023874908255], "training_time": 748.4579598903656, "avg_gradient": 0.0036445709812724172, "memory_usage": 1151.470703125}