{"train_losses": [0.26615394708579, 0.2248161618962236, 0.20287039932673392, 0.1857818570797858, 0.17808906304771485, 0.1679583749855342, 0.15840691558854736, 0.15299928159979376, 0.1453587786577966, 0.14294031594434511, 0.14041645982829126, 0.1342364646413404, 0.13020810986990514, 0.1263144892518935, 0.12307228625792524, 0.11862069647759199, 0.11358690597926793, 0.11147359471120265, 0.11058222640143789, 0.10736259761387887, 0.10269964219111463, 0.1016338345716181, 0.09526136618755433, 0.09517472067280956, 0.0920533208662401, 0.09201881872571033, 0.09097737652938002, 0.08760273727871802, 0.08338658252488011, 0.08946399593158909, 0.08371979075119547, 0.08256515935468285], "val_losses": [0.2658999510433363, 0.21273599532635315, 0.18818649876376856, 0.19350854825714361, 0.17991355741801468, 0.18438657211220782, 0.15723272866528967, 0.15802455693483353, 0.1490346653305966, 0.14162588540626608, 0.1453553224387376, 0.15755119952170746, 0.14600681659320128, 0.13531595695277918, 0.1327113499460013, 0.1357681260484716, 0.13458475648708965, 0.12833084230837616, 0.13163943378173787, 0.12592193516700165, 0.1352701350722624, 0.1287167354122452, 0.12750886720807655, 0.125587053111066, 0.12708613114512485, 0.13034796633798143, 0.12612005549928415, 0.13111965876558554, 0.12767120223978293, 0.12809468643820804, 0.13066067093092462, 0.14502435663472052], "train_ious": [0.4605485462327149, 0.5421520457265603, 0.5821311156116968, 0.6120689106376276, 0.6260707449653876, 0.6434763037748098, 0.6611555448692777, 0.6708174969299118, 0.6860245571512243, 0.6900556509153564, 0.6943302439066811, 0.7050082803960297, 0.7139423203965027, 0.7205557468468725, 0.7268023704165134, 0.7341812192529867, 0.7438734090090662, 0.7472494002161684, 0.7488046314945254, 0.7548008591908477, 0.7636155749036783, 0.7660033416164955, 0.7772422768715501, 0.7774335380805573, 0.7836147087315716, 0.7835249680539833, 0.7852910328926385, 0.7913825028184528, 0.7998099273097681, 0.7885914561541181, 0.7991372440280261, 0.8020396641307123], "val_ious": [0.4850355406710203, 0.571571574586889, 0.6099035612482954, 0.6166572981122612, 0.6268415243729301, 0.6243632025476814, 0.6612459695425588, 0.6646968188925068, 0.6830248901809469, 0.6951076228549516, 0.6906188089346541, 0.6719898611739062, 0.691896333426669, 0.7071034459100254, 0.7143269714669904, 0.7067049579775851, 0.7134765861690908, 0.7195305882588678, 0.7186068689477615, 0.7250353391619697, 0.7146160414685375, 0.7240000330451608, 0.730817564803621, 0.7322113738543747, 0.734298491175624, 0.7227412704108417, 0.7288258727909863, 0.72733633177004, 0.7319417833418086, 0.7296539832284484, 0.7292641761942187, 0.7103784237650856], "training_time": 720.442146062851, "avg_gradient": 0.0037060213131932572, "memory_usage": 1152.220703125}