{"train_losses": [0.2732530507542517, 0.22413905086400715, 0.2031755917908057, 0.18865851968850778, 0.17479239906305852, 0.1674671442774327, 0.15961142560548108, 0.15217302703177152, 0.14518390255777733, 0.13987299986183643, 0.13972641203714453, 0.13206942399720784, 0.12710100068184343, 0.12578930993280982, 0.1221514172528101, 0.11780375590466935, 0.11575972908378943, 0.11209520345310801, 0.1108005417348898, 0.10685422089274811, 0.10261609077291645, 0.10276701196056345, 0.09911688935497533, 0.09912502648227889, 0.09310778238527152, 0.09545496405790681, 0.08954798916111821, 0.08982207132098467, 0.08659222078226182, 0.08699101229886645], "val_losses": [0.24769614604504211, 0.20989837173534476, 0.20977300729440607, 0.17635672183140463, 0.18364548845135648, 0.16344548049180405, 0.16025886133961056, 0.15563337893589682, 0.15017916683269583, 0.14247426892752232, 0.14461127717209898, 0.14441952741016512, 0.15287398125814355, 0.15069945172771163, 0.150540035865877, 0.16053651775354924, 0.1348242570200692, 0.13902300628631012, 0.13088953154890434, 0.13100720439916072, 0.13095437346593194, 0.1378867172676584, 0.15590983677817427, 0.12784936683981316, 0.129937204491833, 0.12514123304382616, 0.13240318162285764, 0.1261482308416263, 0.12981295844782953, 0.13759788093359573], "train_ious": [0.445691887640219, 0.5433440887895618, 0.5810205683220121, 0.6074152308637684, 0.6323844543185784, 0.645187018736117, 0.6604872695237829, 0.6742001740612842, 0.686611150593861, 0.6964033596433591, 0.6965449256417543, 0.7103960491392926, 0.7201719093473922, 0.7220592290918895, 0.7286631449301176, 0.7365556621681086, 0.7401960988299573, 0.7465096470778405, 0.7490936184598915, 0.7560518528132338, 0.7641829132925771, 0.7638745187525298, 0.7709172340514866, 0.7706307962104894, 0.7817497811131717, 0.7769354348057426, 0.788442868199469, 0.7877826033619, 0.7942100552221142, 0.7939815711823927], "val_ious": [0.4868427953426389, 0.5677365695220836, 0.5620602393063946, 0.6255870195834532, 0.6200872162977855, 0.6509866874287095, 0.6576213426348093, 0.6648579829412958, 0.6734643081823986, 0.6924437662397606, 0.6841847911693051, 0.6885669125594953, 0.6744612697241963, 0.6769111005292422, 0.6876919120550155, 0.6642242063214813, 0.7085326594718988, 0.6999429000028665, 0.7152234557746112, 0.7172928787227989, 0.7152231776196024, 0.7062448494244312, 0.6872971496288327, 0.727226579318876, 0.724513426207114, 0.7290216649788014, 0.7228866269191107, 0.7311382809842845, 0.726315050021462, 0.7149594568687937], "training_time": 678.8998034000397, "avg_gradient": 0.0035065000270902104, "memory_usage": 1151.470703125}