{"train_losses": [0.27275619647749094, 0.226659940312738, 0.20478158784301384, 0.19027137067978797, 0.17596674759102904, 0.16740208386403063, 0.16075971665913644, 0.15378200222292673, 0.14588280807694662, 0.14163415644155897, 0.1363569760857069, 0.13449554671735867, 0.12960480740698782, 0.12488350592067708, 0.12349661593527897, 0.11695396624829459, 0.11366553762522728, 0.11100037768483162, 0.11025767805783646, 0.1067504178651649, 0.1023660586418017, 0.0991107236351008, 0.10148872313616068, 0.09817755732523359, 0.09412989222809025, 0.09285261465803436, 0.0894165059308643, 0.08928545248573241, 0.08631683886051178, 0.08563196808909593, 0.08478512023778065, 0.08319652809397034, 0.07939926713057187, 0.07811351326982612, 0.07733811255868363, 0.07530333794167508, 0.09077341818129239], "val_losses": [0.23344749892535416, 0.218363709423853, 0.20650863258734994, 0.18468983698150385, 0.1757659490989602, 0.16828943303097849, 0.15917703606512235, 0.16715211291675983, 0.16441442882237228, 0.14696169660791106, 0.1493510424118975, 0.14945445970996565, 0.14594718975865323, 0.15683195497030797, 0.13627533873786096, 0.1351832222679387, 0.13952906834690468, 0.13929991148736165, 0.1440771789006565, 0.13677486663927202, 0.13552909943720567, 0.14133465306266493, 0.13483556878307593, 0.1361954176555509, 0.1312700825864854, 0.1331090682550617, 0.13425839465597403, 0.13632740728233173, 0.13113791770909144, 0.15018269614033078, 0.1391927501105744, 0.13152298525623654, 0.13407843074072961, 0.13117025420069695, 0.13379304337760675, 0.1330433081349601, 0.14367199591968371], "train_ious": [0.44617278610720584, 0.5388764125713402, 0.5769048278638417, 0.6048202710361155, 0.6298252800344559, 0.645679645780204, 0.6589631101899392, 0.6711541520620602, 0.6847492366813229, 0.6933937850205792, 0.7031349281685944, 0.7070301094132919, 0.7156585292971651, 0.723848543899215, 0.7266823662903866, 0.7376965914407502, 0.7436100828150906, 0.7485558064519495, 0.7509860588588574, 0.7564953771298346, 0.7650185735977213, 0.7707860704133475, 0.7665624517569508, 0.7722272063618988, 0.7801252932328243, 0.7825672236689623, 0.7889376321024654, 0.7892044109386813, 0.7947264631697233, 0.7965402160973653, 0.798452619193257, 0.8014214311496934, 0.8084624898822408, 0.8113187900271965, 0.8127370308274805, 0.8167859037285264, 0.7886060328371282], "val_ious": [0.5231928058724471, 0.5560798992713291, 0.5708793342329452, 0.6131245141875918, 0.6324500748212786, 0.6437152967504833, 0.6628993531500086, 0.649944273458011, 0.6569149524405383, 0.6852414374766141, 0.6822870229033456, 0.6822088788384978, 0.6874646626520847, 0.6719883393118348, 0.7073318835185922, 0.7102929444416709, 0.7019042145946753, 0.7083588145349339, 0.6965187727541162, 0.7079371576723844, 0.7129781596038652, 0.7076772932989011, 0.7159151653016823, 0.7143517527459323, 0.7217979195757188, 0.7245236486196519, 0.7123911791089652, 0.714595671797144, 0.72829276604065, 0.7126208297584367, 0.7168494035368382, 0.729459926486015, 0.7275367266889934, 0.7330840588479802, 0.731928647644278, 0.7358680870653924, 0.7098400102577349], "training_time": 832.5982882976532, "avg_gradient": 0.002382499043090442, "memory_usage": 1152.220703125}