{"train_losses": [0.2826186348076748, 0.23270977661013603, 0.20922627745439176, 0.19383078530106856, 0.18099026147114194, 0.16951243571289207, 0.15993602387607098, 0.15428142618064, 0.15246122893269942, 0.14424289135343354, 0.13826999214032423, 0.13665681376891292, 0.13173930820725535, 0.12531459035918766, 0.12335442694956841, 0.12084969906541317, 0.11820004997855943, 0.11315636142440465, 0.11378326850092929, 0.10542491616924173, 0.10460407675608345, 0.09949207220874402, 0.10136662909518117, 0.10008930508047342], "val_losses": [0.24961525137009827, 0.2246795157375543, 0.19362294479556705, 0.1833514188942702, 0.17477781584729318, 0.18565755078326102, 0.1653429205002992, 0.1640381877836974, 0.1588622866117436, 0.14849257614949476, 0.15329052750831065, 0.14005313975655515, 0.13876148523843806, 0.14327696629840395, 0.13916393013104147, 0.1594612093075462, 0.13497173769966417, 0.13696687733349594, 0.1300846924600394, 0.13228646163707194, 0.14583522178556607, 0.13570152466063914, 0.1331131403212962, 0.1527651645567106], "train_ious": [0.42381583346371104, 0.5274323036597258, 0.570471566575377, 0.5972184068050934, 0.6198648079365924, 0.6408662760927194, 0.6588037170037844, 0.668817339546007, 0.6730495543907515, 0.6889637409021026, 0.6981323463977248, 0.7011355358189431, 0.7099669607545153, 0.7225273915606997, 0.7268116355914132, 0.7312249560179049, 0.7355884296306668, 0.7443846069492293, 0.7436837524283624, 0.7584317365958211, 0.7602599060189899, 0.769888483635757, 0.7662543758102088, 0.7683888745588667], "val_ious": [0.49644379436537833, 0.5388232212567674, 0.5971907040347224, 0.6144961816245231, 0.6374199936787287, 0.6093963805748068, 0.654628296477207, 0.6631063989539075, 0.6611101234304732, 0.6795447179372758, 0.6775071029213894, 0.6951222624899686, 0.6966773802819458, 0.69735768545365, 0.7041024688793265, 0.6795150127963744, 0.7079703574595244, 0.7061387103968773, 0.7169858368410583, 0.7145173005435776, 0.6988730886276219, 0.7148116680159086, 0.7157567294611448, 0.688739943979443], "training_time": 542.2575027942657, "avg_gradient": 0.005421570077381993, "memory_usage": 1152.220703125}