{"train_losses": [0.2743248830994834, 0.22595727265529011, 0.20891723498378112, 0.19362953086586102, 0.1780818624664908, 0.1706112036076577, 0.16070256098780944, 0.15443187340608108, 0.1481235635102443, 0.1436579555839948, 0.13955638258029585, 0.13300305167618004, 0.12935834450890188, 0.12532221813402747, 0.1219980322310458, 0.12076263967901468, 0.11441586782103, 0.11129558090444493, 0.10942550946998855, 0.1045600090013898, 0.10497691377025584, 0.09976099204757939, 0.09683749921943831, 0.09424422256162633, 0.09548951442474904, 0.09287740330657233, 0.092000687211428, 0.09079747825213101, 0.08743228524437417, 0.08595207127054101, 0.08480367967453988], "val_losses": [0.2392495770169341, 0.29900298299996747, 0.2006186940099882, 0.18793500020452167, 0.17209710083577945, 0.17838022048058716, 0.16633283962374149, 0.15684151082583095, 0.1647809756838757, 0.1491930777935878, 0.1508263550374819, 0.14074393005474753, 0.13955874012216277, 0.13732695984451668, 0.14227253312002058, 0.13462191560994025, 0.13057247176766396, 0.1351119275002376, 0.13325009527413742, 0.13718446538500165, 0.13691806663637576, 0.13101830932757128, 0.13170315535820049, 0.13107072950705237, 0.13491850151963855, 0.13090969071440076, 0.13415991531118102, 0.12482611915987471, 0.1322012164670488, 0.12429006737859352, 0.1443153984196808], "train_ious": [0.44451230823777704, 0.5381385241837604, 0.5685473040988045, 0.5972454175353054, 0.6257903902534988, 0.6393580855666728, 0.658352336589841, 0.6700999315666114, 0.68061137750097, 0.6896415709153467, 0.6966772935204746, 0.7094937297853003, 0.7160104525046072, 0.7236159630119801, 0.7293273084729482, 0.7313721557350262, 0.743235615554495, 0.7480963869695213, 0.7520372738008912, 0.7611273074711581, 0.7598434226668409, 0.7695596620332503, 0.7749537332658322, 0.7801930633899962, 0.7779013356328874, 0.7827886807853762, 0.784346897856912, 0.7867396106754522, 0.793068048260782, 0.795832811004442, 0.7982712853429978], "val_ious": [0.515065370262533, 0.4323748714034108, 0.5826165407248165, 0.6115529472413269, 0.6312658547059348, 0.6209893885298051, 0.6492527375618619, 0.6714649835358496, 0.663173868820287, 0.6790077498425608, 0.683646966581759, 0.6921154264954553, 0.7020020858533139, 0.7029492187759151, 0.6919597400271373, 0.7080972149320269, 0.7139855875917102, 0.7068095848612165, 0.7168193619320359, 0.7116204377101816, 0.7096096035363016, 0.724519186909648, 0.7195527685293253, 0.7206947457963141, 0.7257954735254893, 0.726247890919879, 0.7205092509587606, 0.7326516966888869, 0.7209822455610054, 0.7363458845926367, 0.7081802638544552], "training_time": 698.2750997543335, "avg_gradient": 0.0032494682947329973, "memory_usage": 1152.220703125}