{"train_losses": [0.2874441294242506, 0.2205566711237897, 0.1982498161656701, 0.17884527519345284, 0.16971530862476514, 0.1597907930288626, 0.1523063118852999, 0.14922482941461646, 0.14069358065076495, 0.13614784853289957, 0.13167824349163668, 0.12963439297416937, 0.12719555146506298, 0.11928379555921191, 0.119102256939463, 0.1138025558675113, 0.11286461434286574, 0.10658183495473603, 0.10466921337596748, 0.10207986183788466, 0.10147081335763568, 0.09698838683898034, 0.09301425702869892, 0.09554709899036781, 0.09144606550588556, 0.08782698817389167, 0.08628657460212708, 0.08261109119200188, 0.08752343228653721, 0.0854343649647806, 0.08008701022228469, 0.08025091769092757, 0.076560003116079, 0.07566418510902187, 0.07399126668663128], "val_losses": [0.303070855529412, 0.32199286604705063, 0.19187913770261017, 0.1811037821614224, 0.17660916564257248, 0.17296944752983426, 0.16477799771920495, 0.1501709039768447, 0.14762350706302602, 0.17021675926187765, 0.1446614647689073, 0.1414020450218864, 0.1410401225413965, 0.13921959066520567, 0.14432225230595339, 0.13314744068876558, 0.14872745780841165, 0.1336684290157712, 0.1336070080490216, 0.1390578409899836, 0.1312414200409599, 0.13288341235855353, 0.1351039945755316, 0.13521086003469385, 0.13369032740592957, 0.13616717606782913, 0.13177723842470543, 0.13167695182821024, 0.13468995609361192, 0.13751770750336026, 0.13848710189694943, 0.13589287937983222, 0.13833472181273543, 0.13699167756282765, 0.15468121190433917], "train_ious": [0.418936318491815, 0.54713569700286, 0.5897969194836378, 0.6246006170260733, 0.6411456470040303, 0.6595726190809758, 0.672284063059783, 0.678749509965596, 0.6940794611970583, 0.7030374191269497, 0.7102575044593087, 0.7143574591348137, 0.720713601650103, 0.7332970029741955, 0.7335050218887089, 0.743436239551807, 0.745155085796032, 0.7565309565136394, 0.7601116957223928, 0.7649543128799704, 0.766116173694963, 0.7747389760030351, 0.7815731802172418, 0.7767936642403189, 0.7851791192332043, 0.7921228725733098, 0.7946602454328014, 0.8018733279212661, 0.7920600440407146, 0.7961999782617543, 0.8069849778776582, 0.8066818726019586, 0.8142151877931927, 0.8158483838905456, 0.8198326553987421], "val_ious": [0.4408548149833644, 0.44791275953900983, 0.5946544362367062, 0.6253080216870793, 0.644226713888887, 0.6399297435646473, 0.6475140428629473, 0.6756367124077203, 0.6864398795625437, 0.6440635705771652, 0.690692327160766, 0.6976999700933261, 0.6979601026877112, 0.6990378118943475, 0.6913818751556284, 0.7127823173135951, 0.6946814427341241, 0.7116525505763897, 0.714973088407862, 0.7134902859511584, 0.718965754560802, 0.7168835127267283, 0.7217765424562536, 0.7121648153533107, 0.72348975357802, 0.718918522198995, 0.7287290439657544, 0.7309151650338934, 0.7226959309284241, 0.719646145252214, 0.7268628115239351, 0.7302573541368266, 0.7272867506396944, 0.7280099281798237, 0.7089546698590984], "training_time": 796.6735806465149, "avg_gradient": 0.002429194024683343, "memory_usage": 1152.220703125}