{"train_losses": [0.2666325912527416, 0.2234969073501618, 0.20109151732986388, 0.18553244962316492, 0.17063680874264758, 0.1632383144258157, 0.15709815587362516, 0.14888849113460467, 0.14375047045557396, 0.1403465023588227, 0.13949705482177113, 0.13158211496699115, 0.1289162818018509, 0.12414034330488546, 0.12167865993536037, 0.1170676799653017, 0.11406359574555056, 0.11014810224752063, 0.1073018416924321, 0.10525389222185248, 0.10063564319811437, 0.10252326402975165, 0.0960151692447455, 0.09543156060997558, 0.09210233754761842, 0.09509715911648843, 0.08801329848559006, 0.08556175341262766, 0.08711365905954786, 0.08151740601043338, 0.08390825035293466], "val_losses": [0.23823928768220154, 0.20956398190363593, 0.19637113518041113, 0.17711086020521496, 0.1886698354197585, 0.1846021847880405, 0.18248782436484876, 0.15438561400641565, 0.14714691804155058, 0.15611739375669023, 0.145113717764616, 0.1393966172700343, 0.1537909246981144, 0.13793853297829628, 0.14393171587068102, 0.1364180842495483, 0.13977394852301347, 0.13658202779681786, 0.14503982857517575, 0.13792325588672058, 0.129097035397654, 0.13364273666039758, 0.14471538267705752, 0.12763520135827686, 0.14247247171790703, 0.13546869369304698, 0.13222095402686493, 0.13792912240909494, 0.12943456273363985, 0.1321640908718109, 0.1350574917767359], "train_ious": [0.4623911939223931, 0.5432130723003895, 0.5837532397143652, 0.6115182759645194, 0.6396268024716688, 0.6537286502619587, 0.6634692092412624, 0.6793387341110603, 0.6888096652709056, 0.6948425472862476, 0.6980379942966544, 0.7108911883247935, 0.715274850635425, 0.724627070074928, 0.7293242682041468, 0.7377528854902241, 0.7423527904826662, 0.7508295669179899, 0.7554768698047042, 0.7587188842935838, 0.7676203024128209, 0.7640444206586785, 0.7759169762333231, 0.7769045542547672, 0.7833801287131897, 0.7779817239961766, 0.7910353943057682, 0.7960952455582825, 0.7928999060953872, 0.8038966823099309, 0.799256933772046], "val_ious": [0.5164540605484575, 0.5692296612305918, 0.5991345479868461, 0.6279255179823309, 0.6135137923385786, 0.6296809451735539, 0.6304783836223078, 0.6705294080834456, 0.6834311934484951, 0.672371248404185, 0.687538455793823, 0.7012710789407509, 0.6761987576450129, 0.7010181293539379, 0.6964459678401118, 0.7076861150022866, 0.705518400107605, 0.7114140844863394, 0.6998192305150239, 0.7104502663664196, 0.7230590199646744, 0.7170473866272664, 0.7031919496214908, 0.7285178385782932, 0.7166120533062064, 0.7126860771922098, 0.7303494301395138, 0.7242891229149224, 0.7306748334912286, 0.7286690108586049, 0.7227856626977092], "training_time": 698.0133638381958, "avg_gradient": 0.004842715726484476, "memory_usage": 1152.220703125}