{"train_losses": [0.27884021109860874, 0.2303800225743781, 0.20622514042517412, 0.1906076953138994, 0.17907156519915746, 0.1665781642431798, 0.1560497781990663, 0.15099345115215881, 0.14515461764581825, 0.13973988337523263, 0.13529841844802318, 0.13193586906013283, 0.12926424157036387, 0.12309248174500206, 0.11746107604678559, 0.11661764898377916, 0.11645706406915965, 0.1117888722649735, 0.10780976720802161, 0.10665370896458626, 0.10228599028904801, 0.10332292330491802, 0.09957893674626299, 0.09646906728005927, 0.09234562823953836, 0.0890965836689524, 0.08934016311136277, 0.09408393903109043, 0.09408648927574573, 0.08670998530705339, 0.08207391894867887, 0.08070576000634742, 0.08292662854427876, 0.0800908301025629, 0.07613397847213176, 0.07479030319044123, 0.08133719950590444], "val_losses": [0.26625494302614877, 0.2242276594042778, 0.19017264149759128, 0.2076563559796499, 0.16654722489740537, 0.1565832573434581, 0.155592308420202, 0.14718262057589448, 0.1555526080014913, 0.1446179211463617, 0.14327930950600168, 0.14280742876555608, 0.1343470576988614, 0.14568583618687547, 0.13306319017125212, 0.13539183026422624, 0.13062183737106944, 0.14033405498965926, 0.1340150360179984, 0.1296440643136916, 0.12774370432547902, 0.1353208785471709, 0.12701783491217572, 0.1252034567296505, 0.12753637021650438, 0.12380134881190631, 0.1268264793831369, 0.12881501699271408, 0.1326475865814997, 0.12511972953443942, 0.12979919463396072, 0.1282243947296039, 0.13090267485898474, 0.12408540122534918, 0.12702911444332288, 0.12899218855992609, 0.143150987184566], "train_ious": [0.4357793921658743, 0.5323440087554251, 0.575421797975466, 0.6023784641554389, 0.6243950055129289, 0.6473230395088162, 0.6647715317490309, 0.6740218864186953, 0.685692836193071, 0.6963103309921593, 0.7039071914834387, 0.7108182247890077, 0.7153003701157329, 0.7262844520526517, 0.7372981041561867, 0.739104307702054, 0.7382123436832775, 0.7469570229126922, 0.7543200209628849, 0.7566243619050672, 0.7646164829856239, 0.762935186155896, 0.7693447143487306, 0.7756635159578009, 0.783306188503469, 0.7896976829438971, 0.788841373786546, 0.7804314527066716, 0.7794841802206591, 0.793995309783065, 0.8031135216571283, 0.805683301626772, 0.8013638101410175, 0.8068841737897501, 0.8149411925587099, 0.8176594592522884, 0.8052685214341555], "val_ious": [0.4811826236006143, 0.5337871727736101, 0.6055154083431632, 0.5670503959923548, 0.649677576146264, 0.6662183272233908, 0.6697543822768806, 0.6860178726306859, 0.6718101322218992, 0.689373386726863, 0.6963262467280679, 0.6931585945944855, 0.7082899260348169, 0.6969910110684409, 0.7146093374577123, 0.7137652015772418, 0.7171700061231421, 0.7109887926042944, 0.7135712966538859, 0.721884474158287, 0.7227680758721587, 0.717358401288157, 0.7288919581451276, 0.732130989216376, 0.7297115088372989, 0.7380390178034272, 0.7319033683642099, 0.7274951472662496, 0.7292700038439983, 0.7353833311277889, 0.735946830847989, 0.7344687125389125, 0.7346530781275985, 0.7444700017787409, 0.7414997537498887, 0.738947897069696, 0.7183237455893255], "training_time": 835.7021296024323, "avg_gradient": 0.003951514439447305, "memory_usage": 1151.470703125}