{"train_losses": [0.2822804859960857, 0.24086565111318362, 0.21628440292957035, 0.2007995989659558, 0.1855421720639519, 0.1747095146742852, 0.16704334699265336, 0.15803093973385252, 0.153149732672002, 0.14757021735219852, 0.14174939274949871, 0.13846107256477294, 0.13451398832156605, 0.13166490286264732, 0.12720827721869168, 0.12423995027885489, 0.12246103839867789, 0.11839221567725358, 0.11270207235508639, 0.10915959140528804, 0.11018231130488541, 0.10469224753425173, 0.10636302290241355, 0.10065787735030703, 0.09963308845687172, 0.09746826035173042, 0.09492403795213802, 0.09262809112830006, 0.08912017702570428, 0.08980756953520619, 0.09106686188960852, 0.08895345817765464, 0.0866797578966488, 0.08196609754763219, 0.08210286651940449, 0.08106548910069725, 0.08063384947245536, 0.08064197744850231, 0.0835600211487516], "val_losses": [0.2506891116499901, 0.23160903026228366, 0.21338203225446783, 0.18679280870634576, 0.19589386005764423, 0.17085606734389844, 0.16979162265425143, 0.16779796746761902, 0.15208721031313358, 0.15810393801201944, 0.15040125292928322, 0.17616690824861111, 0.14418491850728574, 0.1378287642222384, 0.1411850259679815, 0.13961215592596843, 0.13573776671419974, 0.13477945927044618, 0.1362374274303084, 0.1416285117359265, 0.13382556176056032, 0.13272066543931546, 0.13283793952154077, 0.13530218633620636, 0.1352779549425063, 0.13157199501343395, 0.13353621797717136, 0.1382765564257684, 0.13219428046242052, 0.13851892689000006, 0.13317793397151906, 0.1344726537556752, 0.12777334192524786, 0.12935616675278414, 0.12921307365531506, 0.1375943728439186, 0.13686992875907733, 0.13911221095401308, 0.13319962244966757], "train_ious": [0.4266671654160907, 0.5099108694526165, 0.5555923311714674, 0.5857754213654477, 0.6131119489993734, 0.6321185259283452, 0.6460022314627103, 0.662857695442179, 0.6718390742181867, 0.6835864759657696, 0.6928780367193014, 0.6989416261406047, 0.7069396112060204, 0.7114530104765852, 0.719422892815825, 0.7266911003684651, 0.7281209805953333, 0.7359369765913139, 0.7459071456738143, 0.7527085217120856, 0.7504229108816471, 0.7604682355903194, 0.757380955083215, 0.7677072463692101, 0.7693914250619166, 0.7738459965996987, 0.7788963449066102, 0.7829365190388499, 0.7898561223477559, 0.7879256024632767, 0.7857063842424444, 0.7892498342131363, 0.7941249711573992, 0.8033702770868938, 0.803020556227885, 0.8051541449799049, 0.8061433313549429, 0.8060832219063374, 0.8003495796651086], "val_ious": [0.4993302257380624, 0.5208169939941254, 0.5727307860186136, 0.609597749684168, 0.601112651868143, 0.6422056318193242, 0.6445516388917313, 0.6434597452913505, 0.6753468591233959, 0.6704819105241608, 0.680260930372321, 0.6460971210313879, 0.6917255145052204, 0.7017262018677116, 0.7021043469076573, 0.7017368497191998, 0.707785743734111, 0.7104500536469446, 0.7069649549498074, 0.7024189438940823, 0.7099577518908874, 0.7157377959161566, 0.7178376805091249, 0.7135141040535941, 0.7111228875060014, 0.719627422483071, 0.7195171467635939, 0.7126832673515097, 0.7262208049280057, 0.7145737439825917, 0.7266287274550703, 0.720895676077276, 0.7348098992437556, 0.7330379719319552, 0.7271529200716295, 0.7250936249459999, 0.7275047593790552, 0.7240355088227036, 0.7252475459506548], "training_time": 879.8707242012024, "avg_gradient": 0.00220443180570521, "memory_usage": 1151.470703125}