{"train_losses": [0.2618812109627154, 0.21394503011327723, 0.193063136190176, 0.17604746588546297, 0.1672908394071071, 0.1609750674713565, 0.15270017468087052, 0.1470889917615315, 0.14066390231575654, 0.1378315983583098, 0.13015537291927182, 0.12878541004560565, 0.12664263958678298, 0.11973090712790904, 0.11717974532233633, 0.11356615991858036, 0.11100966892326655, 0.11189258863906497, 0.10641465198410593, 0.09996350810093724, 0.09835401610673769, 0.09998052437668262, 0.09727088928870532, 0.09446412005016337, 0.09053729498839896, 0.08727361164663149, 0.08535338581904121], "val_losses": [0.2468330798589665, 0.1973941753739896, 0.18418017126943753, 0.186307639207529, 0.17252367637727573, 0.14681682104001875, 0.14720520539128262, 0.15317082081152045, 0.16722974634688834, 0.13795952709472697, 0.14150081493932268, 0.1393089974703996, 0.13874667882919312, 0.13458781122513438, 0.13207464487008427, 0.132791750618945, 0.1279948084898617, 0.13071710616350174, 0.12786149751880896, 0.1358594175266183, 0.1298562576589377, 0.13099820069644763, 0.12533732876181602, 0.12703578449461772, 0.12484563854725464, 0.12380290274386821, 0.1463999772525352], "train_ious": [0.4718927531705602, 0.5616999243426581, 0.598886530144491, 0.6311836536919727, 0.6467184505384901, 0.658427237060623, 0.6727207702031167, 0.6825553704647053, 0.694900022144767, 0.700140592250703, 0.714308695408745, 0.7166727235999663, 0.7195410894203016, 0.732662513960099, 0.737122721808112, 0.7444242066231324, 0.7486184417553572, 0.747458999787552, 0.757204738216124, 0.7689771647902504, 0.7719200078559958, 0.7687148918816148, 0.7731892496779341, 0.778827614110449, 0.7861994606429256, 0.7928798449752127, 0.7963431464589164], "val_ious": [0.5136636449159057, 0.5977740320174589, 0.6151147754727929, 0.6175843190023865, 0.6390492151612822, 0.6850610725257708, 0.6829078614279844, 0.6774875057348305, 0.6558442919150643, 0.700340367961621, 0.6934821035550989, 0.7008415963770688, 0.6992302426825402, 0.7077553062767221, 0.7109827898118807, 0.7098162515439848, 0.7207402865523878, 0.7133726799401683, 0.7236056129137675, 0.7155255070631054, 0.7194644491309703, 0.7180949596391207, 0.7289494390504948, 0.7274968749371129, 0.7336399654547374, 0.734779315798179, 0.7088084514590277], "training_time": 610.7377128601074, "avg_gradient": 0.006096684995692461, "memory_usage": 1152.220703125}