{"train_losses": [0.27323673082434613, 0.2309485410704561, 0.2075334158118652, 0.19031647503699944, 0.17927648208063582, 0.1664953318465015, 0.15792296093929073, 0.15195278074268415, 0.1483147496600514, 0.1395655590635927, 0.1369324008245831, 0.13331329069383765, 0.1305875759166868, 0.12714416805006887, 0.12069734165687925, 0.11820817572753066, 0.11571553147033505, 0.11135885795659345, 0.11057894664776066], "val_losses": [0.2578894476527753, 0.22620968779791956, 0.19842812645694483, 0.19263590807500092, 0.17055412867794867, 0.15857205604729446, 0.15719499503788742, 0.1602899581193924, 0.1478055730138136, 0.14558428201986395, 0.15675187127097792, 0.14046696573495865, 0.13771763136205467, 0.1351908131138138, 0.14020711215941803, 0.13822654294578926, 0.13254361648274504, 0.13934733718633652, 0.1621951185490774], "train_ious": [0.44400684764959686, 0.5298652321208216, 0.5728952708667601, 0.6037232973545358, 0.6245306767523289, 0.6476044021546842, 0.663395726054475, 0.673865854686153, 0.679257743870435, 0.6959391805356827, 0.7020142754350884, 0.7082842493402784, 0.7138216752504958, 0.719866714021866, 0.7311756536364555, 0.7350683475210184, 0.7403284494859584, 0.7486969449597858, 0.750193133302357], "val_ious": [0.4845342297052992, 0.5362644295977509, 0.5932755267274551, 0.6062786308103714, 0.6415645957425021, 0.6631789432055707, 0.6644211506498034, 0.672215306888456, 0.6833190321922302, 0.6865440933168799, 0.6758855710858885, 0.698079395769299, 0.7042877838231518, 0.7057917912801104, 0.7018908320561701, 0.7030664997688237, 0.7120266958423281, 0.7056029579345732, 0.6688054825948633], "training_time": 430.0079622268677, "avg_gradient": 0.005045971518907623, "memory_usage": 1151.470703125}