{"train_losses": [0.27314244477969146, 0.22878319818688475, 0.20861182046001372, 0.19004853903923347, 0.1816794519191203, 0.16708408304206704, 0.16115246502601582, 0.15366339715926544, 0.1501586516590222, 0.14121716376394033, 0.13671870626833127, 0.13592027840406998, 0.13049923847226994, 0.12639336397304482, 0.12324458194653624, 0.11944053318027568, 0.11536748010827147, 0.11031636543086042, 0.10834829821048872, 0.10381181473317354, 0.10515112980552342, 0.10103617993223926, 0.10390426534349503, 0.09690206603187582, 0.09726521206776732, 0.09369818392493155, 0.08984134706628064, 0.08684918948489687, 0.086311682815785, 0.08819834312990955, 0.08694739979894264, 0.08377275000447812, 0.08227269764503707, 0.08155075031454148, 0.07654630000014669, 0.07833510718267897, 0.08357543449686922, 0.08009969167735266, 0.07548772701588662, 0.07252260817862723, 0.07046106878830039, 0.08076044846245128], "val_losses": [0.25418473456216895, 0.21068386441987494, 0.21142197465119156, 0.23036472726127374, 0.18764130447221838, 0.17471520829459894, 0.1610211240856544, 0.15312220075208208, 0.147127621523712, 0.14499957632759344, 0.1537939625913682, 0.14324164925062138, 0.14230502461609634, 0.13673437079009804, 0.13696508660264636, 0.13740491105810457, 0.12807170528432596, 0.139889237349448, 0.12961238055773402, 0.12785380349858946, 0.14512214550505514, 0.13228807695533917, 0.135428664315006, 0.13456026124565498, 0.12815058652473532, 0.12855122853880344, 0.1280404528521973, 0.12768724382571553, 0.12896957199858583, 0.13252588442486266, 0.13226911036864572, 0.12952378019690514, 0.12970903629194136, 0.1248613997646, 0.12879332057807757, 0.13224065579150035, 0.12749917578438055, 0.13277895683827606, 0.12686460837721825, 0.12896750948351363, 0.1353171043421911, 0.13372868445256483], "train_ious": [0.4458948850456247, 0.534603290070874, 0.571232055597331, 0.6049046431114704, 0.6203874297224092, 0.6471215296482693, 0.658750134371761, 0.6709467616958027, 0.6774145194693751, 0.6937426861537542, 0.7025034251096451, 0.7042248945521273, 0.7133093307847566, 0.7209689556148604, 0.7253049385828383, 0.7328821972444435, 0.7413254268467426, 0.750377648388562, 0.7533856044536918, 0.7617488058580867, 0.7593959268668423, 0.7671506272601911, 0.7624575856911101, 0.7747378699157551, 0.7740853581631535, 0.7806131444547489, 0.7876633542819306, 0.7940457099373789, 0.7948242672111674, 0.7910937193943108, 0.7935892306808113, 0.7997890801533415, 0.803088243132916, 0.8039659162362414, 0.8140860757102137, 0.8110784280343328, 0.8006761038432954, 0.8072342905013459, 0.8164587195800697, 0.8228625541795853, 0.8272213337646012, 0.8067135227763138], "val_ious": [0.4980649628501009, 0.5621021266864693, 0.5828875454439634, 0.5433468868335087, 0.6208741096914678, 0.6293426644111024, 0.6578259407610133, 0.6727845776772156, 0.6827215357967046, 0.6850138410277989, 0.6744923675837724, 0.6925139120523481, 0.6943664216045019, 0.7062687519667806, 0.7032029918138533, 0.7028101840312929, 0.7185743520225306, 0.7042498949213304, 0.7184368892424348, 0.7218145659004432, 0.7022464255923812, 0.7241163735372432, 0.7105915961058245, 0.7122584024201268, 0.7276418230671812, 0.7279434186824854, 0.7285911501317786, 0.7314692267041273, 0.7258183103108753, 0.7266858839902323, 0.7246450000051139, 0.7283614996982657, 0.7283526961354241, 0.7404885460501132, 0.7395583844703176, 0.7308707550383996, 0.7355234519295071, 0.7319072249574937, 0.7348609147728354, 0.7410943797533065, 0.7361557777377142, 0.7247915112453959], "training_time": 961.9854233264923, "avg_gradient": 0.0037377701901563478, "memory_usage": 1151.470703125}