{"train_losses": [0.2782461886172709, 0.23629279912489912, 0.21369782316943872, 0.19891588065935217, 0.1829099086639674, 0.1721730127768672, 0.16413446297140225, 0.15768857745696668, 0.1522394707021506, 0.1464528873886751, 0.14137923438102007, 0.1381350198517675, 0.13510208617409933, 0.1281698416594578, 0.1283399520603859, 0.12513343520138576, 0.12020128102892119, 0.117635661493177, 0.11589119765583587, 0.11169587059513382, 0.10733696498462687, 0.10508810157847145, 0.1037913969029551, 0.10094812836336053, 0.09949090501860432, 0.09587074804079274, 0.09487563533627469, 0.09598111183099124], "val_losses": [0.27205382676228235, 0.23894971317571143, 0.23278100043535233, 0.19607642843671466, 0.1788701502525288, 0.16946900635957718, 0.17937313862468884, 0.16329648961191592, 0.1653344025430472, 0.1644676311508469, 0.1518638948707477, 0.1491521363673003, 0.1436580609044303, 0.1498317545198876, 0.14489525281216786, 0.14402082044145334, 0.13531385783268057, 0.13389101608291917, 0.13878421955134557, 0.14672445295297581, 0.13423750614342483, 0.1357581581434478, 0.14700161633284195, 0.1393837057377981, 0.13766804045957068, 0.1360055145038211, 0.1330943237180295, 0.14327307045459747], "train_ious": [0.43069777139580623, 0.5175078772818266, 0.5616782991944446, 0.5882335500656697, 0.6172171373838098, 0.6366088922688925, 0.6513216866963153, 0.6641407699688621, 0.6733687319185426, 0.6843413804536279, 0.6926979335645833, 0.7002467138935687, 0.7042767914093061, 0.7172230933455451, 0.7170304116671502, 0.7226544104624487, 0.7316856829152592, 0.7373230440569097, 0.7400771679653637, 0.74719435311314, 0.7553055915927542, 0.7598053329232811, 0.7615964475317278, 0.7669010675795699, 0.7697665661681385, 0.7768512419492438, 0.7786437855034636, 0.7764838962559248], "val_ious": [0.4749491544089454, 0.5126844651025274, 0.5545339333838311, 0.5990893471500146, 0.6251788225726804, 0.6387166637873306, 0.6373432367176248, 0.6547962692768678, 0.6597381726555203, 0.6551814295243528, 0.6798764689677004, 0.6824367011802783, 0.6913957854975824, 0.6797386021285817, 0.6900208646404569, 0.6942480320947758, 0.7067840781764707, 0.7121477323597757, 0.7075321650591447, 0.696376205570456, 0.7121015931817068, 0.7129109918639279, 0.696415600353393, 0.7127695141927056, 0.7143618941738986, 0.7146207778782083, 0.7189397287109627, 0.7086673668329265], "training_time": 630.7612490653992, "avg_gradient": 0.005963165063338237, "memory_usage": 1152.220703125}