{"train_losses": [0.2679804683379505, 0.2176005596537953, 0.19400036424074485, 0.17649110204175764, 0.16446875837510047, 0.15779668149416862, 0.14810236863306034, 0.1426406559412894, 0.13902389084029457, 0.13489260990172625, 0.12970527836486048, 0.12572861960886614, 0.11906382810000492, 0.11886254495576672, 0.11572126938920954, 0.1089695371363474, 0.1069383175395753, 0.1056274023392926, 0.10341277734740921, 0.0980420502955499, 0.09525149955373743, 0.09675712243694326, 0.09583403129616509, 0.09039224020164946, 0.08859265219096256], "val_losses": [0.2447075458324474, 0.2238269040118093, 0.18270546942949295, 0.1767278209976528, 0.15830848447006682, 0.15407585611809854, 0.1747828501722087, 0.14274228704364403, 0.1449447390825852, 0.1423001337958419, 0.14179163733902184, 0.14106446391214494, 0.15116233330058015, 0.13829815322938172, 0.13439029714335565, 0.146045149344465, 0.13716265429621158, 0.13268800695305286, 0.1300857689069665, 0.13404576043071953, 0.12683605532283368, 0.13529981688960738, 0.14684644843573155, 0.12739830156383308, 0.13822473925740822], "train_ious": [0.4602051283894241, 0.5549697895412862, 0.597771334124432, 0.629679591435453, 0.6514675664728965, 0.6638235949735709, 0.6821904191072435, 0.6913013864254608, 0.6978237221314427, 0.7053430854626319, 0.7142256387657878, 0.7214523757389485, 0.7339566101630528, 0.7342135073158189, 0.7401375944415726, 0.7518712689803128, 0.7559309808564356, 0.7585582619236, 0.7627344621156434, 0.7726111520567661, 0.7777378081843471, 0.7753179468538448, 0.776599477274694, 0.7868677166601017, 0.7908038837646225], "val_ious": [0.5185198950162831, 0.5453598077098529, 0.6145340519538824, 0.636263646941254, 0.6621821133986764, 0.6736873269513034, 0.6348589578832405, 0.6930812798116519, 0.6856528900671696, 0.692886013051738, 0.6919263687686644, 0.6926063927619354, 0.6842841398024906, 0.700117489350015, 0.7103410212026126, 0.699205976465474, 0.7086182035829711, 0.7154121500426447, 0.7213191502336143, 0.7186993969523389, 0.729138636070749, 0.7155579777731412, 0.702614174804826, 0.7343885425640188, 0.709655371265135], "training_time": 562.5589897632599, "avg_gradient": 0.002805880567105895, "memory_usage": 1152.220703125}