{"train_losses": [0.2603035398313533, 0.2151342419826466, 0.19323942575441755, 0.1756297247889249, 0.16590208560228348, 0.15645045758751425, 0.14942156936487425, 0.1450659590570823, 0.13815585495499166, 0.13423888231425182, 0.1294743792032418, 0.12602549321625545, 0.12127385167000086, 0.11593822065902792, 0.1125718257592424, 0.10912173484330592, 0.10787128806924043, 0.10383864552916391, 0.10034775102268094, 0.09792087162318437, 0.09227992796703526, 0.09686392347287873, 0.09023269095822521, 0.08747164483951486, 0.08706230091174012, 0.0812363460983919, 0.0800321099307874, 0.08096004593307557, 0.07799984956079203, 0.07612201290043152, 0.07322673050119825], "val_losses": [0.24238272400006003, 0.19999345618745554, 0.19293808645528296, 0.19679890767387723, 0.18600447022396585, 0.15994693241689517, 0.15725743252298105, 0.1477149273066417, 0.15482875801946805, 0.1511886249417844, 0.1451187329771726, 0.14924116659423578, 0.14447130019898, 0.1392154781066853, 0.1375754639182402, 0.14208073282371397, 0.1381956875000311, 0.13844786228045172, 0.14999072788202245, 0.13154614198467005, 0.1325718822038692, 0.1343612810191901, 0.13994518926610117, 0.13771575381574425, 0.1345000898708468, 0.1386822144622388, 0.14487237369884615, 0.13460579530700392, 0.13693572305466817, 0.13944053018222685, 0.14141615366806154], "train_ious": [0.4739131283797862, 0.5584512572681558, 0.5992369965474674, 0.6313074148003607, 0.6485423516968024, 0.6650689615179664, 0.6782008074223996, 0.6861316347899643, 0.6991014999971874, 0.7059970671392, 0.7142780097606388, 0.7215462421485482, 0.7294078523806037, 0.7388258460315246, 0.7450820006214194, 0.7509923304120697, 0.753944977901984, 0.7606933393880072, 0.7675429738626106, 0.7723363006784435, 0.7832311510067919, 0.7746565013152101, 0.7866209573179914, 0.79215316037121, 0.7931826807882473, 0.8047304010909536, 0.8075221805036933, 0.8054033884967583, 0.8113059246021767, 0.8151377163071565, 0.8214522073234329], "val_ious": [0.5003774576429008, 0.5873285201580628, 0.6011837658242901, 0.5846048289019129, 0.6159271695043728, 0.6633097078057303, 0.6655995558569398, 0.6783103893200557, 0.6741969483918038, 0.6771181901727896, 0.6842938100082288, 0.6896724845620167, 0.6925967506308488, 0.7013857649720232, 0.705237513003142, 0.6953775625729908, 0.7055243096057918, 0.7073449090771053, 0.6917316611262334, 0.7186851598646328, 0.7229052147139671, 0.719373132871545, 0.7127640672783921, 0.7196531773045444, 0.7216878652140714, 0.7197809852119805, 0.7120416395474171, 0.7304845519255901, 0.72102240656597, 0.7261184598656666, 0.7196663112744043], "training_time": 701.3144478797913, "avg_gradient": 0.0019423201105169005, "memory_usage": 1152.220703125}