{"train_losses": [0.25467005242472107, 0.2091612414173458, 0.1879195161163807, 0.17119649530428907, 0.162742023234782, 0.15390611358958742, 0.14867455957700376, 0.14136738791737868, 0.13914446370757144, 0.13285208918640148, 0.1293566039479945, 0.12464763758623082, 0.12247292243916055, 0.11838903184980154, 0.11528955266365538, 0.11295556876322498, 0.10686006522534983, 0.10398221513985292, 0.10376273265675358, 0.09941947484469932, 0.09777305890684543, 0.0969240877615369, 0.09422023485050253, 0.09006024224926597, 0.08781027818179649, 0.08998207626459391, 0.08942262127833522, 0.08277843973558882, 0.09156692408673141, 0.08158680804721687, 0.07928199005191741, 0.07572122657185663, 0.07766357201920904], "val_losses": [0.22599790569232858, 0.21092413560203885, 0.18359683939944144, 0.17003984814104828, 0.18293969721897788, 0.16239515870161678, 0.169651472374149, 0.16410905252332272, 0.14551958474128143, 0.14841961504324622, 0.14261680663279866, 0.14722229475560394, 0.14851845800876617, 0.1412185791717923, 0.13907749886098114, 0.14369589219922604, 0.1370633011278899, 0.13955894404131433, 0.13408525628240212, 0.13725995968865312, 0.13558075868565103, 0.135597989934942, 0.13109339093384537, 0.13463603802349255, 0.13110798953667932, 0.13363544950666634, 0.13778241318853005, 0.14429850924922072, 0.1349415717565495, 0.13331583757763324, 0.13006991099404253, 0.132666340664677, 0.1380077308934668], "train_ious": [0.4870609669014814, 0.5684230682318626, 0.6083131725157515, 0.6385362175819669, 0.6559081797258576, 0.6711646932838623, 0.6789225956991963, 0.6923226403693359, 0.6987311865432541, 0.7088240876361943, 0.7159943381945288, 0.7233150370850943, 0.7273958308109342, 0.7358175152237861, 0.7400469826399414, 0.7448741917268952, 0.755516466941091, 0.7608826543217987, 0.7613237968821451, 0.768805013834566, 0.7728672187937341, 0.7742600591610305, 0.7795119985290194, 0.7872947763813578, 0.7914371442967564, 0.7875344805635404, 0.7886568475784593, 0.801241070140099, 0.7852151351238507, 0.8039741809817332, 0.808364901421727, 0.8158446674545605, 0.8122563599676326], "val_ious": [0.5389029396616895, 0.5680956216394036, 0.6191866842732912, 0.6444109648034194, 0.632485413464947, 0.6561377812986788, 0.6566008668446887, 0.663168353015098, 0.6890394195266392, 0.6844839971998463, 0.6963025076665741, 0.6879016512977906, 0.6872351759153864, 0.6993102614862331, 0.7036769722682843, 0.7024740080038704, 0.7063710093498233, 0.7090685609458148, 0.7159378051325894, 0.7167831480071163, 0.713421320353729, 0.7172812603522039, 0.7233532360498455, 0.7251658199921899, 0.7269246452960414, 0.727010544659435, 0.7179281810919445, 0.7211256986079008, 0.7252619387446969, 0.7321787016547244, 0.7371658464704735, 0.732379159849623, 0.7229564140240352], "training_time": 746.843549489975, "avg_gradient": 0.0035970121325100807, "memory_usage": 1151.470703125}