{"train_losses": [0.2812137240139039, 0.22849740136576735, 0.2014467369603074, 0.1851245550357777, 0.17470779569576617, 0.16518028930801412, 0.15860031087599372, 0.15263658373252206, 0.14623400062808525, 0.14359641678469337, 0.1379569358718784, 0.1348660286192013, 0.13159765934814577, 0.12700287256713794, 0.12384763906669358, 0.1201521944983498, 0.11751634295543899, 0.11148229407389527, 0.11060664069879314, 0.10903170846564614, 0.10484450512930103, 0.102653199604348, 0.09914319597832534, 0.09538574063259622, 0.09884377010166645, 0.09097025535352853, 0.08920726099092027, 0.08733826276400815, 0.09059855677997289, 0.08418379638991925, 0.08642631121303725], "val_losses": [0.2424878889451856, 0.24424824151008026, 0.18837643123191336, 0.17800301151431125, 0.17673941345318503, 0.15613618363504825, 0.15785698009573895, 0.15005209475107814, 0.14855962522003963, 0.15476226093976395, 0.15746015569438104, 0.147564393022786, 0.1359154254845951, 0.13067122807969217, 0.1395597419013148, 0.1382371519246827, 0.1342317952733973, 0.13372681937787845, 0.14206958772695583, 0.13341214896544165, 0.13742736014335052, 0.12879680971736493, 0.13166067522505057, 0.13431669885049696, 0.1392363972314026, 0.13086180939622546, 0.1271568727882012, 0.13002428946935612, 0.12915033183020094, 0.12780842427974162, 0.1531869498607905], "train_ious": [0.42478546299094294, 0.5354151748444721, 0.5855102527454713, 0.6139382023526273, 0.632125442874604, 0.6511481118698915, 0.6623897980088772, 0.6726662125168501, 0.684871987318215, 0.6894899459852689, 0.7007331320125124, 0.7059575536868712, 0.712770837912525, 0.7207946042543737, 0.725806441212046, 0.7326958217806573, 0.7371473614180433, 0.7483278613375579, 0.7491774276654786, 0.7519577406346799, 0.7599135283650696, 0.7641149562230143, 0.7712358981910825, 0.7776117262740929, 0.7709892541170119, 0.7855213158696459, 0.7890494054966214, 0.7928162432559158, 0.7864629619255447, 0.7985391951557514, 0.7949236658388289], "val_ious": [0.5068671759487925, 0.5179523192885993, 0.6110886480065362, 0.63229605058829, 0.6319756754066632, 0.6596608654312466, 0.6566645947919375, 0.6777145003063091, 0.6799747520598812, 0.6783054877018584, 0.6791214929974597, 0.6849167858776839, 0.7022860322309576, 0.7109186549981434, 0.6985281753367273, 0.6998954920665078, 0.7064626674721207, 0.7142413729342862, 0.6975791065589242, 0.7150079923263494, 0.7096617629994517, 0.7215454314929851, 0.7226815225853436, 0.7190491189991216, 0.7071919914173045, 0.7278736698022787, 0.7291998379472373, 0.7278046778578688, 0.7274808222832886, 0.7318474276774171, 0.705032361374385], "training_time": 701.5379159450531, "avg_gradient": 0.003299662151684326, "memory_usage": 1151.470703125}