{"train_losses": [0.27567327492263005, 0.22813940274974573, 0.20567436856420143, 0.19144809246063232, 0.17898337656389113, 0.16883242276051771, 0.16074240806957948, 0.15437659653632538, 0.14786242774647215, 0.1427035387200506, 0.13727861213619294, 0.1360784782015759, 0.13153434824198484, 0.12752076744547355, 0.125980113066085, 0.12196010841137689, 0.11683968252137951, 0.11708323451002008, 0.10883226925912111, 0.10948166105410327, 0.10598260358623836, 0.10546173135061628], "val_losses": [0.2533987961385561, 0.24195666805557584, 0.19896026635947434, 0.18956065275098966, 0.17550030480260434, 0.16806301895691, 0.16300154995659125, 0.20375133143818897, 0.16278326576170715, 0.1610021306120831, 0.15274868435833766, 0.14375569023515866, 0.14085242978256682, 0.14553802800567253, 0.14567140522210495, 0.13826299960846486, 0.13752492436248323, 0.1329339509424956, 0.14303298796648564, 0.15734479236214058, 0.13795926583849866, 0.15591369342544806], "train_ious": [0.44406362668867555, 0.5358376795345027, 0.5761337154477403, 0.6014845739996086, 0.6244416179108445, 0.6437461070068506, 0.6580611393395537, 0.6698562753913196, 0.6819228115289105, 0.691718719953644, 0.7012824933382049, 0.7040867461566473, 0.7112602312387765, 0.7186511401896893, 0.7219291619848515, 0.7296401399957099, 0.7384565015309963, 0.7376036453398239, 0.7532045681947379, 0.7510357699964357, 0.7577701988967434, 0.7590663191201028], "val_ious": [0.48595560579628183, 0.5221919107480325, 0.5911825221517811, 0.6151832143465678, 0.6246843018393585, 0.6481626603914346, 0.6546777547269628, 0.6154389979614728, 0.6632331344096558, 0.6632983883221943, 0.6859794749297957, 0.6916316708792811, 0.6950979643109917, 0.6912986318702284, 0.6869708524234054, 0.7040730367104212, 0.7055575208387511, 0.7115796899449996, 0.6993009175943292, 0.6850477400897205, 0.7072326929672903, 0.6896857055632966], "training_time": 496.12909841537476, "avg_gradient": 0.006540048528959023, "memory_usage": 1151.470703125}