{"train_losses": [0.27400733125598536, 0.2178361459594706, 0.19579211112273776, 0.1809873106363027, 0.16760921563305284, 0.16103588583190803, 0.1549013710540274, 0.14529884610649035, 0.14290508947780597, 0.1383910189666178, 0.12985611670529065, 0.12853836907964686, 0.12290292338508627, 0.11927940570951803, 0.11688760712580837, 0.11350447328194328, 0.10870274464073389, 0.10499078468622072, 0.10358747791336931, 0.10015676761774914, 0.09871406221519345, 0.09538427999486095, 0.09251386506240004, 0.08914336760568878, 0.08751417939429698, 0.08485658523505149, 0.08137348622245633, 0.07939389222504004, 0.08083049422534912, 0.08069203559147275, 0.07633026584011057, 0.07727143536929203], "val_losses": [0.23160033089959103, 0.2355206534266472, 0.19290353843699332, 0.1806385896128157, 0.17844564208517905, 0.15340548818526062, 0.15973049288858537, 0.1575815165820329, 0.150250095712102, 0.1443411976746891, 0.14622011181453, 0.14410881374193274, 0.14110692379915196, 0.14193790308807208, 0.1410110524815062, 0.143385353943576, 0.14078021470619284, 0.1431019670613434, 0.15436844009420145, 0.1398137112998444, 0.13974478614071142, 0.1398030111323232, 0.1450009619736153, 0.14260644400897232, 0.14091515670651975, 0.1398335931741673, 0.139127004891634, 0.13568374482185944, 0.14544006728607675, 0.14177040658567264, 0.14267015165608862, 0.15096445073900017], "train_ious": [0.44455222521598126, 0.5546934171377318, 0.5943379764971526, 0.6208284435172875, 0.6446701222895712, 0.6569629977254765, 0.6689922742113684, 0.6855821455086485, 0.6904577926557133, 0.6981137769593708, 0.7138998703896136, 0.7163376955558421, 0.7268306842964628, 0.7328696300046174, 0.7379774835662566, 0.7440503344911594, 0.7523629409463508, 0.7597780184469363, 0.7620717471708424, 0.7679600317193113, 0.7707128719683144, 0.7767690299753692, 0.782853451004063, 0.7892068769188892, 0.792466871440411, 0.7973512088259064, 0.8042785090164862, 0.8082849008665576, 0.8057722905515764, 0.8056004613206007, 0.8148223302070644, 0.8129376090955044], "val_ious": [0.5290150930700094, 0.5332158533991246, 0.6059227620345957, 0.6199912627538043, 0.6282848916623903, 0.6741997020832008, 0.6620888621478839, 0.6606853291176369, 0.6826497178146803, 0.6896132777134578, 0.6868530937295031, 0.691986289361249, 0.6974512606427288, 0.6991853241039359, 0.6981559749962626, 0.6919825016588405, 0.7024374630140222, 0.6982645584621289, 0.699954305438028, 0.7104536919058233, 0.7058062607395478, 0.7151886285215185, 0.7071174214715543, 0.7153369780035987, 0.7161784986222999, 0.7169248232806937, 0.7193184229342834, 0.7248303698024887, 0.7061212769021159, 0.7169570056856542, 0.7222506740818855, 0.701120565550915], "training_time": 721.4004709720612, "avg_gradient": 0.003391602166102622, "memory_usage": 1151.470703125}