{"train_losses": [0.2724064294572758, 0.22319966813792352, 0.20165809964680154, 0.18658813072935396, 0.17257643474832826, 0.16294911139361237, 0.15604181850895935, 0.14876555303192657, 0.14456777116688696, 0.13838176287548698, 0.13403362343492714, 0.1322994630621827, 0.12800609012660774, 0.12379567689545777, 0.11717217654475699, 0.1163339520926061, 0.11267528427845758, 0.10896196835876806, 0.10589317673736293, 0.10260568000376225, 0.09934137692755979, 0.09840052627512942, 0.09866119536530712, 0.09617129506786233, 0.0921295464200818, 0.09016715395061867, 0.0868762785811787], "val_losses": [0.27381536688493646, 0.2181596814290337, 0.1921386375375416, 0.18426261615494025, 0.1852367951170258, 0.16756168105032132, 0.1562917196880216, 0.15769439935684204, 0.16061472196293913, 0.14912921611381613, 0.15246703151775443, 0.1423181842850602, 0.15859577642834705, 0.14317786466816199, 0.14610258829982384, 0.1375578053943489, 0.13384822626476703, 0.13658735010287035, 0.13678053215793942, 0.13073537109986597, 0.1455863864849443, 0.13108941702091176, 0.14041832980254423, 0.13561149654181107, 0.13356127233608908, 0.13345199661410373, 0.14877996156397072], "train_ious": [0.4412377013224243, 0.5455599821618068, 0.5830869894420756, 0.6107467254218849, 0.635895816420299, 0.6543278025760167, 0.6657347475596957, 0.6807159089307856, 0.6875792990668093, 0.6987737512242965, 0.7068002334107525, 0.7107466990533081, 0.717084420547969, 0.7260181637669822, 0.7368413893424944, 0.7393481808080192, 0.7452311320905239, 0.7519937058289846, 0.7577928340845349, 0.7646906881768638, 0.7704679950315885, 0.7721671938788199, 0.7713760469594722, 0.7764519052984917, 0.783766997141251, 0.788049173041962, 0.7934508946710735], "val_ious": [0.4650086833946947, 0.5569366521161535, 0.5970453695542571, 0.621445474849231, 0.6256597890802051, 0.6506522135890049, 0.6656705521155095, 0.6632212065700172, 0.6573780131512794, 0.6802914861751641, 0.6775049966746483, 0.6909840238699015, 0.6707798849413359, 0.6941530078217604, 0.6902819267217662, 0.7025895483683849, 0.7132156227809794, 0.7097168802351194, 0.7095216201699298, 0.7203846219657122, 0.7065942300402601, 0.7238643422074938, 0.7144566215034844, 0.720215430510217, 0.7219560135533843, 0.7252253304789029, 0.7017359167769336], "training_time": 611.1596338748932, "avg_gradient": 0.004430557381039137, "memory_usage": 1151.470703125}