{"train_losses": [0.2704532068708669, 0.22838438917761264, 0.2038729580362206, 0.18817154010352882, 0.1753586206747138, 0.16744863043498734, 0.16007479903814587, 0.1532924459113375, 0.14891429330505754, 0.14078036634980337, 0.1352667387817865, 0.13265258401794278, 0.12880390975624323, 0.12468528800198565, 0.12063019042429717, 0.11859503092811159, 0.11466104318590267, 0.11041007409601108, 0.108854074517022, 0.10608044072337773, 0.10270437043484139, 0.1003746769350508, 0.10075516925881738, 0.09658239551050507, 0.09751209426347328, 0.09515841803311006, 0.09403827644722618, 0.09124835183762986, 0.08654383335100568, 0.0840561875425603, 0.08344417320483405, 0.08235973075194203, 0.08457306432335274, 0.08613192221230787, 0.07712522412285856, 0.07644425668632207, 0.07485626986169297, 0.07681700951703217, 0.07578553567114084, 0.07342194854889227, 0.0706473962282357, 0.07371867239556235], "val_losses": [0.26213188696166745, 0.2207375657947167, 0.19223921940378522, 0.18545567794986392, 0.17517803836127985, 0.17063598626333734, 0.1646445289902065, 0.15279414083646692, 0.15685312482325928, 0.14579643827417624, 0.14779460397751434, 0.14814319251024205, 0.140974346710288, 0.13951631279095358, 0.13764722677676575, 0.1389082469370054, 0.13461694850221925, 0.14157295097475467, 0.12951006383999533, 0.13433898305115494, 0.13483062418906586, 0.13522774628970935, 0.13234259576901145, 0.13679473814756973, 0.13841279515105745, 0.13379535645894383, 0.14550119298307793, 0.13718511957837187, 0.1374813376561455, 0.13810212618630865, 0.14413712335669476, 0.13868638581555823, 0.1349116861820221, 0.13329710114909255, 0.13396690267583597, 0.13443858808149461, 0.13497968503962393, 0.14348243598056876, 0.13324350912285887, 0.14040815895018371, 0.13897969411767047, 0.14764808280312497], "train_ious": [0.4498230015143645, 0.5349081777630077, 0.578910206215105, 0.6092982847189556, 0.6307064247844013, 0.6464147115855111, 0.658545724345722, 0.6724364876315213, 0.678959897570852, 0.6955114831958994, 0.7045705433988918, 0.7095087926456894, 0.7163567322211852, 0.7239319032085116, 0.7308766779260357, 0.7353987693246722, 0.7417311739122517, 0.7502281650144986, 0.752566232305506, 0.7580559702887052, 0.7641534763185878, 0.7682954234921414, 0.7673139571603655, 0.7752970313464387, 0.773776609720527, 0.777915554580049, 0.7800558013436587, 0.7856666721619555, 0.7947203756674481, 0.7994582743748376, 0.8003255130480164, 0.8028694923589192, 0.7981780173553937, 0.7956804120238276, 0.813203056221423, 0.8146727437126466, 0.8179026138091432, 0.8140756409021394, 0.81598039932441, 0.8209437876939777, 0.8267959227812456, 0.8204204609644584], "val_ious": [0.4784568462898766, 0.5481819999606712, 0.6013132491405458, 0.6085351515507352, 0.6364289753246999, 0.639421974403271, 0.6597087921007821, 0.6814450051473537, 0.6801874920509862, 0.6881373859402061, 0.686516746662665, 0.6786632943844451, 0.6947969176631044, 0.7042415664679763, 0.7039750471063282, 0.7011714158714679, 0.7070257257724153, 0.6996405269356741, 0.7208979766869892, 0.7128333019605582, 0.715506205092306, 0.717604774279871, 0.7193920750548872, 0.7212172770413798, 0.7159694074720575, 0.7183901170889536, 0.7090117877376253, 0.7216819973959439, 0.7218806361374647, 0.722037402616031, 0.7219503882570544, 0.7234657277231631, 0.72530698797841, 0.7287721458984456, 0.7355824281340059, 0.7331085280663726, 0.7333827880413635, 0.7243935303843538, 0.7339871003144028, 0.7329746603533841, 0.727781920761302, 0.7194776906483414], "training_time": 964.3217558860779, "avg_gradient": 0.002367978007465997, "memory_usage": 1151.470703125}