{"train_losses": [0.2611723707421966, 0.21677071641644705, 0.1975444365778695, 0.1824277989242388, 0.1712723186482554, 0.16113481694913429, 0.15485587971204, 0.14660695664908574, 0.14017788361272085, 0.13659108717642401, 0.1305921668915645, 0.12832907777603553, 0.12262362537338682, 0.12028608499499767, 0.11677562052626973, 0.11259307959319456, 0.1093325924290263, 0.10538135938670325, 0.10403874455748693, 0.09972230154697014, 0.10049728146227806, 0.09622430040136627, 0.09184287172620711, 0.09048636812392784, 0.08928121326734191, 0.09353837407315554, 0.08658169687766096, 0.08425987969436076, 0.0809297933364692, 0.08397297698842443, 0.08633645182556432, 0.07749359382559425, 0.07630559846596874, 0.07338941737037638, 0.07362457988378794], "val_losses": [0.23704347467940787, 0.23392069987628772, 0.1893031976145247, 0.1763249515839245, 0.1694240255848221, 0.15744617629958235, 0.15918687795815262, 0.15310503007925075, 0.1458264871136002, 0.14233209937810898, 0.14136933891669565, 0.14129438251256943, 0.13724472195557927, 0.1410721276441346, 0.1487711054151473, 0.13366489808844484, 0.13670750869357068, 0.14041644059445546, 0.14471587862657465, 0.13273120768692181, 0.13250206362294115, 0.1288186013698578, 0.12846029112520424, 0.13195185654837152, 0.14327937963864076, 0.1305110681316127, 0.12726160300814587, 0.13549452728551367, 0.13389253648726837, 0.13901400274556616, 0.13643792449780132, 0.13042356608354527, 0.13118891077844994, 0.13377209801388823, 0.15497039452843045], "train_ious": [0.4705711127650264, 0.5556783429954364, 0.5910303652610467, 0.618611775716578, 0.6378039594577708, 0.6579402223553346, 0.6677258244135238, 0.6839212757953697, 0.6955393861601318, 0.7017978746713933, 0.7133305845377238, 0.7181723476859968, 0.7275627499473266, 0.7316091367839901, 0.7377803240889227, 0.7455995236186014, 0.7515661792586681, 0.7588893330615503, 0.7611747412145996, 0.7694026828352086, 0.7681869362359465, 0.7759154027570847, 0.7843361795488475, 0.786828253148259, 0.788837109139, 0.78104612533597, 0.7942335852894231, 0.7989262241492234, 0.8052229255545826, 0.7992556310542246, 0.7947144795587093, 0.8118749729533125, 0.8146482852921971, 0.8206917863825093, 0.8202810100671176], "val_ious": [0.5196591168642043, 0.5326757315492283, 0.6150212756533553, 0.6290200836416605, 0.6447246571381886, 0.6638713837533757, 0.662493435153063, 0.6716361654841382, 0.68562793818073, 0.6913104720305704, 0.6933284235605295, 0.69649290692979, 0.7030661356621895, 0.701813176922176, 0.6841006199086921, 0.7115859950798145, 0.7091001935195231, 0.7013526412024014, 0.6945485321507939, 0.7174499607172564, 0.7155670754719471, 0.7247361473847127, 0.7263337162093839, 0.7263423258411711, 0.7128803531328838, 0.7239678072324698, 0.7279812484115794, 0.7244000888389092, 0.7277832767669704, 0.7233306204063303, 0.72545651551606, 0.7355303433926209, 0.7382184556428936, 0.7364302659812181, 0.7028196404377617], "training_time": 791.8457179069519, "avg_gradient": 0.015775696435248433, "memory_usage": 1151.470703125}