{"train_losses": [0.2872539454180261, 0.24450734605931718, 0.21869066365711068, 0.2009392934648887, 0.18587020987077899, 0.174314025465561, 0.1651290544592168, 0.15944668091833591, 0.1519070951592015, 0.14626624876552302, 0.1451666651941512, 0.1389314842045955, 0.13672806877318933, 0.1303089349328176, 0.12752055461801912, 0.12358110993290725, 0.11997608050865971, 0.11955414842004361, 0.11473477992188671, 0.11344292565532353, 0.10960079316535722, 0.10554730167369479, 0.10262657114831002, 0.10186776672692402, 0.09898417864156805, 0.09376124742076448, 0.09419052667267945, 0.09765468274607607, 0.09255894974036061, 0.0862766947273327, 0.08711339614313582, 0.08928724374298168, 0.08665930447371109], "val_losses": [0.26851236658251804, 0.23655458831268808, 0.23453738767167795, 0.20848639471375424, 0.18503673957741779, 0.16693097417769226, 0.17870402530483578, 0.17006912989460904, 0.1526144649023595, 0.15094491580258246, 0.1447966605748819, 0.14321994425162024, 0.14093092845185942, 0.1426869907780834, 0.13630844604061998, 0.13237582875982576, 0.13782385752900786, 0.13901562940167345, 0.12812948421291684, 0.13516632516099059, 0.13306669809896013, 0.13189061245192651, 0.1311288422540478, 0.130183564418036, 0.12821656076804452, 0.13420634425204733, 0.12532153385488884, 0.1334703415632248, 0.12511872257227483, 0.12796045904574188, 0.12619968131184578, 0.12788151755281116, 0.13449745074562405], "train_ious": [0.4204142083265426, 0.5035773059488204, 0.5529772608770408, 0.5850077655868253, 0.6134081656734145, 0.6331512422665305, 0.650408707883047, 0.6612913779158521, 0.6747081397452215, 0.6851487712043786, 0.6866200876192773, 0.6973934143349747, 0.701029082571251, 0.7141816426014556, 0.7187383235364722, 0.7260452850141385, 0.7325815690708339, 0.7338396488432437, 0.7416872838377089, 0.7446711396501555, 0.7509995995872265, 0.7585842893391416, 0.7639216315811097, 0.7650068298090199, 0.7701864316519619, 0.7803977227405362, 0.7790936691065632, 0.772874967883463, 0.7821673200722188, 0.7944253461192482, 0.7928516565673596, 0.7890519110512905, 0.7953167562035549], "val_ious": [0.46171936112037626, 0.5198564718382945, 0.5343068537936694, 0.5788856783638829, 0.6134245782226757, 0.6450385971777682, 0.6311517193697502, 0.6393647383952485, 0.6768092599467955, 0.6801315353832382, 0.6853989870219991, 0.6914618350025534, 0.6966462331837503, 0.6965184989182844, 0.7012905076794003, 0.7115507117216139, 0.7010917378508527, 0.7038070205329122, 0.7189803937639015, 0.7015475043352101, 0.7134046874184541, 0.7152870401092197, 0.7156021296977996, 0.7188034897697145, 0.7208271611859832, 0.7204482028449791, 0.728496592545855, 0.7211227894261265, 0.7310900675213854, 0.7300989990649016, 0.732721650298091, 0.7255252722812735, 0.7141494947499123], "training_time": 747.2078821659088, "avg_gradient": 0.005137665416579698, "memory_usage": 1152.220703125}