{"train_losses": [0.275331843563396, 0.23299729662097018, 0.20870416255100913, 0.19100031361955663, 0.1788024782486584, 0.1685466363054255, 0.15965716229022844, 0.1535554717740287, 0.14711794216671717, 0.14207225661400869, 0.1385657355270308, 0.13325068399148143, 0.12857129497696523, 0.12782916070326514, 0.1231021402079774, 0.12109208204176115, 0.11648326423829017, 0.11628683530928, 0.11093421786537637, 0.10938384315079969, 0.10731085462738639], "val_losses": [0.2434328898139622, 0.24031872302293777, 0.19681997921155847, 0.19199286109727362, 0.17758612917817157, 0.19412198824727017, 0.1533710985727932, 0.14979492889150328, 0.14618867927271387, 0.15823337387131609, 0.14805200323462486, 0.14232848471273546, 0.14961115610988243, 0.14099935458406157, 0.14313058134006418, 0.13267389004645141, 0.13273748739258104, 0.13836457207798958, 0.13275434919025586, 0.13402061666483464, 0.15639974646594212], "train_ious": [0.4457012801262403, 0.5282927765848412, 0.5720597273143742, 0.6032849150183409, 0.6247924035010127, 0.6432680999995144, 0.6596184798340863, 0.6710536542038128, 0.6827936530977055, 0.6915055594906427, 0.6980326795491618, 0.7076289754198947, 0.7166237291758477, 0.7182148819168411, 0.726534159503121, 0.7308204240988994, 0.7384612321097778, 0.7378819407220335, 0.7486244625803352, 0.7510943924063361, 0.7546846908719643], "val_ious": [0.50649398068587, 0.5194542103487513, 0.5847231767315795, 0.6149532816548278, 0.62923376067825, 0.6123409137345742, 0.672447772777599, 0.6804763067891629, 0.6866509011690167, 0.6772823063791662, 0.6818452788435898, 0.6944718894319258, 0.6829275108765865, 0.6987351420996843, 0.6963944512864818, 0.7116575316674465, 0.7126311871452609, 0.7067855892405993, 0.7158865105846653, 0.7122087117986401, 0.676941739908163], "training_time": 472.7656772136688, "avg_gradient": 0.0063917394640788956, "memory_usage": 1152.220703125}