{"train_losses": [0.2774038490555856, 0.22869269938572592, 0.20609356786893762, 0.18894632160663605, 0.1738685615684675, 0.16461805011267247, 0.1561991912515267, 0.15105139715192112, 0.14370731130728256, 0.13747659876294757, 0.1327362939229478, 0.12951466809634282, 0.12706457106801478, 0.12459198790399925, 0.12005157712037148, 0.1129889081272742, 0.11480728706911854, 0.11229910446411889, 0.10576170330624217, 0.10521676610021488, 0.1019820905007098, 0.10046861454358567, 0.09832529743890399, 0.09942591676245564, 0.09200969508484654], "val_losses": [0.2834249164747155, 0.22608432206122772, 0.21410468512255212, 0.19317040300887564, 0.18282880860826242, 0.18199525417193121, 0.1622072984666928, 0.14640056244705035, 0.1537627904959347, 0.1600882479030153, 0.14123498907555704, 0.1374915758876697, 0.14278680572043295, 0.1466107689168142, 0.13591475736187852, 0.13537085137289503, 0.13448608342720114, 0.13480088438676752, 0.1354664805466714, 0.15085767274317535, 0.13968404884571614, 0.13469860799934552, 0.1388225040358046, 0.13565860737277113, 0.14830587318410043], "train_ious": [0.43774697190636574, 0.5352580798654885, 0.575512103655416, 0.6067328351023404, 0.6340171984680323, 0.6507939650420693, 0.667833161796781, 0.6762771600506444, 0.6898080992741861, 0.700775528407615, 0.708971041646125, 0.7149993624484191, 0.719609960697699, 0.7243598735202912, 0.7320771458140315, 0.7448902073437751, 0.7415440339001194, 0.7460602726517379, 0.7581741051289481, 0.7588090025752349, 0.7651211162624153, 0.7680315250611826, 0.7715803976508152, 0.7693420061166734, 0.7840259551354075], "val_ious": [0.4727499691256578, 0.5445287163922753, 0.5769937550244125, 0.6061302077943, 0.63547338998836, 0.6358892842047457, 0.6528805682192679, 0.6867944354164426, 0.6714115639527638, 0.6656823419574378, 0.6957215219736099, 0.6998150432887286, 0.6930812878021296, 0.6899437543706618, 0.7051372113435165, 0.7077534887669742, 0.7114944116792818, 0.708240071716516, 0.7126864447541861, 0.6961673763783082, 0.7075616253027015, 0.7212920318479121, 0.7112475007340529, 0.7220809066641156, 0.6994994656331299], "training_time": 569.0180284976959, "avg_gradient": 0.004713254396192217, "memory_usage": 1151.470703125}