{"train_losses": [0.27476084677745466, 0.22933876077118126, 0.20865050768074783, 0.1901301233826772, 0.17560707907313886, 0.16528687585631144, 0.15518911689033973, 0.1499586127617437, 0.14279323407327352, 0.13962549230326776, 0.1349034518327402, 0.13091808504870403, 0.12651144255600547, 0.1246878612867516, 0.11947507496275332, 0.11684369486149239, 0.11307646403008181, 0.11350818512880284, 0.10800976387184599, 0.1077354688440328, 0.1018573549049704, 0.10147939383497705, 0.09815465970693724, 0.09604510863352081, 0.10204140424890362, 0.09304569402466649, 0.0885110052059526, 0.08816827084545208, 0.08584840931808171, 0.08579698115911173, 0.08650577262691829], "val_losses": [0.26327401593975397, 0.23812840231086896, 0.2195445998855259, 0.18717325673155163, 0.18317843131397082, 0.17002107397369717, 0.15640362724661827, 0.15173833882031235, 0.1632146135620449, 0.1565837565323581, 0.1525302477504896, 0.1452332270210204, 0.14400358060779778, 0.14423238777596017, 0.1394387039801349, 0.13742322620490324, 0.13654301769059637, 0.1510686701082665, 0.13426864649290624, 0.13333513182790382, 0.12713690701386202, 0.1307913348402666, 0.12910738538788713, 0.13520056511396947, 0.14073163789251578, 0.13225771551546844, 0.13168054414184197, 0.13259270090771758, 0.1258975635080234, 0.1380371922708076, 0.13699171416785405], "train_ious": [0.4403783261229323, 0.5332167774600828, 0.5696999608822493, 0.6047058393773824, 0.6310741470559783, 0.648925446297812, 0.6674473000069457, 0.6770478771540561, 0.6911094673517827, 0.6972726086775459, 0.7063706750995005, 0.7134789143675478, 0.7206314320041649, 0.7242649861112023, 0.7335717199721195, 0.7390847506298536, 0.7453198049055494, 0.74488262411045, 0.7539923700193565, 0.7541593893606593, 0.7659322345710321, 0.7664045525201852, 0.7724123098820017, 0.7763800631290761, 0.7655720635708689, 0.7818289652898693, 0.7901151098202971, 0.7908049507633501, 0.7953369737319326, 0.7958781776436864, 0.7940444187733577], "val_ious": [0.4554314908126127, 0.5213956882556279, 0.5487382820119029, 0.6118408197510071, 0.6320115679848023, 0.6405340418003608, 0.6641825092011604, 0.6750975169133449, 0.6614635932272759, 0.6695375084013179, 0.6782244968673456, 0.6852350986522178, 0.6980347125858499, 0.6960600096246471, 0.7011097771102104, 0.7043792508218599, 0.7029283919196199, 0.6842403286609096, 0.7168132639017657, 0.712278557860333, 0.7230333046636721, 0.7204370312932609, 0.7226852927950844, 0.7126721692258033, 0.7051138584164608, 0.7242922795855479, 0.7226309307675431, 0.724886002747909, 0.7340663576471634, 0.7205292314722919, 0.7227157989273902], "training_time": 699.2874467372894, "avg_gradient": 0.006130357464183411, "memory_usage": 1152.220703125}