{"train_losses": [0.2688938529919023, 0.22659634839257467, 0.20240828330102173, 0.1863732552560775, 0.17365255465973978, 0.16479154267226873, 0.1566470891804151, 0.15195254515856504, 0.14697099776695605, 0.13990978661762632, 0.13521340258581482, 0.13442696570216314, 0.12791907248775597, 0.12371032316561627, 0.11873850566537483, 0.11701623625729395, 0.11265397055641464, 0.10943458553241647, 0.10881158211470945, 0.10269726687313421, 0.0996601773911844, 0.10043645658246848, 0.09402487046368745, 0.09700699097922315, 0.09213576279580593, 0.08937293408519548, 0.08741890238193066, 0.08341303852427265, 0.08240487888131452, 0.08019559131935239, 0.09176175814607869, 0.08221673520038957], "val_losses": [0.26934396831885626, 0.21892129662244217, 0.22112139962289645, 0.17081767547389734, 0.17310015857219696, 0.15936597825392432, 0.15645868493163068, 0.15849931959224783, 0.1461438510728919, 0.14190102854500647, 0.14289346888013507, 0.13990713121450465, 0.1313296666611796, 0.13691370610309683, 0.13612788996618727, 0.13556865829488504, 0.1332029215991497, 0.13581671160848244, 0.13520178943872452, 0.13240767529477243, 0.13401286433572354, 0.12292778297610905, 0.128501672135747, 0.12464284410943156, 0.13344444026765617, 0.13360434948750163, 0.131988779520211, 0.13007067370673883, 0.12846103051434393, 0.14018043130636215, 0.138432029472745, 0.12946797567217247], "train_ious": [0.45718466593087576, 0.5376269281504381, 0.5815174561533805, 0.6122343228670999, 0.63519678896536, 0.6513639043314733, 0.666505090298428, 0.6751340563962424, 0.6840251349452612, 0.6961755922631078, 0.7057828191613804, 0.7062286316160707, 0.7183548423151175, 0.726305687611086, 0.7348389569939908, 0.7377953726960268, 0.7461191663599531, 0.7517445175436097, 0.7534753227255478, 0.7638555144270261, 0.7697157379833682, 0.7680277086902355, 0.7803320196875627, 0.7748592922437016, 0.7837344610496705, 0.788957301311303, 0.7930289639726932, 0.8005386656825089, 0.8022553294465158, 0.8065388134640195, 0.7848415741346023, 0.8026551672297974], "val_ious": [0.47630331265753595, 0.5438175134468769, 0.5518434925571732, 0.6330534252135651, 0.6291466936253118, 0.6561129836068637, 0.6641560514336046, 0.6615549988936685, 0.6814860228611077, 0.6933596633050754, 0.693257692499437, 0.6914054760034535, 0.7086175665043402, 0.7008499619753464, 0.7026055969189905, 0.707813592708629, 0.7108555760072623, 0.7069833589636765, 0.7071930461603663, 0.7184057881434759, 0.7121560774419621, 0.7314958423376082, 0.7216666053602662, 0.7328283009321794, 0.7210667547972309, 0.7154307384853776, 0.7268753902635712, 0.7305368262788524, 0.7333689329848774, 0.7224359862182451, 0.7146970120029171, 0.729542178736217], "training_time": 722.7345609664917, "avg_gradient": 0.00494244058582497, "memory_usage": 1151.470703125}