{
  "train_losses": [
    0.2665040169073188, 0.2274042639233496, 0.20762474956395832,
    0.18600784971014314, 0.170858443674186, 0.16107150272506734,
    0.15356659715104362, 0.14544564198054696, 0.14104944657858298,
    0.1338466896635035, 0.12682141602525246, 0.126038476338853,
    0.12103438980715431, 0.11610272530790257, 0.11345512002868496,
    0.11429531576678804, 0.108321828160273, 0.10520197325588568,
    0.09958021140292934, 0.09799270720585533, 0.09684851607712715,
    0.09403203379200853, 0.09056731973491285, 0.08841713558396568,
    0.08633569085403629, 0.0852503776550293, 0.082257981169159
  ],
  "val_losses": [
    0.27581977714662964, 0.26788639892702515, 0.21043821003126062,
    0.19028591623772745, 0.1724446688009345, 0.16565525337405826,
    0.1561420235944831, 0.15663654535360957, 0.14692572876811028,
    0.151311956346035, 0.13993693175523178, 0.15769039790915407,
    0.1452696676487508, 0.14071282517650854, 0.1397536939576916,
    0.14208713886530502, 0.13505306370232417, 0.13960014575201532,
    0.1375393111096776, 0.1325269874347293, 0.13720592597256537,
    0.1359499662142733, 0.13861886994994205, 0.12853904052273088,
    0.13634702287938283, 0.13876095640918482, 0.163756322439598
  ],
  "train_ious": [
    0.457941041800423, 0.532287247263003, 0.5704973842948673,
    0.6094388918600222, 0.6388752537685026, 0.6562240253324096,
    0.6711711558526844, 0.6847057278821433, 0.6936539791092489,
    0.7068147299730256, 0.7198117002304916, 0.7214568979174331,
    0.7295321421022863, 0.7386243946418383, 0.743896094299313,
    0.7425249010540437, 0.7525925937014213, 0.7591915858396585,
    0.7695466547232607, 0.7726826459925241, 0.7744125579146371,
    0.7794623241584371, 0.7861496098339551, 0.7905669636700466,
    0.7943378304117829, 0.796202025065819, 0.8023343493325119
  ],
  "val_ious": [
    0.4727880940705106, 0.5061855089405308, 0.5749801142492157,
    0.6123529299013856, 0.6373512274113252, 0.6471492417048718,
    0.6679064884133962, 0.6669878378726433, 0.6867543715929639,
    0.6817211562740632, 0.6986041308745092, 0.6723367951918338,
    0.6968564853288126, 0.6979103630435637, 0.7014843478150988,
    0.6986932596866636, 0.7086359318615733, 0.7029614133247432,
    0.7124688990306164, 0.7194839737553529, 0.7178038982809455,
    0.7168269045111061, 0.7144375549278397, 0.7302255522513734,
    0.720219215621119, 0.7193248677944789, 0.6918661419464197
  ],
  "training_time": 609.1161918640137,
  "avg_gradient": 0.009704184767102234,
  "memory_usage": 1151.470703125
}
