{"train_losses": [0.26817585495503055, 0.2260476950879978, 0.20301005754457868, 0.18707304342609385, 0.17706954681678957, 0.16613027429127175, 0.15808962285518646, 0.1503116299762674, 0.14468175338824157, 0.1388300393262635, 0.13502458952691243, 0.13106221932431925, 0.12670873842485572, 0.123226724969952, 0.12005073492131803, 0.11915394578776929, 0.1144486568139299, 0.11007395686338776, 0.10722214327720196, 0.10418326286194117, 0.10321422986200322, 0.10086361249989789, 0.10036700830349456, 0.09689140866470078, 0.09543128659867722, 0.08999735752687506, 0.08824726558573869, 0.08687521331012249, 0.09131837008601945, 0.09074691816678514], "val_losses": [0.2557836758053821, 0.2230971050651177, 0.19829354499993118, 0.2126540042783903, 0.17139013694680255, 0.17103946921618088, 0.1558600100486175, 0.15148354159749072, 0.16444724571445715, 0.16658142630172812, 0.1623050129931906, 0.15029005641522614, 0.14758171821418015, 0.1405889434011086, 0.14311728351142095, 0.13789283549008163, 0.14048462101946707, 0.14674795078842537, 0.1413734820873841, 0.13537361100316048, 0.1418643963077794, 0.1337045946198961, 0.1361445394223151, 0.13557739215700523, 0.13351413801960324, 0.13747642140673555, 0.13728024551401968, 0.13887394057667773, 0.1317330203626467, 0.1434036196897859], "train_ious": [0.4604291077433285, 0.5368852600509271, 0.5794649823312309, 0.6092078644188416, 0.6277420081306192, 0.6473273265620937, 0.6609865776870562, 0.6763745759600314, 0.6864416857344516, 0.6972731832360874, 0.7045501380942875, 0.7122066157559547, 0.7200401830284493, 0.7274288069726765, 0.7322541994677078, 0.7336089485257432, 0.7425084713900437, 0.7497776563724746, 0.7552548069236936, 0.7604595718608387, 0.7628422875119295, 0.7669988969961805, 0.7678386928054731, 0.7745696651222913, 0.7771026705378205, 0.7876061836014623, 0.7907093969592157, 0.7935855674246948, 0.7857425125396772, 0.7865837906365813], "val_ious": [0.4998023269185124, 0.5399518282949058, 0.5876422684261763, 0.5799406013195063, 0.6378143280744555, 0.6404234144998632, 0.6697627917148065, 0.6803629590549329, 0.6539885425481243, 0.6614842460207314, 0.6781749016996745, 0.6861083425473476, 0.690948841796405, 0.6970963499684264, 0.6982225581355717, 0.7046269398668537, 0.7020371191311575, 0.6971407817757648, 0.7049433018850244, 0.716215801195822, 0.7075470707554747, 0.7219041918498883, 0.7178659406693086, 0.7176192238710928, 0.7262263019447741, 0.7233401612527129, 0.7230155822159589, 0.7236948546724044, 0.7266602505376372, 0.7107472424057946], "training_time": 679.234304189682, "avg_gradient": 0.0040691217057490445, "memory_usage": 1151.470703125}