{"train_losses": [0.27705241861226765, 0.2326075258138387, 0.21353362929885802, 0.19694262953556102, 0.18300719972213972, 0.1739135476882043, 0.16548033698421458, 0.15871639080021693, 0.1512943548757745, 0.1482594111205443, 0.14258453914004823, 0.13983534033531728, 0.13349449780324232, 0.1319862731287013, 0.1293575785568227, 0.12563330821854912, 0.12134351937667183, 0.11778186573444502, 0.11769446386429279, 0.11219359043499698, 0.11168216950381579, 0.10859285505569499, 0.1068197036485957, 0.10133279333619968, 0.1005129978141707, 0.09899290319046249, 0.10176702839848788, 0.09353853268143923, 0.09442635933342187, 0.09219852089881897, 0.0885101021874858, 0.0891626016439303], "val_losses": [0.24266959467659827, 0.2653522361879763, 0.20859086805063745, 0.19671296393093857, 0.18298874147560285, 0.17787611290164615, 0.1658814108890036, 0.1617786573327106, 0.18515503503706143, 0.15471233168373938, 0.15851047311140143, 0.1433033086359501, 0.13837097714776578, 0.13945555978495142, 0.13854589928751407, 0.1334706075165583, 0.1347600179521934, 0.1401322210288566, 0.13755534200564676, 0.13143252467979555, 0.13077794096392134, 0.1334759761457858, 0.13190154034806334, 0.1317932306100493, 0.1464318786950215, 0.13105813268086183, 0.1278521295474923, 0.13641829869669417, 0.13168755481424538, 0.13328173335479654, 0.1260220142810241, 0.14402268859355347], "train_ious": [0.439508379396537, 0.5268880073790967, 0.5638708625312733, 0.5941549116286678, 0.6182693253824675, 0.634143805860177, 0.650367004931837, 0.6616705591263977, 0.6747824648476165, 0.6802672090521754, 0.6918593098180018, 0.6959955613466277, 0.7072591620726862, 0.7109627618413904, 0.7160232236095964, 0.7221683998578704, 0.7302832494395367, 0.7364677365167414, 0.7367038158294948, 0.7463079862080623, 0.7481841439030307, 0.7524014563988082, 0.7564567936503366, 0.7669875357246052, 0.7678045729256197, 0.770674570531085, 0.7657555258576424, 0.7812837731039177, 0.779239596556062, 0.7833117028509359, 0.7905736320476605, 0.7898695709156816], "val_ious": [0.5071588967373405, 0.4738445413717324, 0.5745450806790502, 0.5887014883151952, 0.623655401710151, 0.6228874336550201, 0.652212352424428, 0.658123131679452, 0.641859622537226, 0.6709062249764152, 0.6661583187355513, 0.6889317415762637, 0.6977763933979944, 0.6970108665417932, 0.698737592584845, 0.7114912379479061, 0.7059530248676522, 0.6983224047698835, 0.7044640839963721, 0.7158973299074866, 0.7174820526354554, 0.7144085317850112, 0.7146084172570191, 0.7151467283998708, 0.7016166740137599, 0.7245802786471186, 0.7247189769278402, 0.7156374245018198, 0.7232520059830898, 0.7241422955108725, 0.73085213376992, 0.7025299273107362], "training_time": 719.6838941574097, "avg_gradient": 0.0047315425842595835, "memory_usage": 1152.220703125}