{"train_losses": [0.28562074664818204, 0.23778566653313843, 0.2161401076971189, 0.1980890125522147, 0.18455747952279838, 0.17247214160211707, 0.16250791611230891, 0.15949209504153417, 0.1505018566613612, 0.14542498609618001, 0.13983707842619522, 0.13716601985304253, 0.1325033471879104, 0.12957344171793564, 0.12754778778585402, 0.12307518299507059, 0.1168601305588432, 0.114479032466593, 0.1098846657525586, 0.11327255561785854, 0.10591815723835127, 0.10497079182254232, 0.10236623142238545, 0.10096050835336032, 0.09831597056725751, 0.09538668738273175, 0.09288571305249048, 0.0920706135423287], "val_losses": [0.25377700056718744, 0.2311596238742704, 0.20327407542778098, 0.1864486135866331, 0.21809216880280038, 0.18996797987948294, 0.15946480275496192, 0.15691617941078934, 0.15582584346766057, 0.14496724469506223, 0.16252595477777979, 0.1416677359653556, 0.1413675930512988, 0.14486675741879837, 0.14113034599501154, 0.14028235427711322, 0.13303599749570308, 0.13230098881151364, 0.13512125595108324, 0.13477573187454886, 0.13847348142577254, 0.12898426486746126, 0.12717888196525368, 0.13415192877468857, 0.12367561006027719, 0.1362056685206683, 0.13002409526835318, 0.1396832658868769], "train_ious": [0.4179453575288527, 0.5158200990678605, 0.5576952276076528, 0.5906720682168786, 0.6154822726612504, 0.6363658912587861, 0.6530997053976506, 0.6599606611914393, 0.6760563524304954, 0.6859149814083957, 0.6949812537194162, 0.7010259874488997, 0.7092172910553824, 0.7156953903428022, 0.7186841498250545, 0.7262015611581177, 0.7382704111329026, 0.7426279068964974, 0.7507916293714357, 0.7446114028385581, 0.7584084373885307, 0.759587260476057, 0.7643870774494562, 0.7669324685913932, 0.7717562630448651, 0.7774356327195098, 0.7819330328940479, 0.7835164745540723], "val_ious": [0.48712901382342644, 0.5236147942318433, 0.576061031308727, 0.6105890446814939, 0.5901823299734488, 0.6179567236399306, 0.6659120792064114, 0.6674840573383414, 0.6657837391763495, 0.6883706221545952, 0.6629964307598446, 0.6978606866753619, 0.6967789424934253, 0.6908332163441009, 0.6998159295838811, 0.7066964401283127, 0.713750370386718, 0.7169422986714736, 0.7142483360957408, 0.7098288726115574, 0.7076539367005443, 0.7240945381530817, 0.7270577500263851, 0.7246155982864076, 0.7360907749853274, 0.7136434683765189, 0.7241183532320935, 0.7137672497310501], "training_time": 630.4260640144348, "avg_gradient": 0.010529691124535091, "memory_usage": 1152.220703125}