{"train_losses": [0.2730153709973978, 0.22589132894316447, 0.20298415195682776, 0.18372277591539465, 0.175254149524414, 0.16296761628726256, 0.1577093101956922, 0.15096470543547816, 0.1479433133955235, 0.1400183258659166, 0.13559545353864846, 0.1333291865480335, 0.12986343507857426, 0.1255831510719398, 0.12276072848750197, 0.11992564667826114, 0.11483720017840034, 0.1133767256675207, 0.1073858994666649, 0.10900529465921548, 0.1040642524704985, 0.1005156304606277, 0.0970123406175686, 0.09482678212225437, 0.09458114482138467, 0.09315069748655609, 0.08826138038674126, 0.09024265003593071], "val_losses": [0.25215312579403754, 0.24117012807856436, 0.1997907245936601, 0.19328460453645044, 0.17487640257762826, 0.16540574703527533, 0.16641515266636145, 0.14704092932136162, 0.18239670991897583, 0.1480131644917571, 0.14231872396624606, 0.14781687862199286, 0.14090993919450304, 0.1433214120890783, 0.13497789900587953, 0.13883530656280724, 0.13614934877209042, 0.1338289206766564, 0.12894781257795251, 0.13380596657162128, 0.1336241103708744, 0.13839956049038016, 0.130627795567979, 0.12927780559529428, 0.1332111625891665, 0.12583009412755136, 0.13676721181558527, 0.13380041086803313], "train_ious": [0.4512805219746422, 0.5394855822180059, 0.5804368291266151, 0.6163766708602939, 0.6322227665695592, 0.6543188952449441, 0.6637811408094738, 0.6752158130208649, 0.6810770271804886, 0.696133725885032, 0.7034884019606359, 0.7080559176595315, 0.7144205599375395, 0.7218572631262355, 0.727387538638668, 0.7326071716413116, 0.7414930851023267, 0.7437266770048417, 0.7548119285940262, 0.7523737235561662, 0.7613871573753983, 0.7677529450451984, 0.7737645349748756, 0.7780105512643203, 0.7781537856528731, 0.7820306746424114, 0.7906654906337686, 0.7873867738830007], "val_ious": [0.49301085891067115, 0.534671213315881, 0.5892710536718369, 0.6043721811063049, 0.6371229314717695, 0.6528782606988713, 0.6513067928777226, 0.6809549895317659, 0.638662766935169, 0.6803924564434134, 0.6915180896935254, 0.6894317187260891, 0.6992154397826265, 0.6917785643667415, 0.7061424538277197, 0.6992176451544833, 0.7056995064452074, 0.7165590449087861, 0.7181063216665519, 0.7134794029204743, 0.7141895086868949, 0.7098474975513376, 0.721141755796861, 0.7250312422064767, 0.7182305329951688, 0.7270529300406356, 0.7165931489156637, 0.7118478972410811], "training_time": 599.546605348587, "avg_gradient": 0.003983327783301251, "memory_usage": 1149.87109375}