{"train_losses": [0.28282588525958685, 0.2334697751895241, 0.21504567531139954, 0.19772505533436072, 0.18926918247471686, 0.17713428345387397, 0.17096934459455634, 0.16397043390442495, 0.15654353129313045, 0.15167309797328452, 0.14621600804283566, 0.14449881750118473, 0.14029929082354772, 0.13408622497935657, 0.1309858067366092, 0.12843740184831878, 0.12467229188136432, 0.12357240769526233, 0.11982705063470032, 0.11786500044652949, 0.11236611445960791, 0.1104852920803039, 0.10896941124583068, 0.1044751352266125, 0.10362334144504173, 0.10080208864224993, 0.10430807110084139, 0.09826232343102279, 0.09533869539913924, 0.09284354183498932, 0.09126324089163024, 0.08954075687443433, 0.09132068972710682], "val_losses": [0.3273275410351546, 0.24123468152854755, 0.2126267610684685, 0.22636902235124423, 0.19784657948690912, 0.1724090942222139, 0.17176441653915073, 0.16258070034825284, 0.15867447172817978, 0.162086753093678, 0.14846936305579933, 0.15449559299842172, 0.1462974441440209, 0.14038812903606374, 0.1405943828108518, 0.14869143894833067, 0.1415411138340183, 0.15162291863690253, 0.1392242829112903, 0.1484959133617256, 0.14066138717791307, 0.13635397459501805, 0.13890036001153613, 0.13315796738733415, 0.1319761159627334, 0.1282749650594981, 0.133284078506024, 0.13851534251285635, 0.1347096259503261, 0.12764383253196013, 0.1490642240513926, 0.12875576139144276, 0.14629548739479936], "train_ious": [0.42500615410803677, 0.5243531655844142, 0.5602607356411389, 0.5906300098783728, 0.6053650663706706, 0.6281392640177753, 0.6399199010777302, 0.6518449280141055, 0.6655355146613674, 0.6747642401335898, 0.6850903488263704, 0.6870873709195766, 0.6946059124193331, 0.7060427470807579, 0.7111593074556712, 0.7171873953463376, 0.723844737300406, 0.7252124860018924, 0.7322434570802296, 0.7362565107751583, 0.7454191109948402, 0.7498792286800302, 0.7514981725185678, 0.7599207084032069, 0.7616537889816627, 0.7669592991579267, 0.7602553627845169, 0.7717729943494002, 0.7771912766755488, 0.7821330236999886, 0.7845362682381397, 0.7882511963986832, 0.7852945178747178], "val_ious": [0.43020231708668283, 0.5256979893083159, 0.5538759140864663, 0.5337704690038292, 0.5841001807779506, 0.6404848182978838, 0.6394830438969793, 0.6524909069572669, 0.6628192352211995, 0.6617951298105545, 0.6825162014667537, 0.6793896156376686, 0.6885380688784778, 0.6974798263846963, 0.6993339027183644, 0.6935623888520227, 0.6945699969495552, 0.6875190652798916, 0.7015115232139395, 0.6957899172236953, 0.7037103739769562, 0.7088475728380509, 0.7109064507311669, 0.7183080443005632, 0.7226440776949343, 0.7270980717047403, 0.7191161118123842, 0.7172162232623583, 0.7235985650964405, 0.7293785575075425, 0.7046724439099212, 0.7296461862498435, 0.6995774021615153], "training_time": 709.2208714485168, "avg_gradient": 0.005982705773091812, "memory_usage": 1149.87109375}