{
  "train_losses": [
    0.26710862431513227, 0.2227809266389712, 0.19944749780647134,
    0.18591831794575506, 0.171408428122168, 0.16193008552426877,
    0.15404596811403398, 0.14806147348945556, 0.14261539576008267,
    0.13801103093377923, 0.13255562293140785, 0.12913944398093483,
    0.12777169356527535, 0.12094930518904458, 0.11804816402170969,
    0.11519279011079799, 0.11231828594337338, 0.10621018464798512,
    0.10537918835230496, 0.10390469496664793, 0.1010748412784027,
    0.09638927439632623, 0.09257034811636676, 0.09746441799823356,
    0.09578932380384725, 0.08865885315058024, 0.08680085428868947,
    0.08477352308514326, 0.08316556708482296
  ],
  "val_losses": [
    0.2415953272062799, 0.22154233442700427, 0.19207123407851096,
    0.18066816388264947, 0.17125492931708045, 0.16743079313765402,
    0.15192241594195366, 0.14973495171769804, 0.1690418360673863,
    0.14296887782604797, 0.1494944620391597, 0.1431046981850396,
    0.1455313803061195, 0.14591031602543333, 0.138474783009809,
    0.13867317123905473, 0.13211820128819216, 0.14208998790253763,
    0.13667952917192294, 0.14900143395947374, 0.13442295060857481,
    0.12712500746483388, 0.13171471882125604, 0.15384705737233162,
    0.12877011201951816, 0.12484037341630977, 0.12888067183287247,
    0.12785618784634964, 0.17772593754141228
  ],
  "train_ious": [
    0.4597221375105605, 0.5466935248316631, 0.5860334608865818,
    0.6113552803686566, 0.6376579065901643, 0.6547041348033195,
    0.6694240608940953, 0.6805076351308302, 0.6900041931565256,
    0.6993186139650104, 0.7080167014205798, 0.7149471373877665,
    0.7180358582864637, 0.7296501960119471, 0.7349657358034795,
    0.7402402722965119, 0.7457477163685406, 0.7568013784138189,
    0.7585164524506836, 0.760856008885995, 0.7657987294529657,
    0.7751469085721866, 0.7820306702692446, 0.7731907888707041,
    0.7758461657533612, 0.7895232788894487, 0.793325595287741,
    0.797300621975159, 0.8003462228006208
  ],
  "val_ious": [
    0.5160749592426894, 0.5508205275172773, 0.6004004646902499,
    0.625118552774623, 0.6390291633813278, 0.6530179515265037,
    0.6781656608201455, 0.6819581799749014, 0.6537195705417274,
    0.6918586559485697, 0.686005843506343, 0.6965305498544722,
    0.693253076594809, 0.6896149937225424, 0.7043316048988397,
    0.7032179152188093, 0.717695066030475, 0.7013004895137706,
    0.7109540631805641, 0.694314608755319, 0.7149985981160316,
    0.7271346318117089, 0.7264705421268075, 0.6917540901812952,
    0.7246071663887605, 0.7361954223850498, 0.7314378940972728,
    0.7296982664560925, 0.6876251449187597
  ],
  "training_time": 633.823853969574,
  "avg_gradient": 0.0061897736285142155,
  "memory_usage": 1145.87109375
}
