{"train_losses": [0.2710550518139549, 0.22414488240104655, 0.1986425401561934, 0.18093504578523015, 0.168574049744917, 0.15936605855012717, 0.15205293314774398, 0.147054779626753, 0.1425871478960566, 0.13643889007684978, 0.13255959105394458, 0.13167377107817194, 0.12541528131164933, 0.12174899297078019, 0.11985683967561825, 0.11523680688570374, 0.11630137037971745, 0.11016429438377204, 0.1080705688699432, 0.10402765631189813, 0.10303507870792047, 0.1021038448519033, 0.09971550204183745, 0.0972547962775697, 0.09706431238547615, 0.0973979874473551, 0.09212478691631037, 0.08976952087781999, 0.08640629656450904, 0.08553939664979344, 0.08502042722766814, 0.08265808819914641], "val_losses": [0.2286290267239446, 0.2055408565894417, 0.20999183279016745, 0.17609937456638916, 0.1615346783529157, 0.18614933898915415, 0.1787681404663169, 0.15701140803487404, 0.16792625998673233, 0.14059258867865024, 0.15557470658551092, 0.14515337720513344, 0.1372604397651942, 0.1458032733720282, 0.13486000053260638, 0.13472251237734503, 0.13053209026870521, 0.12285624023364938, 0.12426384441230608, 0.13392720614438472, 0.12962764436783997, 0.1259750137510507, 0.12968088637875475, 0.12432274449130763, 0.1364089108031729, 0.1301888773298782, 0.12995791678195415, 0.12326012762344402, 0.12336502612932869, 0.13354023303026738, 0.12340435450491698, 0.13686127993075745], "train_ious": [0.4528739070857241, 0.5455232365731745, 0.5887382995553206, 0.6219564042985438, 0.6446100704479909, 0.6603407406828544, 0.6742621827600661, 0.6834836082290048, 0.691007101719362, 0.7020621630160705, 0.7102441833071085, 0.7110538032391797, 0.7225866576359757, 0.7287787479766901, 0.7322935316765653, 0.7404682175188825, 0.7389405738508354, 0.7496999468708379, 0.7533337957077267, 0.7609142257251599, 0.7627931082270282, 0.7647512527587621, 0.7696535091145317, 0.7739453656409961, 0.7736404153207939, 0.7732322751072003, 0.7833179368273072, 0.7876079738464046, 0.7941916562292887, 0.7958080809617383, 0.7971434088936751, 0.8015517665856126], "val_ious": [0.5390664989101713, 0.5804890896315159, 0.5794423271132554, 0.6263075432051782, 0.6571909124436586, 0.6232251088688338, 0.6344850266325301, 0.6647259076868278, 0.6603923174350157, 0.693036929420803, 0.675277098365452, 0.6872180985367816, 0.699800989550093, 0.6939097625621851, 0.7102934653344362, 0.7070669993974161, 0.7157406457092451, 0.7288417947897013, 0.7261344989140828, 0.7150844717803208, 0.7224877401106601, 0.7246867433406304, 0.7187174180711524, 0.7310390440018282, 0.7103764825109123, 0.7196098289627958, 0.7243248796549395, 0.7355060279369353, 0.7387705440970432, 0.7261321013388427, 0.7365179184986196, 0.7178581778122033], "training_time": 687.9220676422119, "avg_gradient": 0.01375414332325651, "memory_usage": 1149.87109375}