{"train_losses": [0.2635902778609939, 0.2235791741505913, 0.2006779646743899, 0.18476928033582543, 0.16966409754493963, 0.16087394879887934, 0.15348949906942638, 0.14679379105243995, 0.14056167715107618, 0.13756168006068986, 0.13146645551466424, 0.1280746490330152, 0.12476495491421741, 0.12195624022380165, 0.11646144266199807, 0.11213201600248399, 0.11324038502314816, 0.10765303468898586, 0.10386644198518732, 0.10126165596201368, 0.0992673838754063, 0.09762651485431453, 0.09335619405559871, 0.08880445810601763, 0.08789651314525501, 0.09262568754670412, 0.0888762750217448, 0.08546607135592596, 0.0808780311971255, 0.08020553511121999, 0.07810717258278442], "val_losses": [0.27927292170731915, 0.21830343487470047, 0.20423752522986868, 0.18128921901402267, 0.1657446318346521, 0.1571778506040573, 0.16251922269230304, 0.15089376189786455, 0.14738659576877303, 0.15301406675058862, 0.13712538147102232, 0.15500141777422116, 0.14239377625610516, 0.14135956116344617, 0.1380314136976781, 0.15947879462138467, 0.13364957402581754, 0.13854666604943897, 0.13991889130810034, 0.1372920158116714, 0.1267353542473005, 0.13198436505120734, 0.13148926603405373, 0.13366445008179414, 0.1425263748868652, 0.1339681840137295, 0.13117195082747418, 0.12795732040768085, 0.13458934896018193, 0.13219225584812785, 0.14858779505543088], "train_ious": [0.4671036963540038, 0.5427355302254788, 0.5837502378592455, 0.6138284396974074, 0.6414428160566349, 0.6577592943457591, 0.6703533179302147, 0.6837570216992629, 0.6940464579864688, 0.7004780897843661, 0.7111059337098533, 0.7165816225975317, 0.724074033561392, 0.7281715534627438, 0.7385329288848935, 0.7467999942060828, 0.744251056155865, 0.7542191584581047, 0.7610674246173836, 0.7661377092202507, 0.769977162929549, 0.7731891067131701, 0.7809527304185478, 0.7894793672730095, 0.7911912846932374, 0.7825502172868317, 0.7895970745147136, 0.796347261878891, 0.8054868451495097, 0.8070224796732266, 0.8112086268222853], "val_ious": [0.4851809807013774, 0.5527936785981274, 0.5836346503617106, 0.6214757052020751, 0.6506050257147222, 0.6655313407165416, 0.6608600819456403, 0.6790974580723305, 0.6836580737777376, 0.6804931619461032, 0.6997500621322272, 0.6876202657602836, 0.6969953045464947, 0.6988899826571561, 0.703020924459333, 0.6796752037345497, 0.7123223255941834, 0.704295287745586, 0.7107321239899898, 0.7131876599961432, 0.7289386804121127, 0.7239299023496933, 0.7253065273381661, 0.7271554819915605, 0.7105073527149532, 0.7195292158403259, 0.7236410979775414, 0.7291970047829804, 0.7299678478983863, 0.7329276160917422, 0.7137466483358025], "training_time": 671.4791386127472, "avg_gradient": 0.003344153447971022, "memory_usage": 1149.87109375}