{"train_losses": [0.26606231296192046, 0.22665691116581793, 0.20238569403148216, 0.18572312237127966, 0.17352853326693826, 0.1640924279294584, 0.1583885891848932, 0.14989331409173168, 0.14574330607834068, 0.14144167798044888, 0.13629040676776483, 0.13172792372010325, 0.12747216406885697, 0.12237624864539375, 0.123231066674318, 0.11738597706932088, 0.11261650187003872, 0.11364678427091111, 0.10912002667622722, 0.1066035919053399, 0.10489008024982784, 0.10057361027144868, 0.09758300216787535, 0.09621920562146799, 0.09464402581848529, 0.09361072532508684, 0.0924706951836529, 0.0883778709837276, 0.08910576509230811, 0.08637614936932274, 0.08110396612597548, 0.08469929501576268, 0.08257219021249076, 0.07910163002088666], "val_losses": [0.2372260071013285, 0.2121216994912728, 0.1962476178355839, 0.17560592455708463, 0.170006121630254, 0.15749290650305542, 0.1781167446271233, 0.14440422505140305, 0.15356919250410536, 0.1621279528607493, 0.14462967087393222, 0.14523044536295143, 0.13786167440854985, 0.14325371076879295, 0.14070301081823267, 0.1367234134155771, 0.13935681302910266, 0.13194708688103635, 0.1394045994333599, 0.1358433670323828, 0.14979725460643353, 0.1378557852104954, 0.13585617409452147, 0.13256769740711088, 0.12924206078700398, 0.1285286620259285, 0.12732555620048358, 0.1270453082802503, 0.12916913061686183, 0.12867793376031128, 0.12955737470284753, 0.12737606562997983, 0.12803136557340622, 0.14015085136760835], "train_ious": [0.46639452313167457, 0.5383775507950265, 0.5825139659902324, 0.6129040692703448, 0.6342101421585116, 0.6531873668773448, 0.6627930049663001, 0.6776502026595932, 0.6861910521984099, 0.6940465264994167, 0.7026012641904148, 0.7104034127424591, 0.7189486238403594, 0.7270685966680016, 0.7260074924839577, 0.736580107685017, 0.7447570643887135, 0.7438530314011855, 0.7524341668771658, 0.7565762119880621, 0.7596020224517668, 0.767212743452494, 0.7724476344883441, 0.7753334370968136, 0.779033471060836, 0.7806358241300649, 0.7824207403953521, 0.790446366952813, 0.7898409272125662, 0.7943325686282003, 0.8047517375561639, 0.7975649382325184, 0.8016031659815621, 0.809000621023385], "val_ious": [0.5163429250967675, 0.5624536619238232, 0.5943527454915254, 0.6295005746077801, 0.6421643791423327, 0.6655856826599091, 0.6505648256212041, 0.6896738917499349, 0.6714706917603812, 0.669574874466744, 0.6894155837919401, 0.6904934847700422, 0.7022150910418966, 0.6907920647358549, 0.6975311293550158, 0.7044036090373993, 0.7045479894116307, 0.7168406494285753, 0.7086118980162384, 0.709003788837488, 0.6974824263133863, 0.7133975188801255, 0.7155959331902906, 0.7274275298999705, 0.726500303632971, 0.7302944426951201, 0.7288220460000244, 0.7334259897470473, 0.7286438263844752, 0.7308809513199155, 0.7358190881601278, 0.7355577027884085, 0.7357960671618365, 0.7225781087426172], "training_time": 732.9689211845398, "avg_gradient": 0.005399908086190285, "memory_usage": 1149.87109375}