{"train_losses": [0.2620238047093153, 0.2229318736202043, 0.19966775551438332, 0.18077887052103228, 0.1690497372461402, 0.1611458123864039, 0.15025054311136837, 0.1455683799703484, 0.14006264892447254, 0.13473667451382978, 0.13246090463160173, 0.12953540800220292, 0.12102501908236224, 0.12037531792631616, 0.11590614080753016, 0.11353500908159692, 0.10849357914665471, 0.1052165728305345, 0.10519953019431104, 0.10016810213742049, 0.09923717707557522, 0.09573691706780506, 0.0932864832651356, 0.09148053950427668, 0.09269703884163628, 0.08968007831793764, 0.08620506610073474, 0.08485458285102378], "val_losses": [0.2320681007012077, 0.23674372259689414, 0.21729643092207288, 0.18218970460736233, 0.18093865980272708, 0.17040277434431989, 0.1550179072048353, 0.1612159898099692, 0.15754440945127737, 0.14705343155757242, 0.14684971486744675, 0.14663366066372913, 0.14185574326826178, 0.1479179642122725, 0.1501964103916417, 0.14152779543529387, 0.1396658222960389, 0.14044436213114989, 0.1350187051879323, 0.13381854558120604, 0.13129024369561154, 0.1320799728450568, 0.13463345834094545, 0.1367327119021312, 0.15079790774894797, 0.13390295725801718, 0.14881006288139717, 0.15120733691298444], "train_ious": [0.47576166011824955, 0.544103462977902, 0.5859407085547413, 0.6220249539052233, 0.642608261194782, 0.6580796934448291, 0.6768791692304437, 0.6850670599851058, 0.6947601196234638, 0.7053597125670185, 0.7091790123478227, 0.714707845363064, 0.7303909093573475, 0.7323202547495776, 0.7390706086720241, 0.7439423425366047, 0.7527712160262512, 0.758873350648344, 0.7591654827845268, 0.7677007915749066, 0.7693465471375684, 0.7765652829430243, 0.7806618203935415, 0.7845288397393364, 0.7821702714739501, 0.7878569275464702, 0.7943816314572879, 0.7971741694795049], "val_ious": [0.5269272158975186, 0.5256700909871986, 0.5691046959896017, 0.6144730271636577, 0.6282351196244141, 0.6478128146002257, 0.6713944932688837, 0.6586272306200389, 0.6787176577077395, 0.686353789723438, 0.6843897179848905, 0.6856458258369694, 0.6958796127118928, 0.6861423305843187, 0.6890785536472348, 0.7021001758782761, 0.7122822818548782, 0.7070039139277694, 0.7106134733860042, 0.7159883846407353, 0.720130516567092, 0.7227861740882847, 0.7210595862589022, 0.7188398611286412, 0.6991846179184705, 0.719887477548226, 0.7130497333364209, 0.70249958962634], "training_time": 596.9480333328247, "avg_gradient": 0.006451953106304788, "memory_usage": 1145.87109375}