{"train_losses": [0.2790817444253227, 0.23321369889637697, 0.20796613006488138, 0.1905528125555619, 0.17636136913105196, 0.16594054185501908, 0.15703155808960614, 0.1531631399108016, 0.14642350679344457, 0.1417691930723579, 0.1341499671259004, 0.13232814557040515, 0.1279301133573703, 0.1243995777533754, 0.12004100065678358, 0.11539727222660313, 0.11284906951629597, 0.11146480986929458, 0.10771928602100714, 0.10491183630960144, 0.10457656427246073, 0.10065907466670741, 0.09784904903853717, 0.094237653862523, 0.09052355518645566, 0.08959194191772005, 0.08966040991894576], "val_losses": [0.26448036373957345, 0.22636767703553903, 0.20189774587102557, 0.18760915813238724, 0.17882758800102316, 0.17711717376242514, 0.16280503344276678, 0.15136468912596288, 0.15258270761241083, 0.1589946915274081, 0.1434069719651471, 0.14361136422856993, 0.15984566331557606, 0.1424119043285432, 0.1452125597583211, 0.15238176221432892, 0.13707367476561796, 0.1408814925538457, 0.13521550676744917, 0.14301817232499953, 0.1390416605964951, 0.13462424553606822, 0.14314956509548685, 0.1363227020787156, 0.13090322717376376, 0.13087785341169522, 0.15054874203127364], "train_ious": [0.4363381125815751, 0.5249240734492956, 0.5720870132031649, 0.6027583773585333, 0.6287913330007292, 0.6477550997034361, 0.6640824667461542, 0.6725740251333816, 0.684846394519875, 0.6931965264721195, 0.706069482355446, 0.7101514262781627, 0.7186792803307375, 0.72435766901227, 0.7319719066330488, 0.7403468179206053, 0.7451813088702982, 0.7471445794014826, 0.7542216258960357, 0.7596216761655568, 0.7599755229185456, 0.7672161649426686, 0.7736911847647547, 0.7794769147168029, 0.7862932386173719, 0.7881427122738913, 0.7876383419270104], "val_ious": [0.4837555534381798, 0.5389120823879173, 0.5862754383596821, 0.6139908072309218, 0.628445605005043, 0.6455682872430137, 0.656767704564592, 0.6769772942947305, 0.6760449500187584, 0.66268285093964, 0.6929531101731286, 0.6918154717355532, 0.6691172699565472, 0.6991729205069334, 0.6962549455355908, 0.6837294369504072, 0.7073954266050587, 0.7022055314070935, 0.7161652139131575, 0.704712681580281, 0.7077762931585312, 0.7175551486620005, 0.7041544279326564, 0.7222565125296083, 0.7280938426653544, 0.7268309804840365, 0.7014593700135964], "training_time": 577.7546746730804, "avg_gradient": 0.016928116073847123, "memory_usage": 1145.87109375}