{"train_losses": [0.268954248532005, 0.22917714301982653, 0.20709796233669572, 0.19093554782802644, 0.17355789341356442, 0.16318130116585805, 0.1550656298742346, 0.15043594186072765, 0.14367983797970024, 0.14083953274656896, 0.13653304468354452, 0.13072975210683502, 0.12763548925842927, 0.12450010548143284, 0.12102351175702136, 0.11538140925214342, 0.1142132522781258, 0.11009770461722561, 0.10805563405965982, 0.10639095188968856, 0.1049950088414809, 0.09774742652054715, 0.09537419842799073, 0.09476433576935012, 0.09498580824583769, 0.09351722009318031, 0.08926805185720972, 0.09102058621204417, 0.08699956896674374, 0.08374979917931816, 0.08215040247887373], "val_losses": [0.24557767419711404, 0.2283402823883554, 0.2637110851381136, 0.18897765712893527, 0.18255365834287976, 0.16324934752091116, 0.1794474452086117, 0.15918718699527823, 0.1620369203712629, 0.1679343017547027, 0.1426745128372441, 0.15071739418351132, 0.14792807367832764, 0.1417442322101282, 0.13590770911263383, 0.142344211106715, 0.14152042486745378, 0.13858732192412668, 0.13075657788178194, 0.14365175447386244, 0.13226201012730598, 0.13178956654408705, 0.1401434234626915, 0.13528844778952392, 0.12858835089465845, 0.13093529787400496, 0.12857492138510165, 0.13736222992124764, 0.12977698801652246, 0.1315987500483575, 0.14427629550514015], "train_ious": [0.45798760038409136, 0.5314853970447314, 0.5730577992626291, 0.6020338770703989, 0.6358976545001285, 0.6521800687887532, 0.6678597385036774, 0.6771950467989062, 0.6893984411937605, 0.6947827746794711, 0.7014643929466822, 0.7126060099597429, 0.7176656289485058, 0.7239474063010323, 0.7309937369672285, 0.7404011464745238, 0.7427069909222743, 0.7504711685621221, 0.7542940338776596, 0.7571935216909738, 0.7593868982208811, 0.7732628232974936, 0.7775696120292374, 0.7787796295099497, 0.7778955123562745, 0.780820804823568, 0.7890802253631576, 0.7857715905360554, 0.794061886821536, 0.7996683974844826, 0.8031359550313673], "val_ious": [0.506840278596982, 0.5391764922634413, 0.4977417082890221, 0.6129940575447638, 0.6198153072509213, 0.6521675977585973, 0.6235506584246954, 0.6607845209646914, 0.6626106718744057, 0.6558517319136772, 0.6889703455178633, 0.6864068270593452, 0.6804290010013443, 0.7061087551756181, 0.7046599936658058, 0.7010615347088248, 0.7025929905366207, 0.7063459417094357, 0.7180696086607117, 0.7002429292685745, 0.7208562182343526, 0.7237362667270328, 0.7105172691137894, 0.719801103507263, 0.7224933818198633, 0.7204343918440997, 0.7321922785562017, 0.7223939683990201, 0.7334666867618977, 0.7296746554582015, 0.718362570888754], "training_time": 666.2475550174713, "avg_gradient": 0.004258251172515015, "memory_usage": 1149.87109375}