{"train_losses": [0.26673667578269605, 0.22318716938404934, 0.20134958770612013, 0.18566284142434597, 0.17289064160507658, 0.16462926720471485, 0.15593736602560335, 0.15256360140831574, 0.14608911173823086, 0.14040528513167216, 0.13733393379041683, 0.13317323281713153, 0.12990713836220297, 0.12663165164058623, 0.12112892487936694, 0.11873179313767215, 0.1153622129932046, 0.1148406166340346, 0.10864238886405593, 0.1065750063356498, 0.10494499155522688, 0.10266526379501043, 0.1002812087940781, 0.09871117750425702, 0.09777485741221387, 0.09515710179086613, 0.09135798352730015, 0.09095756486868081, 0.08727284771916659, 0.08697000437456628, 0.08551717375445625, 0.08380279799356409, 0.08352407983139805, 0.07929831589369671, 0.08891395349865375, 0.08053811939190263, 0.07751338175781396, 0.07535996077501256, 0.07632596219849327], "val_losses": [0.27579424238723255, 0.2134574032996012, 0.20537599111380783, 0.1886475406911062, 0.17168604452972827, 0.19223433862561765, 0.18658865955860718, 0.14949162450173628, 0.15566446081451749, 0.1609870512848315, 0.1444000760498254, 0.14135602391932323, 0.13979929798971052, 0.14904822295774584, 0.14961447242809378, 0.13201056517984555, 0.13128554497076117, 0.13981481349986533, 0.13577323552706969, 0.14131996310923411, 0.14465914877212566, 0.1472734682585882, 0.1308618840640006, 0.13222119617073433, 0.12752453221575075, 0.1281007544501968, 0.13069202103044675, 0.13843938368170158, 0.12721402052304018, 0.13062853706271751, 0.12714796740075815, 0.13986584171652794, 0.1310550988368366, 0.12705889068867848, 0.12675689128429993, 0.12823418754598367, 0.13725233644894932, 0.1336110658619715, 0.13953049723868785], "train_ious": [0.46319763561157307, 0.5440816056199264, 0.5842936974612699, 0.6120942548673224, 0.6370132418106433, 0.6512849798453026, 0.667220241241697, 0.673638787984416, 0.684829707324937, 0.6957094527888991, 0.7006662601362106, 0.7084998561312328, 0.7145192704123002, 0.7211466663233616, 0.7309030675045826, 0.7344862379241685, 0.74088178737008, 0.742449684743432, 0.7528297701931518, 0.7565258584808608, 0.7598493435028671, 0.764534339632677, 0.7687201270482676, 0.7711667806665967, 0.7726328948485682, 0.7780308023203111, 0.7844413031918419, 0.7855568993566695, 0.7928197099894717, 0.7932614411456859, 0.796214588742325, 0.7991244508952333, 0.7996369384337162, 0.8081360038207926, 0.7896436339487202, 0.8056821146089099, 0.8118483023583027, 0.8166779339097544, 0.8148207525196282], "val_ious": [0.4237512604913852, 0.5628313219201737, 0.5830940610688666, 0.6107296362735223, 0.6373220613037329, 0.6026182699462642, 0.6048093066699263, 0.6755468674759932, 0.6664127288521201, 0.667505140969719, 0.6880948699038961, 0.6943601542624874, 0.6980173183956009, 0.6853376959545026, 0.6841919841109844, 0.7103069968845531, 0.7096826444933382, 0.6999383221069969, 0.7113119964150413, 0.7073491809592728, 0.7000394064015234, 0.6984125196501829, 0.7223711739415706, 0.7211954960788508, 0.7229597894609839, 0.7274321399737095, 0.7238949172306752, 0.7122486644033075, 0.7316756641519241, 0.7296616460966026, 0.7306100145198294, 0.7166522384985632, 0.7346163459014202, 0.7366803977368533, 0.7319016126186951, 0.7363611995310022, 0.7285660671583121, 0.7369163524413452, 0.7242784519558367], "training_time": 838.4342167377472, "avg_gradient": 0.0071941247876985935, "memory_usage": 1149.87109375}