{"train_losses": [0.27038687751021073, 0.22585832189930521, 0.2000427970095821, 0.1820427457113629, 0.16877832887289318, 0.15889109051583902, 0.15140510686551747, 0.14401926699539888, 0.1380644391655274, 0.13720834514369135, 0.1314961239695549, 0.12530278831558384, 0.12159956647488086, 0.11963561375665924, 0.11606095504501591, 0.11017575293131497, 0.10668326813079741, 0.10625432634159275, 0.10316241824108621, 0.09987862971003937, 0.0971895859617254, 0.09471453977343829, 0.0915348102622058, 0.09107006689452607, 0.08898911341700864, 0.08588453378204418, 0.08509790512692669, 0.0826551441265189, 0.07923655357697736, 0.08273845919124458, 0.07848286823086116], "val_losses": [0.2503882325861765, 0.2423891561186832, 0.1964858656992083, 0.17535010142170865, 0.16698730575001758, 0.16621754448051038, 0.15348857382069464, 0.1491838494396728, 0.1539973431955213, 0.15135728665020154, 0.14753830108953558, 0.13840873426069383, 0.1467789236618125, 0.16007447501887445, 0.13485164114314577, 0.13739363023120424, 0.13803088924159174, 0.13148120385797127, 0.13252142687206683, 0.13367759306793628, 0.13193542477877243, 0.1362948741601861, 0.13068738709325375, 0.13199928662051325, 0.12892719066661337, 0.13847050216534865, 0.13466707811407422, 0.13169975983707802, 0.1367743117329867, 0.13268742483595145, 0.13996049713181413], "train_ious": [0.45598631956871016, 0.5404746813456648, 0.5864792464004048, 0.6202101181598679, 0.6431549696818644, 0.6633837485442998, 0.6753613492608929, 0.6894415426945342, 0.6997469995656738, 0.7011004291690778, 0.7123603859673375, 0.7226463843514952, 0.7294074523708095, 0.7325803033359676, 0.7392810391991034, 0.7501914253917292, 0.7565434150721714, 0.7566600509959711, 0.7628013522944583, 0.7690999302743137, 0.7736228334622971, 0.7783661894500259, 0.7841063350763007, 0.7849437789316626, 0.7891973201455417, 0.7954519148646055, 0.7967313379049301, 0.8013923482402511, 0.8087212899024935, 0.8020435541436293, 0.8100751772306968], "val_ious": [0.49510290570881066, 0.5036614077246708, 0.5854775959598845, 0.6389122486546419, 0.6521038287791652, 0.6548267192598701, 0.6706283280382987, 0.6802777304597524, 0.6806805673716724, 0.6744829053464143, 0.6876026480526164, 0.7025108060975005, 0.6924165815546892, 0.6800534891477529, 0.7060262716334799, 0.7078704348076945, 0.7070734094882355, 0.7180265924636869, 0.7193026518908101, 0.7189112275406935, 0.718577960047169, 0.7186438963896988, 0.725735614049262, 0.7269395285326502, 0.7313562653202941, 0.7154467427644176, 0.7245916452096857, 0.7341662489849589, 0.7306077177973761, 0.7284182696670725, 0.7159341422544009], "training_time": 668.0299065113068, "avg_gradient": 0.0053870747770514435, "memory_usage": 1149.87109375}