{"train_losses": [0.2761628292500973, 0.22785145983747815, 0.20835440152365228, 0.18847809683369554, 0.17688712250927222, 0.16773455751978833, 0.15941831728686456, 0.15529612557071706, 0.1466317753428998, 0.1447422987498019, 0.1389797403598609, 0.1333962655018853, 0.1312147058222605, 0.12704063749507719, 0.1229983105769624, 0.12472486500020909, 0.11592089461729578, 0.116271514405051, 0.11052291066912205, 0.10598944832125436, 0.10236605690063341, 0.10090252307608076, 0.10200371682319952, 0.09506123302423436, 0.09409871292502983, 0.09649118193951638, 0.09505230856492468, 0.08802897260402856, 0.08810142375042905, 0.08470206784651331, 0.08094941367111776, 0.08038141100626925, 0.0807977885250812, 0.07802031800636779, 0.07759695334117049, 0.07960948080796262, 0.08154810766648987], "val_losses": [0.25871917054704996, 0.22292139899471533, 0.19212676714295926, 0.1821371093392372, 0.17475959269896799, 0.1703382724005243, 0.18567231265099152, 0.16355741412743277, 0.15603554572748102, 0.14812162729061168, 0.14652674661382384, 0.15019075588687605, 0.14119284794382428, 0.14368585869669914, 0.13821323572293573, 0.1413366684447164, 0.15653803167135819, 0.13555246186645134, 0.14032969445638035, 0.1358813624019208, 0.13132484467781108, 0.14335587118630824, 0.13563525628136552, 0.1473087914611982, 0.14257346563365147, 0.1366250194285227, 0.13112011033555734, 0.140005423484937, 0.13637690391877424, 0.13793541750182275, 0.13830841786187628, 0.1400415289985097, 0.13024521003598752, 0.13880728962628738, 0.13878747367340585, 0.13471287262180578, 0.13696935513745184], "train_ious": [0.44319766186906584, 0.5373749495686396, 0.5716581449344542, 0.60671355602318, 0.6273126062815606, 0.6444665471604768, 0.6600126059374947, 0.6681085602528805, 0.6833342938967374, 0.688108354320993, 0.6978338597801282, 0.7078796214275601, 0.7118867388454031, 0.7196648328740527, 0.7273805188420027, 0.7225440966802228, 0.739540175413308, 0.7386868137704291, 0.7496016064415809, 0.7574817784994406, 0.7642281305962714, 0.7670001654305321, 0.7649399146329665, 0.7774836891803194, 0.7791618331726909, 0.7748417744170071, 0.7775514405490697, 0.7905316017028217, 0.7911489439615298, 0.7972743627817738, 0.8047229996409968, 0.8063589425190635, 0.8051976296996723, 0.8109410085539883, 0.8119862507218901, 0.8083053694471068, 0.8041992156185968], "val_ious": [0.4842889706293742, 0.5562705933183861, 0.603889459501142, 0.6232274867918178, 0.634073570586633, 0.6358501146668971, 0.6254331156395484, 0.6560219135405361, 0.66553646714791, 0.6826219141915225, 0.685267750551735, 0.6791438797245855, 0.6949617681295978, 0.6914265877094823, 0.7012336187172628, 0.6985651258973108, 0.6871916705715483, 0.7068725599758866, 0.7064466800378717, 0.7131889922463376, 0.7190528438575025, 0.7001021024973495, 0.7113260190556017, 0.7062235178722851, 0.7117826126623844, 0.7082232215266295, 0.7220695578101753, 0.7103229329205939, 0.7184667602397393, 0.7218996752863344, 0.7244958946670311, 0.7183842935423919, 0.731303460356118, 0.7284211911585018, 0.7195342252219931, 0.7246954201356226, 0.7202352408481679], "training_time": 792.8205986022949, "avg_gradient": 0.0032514017684136236, "memory_usage": 1149.87109375}