{"train_losses": [0.2581569892556771, 0.21693008158193983, 0.19424287229776382, 0.17995718639829886, 0.17003997277630412, 0.16081556766901328, 0.15080968019269084, 0.14817783374177373, 0.14155166102168354, 0.13533090670471606, 0.13105224769400514, 0.12871964081473972, 0.12466000579297543, 0.11983821905501511, 0.11877283121904601, 0.11284444189589957, 0.10896102529343056, 0.10725527135250361, 0.10494745980300334, 0.10337047250536473, 0.10104753129670153, 0.0977479581437681, 0.09285612359804951], "val_losses": [0.23879890143871307, 0.2596616200778795, 0.2097235428898231, 0.187541333877522, 0.1734522140544394, 0.15907166056011035, 0.17101752207331036, 0.1543544780301011, 0.15767072076382843, 0.16185247768526492, 0.14515957981348038, 0.15127888532436412, 0.1407654589932898, 0.14710249055338942, 0.13472748175263405, 0.1459818095292734, 0.13187811248328374, 0.13482245187396588, 0.1566188536260439, 0.13467630160891492, 0.13296898470624632, 0.1327111607660418, 0.1549316155521766], "train_ious": [0.4828721616633128, 0.5539765308840549, 0.595775068211167, 0.62301939509917, 0.6413525548642095, 0.6577270375969619, 0.6764896838129432, 0.6812541113383526, 0.6934563422008704, 0.7041854486409306, 0.7118015189965565, 0.7167741545084588, 0.7241009279977584, 0.7321017903910167, 0.7340692447471444, 0.7451522005317003, 0.7523037504566754, 0.7553157895479513, 0.7595684898720271, 0.7626490098410759, 0.7664669531842935, 0.7729329977022568, 0.7819901960159553], "val_ious": [0.5156507121695988, 0.508967686822449, 0.574406237921853, 0.6112542599439621, 0.640820444278095, 0.6619670356529348, 0.6478720050359119, 0.6697489448647567, 0.6717496728119644, 0.6680822137041369, 0.6909503062134202, 0.6806533772876298, 0.7026687184537665, 0.6879901119332384, 0.7079475999310396, 0.6916926228913708, 0.7156737904617753, 0.7080635355002637, 0.685294383030007, 0.7147560529950737, 0.7154032238151717, 0.7206215033496638, 0.6994961476412374], "training_time": 493.82259821891785, "avg_gradient": 0.015020165305351803, "memory_usage": 1145.87109375}