{"train_losses": [0.2722632105907668, 0.2224126056484554, 0.19730675746889217, 0.18327731064156347, 0.17176166557423447, 0.16313949445991413, 0.15449810667854288, 0.14896977170491996, 0.1445716327947119, 0.1386598719931815, 0.13576555037466081, 0.13269945262404886, 0.1263577440429641, 0.12492835254448911, 0.12169148064339938, 0.11770471926454616, 0.11366312298923731, 0.11217703969906205, 0.1094008641641425, 0.1092244133596187, 0.10437775796036357, 0.1001094528676375, 0.09839444761366947, 0.09785875860277725, 0.0988015776662075, 0.09275056186901487, 0.09224249531879374, 0.08918240245269693, 0.09357709441657948, 0.08692079794633648, 0.0846554875049902], "val_losses": [0.2469012021370556, 0.22761332923951355, 0.20116727442845053, 0.18052480661350748, 0.19030830847180408, 0.17094119087509488, 0.1626819871042086, 0.16044468821390814, 0.15934825137905453, 0.1585165482500325, 0.15918068863127544, 0.14696017863309901, 0.15237454875655795, 0.14859357783975807, 0.15026203931673712, 0.15511825858898784, 0.14195866137742996, 0.13892909803468248, 0.14117390840597774, 0.14027806339056595, 0.1352658654036729, 0.14679936513952588, 0.13564294868189355, 0.1524412839309029, 0.13987168912654338, 0.13015224671234255, 0.13416229399002116, 0.15090399008730185, 0.13443619158604872, 0.13381760988546454, 0.15101542437206145], "train_ious": [0.4514212144025858, 0.5459715806865607, 0.591094465089449, 0.6176347727684872, 0.6373561669842919, 0.6520164611114974, 0.6684212979955085, 0.6783958917510684, 0.6873693832236788, 0.6975415751769922, 0.7036978618066382, 0.7086668729350186, 0.7211582249273423, 0.7225987325435966, 0.729552818543238, 0.7368088683140449, 0.7434266124838503, 0.7462932650485764, 0.7512377981582418, 0.7514774631438913, 0.7607781329340696, 0.7689478928628175, 0.771675291484681, 0.7729376661928669, 0.7710902188783109, 0.7817864532487979, 0.7829779993904669, 0.7889716136606707, 0.7804935453054697, 0.7935991334202496, 0.7979137234497761], "val_ious": [0.5025503043679225, 0.5481190916852674, 0.59703945249751, 0.6261182131542674, 0.6252186408509379, 0.642484385682189, 0.6559124820042346, 0.6629701893830644, 0.6668382701666457, 0.6689603395652081, 0.6748036763806273, 0.6881147897329882, 0.6915150127117184, 0.6829102615947309, 0.687388557454814, 0.6889082530270453, 0.7008868082278016, 0.7027170077182245, 0.705862878025442, 0.7129861323729804, 0.7163392385278923, 0.7069901009832603, 0.7115827207116111, 0.6991939093323719, 0.7137926536193792, 0.7274295309747474, 0.7262827522944711, 0.7057516028483711, 0.7239383778710298, 0.7284071354762368, 0.7002661973237991], "training_time": 671.2053098678589, "avg_gradient": 0.006424921152842544, "memory_usage": 1145.87109375}