{"train_losses": [0.2640963532840428, 0.2120651551724776, 0.1860688712609851, 0.17249736870112625, 0.16100718461624955, 0.15415137819945812, 0.1470122118682965, 0.13889109177271958, 0.1357635285138436, 0.12999472127336523, 0.12509253839759724, 0.1214038551096683, 0.11867444528995649, 0.11597275195400351, 0.11235853669274112, 0.10868244950214158, 0.10685760361830825, 0.10143170886389587, 0.10022738547590763, 0.09620352380949518, 0.09466903604081144, 0.09180717376749152, 0.0924681346134647, 0.09158613694750745, 0.0847904438395863, 0.08185669933648212, 0.08002163773483556, 0.08256678218426912], "val_losses": [0.23743827900160913, 0.2105980236893115, 0.1947464521812356, 0.24335849317519562, 0.15604833805042764, 0.17916112263565478, 0.15057166892549265, 0.14565850518967793, 0.14278673817930015, 0.1473981658725635, 0.1443987271707991, 0.14563087292987367, 0.1459644341274448, 0.14949816432983978, 0.15395709904639618, 0.15014124596896378, 0.1342635251905607, 0.13390391643928445, 0.13785003320030545, 0.13217830512186754, 0.14014273509383202, 0.13381298712414244, 0.1401940396298533, 0.13369257116447325, 0.13048188242575395, 0.13423487819407298, 0.1363335264765698, 0.17782352897136108], "train_ious": [0.4707087413610325, 0.5651286982701741, 0.6116631698889148, 0.6362444571610808, 0.6573718102189945, 0.6703701354023346, 0.6821324402547402, 0.6978078012665112, 0.7032911298607573, 0.7135268654404344, 0.7231548376165439, 0.7282236071600429, 0.7337025998403195, 0.7388802671778031, 0.7451553576882337, 0.7526527138939806, 0.7551010168980857, 0.7655539230807967, 0.7682298732840493, 0.7749054025912627, 0.7777645195955817, 0.783491319180399, 0.7828267618365908, 0.7840328890344369, 0.7972451449520342, 0.8030692548423574, 0.8071785001219183, 0.8025313049986742], "val_ious": [0.5119726360924002, 0.5796629531659943, 0.6118788017310959, 0.5533123559493949, 0.6673442714888115, 0.6361196488142015, 0.676380212540212, 0.683436200670574, 0.6930272158073343, 0.6838678443345471, 0.6914385585249334, 0.6958336845256278, 0.693163586915403, 0.6862789895655452, 0.6836725406456686, 0.6875753931809162, 0.7156505198150442, 0.7178302411583887, 0.7169028524903283, 0.7249909827242729, 0.7143036295538363, 0.7292553443407668, 0.7131145084681719, 0.7230230198390244, 0.7296193978492767, 0.7288352242414503, 0.7300421943267187, 0.6552543722201084], "training_time": 599.9285666942596, "avg_gradient": 0.0076585518449969105, "memory_usage": 1149.87109375}