{"train_losses": [0.28592981341416424, 0.2419957389002261, 0.2178392514748418, 0.20442811253926027, 0.18793943216619285, 0.17966577669848566, 0.16979740228018034, 0.1620930253892489, 0.15712367354527765, 0.1509260344521507, 0.1452723275060239, 0.1427361116461132, 0.1407323018445269, 0.13528457996637924, 0.132623177183711, 0.12837729501821424, 0.12520289979875088, 0.123197378023811, 0.11815671614654687, 0.11404792847030837, 0.11433308850973845, 0.11247743192412284, 0.11030851272137268, 0.10575444826289364, 0.10481215308865775, 0.10368125820937364, 0.09838698209141908, 0.09760224142962176, 0.09555004917733047, 0.09607017117188028, 0.09220271735735562, 0.09099426841282326, 0.08909168001264334, 0.08762171747081954, 0.08674343541750441, 0.08355768968391677, 0.08649605435683676, 0.08192226444573505, 0.08470556423391985, 0.07832828249134448, 0.07646105203615583, 0.085162039582982], "val_losses": [0.26340291357558704, 0.26023360665725626, 0.21254337060710657, 0.20748018959294195, 0.199553937367771, 0.1900100724204727, 0.16929519176483154, 0.17233298427384833, 0.16018014530772748, 0.1526399444302787, 0.15043563379541688, 0.15870722998743472, 0.1520644220645013, 0.1446610282620658, 0.1453091001704983, 0.1413179158192614, 0.13911551123727922, 0.13680366167555685, 0.1457631681924281, 0.12984043116802754, 0.14006471164200618, 0.14170385427449061, 0.13746283219560332, 0.13019824659694795, 0.13891792135394138, 0.13042280272297238, 0.12930803697394289, 0.130898780958808, 0.15390420721276946, 0.12813764486623846, 0.13287670003331226, 0.1436731159363104, 0.1258258184661036, 0.13059862881251003, 0.12851195652847705, 0.13424886374369913, 0.12966922962147256, 0.12329406307443329, 0.12671869086182636, 0.12845819200510564, 0.14111032417934874, 0.14456096453511197], "train_ious": [0.4228515559132547, 0.5090358592569826, 0.5554573494077164, 0.5796483125051727, 0.6072021466342435, 0.6246340769356574, 0.6410008302309376, 0.6541605781277883, 0.6633429439819377, 0.6754047698408795, 0.6859365726510684, 0.6902897711573305, 0.6939292807617912, 0.7047010145649533, 0.7085383231009262, 0.7170095133824624, 0.7224675843465157, 0.7265056728020959, 0.7351443743252237, 0.7429373313443385, 0.74289874991645, 0.745833942099758, 0.7504049259899317, 0.7580429235662238, 0.7599879707871138, 0.7622644780338677, 0.7709504801078123, 0.7732885004277678, 0.7768263198651265, 0.7763072755997598, 0.7833763346939847, 0.7854766888354996, 0.7887633055232574, 0.791856304782888, 0.7936791787328927, 0.8001771629720497, 0.7941381897831313, 0.8032936655740813, 0.7980593059589897, 0.8104221760362813, 0.8142884528075441, 0.797504710816387], "val_ious": [0.46741431519605114, 0.47698110795539356, 0.5633235802685006, 0.5763964085043343, 0.60135567555393, 0.6182452677816584, 0.6453110297089037, 0.6441015899181366, 0.6593791995791422, 0.6701425408971482, 0.6793458578379259, 0.6659303011669628, 0.6769866636697796, 0.6871637090824654, 0.6936235339313312, 0.7005449488111166, 0.7008131016855654, 0.7015265761942102, 0.6944545919912448, 0.716853360550991, 0.7002245889625689, 0.6993142990530401, 0.7098628319260002, 0.7197351911361668, 0.7113183885812758, 0.7222612269114758, 0.726069763518762, 0.7253436916980193, 0.6982331044863963, 0.724835177478583, 0.722004387257756, 0.7159352231284847, 0.7339543663505195, 0.7308590537396031, 0.734155511726504, 0.7291804683813148, 0.7310006333434064, 0.7375875402619873, 0.7378216737854311, 0.7363127064013828, 0.7257274929164111, 0.7094040484963986], "training_time": 901.594569683075, "avg_gradient": 0.014498319265306833, "memory_usage": 1145.87109375}