{"train_losses": [0.26405868290559104, 0.22154246570299502, 0.1983964077156523, 0.17982010681020177, 0.1690667439252138, 0.15763376507422197, 0.15101205229597248, 0.1443597728224552, 0.1421657484024763, 0.1356762576767284, 0.13109215822718714, 0.12572743439965922, 0.12218483075823473, 0.11856672451224017, 0.11545400920769443, 0.11225480889982503, 0.10861461840408004, 0.10573792085051537, 0.10243356025413326, 0.09825544954156099, 0.09787061713311983, 0.09591573412003725, 0.0956955635920167, 0.08926233151198729, 0.08604422551782234, 0.08355973405844491, 0.08685776623694794], "val_losses": [0.2683629069639289, 0.22662030905485153, 0.2029711092295854, 0.19968852109235266, 0.167430993007577, 0.1620261458599049, 0.15709564770045487, 0.15214220936531606, 0.16908407405666684, 0.14896302443483603, 0.1447966660818328, 0.14462378831661266, 0.14106700893329538, 0.14333269113431807, 0.15103670225843138, 0.14059802808839342, 0.1372456869677357, 0.1504549680520659, 0.13602684567803922, 0.13878450801838998, 0.14020699100649875, 0.13507259993449502, 0.13931467027767844, 0.14121127452539362, 0.13586864312705788, 0.1452456255969794, 0.14336015105895375], "train_ious": [0.46444446424130276, 0.5456409302904554, 0.5880411168479399, 0.6235686138920166, 0.6440790925120958, 0.663654538060444, 0.6754112215037793, 0.686521450948456, 0.6920680875579521, 0.704051627197127, 0.7130924351513382, 0.7214574895367238, 0.7285534678485948, 0.7347068763405517, 0.7409615768794563, 0.7463666481384333, 0.7528278607929104, 0.7579713714835435, 0.763814017122639, 0.7718920192100862, 0.7726555350034133, 0.7758291977039281, 0.7764450808906035, 0.7888061053834964, 0.7951750889744449, 0.7997165090147995, 0.7935446689742204], "val_ious": [0.4812852091331412, 0.5427286380874939, 0.5901404876207961, 0.5905660141421399, 0.6474430854769719, 0.6618412134871966, 0.6700829958570176, 0.6749355397794556, 0.6553243629742361, 0.6825356004030809, 0.6933764206326526, 0.6924552695042846, 0.6993967795717545, 0.69244169022726, 0.6843206932147343, 0.7014101586048155, 0.7074910583703414, 0.6933337773965753, 0.710858527732932, 0.714249200579049, 0.7074924463379213, 0.7215918140566864, 0.7117408801248106, 0.7090213007253148, 0.722891941882562, 0.7131575397823168, 0.7066326625105266], "training_time": 586.3208887577057, "avg_gradient": 0.013368016206513447, "memory_usage": 1149.87109375}