{"train_losses": [0.26552635309812816, 0.2235115744659434, 0.20295279019552728, 0.18925115304148715, 0.1785674179377763, 0.16803018076588278, 0.15845841331326443, 0.15336065366864204, 0.145986950956285, 0.1402558054694015, 0.13858539627298064, 0.13338731342683668, 0.12806972322742577, 0.12491027739546869, 0.12077278947538655, 0.1177596403285861, 0.1146451766886141, 0.11209505432001922, 0.10707884528876646, 0.10359701295585735, 0.10537641361841689, 0.10019405020157927, 0.096139766883267, 0.09749455276228812, 0.09348500362071006, 0.09364023918043012, 0.0918784984184996, 0.0850723686668536, 0.08395391390861376, 0.08954271228741044, 0.0820743679271444, 0.07798727909507959, 0.0755686858749908, 0.0744060225703794, 0.08412083728319925, 0.0737183432540168, 0.0724552218478335], "val_losses": [0.2816999668012495, 0.226079026642053, 0.1979857916417329, 0.19918466326983078, 0.18329305590494818, 0.17202428760735886, 0.15974338320286377, 0.1657370134540226, 0.15895666084859683, 0.15382855725677116, 0.15151187404990196, 0.1531655819195768, 0.1446163856788822, 0.15027005014860112, 0.1439528282245864, 0.14399436942261198, 0.15488027457309805, 0.15677743502285169, 0.1462403918090074, 0.13721137850180917, 0.14462240105089935, 0.1408037248512973, 0.14925568777581918, 0.14306792600647264, 0.14405961075554724, 0.14585898492647253, 0.13809520427299582, 0.1389155399216258, 0.14553263670076494, 0.1361214484533538, 0.141102763135796, 0.1429795065651769, 0.14117335625316785, 0.14416860270759332, 0.15297942398035008, 0.14402247074505556, 0.152909266559974], "train_ious": [0.463990381082007, 0.5424830844436866, 0.5803800705496384, 0.6059100881650825, 0.6248329921585063, 0.6440986492603584, 0.6638018727518514, 0.6718994323974075, 0.684889126731002, 0.6959796040386393, 0.6994814007286579, 0.7087560009913167, 0.7178503963826361, 0.7246531942400382, 0.7317759216479631, 0.7359051326478736, 0.7419784838954607, 0.747122809452855, 0.7558648418905076, 0.7623246530799765, 0.7587081380728364, 0.768416590988636, 0.7758207145700422, 0.7730016311009728, 0.7805199793715409, 0.7805965723118922, 0.7838652431424977, 0.797001637626385, 0.7990241405972532, 0.7886766856131351, 0.8027219069392786, 0.8112009660057398, 0.8163189744387849, 0.8188069620426152, 0.7996271543636699, 0.81992915974579, 0.823137419379276], "val_ious": [0.46804682451529783, 0.5490559856744779, 0.5850323698874834, 0.5918389569590056, 0.6216913433610529, 0.6377122067454932, 0.6627562724161838, 0.6532451115224673, 0.6729916239130324, 0.674142466723055, 0.6813657523497293, 0.6793626004803007, 0.6895567014597465, 0.6850184288577758, 0.6960504292577936, 0.6959530480098032, 0.6838305706995119, 0.6803241961676141, 0.6965347407520681, 0.7069928164499393, 0.6909744545169498, 0.7140156397784966, 0.697741401584252, 0.7051845255537311, 0.7082776634589486, 0.6966020873059398, 0.7197806068520612, 0.7224657660809115, 0.7153106042440385, 0.7194518896116725, 0.721704644785411, 0.7207841845094293, 0.7198691216931826, 0.7162978582192159, 0.7169606100389924, 0.7192486822605133, 0.7083885086619336], "training_time": 794.9183173179626, "avg_gradient": 0.0034516667521566798, "memory_usage": 1149.87109375}