{"train_losses": [0.2667631193509568, 0.22070146724581718, 0.19793914331366186, 0.18128573392396388, 0.17267476475757101, 0.16239521482392497, 0.15639225923982653, 0.14800393156221378, 0.14295653006790773, 0.1375482223280098, 0.13378730841466915, 0.12720434517478166, 0.1238683377514067, 0.11966141604858896, 0.11610590294003487, 0.11612133750611026, 0.11193874405454034, 0.10587840766200553, 0.10498618435762498, 0.10413177789229414, 0.10167029309693885, 0.09693905148331237, 0.09655856045529894, 0.0912062452863092, 0.09040652632551349, 0.0910511280450484, 0.09035639153064592, 0.08519480426026427, 0.08094482941795951, 0.08304559358436128, 0.07887952066148105, 0.07922822427328514, 0.08187575707131106], "val_losses": [0.24292258594347083, 0.24082008360520654, 0.18535243039545807, 0.1847249013574227, 0.16532519427330597, 0.1587241102495919, 0.1531364911276361, 0.1551257477182409, 0.1475415385287741, 0.1445472340868867, 0.13657253867258196, 0.13384782458129135, 0.13986605762139612, 0.1366684292645558, 0.14626871988825177, 0.13182550846882488, 0.12709485285955927, 0.14148135029751321, 0.12818258174735567, 0.13051970999525941, 0.13390170766607576, 0.1268777996301651, 0.12701907672959825, 0.1235587031621, 0.1336000556855098, 0.1276350764800673, 0.13222661663008772, 0.12467030484391295, 0.1293638027880503, 0.12930924639753674, 0.12873151461067406, 0.1273811478977618, 0.13196228736120721], "train_ious": [0.4649333405591868, 0.5498510609124448, 0.5899955858948873, 0.621414727922799, 0.6367526652048462, 0.6556701410723771, 0.6653892289361227, 0.680962832455618, 0.6905138980111353, 0.7011238982819988, 0.7078274816706562, 0.7201939495685307, 0.725456720676975, 0.7332027803944505, 0.7401097178783106, 0.7401470966313196, 0.7474491577865422, 0.7586089650681921, 0.7596173419252686, 0.7616922074685928, 0.7661532415751964, 0.7751975378048593, 0.7754983958126844, 0.7858464573712451, 0.7870344467245147, 0.7860323071371813, 0.7875430671957089, 0.797208588408387, 0.8058678117999135, 0.8014001860350805, 0.8100468514190204, 0.8094708431458129, 0.8037707877979763], "val_ious": [0.5135348872214124, 0.5377616270080858, 0.6060114900271099, 0.6102059647656869, 0.6439887259317479, 0.6652786174546117, 0.6656258168859758, 0.6687809796868892, 0.6847226742817007, 0.6875215641398359, 0.7003160782050395, 0.7062885972900668, 0.6990261645852655, 0.7037806355434916, 0.6905739996312319, 0.7117140385983646, 0.7239419925903927, 0.6994427179080853, 0.7197478305602418, 0.7201112506614215, 0.7180934354015021, 0.7284327525159587, 0.7266488388396692, 0.732783818590468, 0.7216192775446437, 0.7267803893141125, 0.725141759151998, 0.7351691953945851, 0.7341172826894816, 0.7322857848544051, 0.7330916629753254, 0.7324938970631447, 0.7203441923079283], "training_time": 710.303195476532, "avg_gradient": 0.007033212782905734, "memory_usage": 1149.87109375}