{"train_losses": [0.2777826418371304, 0.23432450458083465, 0.2119074422542168, 0.19675511065060677, 0.18372295319062212, 0.17280199637879495, 0.16409745771923792, 0.15603570587447155, 0.15046076727626118, 0.1428522265151791, 0.1403548020221617, 0.13435166402031545, 0.1290914904245216, 0.12627465533011634, 0.12123399883832621, 0.11987368835379249, 0.11717015031077292, 0.11387416675848805, 0.10941127250375955, 0.1051261836015012, 0.10315358169052911, 0.10413094334628271, 0.09899658296743165, 0.0959639910446561, 0.09551242581042259, 0.09581151851655348, 0.09046653237031854, 0.08762152995104375, 0.09170728682985772, 0.08347890015853487, 0.08335832141987655, 0.08278739160817603, 0.08540763681673486, 0.07988136925775072], "val_losses": [0.2542886630348537, 0.2250967783772427, 0.22210728895405066, 0.19243669121161752, 0.18144218753213467, 0.199349419578262, 0.18308373443458392, 0.15729129443997922, 0.1788819623382195, 0.14687525416197983, 0.1417586254360883, 0.15195059160823407, 0.14680509771341863, 0.14303956618127617, 0.1445190935679104, 0.14586319029331207, 0.13490857767022174, 0.133474915895773, 0.130406037458907, 0.129233384747868, 0.13300398785782896, 0.14041307179824167, 0.14045681075557417, 0.13075828001551007, 0.1377730962374936, 0.1319987189186656, 0.13612728063826976, 0.13430209700828014, 0.1376488649326822, 0.13636764657238257, 0.13286998835594757, 0.13569983856185622, 0.1333710175493489, 0.14247064632566078], "train_ious": [0.43203556524805636, 0.5228479635510321, 0.5637298994630145, 0.5915277965798758, 0.6167692654374717, 0.6367795139659139, 0.6518849831992305, 0.6672691820000393, 0.6762546676116578, 0.6903161728295725, 0.6953323151430361, 0.7054298775459543, 0.715679548572803, 0.7207670585400817, 0.7291018830045407, 0.7319873644821885, 0.7362278317087801, 0.7437500924519874, 0.7509585212970123, 0.75900452443655, 0.7628545181798764, 0.7604741397975149, 0.7697717282327194, 0.7765012660968137, 0.7771251027242861, 0.7765810293131984, 0.7869202518916647, 0.7921065062932344, 0.7849522009491922, 0.8005006029338075, 0.800287860567155, 0.801713562961938, 0.7968265070863394, 0.8078646653372311], "val_ious": [0.48894092462201044, 0.5386487473396288, 0.5424551943290059, 0.596002605298291, 0.6179343114296597, 0.5882359730160756, 0.6334737679664638, 0.6649236638044964, 0.6450964406780574, 0.6846580816351847, 0.6961137179447257, 0.6817746760620588, 0.6883153822542964, 0.6993108076461847, 0.6935687188221062, 0.6992469721514246, 0.7095385217580241, 0.7178987271111943, 0.7173895946015483, 0.7215455951897994, 0.7150866004867831, 0.7142401797615965, 0.7194097765545915, 0.7228162521901338, 0.7142411174549573, 0.7223223875398218, 0.71975855399733, 0.7244283816088801, 0.7235133749419365, 0.7264770932387614, 0.7287115517301835, 0.7247808249532315, 0.7288845153390497, 0.717841026575669], "training_time": 733.8991010189056, "avg_gradient": 0.0025526375662644103, "memory_usage": 1149.87109375}