{"train_losses": [0.28848442475756875, 0.23348485961880372, 0.2144182905068864, 0.20047307881000248, 0.18670199422732645, 0.17885815206429231, 0.16673671656652636, 0.1618573040418003, 0.1571158815337264, 0.14853201952317488, 0.14422913547605276, 0.13916233716451604, 0.13570029053675092, 0.13253242376705873, 0.12736407610709252, 0.12468857605658147, 0.12002552235903947, 0.12015915945496249, 0.11659896151041207, 0.11320958800775849, 0.11216879028664983, 0.10923968453932068, 0.10503119214073471, 0.1028924681570219, 0.10092341624524283, 0.10107567124878583, 0.0950598441793219], "val_losses": [0.2779361952258193, 0.23934049742377322, 0.22891704090263532, 0.2618699054355207, 0.19500693743643555, 0.19579268538433572, 0.1750108369666597, 0.1692065094476161, 0.16575045462535776, 0.1662841411712377, 0.18085010738476462, 0.1467326973443446, 0.1464555415770282, 0.146341844421366, 0.14304393481301225, 0.14340358891564867, 0.13598128958888675, 0.13499708149744116, 0.14069092419484389, 0.15152026874863583, 0.13659555173438528, 0.13218559000803076, 0.1323119403551454, 0.13717906727739002, 0.1413989012008128, 0.1330077186550783, 0.151803078048903], "train_ious": [0.4124976020454822, 0.5265412590048022, 0.5624516444361729, 0.5856469812384547, 0.6116757861514024, 0.6245714994012443, 0.646230794489384, 0.6560952471758141, 0.6647924606458865, 0.6803547270272087, 0.6881542820213498, 0.6975960656460644, 0.7044874613267788, 0.7105511297350349, 0.7190316655821557, 0.7231388518559758, 0.7318738213051919, 0.7325862975440165, 0.7387944541979529, 0.7450728355974393, 0.7464211387694747, 0.7513617725799908, 0.7597501242290371, 0.7628222344362218, 0.7666992070018376, 0.7664838887319181, 0.7774981497854424], "val_ious": [0.46068717906440504, 0.5076530077967092, 0.5284674423544303, 0.5306995813397395, 0.5887319192938182, 0.5947754910026772, 0.632884132473365, 0.6448684455691905, 0.6436780557252358, 0.6492977671433189, 0.6312143128851185, 0.6819462955429935, 0.6865532635778621, 0.6829450879839885, 0.6907878721105881, 0.6924277099146358, 0.7018151196880618, 0.7062757863946583, 0.6981045839147292, 0.6849184198224026, 0.706272504467895, 0.7161598661239595, 0.7166669247806936, 0.7113976625428683, 0.7066845431707908, 0.7185320208470026, 0.69233995611253], "training_time": 585.6615073680878, "avg_gradient": 0.010803773133990486, "memory_usage": 1149.87109375}