{
  "train_losses": [
    0.2775938624273176, 0.2349787060495304, 0.2176783550530672,
    0.20240588534785353, 0.18792875718487345, 0.1781872262287399,
    0.16601646351425545, 0.15922170796472093, 0.1515524957491004,
    0.14486130031392627, 0.1407455023702072, 0.13563054779787426,
    0.13302980748045704, 0.12966928181602902, 0.12276217398112235,
    0.12155338834323313, 0.11617718240165192, 0.11328355692650961,
    0.11384890139426875, 0.10691305849215259, 0.10595476028064023,
    0.10527515958022812, 0.10547130149991615, 0.09842973498060652,
    0.09468330787089856, 0.09736757494671189, 0.09033046233589234,
    0.08974690379008003
  ],
  "val_losses": [
    0.25388746417087055, 0.2516519816025444, 0.21690809694321259,
    0.20431321503027625, 0.20080336377672528, 0.16919167922890704,
    0.1812809478977452, 0.1665157753488292, 0.17526828173709952,
    0.1551401595706525, 0.15713469846093137, 0.15367477646340494,
    0.15204422499822534, 0.14526534048111542, 0.14180744358378908,
    0.1383611974508866, 0.15142205746277518, 0.13568800234276315,
    0.1413094012633614, 0.14381212417198264, 0.1348135686762955,
    0.150118467276511, 0.1397105214064536, 0.13182687872777815,
    0.13091374868931976, 0.1381612437898698, 0.13393075051515,
    0.1501480823625689
  ],
  "train_ious": [
    0.44116803243810293, 0.5209120536304039, 0.5538859035063912,
    0.5821197659749052, 0.6089379333931465, 0.6252971027532349,
    0.6484677118343717, 0.6598797110651716, 0.674640212855909,
    0.6873864205959053, 0.6937887021812841, 0.7033853455838088,
    0.7085454301449701, 0.7143078226650108, 0.7257593053298584,
    0.729030832918226, 0.7377756329766219, 0.7442484527178431,
    0.7429263315339021, 0.7548944967380471, 0.7570588175693282,
    0.7594720478830991, 0.7579959074872127, 0.7708935677141389,
    0.7783338877277959, 0.7728702166806106, 0.7863605073720649,
    0.7875152476995751
  ],
  "val_ious": [
    0.48436543021513073, 0.4800646705687911, 0.5617876892936401,
    0.5719710274235063, 0.5805847212888191, 0.6399654178083808,
    0.6254535114419632, 0.6491640130246895, 0.6363208406213399,
    0.6676813042250233, 0.6678288375985797, 0.680011991141499,
    0.676563573056373, 0.6905840427979181, 0.6951557281224625,
    0.7044201797765234, 0.6790542723476025, 0.7107573631017106,
    0.6999211900908014, 0.7046347746382587, 0.7162325306647068,
    0.695974442621936, 0.7079316304213757, 0.7229336096324781,
    0.7220837579689166, 0.7160434336334035, 0.7241912695808688,
    0.7050844029239984
  ],
  "training_time": 599.9071481227875,
  "avg_gradient": 0.005382130511917836,
  "memory_usage": 1149.87109375
}
