{"train_losses": [0.2791319560745488, 0.23265704820337502, 0.20881571005219998, 0.1907482901993005, 0.1779924054508624, 0.16957993692030077, 0.16105323418488968, 0.1539395137325577, 0.14852909634456687, 0.1415994207010321, 0.13718516630646976, 0.1328249764021324, 0.12964365663735763, 0.12637359474826118, 0.12104940629037826, 0.1212065429629191, 0.1164629040285945, 0.11155973723077256, 0.10822819699735745, 0.10727911802899578, 0.10693164959387935, 0.10156276307838119, 0.09833716050438258, 0.09932693422002636, 0.0990006460038864, 0.09060325101017952, 0.08855034548627294, 0.09214298382563435, 0.0889545725253613, 0.0850028335319265, 0.08277355875495983, 0.08330472068780143, 0.08003140184218469, 0.07803243985804527, 0.08478005858057219, 0.07631773214139369, 0.0740660706575474, 0.07445635602040135, 0.07639847047950911], "val_losses": [0.24706623541272205, 0.22492576649655466, 0.19218284863492716, 0.18631590319716412, 0.18501929841611697, 0.1816912857086762, 0.15662199777105582, 0.15611213008346764, 0.14776028595540835, 0.1543401437609092, 0.15606468187078185, 0.13646556955316794, 0.14052824999975122, 0.14192926673137624, 0.1430717340630034, 0.13133289567802264, 0.14547718429695006, 0.13680264645296594, 0.13566694651608882, 0.13137414338796036, 0.12758164026814958, 0.13387283213112666, 0.13042480320386265, 0.1372622735798359, 0.12996796000262964, 0.1305139795269655, 0.1304558097668316, 0.1408074760566587, 0.12766673140551732, 0.1256800614621328, 0.12639277169237967, 0.13200173640380736, 0.1299109377938768, 0.14223491789206213, 0.1322907622417678, 0.13213553376819775, 0.1342660230786904, 0.13083002100820126, 0.1434715221757474], "train_ious": [0.4363978029215251, 0.5262314337373208, 0.5710820408025081, 0.6040160594966963, 0.6270431469100111, 0.6427382709107536, 0.6579359959864961, 0.6711876322717769, 0.6796692717226517, 0.6946510461469491, 0.7025222748625969, 0.7085854679993961, 0.714097998172477, 0.7217409769478051, 0.7298872512427793, 0.7300201475188355, 0.738765703703182, 0.7479555877870403, 0.7541229574252728, 0.7561950530262962, 0.7574656377344032, 0.7657344598809017, 0.7721374420908049, 0.7706266775511313, 0.77107326373242, 0.7867357045736, 0.7904034474513671, 0.7840131913190302, 0.7898655641770016, 0.7976033529941589, 0.8017533362127728, 0.8010188299028773, 0.807172640726186, 0.8115537978060869, 0.7980752133804822, 0.8150697190692462, 0.8198852245358456, 0.8189857743572503, 0.8153492440672025], "val_ious": [0.4961695188413496, 0.5463223103163898, 0.5987202028433479, 0.6073149943697278, 0.6178955256507017, 0.6256684032471282, 0.6668519397144733, 0.6657247033672057, 0.681283613261969, 0.6761690300443898, 0.6700616643048715, 0.703417248699976, 0.7007467250029247, 0.6967381325320922, 0.697996587856956, 0.7129115822954454, 0.6925415003645248, 0.7055912272653716, 0.7072287022635557, 0.7196709314982097, 0.7254840591247529, 0.7150695408168047, 0.7228678043769754, 0.7152472581120505, 0.720345085081847, 0.7260866191076196, 0.7264880449443624, 0.7128060092960576, 0.7316812492799066, 0.737629239109979, 0.7348085868617763, 0.7275174096010733, 0.7358529263216517, 0.7184221118256666, 0.7306636325691056, 0.732923736822778, 0.7332198155530986, 0.7395547820606094, 0.711278683681419], "training_time": 835.8919422626495, "avg_gradient": 0.004283287930602933, "memory_usage": 1149.87109375}