{
  "train_losses": [
    0.27087734145638737, 0.22080759388273177, 0.194901703087532,
    0.1808932280248922, 0.16615909224619035, 0.16049359471577665,
    0.1523677013895434, 0.14678117924410364, 0.14120809474717017,
    0.1351883292765073, 0.13543119443499524, 0.12913202846665744,
    0.12495399136906085, 0.12070507641233828, 0.11697189692083908,
    0.11441595074923142, 0.11281963725290868, 0.10838897344048905,
    0.10329371605716321, 0.1043354963235881, 0.1021629270652066,
    0.09765064465286939
  ],
  "val_losses": [
    0.28142266137444455, 0.20212819232888843, 0.23889132783464764,
    0.17031397573325946, 0.16910166293382645, 0.1684638333061467,
    0.1519657344273899, 0.16436847704260246, 0.1437069508044616,
    0.15060531785306724, 0.1489604316327883, 0.13804903691229614,
    0.14559819371156071, 0.14301056900750037, 0.1401665039036585,
    0.14395671548402827, 0.13593430671354997, 0.13556349990160568,
    0.1332806452460911, 0.1440847070644731, 0.1351723635326261,
    0.15577099828616434
  ],
  "train_ious": [
    0.45261044960900915, 0.5481443057187658, 0.5958593084706341,
    0.6206828232152739, 0.6470303768696991, 0.6579567076827305,
    0.6721817628089072, 0.6833021717982881, 0.6942377764785637,
    0.7042131636129775, 0.7043009722146433, 0.7153666522623834,
    0.7233469170396742, 0.7313752933472829, 0.7377470479603268,
    0.7418047530927522, 0.7445877351514673, 0.7536698216977326,
    0.7624823928851147, 0.760326779730942, 0.7640577165436918,
    0.7735653936431026
  ],
  "val_ious": [
    0.43298715137053234, 0.5811087138194969, 0.5509982234325961,
    0.6423289795284686, 0.641793926988823, 0.6437755417132722,
    0.6716266175111134, 0.6572462927172149, 0.6913059224253114,
    0.6803939923428107, 0.687805285056432, 0.69887186370898, 0.6986504348291868,
    0.6941882110592248, 0.6976611659578655, 0.6954375736523365,
    0.7082575401966124, 0.7136260204125141, 0.7167842444302378,
    0.7032599049633828, 0.7167492634144381, 0.696869010294693
  ],
  "training_time": 472.2734897136688,
  "avg_gradient": 0.006048832977417738,
  "memory_usage": 1149.87109375
}
