{"train_losses": [0.2672002159221017, 0.22734095714986324, 0.2054556442991547, 0.187824671521135, 0.17639561742544174, 0.16666805395937484, 0.15844987446199293, 0.15170444637213065, 0.1464128652587533, 0.1425041005258327, 0.13843009467034237, 0.1304139635404167, 0.12819068121683339, 0.12294040535293195, 0.1195890836255706, 0.11480535566806793, 0.11322688882279655, 0.11215836562864158], "val_losses": [0.24465288837318835, 0.2116926960323168, 0.2018061749961065, 0.20773214749667956, 0.17961615745140158, 0.16250924150580945, 0.19493348410596018, 0.1534892531192821, 0.14849338340370552, 0.16534444301024728, 0.15377373863821445, 0.14599599478685338, 0.1451936427341855, 0.1385373803584472, 0.14311611263648324, 0.13873380616955136, 0.13722666676925577, 0.17252270909755127], "train_ious": [0.4607576033694371, 0.5357850208554578, 0.5761474583135999, 0.6075838021934031, 0.6305169308747073, 0.6477439172997854, 0.6618655826626484, 0.6747655988927334, 0.6835893771030764, 0.6917768783759377, 0.698858995422505, 0.713011259887962, 0.717893549605556, 0.7271040308734645, 0.7327392648743545, 0.7409120697690096, 0.7439081854578375, 0.7467157892558888], "val_ious": [0.5071972261952318, 0.5660256130107933, 0.5801438139616578, 0.581387207775876, 0.6382548297229022, 0.6582126431707023, 0.6032424113456752, 0.6744970582101657, 0.6832035924645438, 0.6623434247314067, 0.6811896636002306, 0.6898892770210903, 0.6927525379519534, 0.7001900785211205, 0.6967253788657812, 0.7034704274889352, 0.708956355633943, 0.6643907224786456], "training_time": 386.97261023521423, "avg_gradient": 0.005289536754784202, "memory_usage": 1149.87109375}