{"train_losses": [0.2665127502835315, 0.22729549961893455, 0.19895854616618674, 0.1809942893198003, 0.16915359339960243, 0.16110728737776694, 0.15360159378336824, 0.14717744383960962, 0.14331582690710606, 0.13789541885742676, 0.13321492914110422, 0.12748745233630357, 0.12351642188656589, 0.12147526001638692, 0.1173943501451741, 0.1144589995155516, 0.11179802084908537, 0.10796530739120815, 0.10757203392036584, 0.10309152139107818, 0.10023377997719723, 0.09657975116177746, 0.0950913091149667, 0.09241976487733748, 0.09264373406767845, 0.09215433794357207, 0.08684222412336132, 0.0844530354699363, 0.0860127217500754, 0.08531050610801448, 0.08363188511651495, 0.07864277429230836, 0.0764384814740523, 0.07440952059772352, 0.07363977647669938, 0.07835232300440902, 0.07360466298363778, 0.06982349847321925, 0.06789456895026176, 0.06652689591536055, 0.06527315679451694, 0.06445610389599334], "val_losses": [0.2628201106968133, 0.21944722176893897, 0.20006865813680316, 0.18077882962382358, 0.1657808186567348, 0.18334529127763666, 0.15779258634733118, 0.16822060068016467, 0.15548831758939702, 0.1479769107764182, 0.14936412271598112, 0.14564561487539954, 0.1403646017222301, 0.1428407126146814, 0.15730133037204327, 0.14140935987234116, 0.13326749140801636, 0.1376472348752229, 0.14962132696224295, 0.12712811905404794, 0.1408498870289844, 0.13695192191263902, 0.1303801246635292, 0.1289538415553777, 0.1300055940190087, 0.14583250135183334, 0.1286568388990734, 0.13280783010565717, 0.1402452051963495, 0.1305984666813975, 0.12953339760070262, 0.13144597249186557, 0.13124943038691644, 0.13263080431067426, 0.13397551684275918, 0.1383750220031842, 0.1308061138767263, 0.1335917589781077, 0.13445262011626494, 0.1402471527133299, 0.1441271936763888, 0.14262604438092397], "train_ious": [0.46593756068065983, 0.5368689778868274, 0.5884015616839345, 0.620156588005847, 0.6430310625312986, 0.6568154538779153, 0.6705259031791618, 0.6818107275319271, 0.6894157450052273, 0.6984561099198416, 0.7083418338519074, 0.7175957006604775, 0.7248891521299229, 0.7292989650606243, 0.7362756067212075, 0.7422354156556337, 0.7465003441641297, 0.7543213736211906, 0.7537118963141372, 0.7627184819160162, 0.7681267590302485, 0.7745619183541206, 0.7771607597453006, 0.7822001876606458, 0.7821542863072696, 0.7826284581012481, 0.7935152693071229, 0.7981749246085897, 0.7956034520613978, 0.7963483919915947, 0.7998586457924566, 0.809840104934098, 0.814195268935916, 0.818623037981814, 0.8200580669917918, 0.8105564008372421, 0.8204145404523698, 0.8285413881142935, 0.8326244073501534, 0.8358563137227213, 0.8386700760195225, 0.8403144940949868], "val_ious": [0.47778082477009814, 0.5519746846478918, 0.5961408811634865, 0.6265603655922238, 0.6528947554204775, 0.6323787684457889, 0.6699164069217185, 0.6486378417930739, 0.6689722503440967, 0.690089784886526, 0.6823821622824322, 0.6951245063025019, 0.7004812638396802, 0.69789324204127, 0.667966997925786, 0.7003874973110531, 0.7124816190073454, 0.7141938300236411, 0.6979616135358812, 0.7257132929736286, 0.7006017487982044, 0.7158374410608539, 0.7231086550847344, 0.7269885311092156, 0.7274945170983023, 0.7091411585393159, 0.7338684404241868, 0.7305482485588044, 0.7168853989113932, 0.7286586616782174, 0.7279087611730549, 0.7328537480122802, 0.7312685456396878, 0.73533083865608, 0.7313491676164708, 0.7286736395048059, 0.7355821586173517, 0.7363729403502698, 0.73488316933314, 0.7335428960513377, 0.7351524825545326, 0.732374794025352], "training_time": 901.9371254444122, "avg_gradient": 0.0018253625556464946, "memory_usage": 1149.87109375}