{"train_losses": [0.28246301493566967, 0.22701830441213172, 0.20377850443448708, 0.1869256901352302, 0.17383911371555016, 0.16340130089741686, 0.15836170016099577, 0.15067129505231328, 0.14408177773103767, 0.14228686823955047, 0.13565322372090557, 0.13069430281124686, 0.12812520624340876, 0.12511975978217696, 0.12107368846140477, 0.11820186787973279, 0.11506284218605446, 0.1106590827441086, 0.10985356832490019, 0.10542560810142237, 0.10484246670713891, 0.09919528780586045, 0.09483448343108529, 0.09483717641104823, 0.09594187958408958, 0.0926030986820874, 0.09235300447629846, 0.08713870232357927, 0.08536582108101119, 0.08364115266696266, 0.08716160500341136, 0.08361775488795145, 0.0784992972874771, 0.0758295925334096, 0.07443370172025068, 0.07457749156848244], "val_losses": [0.2964870171702426, 0.21013185511464658, 0.19889500737190247, 0.18460478212522424, 0.2175147530177365, 0.17183479731497558, 0.16366429707926253, 0.16319403878372649, 0.1646094744944054, 0.15895290348840796, 0.15591414904464845, 0.14974574080627898, 0.14555110490840414, 0.14672532078364622, 0.16446318137256996, 0.14068463671466577, 0.14768028858563173, 0.1422557406451391, 0.14393075701335203, 0.151758774953044, 0.1463557868872, 0.14027252453176872, 0.14161617681384087, 0.14829867414158324, 0.14385107758900392, 0.13743425355009412, 0.1456187472719213, 0.14012177693455116, 0.13858389903021895, 0.14391981065273285, 0.14148897953007533, 0.14037219985671665, 0.14089137072796407, 0.14391764269574828, 0.1418283609268458, 0.15204413316172102], "train_ious": [0.43212237754377747, 0.5358375152707966, 0.5774227652320829, 0.6089853895963107, 0.6321190723582455, 0.6522870706799238, 0.6620541602049185, 0.6744889717387116, 0.6883194846087608, 0.6907806323598265, 0.7032922572199848, 0.7120051095127198, 0.716806490244209, 0.7217755173535454, 0.7296567068475747, 0.7342891082491565, 0.7403257130172803, 0.7482084056929402, 0.750236637350442, 0.758303528138693, 0.7590648899583713, 0.769500179837147, 0.7776402012593505, 0.7780935305400173, 0.7756930727889567, 0.7819026439194229, 0.782852197362893, 0.7924824962257478, 0.7957703294097519, 0.799196536342303, 0.7927959650970892, 0.7999186086049979, 0.8098818108007526, 0.8152060043336686, 0.8181947485908223, 0.8175857455834097], "val_ious": [0.4576656810291436, 0.5673611248316974, 0.5933459390332733, 0.6227431722741196, 0.5967816259118095, 0.6407856304144516, 0.6582186569770176, 0.6588031632312829, 0.6609600959480673, 0.6637997942558233, 0.6698929343534553, 0.6791143583646719, 0.6960271216820979, 0.6918356090352156, 0.6680733352035716, 0.6986755201782004, 0.6882944135130314, 0.7010941071354825, 0.6941615900267728, 0.6993906037962955, 0.6986666185700375, 0.7076973448628966, 0.7119736768629241, 0.6987503570490989, 0.7109862991433213, 0.7195357507553652, 0.7064057042201359, 0.7174903709387431, 0.7181268910998885, 0.7174178260392038, 0.7182736459417619, 0.7207234665967414, 0.7234704323868821, 0.7230919154657833, 0.7239925718825796, 0.7176244615212731], "training_time": 770.7769696712494, "avg_gradient": 0.003835997124984132, "memory_usage": 1145.87109375}