{"train_losses": [0.2842179898010648, 0.2348059653102056, 0.21084051344381727, 0.19420370791593325, 0.18073937750380972, 0.16844025910224603, 0.15994595639083697, 0.15380693320184946, 0.14618282862331555, 0.14220213250297567, 0.139711355952465, 0.13503827523116185, 0.12808046704563109, 0.1259326946557216, 0.12302137409215388, 0.11826860661739888, 0.11605586427385392, 0.11307543261057657, 0.11096472851932049, 0.10723549848341424, 0.10691912476297306, 0.10140862749160631, 0.09810234006980191, 0.09712823257660089, 0.09764991166151088, 0.09145552907948909, 0.09379935969153176, 0.09257703776592793, 0.08851431933758051, 0.08641697344896586, 0.082738333746143, 0.08529320395673098, 0.08534510032800229, 0.0819109471352852, 0.0804013402160743], "val_losses": [0.29418973462737125, 0.27264407795408496, 0.21375207829734552, 0.20009288418552149, 0.17674938589334488, 0.1755322613145994, 0.17384866625070572, 0.16237706464269888, 0.16725839852638866, 0.15114500082057455, 0.15249457145514694, 0.14510785334784052, 0.14014035916846732, 0.14913176631797914, 0.13620967288380084, 0.145052763916876, 0.1357219164138255, 0.13189008653811787, 0.14120835211613905, 0.1333122444541558, 0.14059601610769396, 0.14681732686965362, 0.1336967744257139, 0.14392332862252774, 0.13816624831246294, 0.13408199697732925, 0.13513420538409895, 0.1332548093860564, 0.1433968932732292, 0.1373326192083566, 0.13862114318686983, 0.13605189372016036, 0.13426018166153328, 0.13361253200665765, 0.17591350784768228], "train_ious": [0.4189041384860225, 0.5220537192687608, 0.5666869386112775, 0.5975969632466632, 0.6224482119947241, 0.6438989188468112, 0.6611171187697978, 0.6718570897760598, 0.6840418839584228, 0.6929636983659819, 0.6970907785538314, 0.7047016253505924, 0.7172353997070718, 0.720547163778025, 0.728109826104364, 0.7347614344047466, 0.7398058541011123, 0.7442498908958577, 0.7482963053212649, 0.7557562553472276, 0.7561533425705156, 0.765865235818901, 0.7724644514745558, 0.7740684010196425, 0.7727643406909447, 0.7848458573546097, 0.7798159748747728, 0.7826751636854116, 0.7905503518987392, 0.7944147483702158, 0.8014998092599541, 0.796437609940767, 0.7968913110485979, 0.8026348378347314, 0.8061600274581839], "val_ious": [0.44796797730352567, 0.4889264803217805, 0.5590345921075861, 0.5957584096037823, 0.6345702116040217, 0.6412819122922594, 0.6398038725922074, 0.6637260844742044, 0.6647450105435606, 0.6775947329790697, 0.6786704242661379, 0.6864592586306558, 0.6999256794435391, 0.684100162939749, 0.7070108976053155, 0.6950545196515927, 0.7102271888567052, 0.7175182160260022, 0.7094542993151624, 0.7145267599734706, 0.7061670390160187, 0.7021070509285166, 0.719360474659049, 0.7102171437463898, 0.7132716409970021, 0.723114448397056, 0.7232100771389145, 0.7261384984721309, 0.7150901484748593, 0.7233946278043414, 0.7235501227171526, 0.7292180566684061, 0.7206660576056744, 0.7320236010827881, 0.6851026696571404], "training_time": 753.0839803218842, "avg_gradient": 0.011329782456901569, "memory_usage": 1149.87109375}