{"train_losses": [0.2684549350777398, 0.22752394413818483, 0.20792672329622766, 0.18851001090977504, 0.17824443292034708, 0.16745030398116165, 0.15971034668062045, 0.15172138372841087, 0.14504995039137808, 0.14029572053771952, 0.1357755484059453, 0.1326352203183848, 0.12805281206965446, 0.12567634082844722, 0.12052539173189712, 0.11772483980040187, 0.11287571344038715, 0.11211512577922447, 0.1074757399847326, 0.10625147815469814, 0.10245653104199015, 0.09943318597810424, 0.09514991189960552, 0.09421638561331708, 0.09998377663609774, 0.09793705602540918, 0.08975096095515334, 0.08620209825913543, 0.084041984670836, 0.08195594653649174], "val_losses": [0.246410863554996, 0.23944497756336047, 0.2029000365215799, 0.19913405503915704, 0.1985693334237389, 0.1725727083242458, 0.17465929168721903, 0.15149173108131989, 0.1560014257936374, 0.14722545542146848, 0.14717868035254272, 0.14142500107055125, 0.14274228380426116, 0.14236593942927278, 0.1646962637162727, 0.13695460201605505, 0.13707275607663652, 0.13766676138924516, 0.13536410049899764, 0.13462301003544228, 0.1336734319186729, 0.13215585959994275, 0.13057023513576257, 0.12958268659270328, 0.1351554272291453, 0.1339994242981724, 0.13073454376148141, 0.1333630726389263, 0.138447945046684, 0.15253351450614308], "train_ious": [0.4561219226191007, 0.5363797433944285, 0.5710586720294709, 0.6081031136538673, 0.6276165279357329, 0.646807972125817, 0.6610306325921982, 0.6766182611817896, 0.6862757848980633, 0.6958923234023908, 0.7034773748314037, 0.7094782155169095, 0.7177178448848968, 0.7213504119519737, 0.7316768382662449, 0.7368369766011622, 0.7453712030057459, 0.7457256484506789, 0.7551929890785528, 0.7566912925221779, 0.7640707341657166, 0.7699060174973976, 0.7775466549547687, 0.7791566509699482, 0.7696565290292104, 0.7723132112211941, 0.7881032843412695, 0.7951294043357823, 0.7990906550616463, 0.8031525645351066], "val_ious": [0.5031996862827868, 0.5106292374540067, 0.5763848606443057, 0.5919683871493823, 0.6062926425450089, 0.6405438923317454, 0.64478555213714, 0.6771042271368747, 0.671787739879843, 0.6825376314961392, 0.6825228147748589, 0.6949135548826576, 0.6942342681729273, 0.7031357467606448, 0.6759176928064099, 0.7037156431571298, 0.7080332487821579, 0.7056423093097798, 0.7166278843862424, 0.7116949035637622, 0.7197217068810392, 0.7178939781759096, 0.7247675501781962, 0.7258324575596962, 0.7134427998376929, 0.7192287034746527, 0.7295270851556808, 0.7274880260229111, 0.7238746261683062, 0.6997701074334158], "training_time": 649.0952973365784, "avg_gradient": 0.004757956769061294, "memory_usage": 1149.87109375}