{"train_losses": [0.2757862100944571, 0.22977756716958855, 0.20760975454164587, 0.1894657024708779, 0.17846839154220145, 0.16681863375655984, 0.1589594278484583, 0.1523701445725949, 0.14717139761247064, 0.14050449175841134, 0.13695066628734703, 0.13362109928351382, 0.12757410675935124, 0.12733388335808463, 0.12299005752024443, 0.12426473989920772, 0.11894141036369231, 0.11232224851846695, 0.11136999110812726, 0.11043990128066229, 0.1033502083433711, 0.1068319613923845, 0.10462063251306182, 0.09892007056623697, 0.0978853631278743, 0.09260536337514287, 0.09112617041429748, 0.09378820386431787, 0.0975952277202969, 0.08768811157864073, 0.0847879153392885, 0.09046809140430845, 0.08417295251527558], "val_losses": [0.24665021410454874, 0.22838913649320602, 0.20388641921074493, 0.19091928264369135, 0.17789190813251163, 0.18456112884956857, 0.17465697261302368, 0.16829378449398538, 0.15836583320861278, 0.16859536844751108, 0.15754059783142546, 0.1558883233886698, 0.14355903199833372, 0.1497007495035296, 0.15272994355663008, 0.1530730623913848, 0.13953787752467653, 0.14476546596573747, 0.14812054809020914, 0.15144736757097038, 0.13877234024846036, 0.14102619967382887, 0.1445059345468231, 0.14172323534022208, 0.13394086888950804, 0.1388497827169688, 0.13634221709292868, 0.14128313197389894, 0.13809501120577689, 0.13770622290346934, 0.1463977221561515, 0.13696432048859802, 0.14527659150569336], "train_ious": [0.44364853318024816, 0.5332192424144861, 0.5738932251714278, 0.6069876206633839, 0.6269480946163336, 0.647919071541316, 0.6615789133137548, 0.6738613440614679, 0.6834805134845816, 0.695727794606617, 0.7022813362595827, 0.7071173551721853, 0.7188780424927453, 0.7195151677706096, 0.7272421533538811, 0.7247306360606696, 0.7342251137006978, 0.7470238761085529, 0.7479445128769112, 0.7498317939647727, 0.7628275508573957, 0.7555819012332659, 0.7603790009043353, 0.7703483396250269, 0.772384514681239, 0.7820144134803095, 0.7850491687439493, 0.7801675062788571, 0.7743981060018577, 0.7918844225182048, 0.7973662683929215, 0.7865365377046926, 0.7991621917572571], "val_ious": [0.5079957604192306, 0.5356440026906955, 0.5846750658491384, 0.599843691656555, 0.6324862818355146, 0.6281713217064954, 0.6334552525178246, 0.6534938732351082, 0.6610306421483774, 0.650592036869215, 0.6717782897361811, 0.6741246995718584, 0.6927502414454583, 0.6853149267642393, 0.6823058359432913, 0.6827681589385738, 0.6992880732252978, 0.6951605763988219, 0.6924352546532948, 0.6853903113068014, 0.705943632600964, 0.7022403161162916, 0.7084639476261276, 0.7085387270519697, 0.7177373637323796, 0.719039255510206, 0.7186906624963316, 0.7147736817166425, 0.7145036888727244, 0.7138626676970634, 0.7118170809918555, 0.7184089707291644, 0.707818821504496], "training_time": 707.8665254116058, "avg_gradient": 0.006045960816015726, "memory_usage": 1149.87109375}