{"train_losses": [0.2651864573683428, 0.2206336041993421, 0.19897884924126708, 0.18363278448257758, 0.170462716370821, 0.1614000128339166, 0.15706673823297024, 0.14888922311365604, 0.1408480239789123, 0.13924694036983926, 0.13134123048866572, 0.13018168152674384, 0.1269653509978367, 0.12126026326871436, 0.11855826458043378, 0.11488362944320492, 0.10999112738215405, 0.1080286851071793, 0.1035760960177235, 0.10666967454649832, 0.10154021612328032, 0.09753958901147479, 0.09452003564523614, 0.09505061299094687, 0.08838215948122999, 0.08791293665442777], "val_losses": [0.24686155856951422, 0.2744460575606512, 0.19238397608632626, 0.22611098606949268, 0.18815894619278287, 0.17806579464155695, 0.16561079025268555, 0.14733837642099545, 0.1631852456408998, 0.18312591767829398, 0.14773440717355066, 0.14212987571954727, 0.14212259601639665, 0.13957017012264417, 0.140685996769563, 0.1401492733022441, 0.1372434200476045, 0.12846843039859895, 0.1397254377927469, 0.13159262502323027, 0.1329592111641946, 0.13340846157592276, 0.14818360818469006, 0.13035970132635988, 0.13254251282500185, 0.15504839319897734], "train_ious": [0.46470311871203407, 0.5487470038613116, 0.5879860878314662, 0.6158600666060832, 0.6404002213283725, 0.6567316573059212, 0.6646637105639429, 0.6796023040685966, 0.6933252645683459, 0.69699054416539, 0.7116410251220929, 0.7137485510953094, 0.7189442164979986, 0.7299221480346246, 0.7351881441646724, 0.7423937679740835, 0.7502138435408688, 0.75405683454828, 0.762030300670776, 0.7568976663161017, 0.7672772329246653, 0.7735715618060119, 0.7785496508189734, 0.7781342841900775, 0.7906190918191612, 0.791903531745724], "val_ious": [0.5076655950667202, 0.500288962777974, 0.6023856470550316, 0.5709232435278271, 0.6104093759820082, 0.6319390433853951, 0.6533786913622981, 0.6806711666825888, 0.6548887169447498, 0.643181860015012, 0.6806063507346141, 0.6953062510144882, 0.6904101443031558, 0.6993204255898794, 0.6983449845642282, 0.7019687297119609, 0.7058372812858525, 0.7198890844980876, 0.7007611648759979, 0.7173601721507916, 0.7170682059250015, 0.7130841368782349, 0.7000294021074321, 0.7211154990870021, 0.7208537046892056, 0.6976041713918467], "training_time": 560.1427459716797, "avg_gradient": 0.012847554160111388, "memory_usage": 1149.87109375}