{"train_losses": [0.2689833429682514, 0.22938212817129883, 0.2032836366282857, 0.18723664521847083, 0.17631360532149024, 0.1650903050828239, 0.15538992497908033, 0.14982919961861943, 0.1454646395843314, 0.14137869636001793, 0.13635784889692845, 0.1315693985670805, 0.12696493056643268, 0.12162614860774382, 0.12088476967714402, 0.11624464210446762, 0.11240100828201874, 0.11015726512540942, 0.10808703708259956, 0.10501660596903252, 0.10241320150215989, 0.09562348246412433, 0.09629564886183842, 0.09683141420068948, 0.09132253483909628, 0.08561036075748828, 0.08569573546233385, 0.08504733645721622, 0.08718687595556611, 0.08325075260970903, 0.07771360299185566, 0.07732830504360406, 0.07774713044257267, 0.07884574922449562], "val_losses": [0.24968959844630698, 0.2128008911791055, 0.1901012785408808, 0.18898342679376187, 0.18920776409947354, 0.1588609613802122, 0.15813837329978528, 0.160315224657888, 0.14554589954407318, 0.1495774409369282, 0.16531375180120053, 0.14333495805444924, 0.13947133914284085, 0.13912675999428914, 0.13362555707926335, 0.1316150635804819, 0.14460769068935644, 0.1380912198320679, 0.1395016144151273, 0.12931456514026807, 0.13150758571598842, 0.13208361634093782, 0.1249848740256351, 0.13163893216330072, 0.1321665286693884, 0.12777171219172684, 0.1403123229418112, 0.12754025504640912, 0.14045135288134866, 0.12606479972600937, 0.12858854817307513, 0.13052528238166933, 0.12742280004465062, 0.1846095916369687], "train_ious": [0.4612031751649752, 0.5336023994276059, 0.5813123443960279, 0.6093737192020041, 0.6303353011608123, 0.6510032886180324, 0.6675324783916924, 0.6777898405233155, 0.6863861331257268, 0.6943773788710433, 0.7033145288950289, 0.7111701974510286, 0.7193121743266996, 0.7290123649805352, 0.7301144530807716, 0.7386522627287154, 0.7452092606412329, 0.7494394849931844, 0.7536576610544455, 0.7594750170474466, 0.7637278417098345, 0.7765508560274824, 0.7756033338390398, 0.7746533544167228, 0.7848035101981262, 0.795964433231216, 0.7957529984954472, 0.7968168250028635, 0.7927399779791418, 0.8008386885774306, 0.8118472722345504, 0.8128179005090743, 0.8116683525883637, 0.810720574974582], "val_ious": [0.5013015791773797, 0.5533963112511496, 0.5972637440199439, 0.6097642603343815, 0.6256262480780698, 0.6643020188894824, 0.6636104458484097, 0.6562481390825217, 0.6848886593960334, 0.6826627232890198, 0.6561069130033687, 0.6904091208741285, 0.6994044312100481, 0.7020874129257338, 0.707608058184817, 0.7124330636815749, 0.6986737657284392, 0.7132889032363893, 0.6970543507216632, 0.7209503674420756, 0.7195413561834805, 0.7245107528524121, 0.7317635812189269, 0.7198807299137117, 0.7235388375710746, 0.7363166562888933, 0.7196040289557498, 0.7312484694563826, 0.7125013721161995, 0.7371066484762274, 0.735081721475159, 0.7336291770140331, 0.7379150172506554, 0.6483458613139995], "training_time": 736.151816368103, "avg_gradient": 0.007875188569599168, "memory_usage": 1149.87109375}