{"train_losses": [0.2700761997181436, 0.23157680285689625, 0.20959676405333955, 0.1921264959256286, 0.17795441842273527, 0.16538736523817416, 0.1574088090463825, 0.15071182256645482, 0.1450927932139324, 0.1416821643791121, 0.1363302641345755, 0.13198395713191965, 0.12922716290568528, 0.1251398746896049, 0.12088724403925565, 0.11861683517370535, 0.11338313490800235, 0.10985557994116908, 0.11106067499064881, 0.10533609451807063], "val_losses": [0.2682514284615931, 0.2844682488104571, 0.2162082379926806, 0.24555264283781467, 0.16351586612670319, 0.1874934094755546, 0.15412072691580522, 0.15361891184812007, 0.1603001210352649, 0.14102146580167438, 0.14849495207485947, 0.14329809209574823, 0.1408914656418821, 0.1447891954170621, 0.1396002084340738, 0.13263975828886032, 0.13510998241279437, 0.1367894036938315, 0.1549271942804689, 0.14440721969889558], "train_ious": [0.45791387263739447, 0.5283798487937968, 0.5699390840811143, 0.6012575805349195, 0.6266441262070686, 0.6480753481712027, 0.6649393286502012, 0.677140099738819, 0.6859373319084228, 0.6931797911183561, 0.7031142705160641, 0.710362282838078, 0.7160903754765573, 0.7231080413836498, 0.730808020825836, 0.734723556354858, 0.7442212253808972, 0.7505469995996225, 0.7489034907109492, 0.7591181954611897], "val_ious": [0.47537767530783354, 0.4920469314075899, 0.5645108645160993, 0.5510259815964147, 0.6514917082976605, 0.6113758279361585, 0.6719151083110037, 0.6740943141605542, 0.6728717803523159, 0.6987820647764897, 0.6891895413830662, 0.6931281035793, 0.7005477167557982, 0.6932582196550091, 0.7017425650703736, 0.7125798710014507, 0.7087100180594819, 0.7054901189994122, 0.6971999266441316, 0.6951745014259779], "training_time": 429.34864020347595, "avg_gradient": 0.004468905732345809, "memory_usage": 1145.87109375}