{"train_losses": [0.2664190670070441, 0.22681340963944144, 0.20232504581951577, 0.18222675108067368, 0.17151139530798662, 0.1605323195943366, 0.15516662443785564, 0.14905275153401104, 0.14138246756856857, 0.13652946913371916, 0.13183867230849422, 0.1285989599545365, 0.12604494599382515, 0.11920455426139676, 0.11619593300249266, 0.11656965671674065, 0.1107558137939676, 0.10640461730730275, 0.1041653684704848, 0.09981959928636966, 0.10024060782693002, 0.09496763518647007, 0.0961196537979919, 0.0958598482463023, 0.09017833289892777, 0.08960223805321299, 0.08556635025888681, 0.08613681493569976, 0.08925533100314763, 0.08170486192988313, 0.08187103911262492, 0.07912295809744493, 0.07814616705898357], "val_losses": [0.24446135791747467, 0.21646561052488245, 0.18686604726573694, 0.17590779130873474, 0.17918004970187726, 0.166067935526371, 0.1662121917242589, 0.15086401998996735, 0.14113325512279634, 0.1435184681221195, 0.14469448671392773, 0.1392483905605648, 0.13153030399395071, 0.12492330793453299, 0.13124738277300543, 0.1350130958725577, 0.13355551174153452, 0.12451822472655255, 0.12397628471903178, 0.13959623614083166, 0.13216606738126796, 0.12875648183019264, 0.13197991462505382, 0.12798208613758502, 0.12603744427147118, 0.1269047645770985, 0.1275808362533217, 0.12399893788539845, 0.12862296062319176, 0.13814471840210582, 0.12506026418312735, 0.13072943606454393, 0.15024409491730772], "train_ious": [0.4618127240218977, 0.5365937403200762, 0.5826025686456243, 0.6191246707694258, 0.6376142462958462, 0.6583312112244145, 0.6687172506598459, 0.6804054509038512, 0.6932377376850104, 0.7032224425803062, 0.7104988201804782, 0.716622211470984, 0.7212959209969938, 0.7338602584989175, 0.7390317335400892, 0.7384390698718851, 0.7490459547202653, 0.757092815594397, 0.7609769840171375, 0.7692329528323119, 0.7683458913495571, 0.7781115002066329, 0.7758375163311544, 0.7763614401329251, 0.7868903061725953, 0.7879673537352809, 0.7959066569481201, 0.7953324110611625, 0.7886318041254643, 0.8039052572803221, 0.8034756278646163, 0.8089623516020569, 0.811553916745428], "val_ious": [0.5043266993285954, 0.5465576533174169, 0.6101003010635789, 0.6276271487923637, 0.6284430024848467, 0.6526972698992579, 0.6521228955707687, 0.679203513091889, 0.6943016993826713, 0.6977886240119521, 0.6939786307621695, 0.701994181111239, 0.71104697904725, 0.7253608502771544, 0.7186652087215064, 0.7080319672822953, 0.7173091117022692, 0.7280144950617916, 0.7324523854514827, 0.70949588737626, 0.7223492748495461, 0.7273830872946891, 0.7271363193142244, 0.7306252644545791, 0.7370833018119782, 0.733076469837755, 0.7294540435507677, 0.7422732566145881, 0.7366409472365308, 0.7164926893901135, 0.7403430113757868, 0.7406490134156268, 0.6965698919434478], "training_time": 708.6586101055145, "avg_gradient": 0.004529133422751879, "memory_usage": 1145.87109375}