{"train_losses": [0.26634635152700153, 0.22418315392797408, 0.20119303116655868, 0.18349162319108195, 0.17295499283658422, 0.16177236693708794, 0.15447537398532682, 0.14686070710582577, 0.14123589124368585, 0.1379190709684854, 0.1340981137574367, 0.12921329215168953, 0.12464284419041613, 0.11903980086841014, 0.1189416007179281, 0.11661417199217755, 0.1132889132865745, 0.1090184959947415, 0.1060450897835519, 0.10227015934398641, 0.09769882103833168, 0.09483051850743916, 0.09519373479744662, 0.09095708527804716, 0.09069652871593185, 0.09680904055257207], "val_losses": [0.31041202337845514, 0.20613880390706268, 0.20978503771450208, 0.1735142028850058, 0.16540780857853268, 0.15827394503614176, 0.15499982885692432, 0.15350293805417808, 0.1459465229316898, 0.14227336062037427, 0.14313499516119127, 0.13864603881602702, 0.15057587186279503, 0.14278514213536098, 0.13394432093786157, 0.1352068896850814, 0.13358189295167508, 0.13331424007597176, 0.14240669750648996, 0.1348673443755378, 0.136627196131841, 0.13613890905095183, 0.1303061425038006, 0.1340344399213791, 0.13228642503204552, 0.1426396169092344], "train_ious": [0.46085511855241196, 0.5416788491217988, 0.5829087512810593, 0.6160244936312455, 0.6359714310130344, 0.655649948163309, 0.6685954275662486, 0.6828179801611798, 0.6932700632706931, 0.699322765612084, 0.7068557954676776, 0.7160199484315474, 0.7232941986210099, 0.7336353913921374, 0.7348837807126667, 0.7382984120884667, 0.7434560756968412, 0.7521973029318928, 0.7574751215676475, 0.7642851135005122, 0.7729980950446229, 0.7781593002702882, 0.7777260198541308, 0.7858285428281284, 0.7863156762567979, 0.7752126970368884], "val_ious": [0.45641762244960543, 0.5726374277602071, 0.5759442856778269, 0.6328056657659836, 0.6528217267730961, 0.6619051142015318, 0.6678644427354784, 0.6742567266675009, 0.6857715611872465, 0.6918691560841989, 0.6903971245755319, 0.7025255599747535, 0.6789124616678212, 0.6985427087199861, 0.7092972080344739, 0.7079141917436018, 0.7143340238194537, 0.7140553222186324, 0.7003208694682604, 0.7138451590486194, 0.7125639598006788, 0.7135529377754183, 0.7241377234458923, 0.720077875515689, 0.723945171288822, 0.7077991895485617], "training_time": 557.5799214839935, "avg_gradient": 0.015347535146776368, "memory_usage": 1149.87109375}