{"train_losses": [0.2706447382174108, 0.22229270402180112, 0.19878057147497716, 0.18429429974892866, 0.17490964625840602, 0.16402572798340218, 0.15719341012932683, 0.15050997544565928, 0.14388108658401863, 0.13955573717375164, 0.13415441281445648, 0.1329519829267393, 0.1250870695904545, 0.12460707403395486, 0.12043749565339606, 0.1181038828647655, 0.11200587803740865, 0.11292317910524814, 0.11147021295745736, 0.10498402320334445, 0.1031399023030763, 0.09897692416511152, 0.10086581714289344, 0.09645937755703926, 0.09655711334198713, 0.09114434740141682, 0.08779882335954386, 0.08911500405520201, 0.089166934237532, 0.08678638983679854, 0.08399241203037293], "val_losses": [0.3103628586167875, 0.21283126978770547, 0.2234998763255451, 0.23675447022137436, 0.15911208546679953, 0.16771023623321368, 0.17106530653393787, 0.14841184522146764, 0.14957066625356674, 0.15753528605336728, 0.14676922235799872, 0.14754030529571616, 0.1445155046556307, 0.1449668872291627, 0.1500683595304904, 0.13992435890047447, 0.13499737401371417, 0.14145473617574442, 0.1347121257820855, 0.13353025232968124, 0.13310663612640422, 0.1423617943149546, 0.13291616089965985, 0.1360852768563706, 0.13271800412432008, 0.12969542667269707, 0.13382072082680205, 0.13206546688857285, 0.12533826721103294, 0.1290399346338666, 0.14524533486236696], "train_ious": [0.45591582619733567, 0.546539059394728, 0.5890023100419323, 0.6154562727264736, 0.6333248062950114, 0.6518352921998155, 0.6645134094076747, 0.6759873932038528, 0.6884033864606983, 0.6962132653140501, 0.70696584885751, 0.7078624485951408, 0.72327278279092, 0.723623909542094, 0.730887009883704, 0.7351771665979984, 0.7462651232878371, 0.7447577091338838, 0.7477465647178281, 0.75936340254502, 0.7624061714479887, 0.7707364801047499, 0.7671654619600463, 0.7751955583259679, 0.7749751006671485, 0.7856880804334859, 0.7908846017351188, 0.788945813703797, 0.7891915574453884, 0.7926857227432554, 0.7985698375041075], "val_ious": [0.4552874339987402, 0.570105310799419, 0.5566417524132177, 0.5132415505207103, 0.6610211591789689, 0.6429522428391636, 0.6388863603705943, 0.6822790533736132, 0.6823658921580386, 0.6755720018476679, 0.6888983232387597, 0.6938253515872401, 0.6927925641985905, 0.6868801635244619, 0.686005521727645, 0.7030681954777759, 0.712437303169914, 0.7008668443431025, 0.7125886719727861, 0.7194297045901202, 0.717782082117122, 0.7103308767512224, 0.7222443372011186, 0.7188982173152592, 0.7244868811921796, 0.730782792404078, 0.7307481925556624, 0.7290817581225134, 0.7324041026657907, 0.7353803273560342, 0.7047881067231081], "training_time": 668.8197808265686, "avg_gradient": 0.015045925410114519, "memory_usage": 1149.87109375}