{"train_losses": [0.26735184236389137, 0.220390272124306, 0.19747403442211772, 0.18143581955329233, 0.16912363129465477, 0.15796004697356536, 0.15343644692683997, 0.14346783620345852, 0.14151881882192, 0.13597383499955354, 0.13331030082443487, 0.1289009254263795, 0.125029931411795, 0.12061411733536617, 0.11676690865146078, 0.11352178292429965, 0.10923911214036786, 0.10724588718427264, 0.10775764788622441, 0.10197641080974237, 0.09699634389708871, 0.09746475845737301, 0.09468868338381467, 0.09310418865440981, 0.09237265926988228, 0.08794662562887305, 0.08912424330154191, 0.08591176245523535, 0.08722197847521823, 0.08386360874156588, 0.08591981151181718, 0.08008891319775063, 0.07885286957025528], "val_losses": [0.2408050862343415, 0.22556549828985464, 0.18749043151088382, 0.18002061513455017, 0.17464928069840308, 0.16448332077783087, 0.16977265185636023, 0.14694634177114652, 0.14991529707027518, 0.17025348544120789, 0.1426422356263451, 0.15171613932951636, 0.14068669971564543, 0.13943246071753296, 0.1380446752452332, 0.13906582218149435, 0.1391286215056544, 0.13649944523754326, 0.1346292275449504, 0.1303558939177057, 0.13200030621627104, 0.1511016348781793, 0.12939908193505328, 0.13514657966468646, 0.13528287410736084, 0.1317857890997244, 0.13938832185838534, 0.13121331256368887, 0.13063478745196178, 0.1311966726637405, 0.13811775394107983, 0.13466860677884973, 0.14285862121893012], "train_ious": [0.4589778027848165, 0.5484251660173354, 0.5906081887205012, 0.6198942764405754, 0.6416422395926455, 0.6630178185692732, 0.6719274532211863, 0.6901135997495789, 0.6928208625834923, 0.703354567127383, 0.7090787191645822, 0.7157156003126203, 0.7224357771700708, 0.7311220091862092, 0.7380992167129894, 0.7437205430714114, 0.7515273032628969, 0.7548170611802221, 0.7543448738861777, 0.764757718135049, 0.7740530865131945, 0.7736620794495812, 0.7789185994129251, 0.7812825111483316, 0.7828733840606353, 0.7910096575708496, 0.7895995582035485, 0.7952669040448418, 0.7933691429595157, 0.7992226271957593, 0.7955496923431108, 0.8069448825241858, 0.8095265322405367], "val_ious": [0.5047406660041949, 0.5481741302039314, 0.6125033839025359, 0.6224338330220485, 0.6315486910550492, 0.6572543436634368, 0.6465524000966031, 0.6828882543073186, 0.6818345502234888, 0.6553930579752162, 0.6925386404213696, 0.6826287948566935, 0.6956885629805964, 0.7029299973577695, 0.7046342813882276, 0.7009923695654108, 0.704536398683769, 0.714195991339891, 0.7127011275809744, 0.7238702776207439, 0.7208660668221074, 0.690584128965502, 0.7231403854878051, 0.718159363537595, 0.722603128872056, 0.727884426497031, 0.7124523185733436, 0.7275306975495986, 0.7230525355840074, 0.7289453697377357, 0.7231417818777802, 0.7277778555517611, 0.714620820854021], "training_time": 715.6587624549866, "avg_gradient": 0.004352045207144762, "memory_usage": 1149.87109375}