{"train_losses": [0.2875470833285995, 0.23859345062595347, 0.2133779717690271, 0.1971829351361679, 0.18543221809617852, 0.1738609543637089, 0.1641795700011046, 0.15743227286831193, 0.15094647560592578, 0.1463594302211119, 0.14135750836652258, 0.13694446776872096, 0.1355185428958224, 0.13156295462470988, 0.12755000911167133, 0.12598536272897667, 0.12186077063012382, 0.11872886105076126, 0.11429003743535798, 0.11437116891307675, 0.11004459764808416, 0.10639373788043209, 0.10122345918384583, 0.10607112802403129, 0.09850071366552425, 0.10218979507360769, 0.09550756681710482, 0.09743543548266524, 0.09482696846775386, 0.08920781747640474, 0.09359878091060597, 0.08763932663461436, 0.08451008290538321, 0.08562032708331295, 0.09324436209609975, 0.08409993751379459, 0.08137911707972703], "val_losses": [0.25705683944017993, 0.2662699831568677, 0.22498316641734994, 0.22024727224007898, 0.1863858204173005, 0.16564845650092416, 0.18840228701415268, 0.16364952533141428, 0.15760086541590484, 0.14408953925189766, 0.1442144516369571, 0.14375169882955757, 0.16444691286786742, 0.16367755895075592, 0.14105111425337585, 0.14417057678751324, 0.13266573554795721, 0.13678400202289873, 0.1314962198552878, 0.13144913882665013, 0.12913632959775304, 0.13270335676877396, 0.13331838000727736, 0.14169301724304323, 0.15151718437023784, 0.13431166161013686, 0.12780935608822366, 0.1316389093256515, 0.13307460219315861, 0.12907503561481184, 0.12861292744460312, 0.12569836122186287, 0.13841613884205403, 0.13169788553015047, 0.12778259522241095, 0.13407992652576903, 0.14513289847451707], "train_ious": [0.4216944172344023, 0.5163582191141187, 0.5627384560479631, 0.5912562120651854, 0.6144473877721939, 0.6349325344182445, 0.6516647312952127, 0.6652617080380087, 0.6754835113019183, 0.6851830899283508, 0.6937493173324539, 0.7016365953005742, 0.7039157627285391, 0.7116705610592299, 0.7177467300300151, 0.7220930163951025, 0.7291613568862283, 0.7352402323613996, 0.7425922212609344, 0.7426545464474225, 0.7512483732855835, 0.7574969651582448, 0.767161347457896, 0.7574976361964062, 0.7720895023557581, 0.7649079787450418, 0.7771755136765431, 0.7737852537977521, 0.7786869149709095, 0.7895592232977132, 0.7813616065659383, 0.7922071837752627, 0.7982981966241551, 0.7960829139835589, 0.7821053726517639, 0.7991167489925161, 0.8049766754434593], "val_ious": [0.4758187322944835, 0.443023596174907, 0.5707134857125904, 0.541750664404337, 0.6160372547481371, 0.6452583050814229, 0.6148157245007114, 0.6527836106825565, 0.6622546040925424, 0.6894404007040936, 0.6889512560505798, 0.6892698122107465, 0.655727725745975, 0.6735595285460569, 0.6932127298652262, 0.6985348566718723, 0.7080613484849101, 0.7033173398695128, 0.7120549354864203, 0.7128858985244366, 0.719898046358772, 0.7119524584732193, 0.7159138812103132, 0.7074522870606271, 0.6947466720273531, 0.7131781653649566, 0.7267615436643793, 0.7225647480159567, 0.7234205331491386, 0.7311071673597115, 0.7267579930847969, 0.7311862324890883, 0.7206845683032188, 0.7319923218177713, 0.7336700018765269, 0.7281524739835573, 0.7131028281173843], "training_time": 790.9254019260406, "avg_gradient": 0.0036515964423582755, "memory_usage": 1145.87109375}