{"train_losses": [0.2664086563593667, 0.22468262100997177, 0.19914653630036375, 0.18221824033104855, 0.17119759596560313, 0.16189406820289468, 0.15301157461236353, 0.14803645622147166, 0.14256384786542342, 0.1380935628776965, 0.13412907849187436, 0.12797468285197797, 0.12585390476590913, 0.12322268011453359, 0.12021168187746535, 0.11354160819040693, 0.11245830859179082, 0.10821530324123475, 0.10681988234105318, 0.10579654529852711, 0.09980406741733136, 0.09947210202074569, 0.0940059759127705, 0.09593141253065804, 0.09073348857624375, 0.09288463660556337, 0.09131753720019174, 0.08725592862490726], "val_losses": [0.25990959386462753, 0.21952117785163547, 0.19344810331645218, 0.1771692442505256, 0.18920957782994147, 0.16842591341422952, 0.1521882907204006, 0.15544831104900525, 0.14525919861119727, 0.15501881876717444, 0.13811605375098146, 0.13472160842755568, 0.13828112638514975, 0.1695823488028153, 0.13127466210204622, 0.13636460398202357, 0.14274359332478564, 0.12968610470061717, 0.13786494067829588, 0.1379672041081864, 0.12426696766329848, 0.12138155863984772, 0.1250914422714192, 0.12325941058604614, 0.127903676227383, 0.1273335769124653, 0.12499298252489256, 0.1363871985155603], "train_ious": [0.4590223815690295, 0.5410989087506912, 0.588330833106369, 0.619140865551173, 0.6389806981643904, 0.6549817128241929, 0.6722477809458539, 0.6808558285668278, 0.6910432013480553, 0.698727006227642, 0.7058462484915186, 0.7170175430027477, 0.7213872373643992, 0.7262230372407299, 0.731660695773536, 0.7431360715325326, 0.7452135032609756, 0.7535260321869369, 0.7550752513326597, 0.7575367511506531, 0.7687438727504967, 0.7697828864489776, 0.7794110855978467, 0.7758377146353759, 0.7858934759337828, 0.781788530179124, 0.784954583245343, 0.7924715856603091], "val_ious": [0.4850137861094615, 0.5596281806195993, 0.6061476341624191, 0.6335935026839159, 0.6293152201434841, 0.6476167647734933, 0.6760239823572878, 0.6703096908935601, 0.6893971730833467, 0.6696062796357749, 0.7007440499205518, 0.7121597798406216, 0.7024870661721714, 0.6651232957408046, 0.7129618994135787, 0.7047913007546163, 0.7044275875972668, 0.7183699432922446, 0.7175290055465007, 0.7082974299572515, 0.7303484401841096, 0.7326614228279695, 0.7280940331410669, 0.7308001425387204, 0.7294304487497911, 0.7284459173679353, 0.7323436488707861, 0.7166006534859755], "training_time": 598.0227179527283, "avg_gradient": 0.0035395091716945945, "memory_usage": 1145.87109375}