{
  "train_losses": [
    0.268775446097488, 0.22688051175488078, 0.20610791112741697,
    0.191858087139933, 0.18049474384473718, 0.1697756475566522,
    0.15958950875084038, 0.15560885368967833, 0.14664912616591091,
    0.14188268687576056, 0.1367881577461958, 0.1329077163549221,
    0.12881914959491594, 0.12476849900153668, 0.12388280443037333,
    0.11911623536244682, 0.11558078099852023, 0.1106356268181749,
    0.11044480886472308, 0.10524650934435752, 0.10068480261480031,
    0.10444323536332535, 0.0996606571437872, 0.10158505310992831,
    0.09229360338624405, 0.08984363277483245, 0.09203462958659815,
    0.09010453720617553, 0.08846072233079569, 0.0845957730046433,
    0.08333062117352434, 0.07976908390612705, 0.08142430837387624
  ],
  "val_losses": [
    0.2922131639459859, 0.2417057950211608, 0.2272939808342768,
    0.20836645883062613, 0.2243927483973296, 0.16566776646220166,
    0.17673361722541892, 0.15931498648031897, 0.15256390995953395,
    0.1543978264798289, 0.14477339046804802, 0.14925836091456207,
    0.1413930359741916, 0.15153973322847616, 0.1407741836231688,
    0.14337964096794958, 0.14089059149441513, 0.13876248782743578,
    0.14217419857564179, 0.1363398367943971, 0.14432310053835745,
    0.14035661793921306, 0.13516589416109998, 0.13608701251771138,
    0.13415523812822674, 0.1361908000772414, 0.1337131532314031,
    0.1403596689519675, 0.15406938140159068, 0.1390851382975993,
    0.13710441245980884, 0.1334341375724129, 0.1530418658386106
  ],
  "train_ious": [
    0.45403760861929326, 0.536794746429592, 0.5739732601180457,
    0.6008918084258187, 0.6205156861763933, 0.6413358878614246,
    0.659578464385392, 0.6667691839561946, 0.6833913340840649,
    0.6925243790922823, 0.7018459610964939, 0.7083059218374714,
    0.7161384706479915, 0.7238139615434668, 0.7250709841972672,
    0.7343033966810808, 0.7405116957598835, 0.7489985236223191,
    0.7492044850967933, 0.758803324476964, 0.767318058057108,
    0.7608914372065791, 0.7693419276156286, 0.7657129905470041,
    0.7830984845649503, 0.7877535886954571, 0.7837801286815729,
    0.7872532130475492, 0.7901792875018674, 0.7979100297974506,
    0.8000627739921861, 0.8072562079498731, 0.8040641087336811
  ],
  "val_ious": [
    0.47971273483573523, 0.5246016728705254, 0.5407067498435145,
    0.5825106754251148, 0.5496907008514887, 0.6476341481657996,
    0.639513046413228, 0.6609127987986024, 0.6734925072262252,
    0.6658302634090617, 0.6863502169000929, 0.6816672527271768,
    0.6970356584027194, 0.6806642965994019, 0.6971223974141523,
    0.693567904441253, 0.6986777942249739, 0.703142306510953,
    0.6999096946007962, 0.7105640164320018, 0.7043162839136263,
    0.7009659264830576, 0.7174538039210915, 0.7147033177856086,
    0.7211611260106597, 0.7202626650316131, 0.7183135510354803,
    0.7161192278499189, 0.7063378339660339, 0.7215974972299906,
    0.7222306898970533, 0.7268948516120082, 0.7111792696126994
  ],
  "training_time": 720.6641027927399,
  "avg_gradient": 0.0054928752023672795,
  "memory_usage": 1145.87109375
}
