{
  "train_losses": [
    0.26857386132621247, 0.22868381618805553, 0.2041317890195743,
    0.1869479263930217, 0.17429627275661283, 0.16685209771537263,
    0.15941944135271985, 0.15263226826715728, 0.14759772546265437,
    0.14164577489313873, 0.13668295409044492, 0.13341838016134241,
    0.12841144451142653, 0.12454027277619942, 0.1216514810676808,
    0.11712703618990339, 0.11378663604188224, 0.11031930585918219,
    0.10670752224066983, 0.1069368306628388, 0.10162336606046428,
    0.09838019076572813, 0.10154039214324692, 0.09306391514837742,
    0.09182180630286103, 0.08913446302809146, 0.08701644837856293,
    0.09027595457661411
  ],
  "val_losses": [
    0.23819043098584466, 0.21972608469102695, 0.1913654415503792,
    0.18030050040587134, 0.16271310979905335, 0.19151063587354578,
    0.16068159513499425, 0.16495701184739237, 0.15021654218435287,
    0.14916464524424594, 0.13685452711323035, 0.15039341346077298,
    0.13879151998654657, 0.14087623422560486, 0.13608858572400134,
    0.1469593563157579, 0.13131513187418814, 0.1342752924107987,
    0.12538432459468427, 0.1446626511928828, 0.12647320929428804,
    0.13199533441144487, 0.13146834188829298, 0.12915964748548425,
    0.13302212516250816, 0.1299786368465942, 0.12857330995409386,
    0.15332962572574615
  ],
  "train_ious": [
    0.4578903253473664, 0.5343861228691926, 0.5789889848480622,
    0.6101136919165002, 0.6334090020129646, 0.6465208731807659,
    0.6595488239241682, 0.6719921043925526, 0.6815327786017155,
    0.691608192804067, 0.7006453086176644, 0.7069931955117245,
    0.7166946474732695, 0.7231095415958455, 0.7279129728566909,
    0.736963481628809, 0.7428247372525326, 0.7493606093677062,
    0.7559519461423588, 0.7557771622162797, 0.7653097956832767,
    0.771137830625842, 0.7651606600029744, 0.7809723277130859,
    0.783483258947946, 0.7885918012023834, 0.7925238720532777,
    0.7867509849045587
  ],
  "val_ious": [
    0.5153312897984531, 0.5551760199925174, 0.6072651998720309,
    0.6340236866819685, 0.6558817188808882, 0.6182645904845085,
    0.65611753558767, 0.6513905047938445, 0.6812295682620312, 0.682385171885076,
    0.7013082402771798, 0.6828425513661426, 0.7025545755590217,
    0.698298489054044, 0.7045624303644982, 0.6958085296378617,
    0.7171263731476188, 0.7130983892990197, 0.7272317698900251,
    0.6967537012221159, 0.7271126001209455, 0.7247463570556778,
    0.7196197626383408, 0.7305451933888422, 0.7281739046608192,
    0.7271125668632814, 0.7341163484514625, 0.7001782489427623
  ],
  "training_time": 599.5558576583862,
  "avg_gradient": 0.012483014427769341,
  "memory_usage": 1149.87109375
}
