{"train_losses": [0.2664159018060435, 0.22677043760600296, 0.20246414378609345, 0.18624926593316637, 0.17524721651621486, 0.1644696939898574, 0.15741551416399685, 0.15286392001840082, 0.14624053065705558, 0.13977387417917667, 0.13690690084805954, 0.13411628548055887, 0.12769426300149897, 0.12547935828890489, 0.12027846001412558, 0.11670161334230848, 0.11214001573946165, 0.11237785657462866, 0.10489773373726917, 0.10547496507997098, 0.10125775598799405, 0.09965025775296532, 0.09676377706067718, 0.09433422504883746, 0.08935993197171585, 0.08831823196100153, 0.08530905312332122, 0.08375812265212121, 0.08410646657095007, 0.08320354285609463], "val_losses": [0.24832772852286047, 0.2531555968782176, 0.19963641140771948, 0.1938784174297167, 0.18237573329521262, 0.1784677385635998, 0.17104619255532388, 0.15734651004490646, 0.16392259413133498, 0.1471656910751177, 0.14712145325282347, 0.15552172502097877, 0.14841388165950775, 0.14734759797220645, 0.1426858069456142, 0.14949428095765735, 0.14258743482439415, 0.13654976321951204, 0.14596982284084611, 0.13939188210212666, 0.1465768765496171, 0.1467035398211168, 0.14008795550983885, 0.13537617141137953, 0.13593959824546523, 0.13923400089792584, 0.1339480412071166, 0.13868673955616745, 0.13909265058843986, 0.14807805985860203], "train_ious": [0.46313312535673584, 0.5385330867400202, 0.5818947560653305, 0.6128994676190008, 0.632226636822241, 0.6522921333494395, 0.663725562987552, 0.6730801315195319, 0.6859981225992459, 0.6968704921503859, 0.7012869030021238, 0.7062758762875327, 0.7189018907214421, 0.7228261540117472, 0.731206214190393, 0.7383847956316199, 0.746135772354361, 0.746048873101456, 0.7596309509506264, 0.7575017788811867, 0.7662032564589083, 0.7692696807393133, 0.7746100993152113, 0.7790595480929248, 0.7885296439778978, 0.7903268598559978, 0.7965635283701659, 0.7992884241368453, 0.7987753986448485, 0.800571249339028], "val_ious": [0.49984087741029426, 0.5007736721764441, 0.5842499666023945, 0.5870394194903581, 0.6265421006558597, 0.6352949900471646, 0.640793247283369, 0.6661652047996934, 0.6672661341186883, 0.6858712160500926, 0.6910621299259904, 0.6732799654853517, 0.6825617545324825, 0.6873702564533205, 0.7056316649136336, 0.6970571363749712, 0.7034529067467952, 0.7063417914121047, 0.6953427914692009, 0.7072145478880923, 0.7026526733585026, 0.703022589718086, 0.7073586375817008, 0.7191205260114393, 0.7177708138158357, 0.7130560447340426, 0.7210664634687314, 0.7160230676333109, 0.7147383933913881, 0.7071421573991361], "training_time": 642.9846053123474, "avg_gradient": 0.004584059582020953, "memory_usage": 1145.87109375}