{"train_losses": [0.26917959012739034, 0.2311882404205592, 0.20525960680907188, 0.18872464780250323, 0.1743423044681549, 0.1633272219611251, 0.15690242985020514, 0.14758185823650463, 0.1429292823633422, 0.1370930083743904, 0.13216267137423807, 0.12930429070864036, 0.12402060708921889, 0.12068913196739943, 0.11811710217886645, 0.11718161319099042, 0.11073409741663415, 0.10597443762842727, 0.10641673288267592, 0.10217944589322028, 0.10042313506583804, 0.09620861356835002, 0.0982433918296643, 0.09280851876120204, 0.09125171289981707, 0.08846586444617613, 0.08599130129036696, 0.08270205954170745, 0.08192250760191161, 0.08148798188599556, 0.08475164684426525], "val_losses": [0.24071203010237735, 0.22724816689024802, 0.2098142274695894, 0.18569671816152075, 0.17333015864310058, 0.17716538063857867, 0.16358967481747919, 0.17369140684604645, 0.15919177882049396, 0.16076664075903271, 0.15047314827856811, 0.14628521110052647, 0.14112705883124602, 0.14320294089291408, 0.1361304171707319, 0.14617874943043874, 0.13649160058602042, 0.14619281855614288, 0.14149876910707224, 0.13699693977832794, 0.13916822490484818, 0.14199675360451575, 0.14304485755122226, 0.13654553793046786, 0.14075514285460763, 0.13875579769196716, 0.13409308894820834, 0.140745908183896, 0.1370791166048983, 0.1404207526989605, 0.14192033737249996], "train_ious": [0.4550622236793455, 0.529176046073005, 0.5761705343544055, 0.6063865791412365, 0.6314543152254991, 0.6525441545831124, 0.6653230635692244, 0.6813643453237802, 0.6899827402355014, 0.7000710001026377, 0.7098064643965255, 0.7151213326639886, 0.7245330515763032, 0.7314595887302486, 0.7353735716770526, 0.7372139582167501, 0.7490867317478727, 0.7571086601178717, 0.7561554228482038, 0.7643474502407991, 0.7680410530580128, 0.7752489736438658, 0.7722687781181025, 0.7817959644008375, 0.784648289391096, 0.7905182252651536, 0.7952720369549765, 0.8015527526537578, 0.803077237005683, 0.8040787153269934, 0.7975797098183982], "val_ious": [0.5147266649249671, 0.5395080401845601, 0.575140259296134, 0.6062126414499421, 0.6266146965216899, 0.6476335801940032, 0.656195679868477, 0.6473075555286547, 0.6718406988226849, 0.6620742944271667, 0.6834412091884061, 0.6832120533006776, 0.6939161730849226, 0.6946456767078759, 0.7057347163773966, 0.6977442118568696, 0.7084560839162358, 0.6990622402965159, 0.6974973702344343, 0.7134034890627516, 0.7170281319514565, 0.7057500542074011, 0.7084859149611517, 0.7144484293201697, 0.712274891094885, 0.7146313104076661, 0.7219258190497108, 0.7241804461548296, 0.7177053167336228, 0.7238768902809725, 0.7129611517640128], "training_time": 666.197422504425, "avg_gradient": 0.004447478942673044, "memory_usage": 1149.87109375}