{"train_losses": [0.2717579944950083, 0.22821136183388854, 0.20649536383216796, 0.18916730655600195, 0.1749315901618937, 0.16700134385863077, 0.1587391755665126, 0.151750307003765, 0.1484367746616835, 0.14184367676953907, 0.13787413028109333, 0.1334592435589951, 0.12959707933275597, 0.1253127869542526, 0.12305039284831804, 0.11942000201214915, 0.1156620129376002, 0.11286502161427685, 0.10905674168759066, 0.10860439576208591, 0.10644684501154267, 0.09976612768419411, 0.10073027099766162, 0.09834053658920786, 0.0955882646224421, 0.09515544346979131, 0.09543637068861205, 0.089530097766091, 0.09054597843762326, 0.08555663458031157, 0.08382011848785308], "val_losses": [0.24336545525685602, 0.22772867038198139, 0.19841205555459726, 0.18091802590567133, 0.1841688321336456, 0.1612079065778981, 0.18170897273913675, 0.15923289922268494, 0.1700204678851625, 0.14863897519915, 0.14729218282129453, 0.14375306050414624, 0.1405175945357136, 0.14040630586121394, 0.13744069311929785, 0.13225022411864737, 0.13253762265262398, 0.13635521106745885, 0.13580014880584634, 0.13078831589740256, 0.1301160025531831, 0.13418413552901018, 0.1307916911723821, 0.13270477189317995, 0.1400934399470039, 0.13169504815469618, 0.13247317772196687, 0.1316676781229351, 0.14952247233494467, 0.13371200729971347, 0.13574415542509244], "train_ious": [0.443087578697157, 0.5349579346028791, 0.5749525368159666, 0.6046763953847298, 0.6317098672515239, 0.6459992266651513, 0.66124975481543, 0.6757363670006178, 0.6820301359546358, 0.6923177701191624, 0.6989282168232009, 0.7066904519131216, 0.7148205774525805, 0.7226642119711721, 0.7262829289488169, 0.7323766497598174, 0.7396180725292018, 0.7453165195774342, 0.7520968630585986, 0.7518561105581297, 0.7559903911922291, 0.769522083626277, 0.7675247174026311, 0.7720518142956756, 0.7764223274113474, 0.7776037382258886, 0.7772228882472588, 0.7882988999827184, 0.786246448377336, 0.7957562248128052, 0.7992838773390515], "val_ious": [0.5085862265980763, 0.5476440211785013, 0.5930059321116711, 0.6212081963169404, 0.6177773276964824, 0.6562561241612918, 0.639836167079815, 0.661771853548893, 0.6429263724797015, 0.6845752348502475, 0.6795264523530351, 0.6898272717776506, 0.6980240269415622, 0.6973096307205118, 0.7020391763552373, 0.7097002546424449, 0.7126168463973032, 0.7088539816331172, 0.7068485751532125, 0.7154644734185677, 0.7210472584634589, 0.7116650476835779, 0.7183759719997213, 0.7200142743362897, 0.7137753250806229, 0.7231796837371327, 0.7210370148869528, 0.7264323461314907, 0.7083236471466396, 0.7284776512263477, 0.7177467728438586], "training_time": 666.7470364570618, "avg_gradient": 0.0030527756898014935, "memory_usage": 1149.87109375}