{"train_losses": [0.2654250763032747, 0.22143171800543432, 0.19836925512746625, 0.1796939062035602, 0.17086383182069528, 0.15799539349973202, 0.1556787483961038, 0.14673068313656942, 0.1420599747368175, 0.1385381334339795, 0.13450986815049595, 0.12757242572210406, 0.12321955350268146, 0.12313269568688195, 0.12016454776344092, 0.11589534030012462, 0.10967474256682655, 0.10843648494261762, 0.1040977834035521, 0.10357624130404514, 0.09954375150087087, 0.09530934578050738, 0.0959823627186858, 0.09205958433449268, 0.0887435180661471, 0.0870192751855306, 0.09228555651624566, 0.08407093592635963, 0.09017110109815131, 0.08219753485172987, 0.08026506367099026, 0.0834188366551762], "val_losses": [0.22702423807071603, 0.21604889501696048, 0.19811886937721915, 0.1735116217447364, 0.16196226717337317, 0.15827782225349676, 0.1651097837349643, 0.1479057093029437, 0.15277868152960486, 0.1499117395800093, 0.1398997334358485, 0.13495226512136665, 0.13258741844607436, 0.14227007766780647, 0.1446965281730113, 0.14402043317323146, 0.12997535826719325, 0.14341145203165387, 0.12847899354022482, 0.13661996566730997, 0.13246061636701875, 0.12466279579245526, 0.13082420453429222, 0.12400000801552898, 0.12829955877817195, 0.1297257540990477, 0.1320888482682083, 0.12337206417451733, 0.13252125858612682, 0.12447905200331108, 0.12789536073156024, 0.1377917155623436], "train_ious": [0.46497562000581955, 0.5471730571024228, 0.5885220346027528, 0.6229438330384267, 0.6393639678000542, 0.6640299615328726, 0.6675821767876985, 0.68338364308727, 0.6918412494486661, 0.6979762056599496, 0.7061520438587322, 0.7177231878690098, 0.726274338375399, 0.7270603631285653, 0.7315257568506225, 0.7393446547397668, 0.7502424232121826, 0.753108411055544, 0.7602712229650095, 0.7618964025075884, 0.7692682897483091, 0.7770429968941904, 0.7757220093862732, 0.782856276123852, 0.7895861264804134, 0.7928851824523745, 0.7826272171476616, 0.7986783186594645, 0.7871590122256589, 0.8020398400831913, 0.8060121589164805, 0.8002166657344157], "val_ious": [0.5339729955446892, 0.5611148476600647, 0.5949657652257144, 0.6318549474944241, 0.6555633130280869, 0.6673195221717807, 0.6478368635626807, 0.6826130214376727, 0.6754835312781126, 0.6806026064399359, 0.6981188175470933, 0.708068162202835, 0.7108837519434914, 0.698036919037501, 0.6940077450396359, 0.7008680014506629, 0.7215197814115579, 0.6980304163003311, 0.7253208397955133, 0.7121858594642169, 0.7196869055430094, 0.7336700448523397, 0.723538536956345, 0.7371334979931513, 0.7349211083374161, 0.7259138459744662, 0.7261914479127828, 0.7425501774186671, 0.7255745385436043, 0.7387130955855052, 0.7363578800273977, 0.7239055072051892], "training_time": 687.6815769672394, "avg_gradient": 0.006963345352481504, "memory_usage": 1145.87109375}