{"train_losses": [0.28032513683580834, 0.23393320033083792, 0.21075831815276458, 0.19185143636296625, 0.1789435951606087, 0.1717780697280946, 0.1598582701028689, 0.15383072152895771, 0.14892238787496867, 0.14213755139676126, 0.14017879351487625, 0.1324716866340326, 0.1281066723977742, 0.125319705263752, 0.12243500777074824, 0.12069294447808163, 0.11313772849414659, 0.11362888623514901, 0.11187346619756325, 0.10576875329665515, 0.10199595793433812, 0.10147085158235353, 0.09962915013665738, 0.0984048362740356, 0.09564989035868127, 0.09208368817749231, 0.08913735737619193, 0.08968063569425241, 0.08666174640150173, 0.08811018449942702, 0.08806515837331182, 0.08148762923867806, 0.08039723316450482], "val_losses": [0.25729336459999497, 0.22434274495943732, 0.20618167130843454, 0.2006904301436051, 0.17539332126793655, 0.18043340483437414, 0.15705012108968652, 0.16096341156441232, 0.1535701026087222, 0.15183746377411095, 0.15267400443553925, 0.137004266290561, 0.1412975631006386, 0.13917872099124867, 0.15030684565072475, 0.14259125502861064, 0.14480222761631012, 0.129708466646464, 0.14053736902449443, 0.1385608909894591, 0.13581032678484917, 0.1334789013085158, 0.13597077617178793, 0.13286760498000227, 0.1292820862777855, 0.12870938476660979, 0.13180619170484337, 0.12971565305538799, 0.13756553326611934, 0.13649641981591348, 0.13475744215690572, 0.13264727738240492, 0.14345653695256813], "train_ious": [0.4314377202105749, 0.5240321051653315, 0.5688083101657855, 0.6011355988465358, 0.6250095487828704, 0.637662402745606, 0.6596126599588253, 0.6706570663853829, 0.6789225518595485, 0.6924265375279864, 0.6951436554824098, 0.7102178499318554, 0.7174566186208655, 0.7224125398349932, 0.728284096642249, 0.731131392220656, 0.7451031504441865, 0.7434445959178432, 0.746719121609045, 0.7578616641137915, 0.7647062236632126, 0.7664147753646414, 0.7696157081079653, 0.7717784482283868, 0.7765088674166928, 0.7830115267332046, 0.7889111196433293, 0.7883251543170298, 0.7940059777187269, 0.7912048670476765, 0.7916760880338111, 0.8039911859061405, 0.8060668000708454], "val_ious": [0.4711290334445843, 0.5492541504942852, 0.5852961015442142, 0.5867278023042539, 0.6314776850783307, 0.6301029447628105, 0.6672944372546846, 0.6587524465892626, 0.6730753684389418, 0.6767702448195305, 0.6754665448181872, 0.6999357632104903, 0.6960533552843592, 0.6990011492069216, 0.6820456364016604, 0.7007825612158015, 0.6942078607237857, 0.7183653491994609, 0.6976280329020124, 0.7133425310038141, 0.7178285169428674, 0.7150069051894588, 0.7172502907721894, 0.7223179277734479, 0.7221794311982997, 0.7284149851488032, 0.7256685437067697, 0.7296394889337429, 0.7211534037538196, 0.7173228032779002, 0.7222395869700805, 0.7323282242253207, 0.7129455260608509], "training_time": 706.3458580970764, "avg_gradient": 0.0038029355204880887, "memory_usage": 1145.87109375}