{"train_losses": [0.26547556694435037, 0.22571446973344553, 0.19874134068579777, 0.1809176456021226, 0.16964193044797235, 0.16202064619764037, 0.15482529953284108, 0.1506825730447536, 0.14287319001944168, 0.13789965916910898, 0.13579878729322684, 0.1319564316097809, 0.1271566758337228, 0.12075559462866058, 0.12014590143023626, 0.11507570520853219, 0.1137484152112966, 0.11024615387229816, 0.10597421670251567, 0.10334342766715132, 0.10450361158860766, 0.09832761874017508, 0.09604810603448878, 0.09440463647732268, 0.09313512540867795, 0.08919585366611896, 0.08839228441533835], "val_losses": [0.24953186641568723, 0.21071932497231857, 0.1945569793815198, 0.2224998960028524, 0.17155043877985166, 0.19463073786186136, 0.16446839920852496, 0.1521545804065207, 0.1449706159208132, 0.16245928503896878, 0.1494413523570351, 0.14080968045670053, 0.13753032166024912, 0.1355693047137364, 0.1349506710210572, 0.153274516372577, 0.14106806027500526, 0.13542750510184662, 0.13235510966700056, 0.14518673750369446, 0.1346873781927254, 0.13722591798590578, 0.13976802612128464, 0.1400981992483139, 0.12938140332698822, 0.1331704108287459, 0.1472301188370456], "train_ious": [0.46392106048870807, 0.5391735402678238, 0.5882173298007765, 0.6211288345680721, 0.6418202976169792, 0.6565706941528598, 0.6684489955288778, 0.6768355032132155, 0.690895137903483, 0.6997731375521508, 0.7029220170840838, 0.7098201397212517, 0.7194496910965099, 0.7306452936128428, 0.7322030055566111, 0.7408156222731306, 0.7429175565316193, 0.749550008903379, 0.7578182136774924, 0.7625235933540522, 0.76015675364845, 0.7719549375815662, 0.7761076053847439, 0.7788093011772289, 0.7816680632531644, 0.7888633242767795, 0.7908766721037854], "val_ious": [0.5043829577988472, 0.5616788284286207, 0.6005807899046636, 0.573766819268897, 0.6420174733452175, 0.618888448977816, 0.6631854373043864, 0.671929871906405, 0.6893081572176752, 0.6685297186823859, 0.6813900356275449, 0.6950082280065704, 0.7035831504541895, 0.705271836640178, 0.7092995533476704, 0.6793439064336859, 0.7077872472396795, 0.7149090127668518, 0.7135841483655183, 0.7093289431886396, 0.7125518343586854, 0.7132417121227236, 0.7163407569346221, 0.7162466764018155, 0.7292584601951679, 0.725828160626301, 0.7046349225700765], "training_time": 581.5745096206665, "avg_gradient": 0.0060663624571031804, "memory_usage": 1149.87109375}