{"train_losses": [0.2647882656234762, 0.21902207034113613, 0.1949990927849127, 0.17783921884129877, 0.1650074366480112, 0.15730174724012613, 0.14769206625287948, 0.1430731851040669, 0.1379908557333376, 0.13247958303469679, 0.12677454664979293, 0.12562718129028444, 0.11963598442304393, 0.11781739249177602, 0.11287722675858633, 0.10870361619669458, 0.10486967800913946, 0.106240329373142, 0.10188882887039495, 0.09755211902539367, 0.09516489922838367, 0.09138338049144848, 0.09108276665210724, 0.08878329104703406, 0.09173822799778503], "val_losses": [0.24738099814757056, 0.2326724121104116, 0.18987157973258392, 0.20243190261332886, 0.1771679313286491, 0.15607879262255586, 0.18641339534002802, 0.15183755884999814, 0.15047780068024344, 0.14705842765777008, 0.14701878830142642, 0.14267226648719414, 0.13398093211909998, 0.14207383196638979, 0.13092680599378503, 0.14150226618284764, 0.13496018265900406, 0.13759182425944702, 0.13934645526435063, 0.1429623218010301, 0.14055324685962303, 0.13457255778105362, 0.13025257736444473, 0.13657123012387234, 0.15503057821289354], "train_ious": [0.46750143714303144, 0.551099244262213, 0.5966286981019417, 0.6266673954500669, 0.6499642409600211, 0.6645699079701868, 0.6808690227892087, 0.6899781320514021, 0.6996763382053035, 0.7100432271650735, 0.7192573694215305, 0.7219027139894338, 0.7326319368853086, 0.7362802665734636, 0.7447457483605199, 0.7527999553991398, 0.7595687695387475, 0.7571168081915903, 0.7656058231773585, 0.7734528953830399, 0.7775096057009868, 0.7853570459005625, 0.785807129265606, 0.7895093187149882, 0.7845157021521658], "val_ious": [0.5037427845856418, 0.5499619245529176, 0.6056774567434752, 0.5720008635434551, 0.6331631491581599, 0.6651692286781643, 0.608150336837423, 0.6744907768308253, 0.680900918184847, 0.6864756118992102, 0.6895909076151642, 0.6957969922518383, 0.7084115195101586, 0.6908387621675711, 0.7161260979331057, 0.6958727819332178, 0.7129775991906292, 0.708834700394368, 0.7109018069678458, 0.7071345288684404, 0.7152720944605014, 0.7221736169379689, 0.7263168832962063, 0.7163428284119867, 0.6962494528379994], "training_time": 535.2657716274261, "avg_gradient": 0.006256487426879684, "memory_usage": 1145.87109375}