{"train_losses": [0.26979090597318567, 0.230440483307061, 0.20741290850159916, 0.18970984633526075, 0.17569481998520053, 0.16529600840547812, 0.15912544423633296, 0.1528416637169278, 0.1452206504004805, 0.1410267376543387, 0.13772085770640685, 0.1331616518614085, 0.12797467090675366, 0.12587766122558844, 0.12632215529194343, 0.11696466337889433, 0.11594407134891851, 0.11292228924677424, 0.1101274897708841, 0.1089711980894208, 0.10439374293808056, 0.10351549858308356, 0.10075576243031284, 0.10015471514476382, 0.09439541747712571, 0.09518322559154552, 0.08861427086041025], "val_losses": [0.2462870112579802, 0.247663040847882, 0.19656733779803567, 0.2032534272774406, 0.180527927758901, 0.16414236374523328, 0.15927897134552832, 0.15722804030646448, 0.16281718825516495, 0.15338214810775674, 0.14905455157808636, 0.13683503930983337, 0.13425363794617032, 0.13354247905637906, 0.12977675170354222, 0.13133421200125114, 0.1272680231410524, 0.12921892300896023, 0.12919386038961617, 0.12977549417511278, 0.1371184700857038, 0.1283399828750154, 0.12312740864961044, 0.12246640058963196, 0.1332247597367867, 0.12545153336680454, 0.13409344738592271], "train_ious": [0.4556496134989531, 0.532568822979279, 0.5744361031962474, 0.6074214260215343, 0.6319220462355062, 0.6509220478111424, 0.6615288029222388, 0.6730428186879641, 0.6867050902135132, 0.6950370073318484, 0.701346750168697, 0.7087748226696163, 0.7179318296088689, 0.7214894268823706, 0.7220354180081169, 0.738361658177514, 0.7399470529154591, 0.7455215339103468, 0.7501853694734367, 0.7528731378632181, 0.7612600864815542, 0.7627914981997533, 0.7676527043939501, 0.7686153428925984, 0.7799990174994953, 0.7786631980991884, 0.7903201219936212], "val_ious": [0.5028621384846992, 0.5243288101493451, 0.5959191717531368, 0.6111654835766641, 0.622224187289459, 0.6479705302179722, 0.6604390990906868, 0.6707513487857321, 0.660332271154376, 0.6832990829927333, 0.6867100229297859, 0.699561546030252, 0.7081640125184819, 0.7079126817592676, 0.7146033804485762, 0.7116414880838946, 0.7205409267242403, 0.7163173174080641, 0.719094194147898, 0.7184247100266856, 0.7082222475521806, 0.7198588992806448, 0.729946592795676, 0.7323780925809475, 0.7165009992710057, 0.7308737365663913, 0.7200744108877319], "training_time": 582.3313300609589, "avg_gradient": 0.003623413822676591, "memory_usage": 1149.87109375}