{"train_losses": [0.2665281425351682, 0.22615009262833907, 0.20046932849547136, 0.1834216059549995, 0.1686186417127433, 0.16108466267747723, 0.1539635746942266, 0.1497146226465702, 0.14300807808404384, 0.1378629078845615, 0.13418413014353617, 0.13176376421166502, 0.12408542811222699, 0.1227673787785613, 0.11825961081068152, 0.11631835733904787, 0.11215845131031844, 0.11023508599432914, 0.10612742809335822, 0.10183843796181938, 0.0996658151321437, 0.09547234541210144, 0.09411883880586727, 0.09380721997307695, 0.08799519977005928, 0.0895182624378282], "val_losses": [0.24768956718237503, 0.2467077105589535, 0.20238692345826523, 0.18365738443706348, 0.16940858960151672, 0.16979269067878308, 0.16357816966331523, 0.15387334966141245, 0.1486237880004489, 0.1446229080143182, 0.14693069960112157, 0.14721659732901532, 0.14878513437250387, 0.1384885304647943, 0.15113769390660783, 0.131895224361316, 0.13433256696747697, 0.13679608394918236, 0.1315149731286194, 0.1310182105263938, 0.13320285616361577, 0.13223139957889266, 0.13509749847909677, 0.1301472864073256, 0.1286814182024935, 0.14215396215086398], "train_ious": [0.463497122614712, 0.5375100340478227, 0.5844380069740006, 0.6180481801106449, 0.6424927735242287, 0.6587287810077701, 0.6700834644877393, 0.6777442335218621, 0.6904415788965816, 0.6985833979063277, 0.7061399023817935, 0.7105670890406424, 0.7248109079681444, 0.7264091417841287, 0.7352138711814429, 0.739323713587246, 0.7457350078376309, 0.7496628562609358, 0.7574099533367845, 0.7651030323535635, 0.7684078998863694, 0.7771492950834223, 0.7793723295132319, 0.7799721760810279, 0.7914912078691565, 0.7886466972421907], "val_ious": [0.5001163793646772, 0.5043227467415987, 0.5762537408998046, 0.6164031151844107, 0.6411499968473461, 0.6423361960096637, 0.6556131094694136, 0.6769452196532401, 0.685720170321672, 0.6895053069228709, 0.6857595441565997, 0.6794684455878491, 0.6931462477946627, 0.7029514219881833, 0.6879658068435778, 0.7134540273227552, 0.7068237895550935, 0.7057032870209735, 0.7152043818563655, 0.7208984755519509, 0.7196756493354188, 0.7201010265212127, 0.7157390862703323, 0.7208892182595489, 0.7311339546804841, 0.7113893546056056], "training_time": 559.0922887325287, "avg_gradient": 0.009097320954167543, "memory_usage": 1149.87109375}