{"train_losses": [0.27339951815488545, 0.22913874345629112, 0.20377021736424902, 0.1849015222295471, 0.1732752788811922, 0.16080221436593845, 0.15410407527309397, 0.14823431185568156, 0.14166840242788845, 0.13619655650109053, 0.13139141399575316, 0.12717683467528093, 0.1243432152044514, 0.12285373732447624, 0.11650025864820117, 0.11372452188769112, 0.11208225887916658, 0.1074551397367664, 0.10396909211640773, 0.10272750606679398, 0.10212264404348705, 0.09734724696887576, 0.09487639023395984, 0.09163381288880887, 0.09022781568700852, 0.08945362561422845, 0.08616866855679647, 0.08317835122832785, 0.08229930063142725, 0.08381940047864032, 0.08310788302965787, 0.08118102314841488, 0.07797178662503543, 0.07591965992975494, 0.07548090050239926, 0.07371515428404445, 0.07170001534826081, 0.07085661057625776], "val_losses": [0.23463471590176874, 0.23763667565325033, 0.1947764705704606, 0.21281380854223086, 0.17075395648894104, 0.17574243247509003, 0.16270335925662, 0.14851217182434123, 0.14270362095988315, 0.16335262390582458, 0.14582995600674464, 0.13968720934961154, 0.1485637345391771, 0.14409712702035904, 0.13499363932920538, 0.13710309289719746, 0.13204117815779604, 0.12836667020683704, 0.12824940001187118, 0.13363648044026416, 0.1371164130775825, 0.13143983110785484, 0.12901933199685553, 0.12984654226380846, 0.1309512863340585, 0.13185741104509519, 0.13175039560250615, 0.12690480847073637, 0.13210639033628546, 0.13020414049210755, 0.1374833080107751, 0.1316490819596726, 0.13038686792487683, 0.12735266125072603, 0.12973269609653432, 0.1328816807464413, 0.13106085829760716, 0.14130998759166055], "train_ious": [0.44704961033025076, 0.5337237095379311, 0.5796259529888632, 0.6142254568960357, 0.6354949928388216, 0.6574882753733277, 0.6696416266478489, 0.681277974036293, 0.6923006588350172, 0.7027852743108205, 0.7115303087925566, 0.7187617766144484, 0.7237119584519792, 0.7263969111701717, 0.739008546091508, 0.7437520865081015, 0.7470916923729404, 0.7553340316466665, 0.761637602811274, 0.7633722156178256, 0.7639191157144046, 0.7732071526672529, 0.7783474827698178, 0.7843898686485872, 0.7873308017741946, 0.7890812391820161, 0.7951239683273911, 0.8008130952931828, 0.8028944680008339, 0.799856908565414, 0.8014929318341659, 0.8051306179360204, 0.8115544199295666, 0.8158206387922387, 0.816656696191732, 0.8203627348378085, 0.8245875133552415, 0.826805289780748], "val_ious": [0.5218105624983277, 0.5207978242981263, 0.5992764433224995, 0.5687306790032249, 0.6367435785739318, 0.6419623442318126, 0.6541149709103764, 0.677822244556054, 0.6913618039393771, 0.6616310256978741, 0.6862732338300652, 0.6998784883298734, 0.6850135965623718, 0.693619545819103, 0.7066405631493834, 0.7018538208111472, 0.7140133484550144, 0.7199655468913093, 0.7193522025709567, 0.7156810712987101, 0.7095079324815584, 0.7186043266800867, 0.7243042225423065, 0.723355385704317, 0.7262170370938122, 0.724632916027221, 0.727370204916899, 0.7310789272837017, 0.7276165727256, 0.7272264935832091, 0.7182074942882511, 0.7248998968929483, 0.7313329665989116, 0.7350847783727923, 0.7366322708734567, 0.731909892913224, 0.7365380832250569, 0.7243813870177753], "training_time": 815.5644347667694, "avg_gradient": 0.002273862956822368, "memory_usage": 1145.87109375}