{"train_losses": [0.2674439264380414, 0.22590794033654357, 0.20277653213428415, 0.183248833388738, 0.1693896360533393, 0.16057356746624346, 0.15243418628106947, 0.14631261376906995, 0.14247674470686394, 0.13638259911828715, 0.13287947039403344, 0.1275017578964648, 0.12567276989474244, 0.11969955488229575, 0.1175518425019539, 0.11394120311445516, 0.11261005468828522, 0.10729571306349142, 0.10376422536437926, 0.10284780949840079, 0.09880445087733476, 0.09615974193033965, 0.09545375702335783, 0.09188162454444429, 0.09286077438003343, 0.08895263877575812, 0.08512069098651409, 0.08271143581394268, 0.08516636843104726], "val_losses": [0.2563103042218996, 0.21533383461444275, 0.1866271320892417, 0.17402487701695898, 0.17677410238462946, 0.17121832461460776, 0.16603593236726263, 0.14631526641871617, 0.14801729421900667, 0.14316218394948088, 0.14236179706843002, 0.14836171075053836, 0.14817371089821277, 0.14595594224722488, 0.15262110968646797, 0.13395816152510437, 0.1434622426395831, 0.13334476316104765, 0.13645641619096632, 0.13665274141923242, 0.1315072603199793, 0.14168286420728848, 0.1392536509944045, 0.13701729913768562, 0.14703237686468207, 0.13682117815250935, 0.1315134157953055, 0.13358649627669997, 0.15702365290211595], "train_ious": [0.46103489856519114, 0.5392955784294484, 0.5790509723828754, 0.6160772658776544, 0.6412235378031281, 0.6577965374226157, 0.6720559127844763, 0.6842048924578271, 0.6908567235737609, 0.7032674579624679, 0.7084066128709179, 0.7179574247827567, 0.7218932431137214, 0.732504365074894, 0.7358320035796231, 0.7424420748391876, 0.7457719334549664, 0.7547670206513954, 0.7616467400845416, 0.7623302860968358, 0.7703086484925471, 0.775399020562569, 0.7767300523709564, 0.7830537974942423, 0.7817615530845051, 0.7891341410037406, 0.7963941212257615, 0.8015543599275574, 0.7973499737571978], "val_ious": [0.47950492356566426, 0.5635882984252946, 0.6136784866668175, 0.6330213490603626, 0.6336945046981175, 0.6299773480581201, 0.6563741525878076, 0.684236043173334, 0.68289559431698, 0.6899765894032907, 0.6962077643560325, 0.6866287094527397, 0.6865033360495084, 0.6909715129413466, 0.6856839194677877, 0.7077002318009088, 0.6938093701998395, 0.7146561111229053, 0.7060291024221891, 0.7064744197372077, 0.7205150010793104, 0.711909532762956, 0.7139909446671389, 0.7174718749264012, 0.7064459187828976, 0.7192907015914503, 0.727126206608786, 0.7287264105634411, 0.6903377194767412], "training_time": 620.014758348465, "avg_gradient": 0.006532913217707819, "memory_usage": 1145.87109375}