{"train_losses": [0.27004463185110816, 0.22765196309141492, 0.20764792086961475, 0.18323792484791382, 0.17338190948509652, 0.16161389891868053, 0.15299346067173325, 0.14611892381925945, 0.14063983410596848, 0.13635149926109158, 0.1332108542404097, 0.12854772308112486, 0.1237035748022406, 0.12243444006890059, 0.11704501497518757, 0.11329448964122844, 0.10959564538105675, 0.10588896695686423, 0.10605764158232056, 0.10497223885486955, 0.1023243643829356, 0.09993923706528933, 0.09571503827591306, 0.09225012685941614, 0.0901529268645074, 0.08957962339501017, 0.08766701068405224, 0.08705530983760305], "val_losses": [0.243973339057487, 0.24409945600706598, 0.21056666128013446, 0.19231601091830627, 0.16603642669708832, 0.18578778401665066, 0.1517239439746608, 0.14824559053649072, 0.14995667192599046, 0.1619227664626163, 0.14478316595372948, 0.1476946499036706, 0.14364868418677992, 0.13431902958647066, 0.13901557190262753, 0.1381303363520166, 0.14067120947267697, 0.13193708107523297, 0.131966898460751, 0.13270225570253705, 0.15026998114974602, 0.1478672492439332, 0.1297397623243539, 0.1321190864495609, 0.13289245979293532, 0.13320579590356868, 0.1379546100354713, 0.14864351114501123], "train_ious": [0.4541330542145431, 0.5335783522468116, 0.5712558106667752, 0.6156766533959604, 0.6342380609417306, 0.6566183705260789, 0.6710848885493865, 0.6839205164300359, 0.6940242618970249, 0.7012759110741856, 0.7077273577991607, 0.7155817574349004, 0.724709691776745, 0.727832385595294, 0.7373281811782415, 0.7446618263704189, 0.7504050638256728, 0.7575294170258704, 0.756662768892188, 0.758936204826054, 0.7638392284836454, 0.7688117939708894, 0.7761475771017696, 0.782610636204481, 0.7871038664834222, 0.7877367440665116, 0.791625937042029, 0.793110823177773], "val_ious": [0.5031976929825283, 0.5186556680262953, 0.5883546303147856, 0.6172199037627898, 0.652866729143737, 0.6191899724628613, 0.6773113528455513, 0.6828067585609962, 0.6767609499502873, 0.6742704614349034, 0.6883535268514054, 0.6868786900371744, 0.6928361205087192, 0.7082136675067572, 0.7018865102875061, 0.7022844321917797, 0.7011139546183572, 0.7179672093926996, 0.7219384558822796, 0.7187639604444089, 0.6935707136340763, 0.700776386520137, 0.7251189063856568, 0.7229155351718266, 0.7256368733402614, 0.7217399261999818, 0.7178587004326389, 0.7119382336951682], "training_time": 607.4126420021057, "avg_gradient": 0.008717573449490264, "memory_usage": 1149.87109375}