{"train_losses": [0.28067219492209994, 0.2322061533999184, 0.20928936451673508, 0.19344240499903326, 0.18053574868194436, 0.16911856514280257, 0.1625239549447661, 0.15544578368249146, 0.1505928835224198, 0.1469579827364372, 0.14161743559753118, 0.13695486003290053, 0.1325749003368875, 0.13168044311358876, 0.12649621567486422, 0.12289865489077309, 0.12169021311337533, 0.11984505281662164, 0.1151657142959859, 0.11261236967275971, 0.11046051464812912, 0.10773584615115238, 0.10752372484168281], "val_losses": [0.2865300836122554, 0.2371909628095834, 0.1973126378396283, 0.2146551204116448, 0.18095066657532816, 0.20867056464371475, 0.16542420439098193, 0.15611103241858276, 0.16971019525890765, 0.16244475187166876, 0.14876739470207173, 0.1544588684387829, 0.14576467580121497, 0.15171243768671286, 0.1498743927349215, 0.14558564094097717, 0.1427839659154415, 0.137999367940685, 0.14100832832248314, 0.1322341501388861, 0.14728325297651085, 0.14019722912622534, 0.1536888340892999], "train_ious": [0.4314527002608645, 0.5283272729079792, 0.5695168402423895, 0.5979862560828526, 0.6220107591994428, 0.641395603886981, 0.6541124675692855, 0.6676016862949595, 0.6778862991410755, 0.6834574514541076, 0.6935605102799073, 0.7022657526144086, 0.708545885440232, 0.7105009087185926, 0.7210025223161, 0.727349164585273, 0.7290865246584451, 0.7320797441230305, 0.7411837903377804, 0.7446197272966737, 0.7494378012159596, 0.7538768917430142, 0.7547870352864262], "val_ious": [0.42374968615131103, 0.5273084337080735, 0.5920748894197354, 0.5788573039614635, 0.616648737071217, 0.6001710122910099, 0.6494080331446467, 0.6664118302473122, 0.6426587253808976, 0.6555907000666079, 0.685686868601951, 0.6654336372579353, 0.6835494460403054, 0.6854106865931249, 0.6824876244949258, 0.6901553050763366, 0.6943709528532582, 0.704373291221218, 0.7010863125324249, 0.7150568474030148, 0.6905779663635337, 0.7087942530279574, 0.6814050965982933], "training_time": 493.7335567474365, "avg_gradient": 0.01227629985380498, "memory_usage": 1145.87109375}