{"train_losses": [0.2744417072314283, 0.224668032773163, 0.1997023240217696, 0.1835084026274474, 0.17227373142605243, 0.16283755919531637, 0.15334191691616308, 0.1475107273005921, 0.14319658736981775, 0.13710130427194678, 0.13421000961376273, 0.1300240010832963, 0.12599058493809856, 0.12289665651548168, 0.11740670345075753, 0.11812616022222716, 0.11129135059435731, 0.1102105634610938, 0.10767753082125084, 0.10256620585594488, 0.1001434306330655, 0.10114507802316676, 0.09759846050292253, 0.09586519974729289, 0.09467547305900118, 0.0943997718150849, 0.08813823071186958, 0.08490725590483002, 0.08543051208328942, 0.08417107877524002, 0.08564885701660228], "val_losses": [0.24388428485911826, 0.22518160356127698, 0.21879260209591492, 0.17569095058285672, 0.17256448936203253, 0.17510495205288348, 0.15451795769774396, 0.17111584738544797, 0.15788943693041801, 0.13959863377006157, 0.14386514930621438, 0.15258606507078462, 0.14068641529782958, 0.15122596336447675, 0.14269434028993483, 0.14093079094005667, 0.13740138790529707, 0.14073119053374167, 0.1289455445240373, 0.13211261335274446, 0.12800843430602032, 0.1374076643715734, 0.12824013472899146, 0.13001036643981934, 0.1381195890514747, 0.12827615634254788, 0.12805140779718108, 0.13157096407983615, 0.131151946666448, 0.12856924452859422, 0.1342885264235994], "train_ious": [0.44999782519711967, 0.5419595697489765, 0.5880847190223311, 0.6156339022884333, 0.6378601040097248, 0.6541934596995516, 0.6712609561349175, 0.6828352744164672, 0.6926469864944618, 0.702247543611388, 0.707482760637135, 0.7141236575401346, 0.7222163025019824, 0.7273878641426562, 0.736667290491902, 0.736601795623268, 0.748117007855056, 0.7500312630141125, 0.7549813572263371, 0.7651016220882318, 0.7683233623595342, 0.7667011631571724, 0.773705664968145, 0.776867961268062, 0.7791541820203045, 0.7795192735890544, 0.7912129345147503, 0.797822443795377, 0.7961197609918704, 0.7990648691420972, 0.7966428634481152], "val_ious": [0.504581263207871, 0.5402156531378843, 0.5469089132072268, 0.6321588191001313, 0.6365509264279104, 0.637165274525034, 0.6698239983423896, 0.6448641864285952, 0.6721188911925192, 0.693679837860923, 0.6872661569412204, 0.6800836745811546, 0.6929935702811119, 0.6829002037428428, 0.6972167042718418, 0.6940908086472664, 0.706316783592321, 0.7007980370435163, 0.717440113641214, 0.7127016150001163, 0.7221021036738935, 0.7084616832975028, 0.7234615407128264, 0.7253307527390078, 0.7077270346707193, 0.7270018855730693, 0.7320874195167982, 0.7266752374344978, 0.7281067129494486, 0.7284770275371663, 0.7174932045349174], "training_time": 662.3159275054932, "avg_gradient": 0.007441019137854045, "memory_usage": 1145.87109375}