{"train_losses": [0.2839369567354088, 0.23523427262578323, 0.21128443944389405, 0.19402700468249942, 0.18050023605642113, 0.16878090952725514, 0.16118955263948959, 0.15542179831992026, 0.14947747718542814, 0.14302171633133423, 0.13929563558296018, 0.13586420808797298, 0.13186205672505108, 0.12714962260392698, 0.12331781443208456, 0.12225279301081014, 0.11815993657902531, 0.11394349088811356, 0.11269424143044846, 0.10987405734055716, 0.11046019245101057, 0.10645543079337348, 0.10344626244319521, 0.10054408912749394, 0.09773589779987284, 0.09663241870863282], "val_losses": [0.26976875669282413, 0.2219016833797745, 0.2066612139992092, 0.20743321594984634, 0.18024022747641025, 0.1620650649394678, 0.161215436199437, 0.15308202965104062, 0.15848667692878973, 0.15403153115640517, 0.14714136282386986, 0.1559695371467134, 0.14691447320839632, 0.163042647521133, 0.14061132332553034, 0.13629861921072006, 0.13747112161439398, 0.13560525117361028, 0.13228604991150938, 0.13382295648688855, 0.1279363224039907, 0.13686274526559788, 0.12681746790590492, 0.13328092593861662, 0.13066396181998047, 0.15003441792467367], "train_ious": [0.4285918565473751, 0.5245126071183578, 0.5685380960990124, 0.5991270085931688, 0.6218142981870448, 0.6426367883880936, 0.6565683384736378, 0.6676967256311058, 0.678131665494563, 0.6904471536045486, 0.6972235380739404, 0.7032769383943599, 0.7105258942406247, 0.7197954875511534, 0.7270415442577306, 0.727631470269483, 0.7360196478016997, 0.7439206490374132, 0.7463098561958127, 0.7505493625674559, 0.7497495636883853, 0.7570115469828032, 0.7627395536156666, 0.7674074854323828, 0.7734756436792835, 0.7756044733999431], "val_ious": [0.47770473738943325, 0.543515528673711, 0.5843086316101792, 0.5705151331165562, 0.6177615359209586, 0.6558556250040081, 0.6504896250755892, 0.671551896610122, 0.6708682909391929, 0.6707679307547169, 0.6839464889920277, 0.6753567988457886, 0.6888009828069935, 0.6578448127577269, 0.6962213175020355, 0.704835839893507, 0.7008393106685168, 0.7058796303859658, 0.7106152803137684, 0.712649597853854, 0.7194318052219308, 0.7114545258059017, 0.7264398608518685, 0.7140040345813915, 0.7216425825288328, 0.6943459854177806], "training_time": 558.4406032562256, "avg_gradient": 0.010526777726892835, "memory_usage": 1149.87109375}