{"train_losses": [0.2667242213273826, 0.22188231543354367, 0.20141413346256898, 0.1843232209591762, 0.17271168384215105, 0.1631388705547737, 0.1536493030498209, 0.147405373742399, 0.14352776786393445, 0.13889355354173027, 0.13248277386731427, 0.12993879875411157, 0.12652218791291767, 0.12292978957133449, 0.11749341719500396, 0.11338768632191679, 0.11332404321950415, 0.11112954038316789, 0.10749236279693634, 0.10092365648597479, 0.10235062338735747, 0.10089299673943417, 0.09472110377543647, 0.0896346604289568, 0.09337421871073869, 0.09098320587983598, 0.09165236216200434, 0.08499095228541156, 0.08260208838011908, 0.0837656723578339, 0.08441382257834724, 0.08271117334294578, 0.08249935904598754, 0.07576145571858986, 0.07896768326020759, 0.07718329285473927, 0.07370788314501228, 0.0700677953781965, 0.06834350097114625, 0.06925888645017277, 0.0677853149726339, 0.0656635365853815, 0.07951558879374163], "val_losses": [0.26931947955618735, 0.20930656596370364, 0.20985091574814008, 0.19496022845092026, 0.1790135593517967, 0.16271090021599893, 0.1660677068259405, 0.15479354835722758, 0.1506104347822459, 0.14690450643715652, 0.14581962853022243, 0.1402923250975816, 0.14049977744403092, 0.14987535207815791, 0.13527834059103674, 0.1353193634878034, 0.14813328259017156, 0.13369932074261748, 0.12999953119003255, 0.13250844844657442, 0.13727795753789984, 0.12993011947559274, 0.1280820452324722, 0.12738639618391576, 0.13882317394018173, 0.13599540584761163, 0.1369098659766757, 0.13384517962517944, 0.13990910205504167, 0.13801258186931195, 0.13640294612749762, 0.1337148657311564, 0.13231330202973407, 0.13181174465495607, 0.13731368712109068, 0.13550360711372417, 0.13176226696890334, 0.13466667610666025, 0.13558819161161131, 0.141055663642676, 0.1398467487939026, 0.1398301195839177, 0.15227177836324857], "train_ious": [0.4613305998399208, 0.5467651731780042, 0.5844144454036934, 0.6141714243677218, 0.6355551540635637, 0.6525254151851371, 0.669534489242495, 0.6810751174563081, 0.6884637496069719, 0.6968136185753174, 0.7088155538599562, 0.7129833501210247, 0.7192992802871312, 0.726730804134538, 0.7360208343876448, 0.743315537068723, 0.7435396811452467, 0.7480587003671598, 0.7543904369939929, 0.7661296326829038, 0.7638797770267812, 0.7665037205037863, 0.778341125966846, 0.7881133349045462, 0.7808288192187524, 0.7853764983946858, 0.7841275995192316, 0.7966586604606415, 0.8015588250929031, 0.799200009932552, 0.798076535588589, 0.8012448350588481, 0.8023803845263913, 0.8156133569453072, 0.8094811098299168, 0.8124675527215001, 0.8200257389225819, 0.8274164579916689, 0.8315247491649961, 0.8294076311631479, 0.8326881476070568, 0.8373623975161191, 0.8105738111704156], "val_ious": [0.4834092609260393, 0.5646894332291423, 0.5705596482840135, 0.5966220822023307, 0.6257268218458563, 0.6523228950690533, 0.6516800628624101, 0.6723600120648093, 0.6787969206554303, 0.689001358937526, 0.6883727841187213, 0.697175017301587, 0.6954268834729125, 0.6859267967334691, 0.7067678963792497, 0.711524272094602, 0.6901134004195534, 0.7150723076816917, 0.718944679999697, 0.717200303639191, 0.711013191420099, 0.7240477372770726, 0.7294084399506666, 0.7279897124870963, 0.7136670471965403, 0.713692298401957, 0.7215642140827316, 0.724824769773345, 0.7256368778753972, 0.7262134616789611, 0.7208304923513661, 0.7267559244148974, 0.7355438090752865, 0.7374334458423699, 0.7175768019928449, 0.7356400595626971, 0.7390809000834174, 0.7353097561044969, 0.7384089158065078, 0.7298218458890915, 0.7369697975075763, 0.7395924718483634, 0.6911747924227647], "training_time": 927.9557790756226, "avg_gradient": 0.006955064277040428, "memory_usage": 1149.87109375}