{"train_losses": [0.26516709873533767, 0.2236010389321524, 0.20119281939190367, 0.18418721830391366, 0.17167508027151876, 0.16146750918225103, 0.15395691853178584, 0.1460078860754552, 0.1448382802469575, 0.13474053148504184, 0.13189993555779042, 0.12874496882052525, 0.12427516459770825, 0.1178956914531148, 0.11841423590870007, 0.11422490980476141, 0.11321845018993253, 0.10692447751922451, 0.10387305461842081, 0.10386286092841107, 0.09881257492562999, 0.09550492510037578, 0.09552404956649178, 0.09199567710089943, 0.09032576328710369, 0.08830632127659477, 0.08598705328515042, 0.08359813916942348, 0.0868474920887662, 0.08253235859877389, 0.08256270080480886, 0.07856710704610399, 0.07831259071826935], "val_losses": [0.251494725437268, 0.23704215268725934, 0.19846166735110077, 0.18903514062580856, 0.21739175203053848, 0.16069382234759952, 0.1689852579780247, 0.1846943053862323, 0.15256431245285532, 0.14573972720814787, 0.1616878656913405, 0.14497621956726778, 0.14152769355670267, 0.14534227469045183, 0.15257297569642897, 0.14734636797853137, 0.13543049812964772, 0.13746434709300165, 0.139949152165133, 0.14413033069475836, 0.1463844005180442, 0.13866135737170343, 0.14444182651198428, 0.13777323439717293, 0.13897431382666464, 0.13407346930192865, 0.13707621897692265, 0.13391346549210342, 0.13436893227955568, 0.14239727219809656, 0.1318226330306219, 0.13744460726561752, 0.14753278458248015], "train_ious": [0.46719249047716926, 0.5428238560756048, 0.583216725025272, 0.6143715695842452, 0.6399363340890927, 0.6570535231975542, 0.6706392798518787, 0.6849086081096226, 0.6877011633005694, 0.7053473928160428, 0.710807632330967, 0.7167969303394577, 0.7246006883788797, 0.7365608295236813, 0.7363545631153, 0.7429945874905239, 0.7447211975096795, 0.7559780405591363, 0.7618076279219513, 0.7618857004504274, 0.7705561411229603, 0.7775368959899397, 0.7774478495660897, 0.7841759604820304, 0.786780519275994, 0.7909956066936685, 0.7955619686323662, 0.800429413985947, 0.7941490411218528, 0.8022569474102792, 0.802126813733923, 0.8102327456724814, 0.8106371157843131], "val_ious": [0.4977124620606934, 0.5403225131440853, 0.5932984667411751, 0.6084814162357993, 0.552461905107982, 0.6610786178405735, 0.6429109575523845, 0.6463688735080801, 0.6731027170367863, 0.6861989102933717, 0.6719025623971135, 0.6920883007671523, 0.6974703732176103, 0.6918260025373406, 0.6735977247573327, 0.686405170870864, 0.7095094089922697, 0.7049385453911796, 0.7030644032402316, 0.6969437396180803, 0.7031740287075872, 0.7059791561054147, 0.7089540604232015, 0.714859846709431, 0.7113251932289287, 0.7233720054661016, 0.716486809046372, 0.725837527193885, 0.7217037049324616, 0.7132536090802454, 0.728307159482569, 0.7263903414857561, 0.7045382948025415], "training_time": 706.7893350124359, "avg_gradient": 0.004464768013911622, "memory_usage": 1149.87109375}