{"train_losses": [0.26890601444503537, 0.22632900244839813, 0.20487856168461882, 0.18542789918896946, 0.1716529731841191, 0.16257652421684368, 0.1543968967769457, 0.14747033486871616, 0.14297810419584098, 0.13963774231302997, 0.13235661071603713, 0.1282029349113936, 0.12430944650069527, 0.12215216826323581, 0.11822868106157883, 0.11882506958816362, 0.1142175516275608, 0.10599068689929403, 0.10522446967661381, 0.10585117781453807, 0.10213779698571433, 0.09628712653141955, 0.09543796033477006, 0.0948617990007219, 0.08923954042889502, 0.08807178376161534, 0.08478483654882597, 0.08874405539878037, 0.0850077740362157, 0.08207719550346551, 0.07820381491404513, 0.0765924071488173, 0.07672627314763225, 0.075239770559837, 0.07370411215916924], "val_losses": [0.283166589944259, 0.23159016960340997, 0.20244202179753262, 0.2181125211974849, 0.1729691828722539, 0.16640809178352356, 0.16217448659565137, 0.16313718680454337, 0.15255759737413863, 0.15612816972577054, 0.15183498111108076, 0.1483571456502313, 0.14659478272432866, 0.14152840541108794, 0.13759757529782213, 0.16098601387246794, 0.13972608696507371, 0.13681826546140338, 0.14879430846675581, 0.13781882984482724, 0.13868863394726877, 0.13433343204467194, 0.13347016242535217, 0.13196663218347923, 0.136547796914111, 0.1379387229681015, 0.1332939101949982, 0.14076568542615228, 0.13603594769602237, 0.13660780437614606, 0.1399514145501282, 0.14298818989292436, 0.13986700578876163, 0.13970901331175928, 0.1561527522685735], "train_ious": [0.4558453653277693, 0.5368579762137451, 0.5765962072688601, 0.6121502748650055, 0.6361898494263489, 0.6537996429032173, 0.667569773082716, 0.680830998265225, 0.6895373997049055, 0.6952223406861655, 0.7084139345240763, 0.7170909313296064, 0.7237923507565177, 0.7277054113970292, 0.7344344677268594, 0.7334119293136873, 0.7424501515385028, 0.7574763515073322, 0.7582727258728038, 0.7572530946437864, 0.7642573496137837, 0.775108432802169, 0.7766333200253438, 0.778037829135639, 0.7885561228554315, 0.7908775406903118, 0.7972319448987643, 0.7896115547720935, 0.7972686150367706, 0.8029203060744463, 0.8107805881595268, 0.8141928743840993, 0.813535226967888, 0.8166923574779347, 0.8199900228908096], "val_ious": [0.41742942071911215, 0.5309202997148901, 0.5874139571535413, 0.5918121360566306, 0.6380176181378571, 0.647703371618105, 0.6565061533364698, 0.659884185678717, 0.6789561989514725, 0.6779852237390435, 0.6805071798355682, 0.6874523108852081, 0.6954863075760828, 0.6970049665457961, 0.7057258637918942, 0.6770139280436698, 0.7029032795757489, 0.7102956931660139, 0.6965794349494188, 0.714738857055056, 0.7122393339008525, 0.7187800517548686, 0.7206793524648833, 0.7247363609680232, 0.7206546221522317, 0.7206532642029334, 0.728652129786602, 0.7165281936742257, 0.728172496177148, 0.725118894939837, 0.7213721726683605, 0.7206516833840937, 0.7223905519298887, 0.726058781362962, 0.7167797172847002], "training_time": 751.3633506298065, "avg_gradient": 0.0034627602417284676, "memory_usage": 1145.87109375}