{"train_losses": [0.2696142315702594, 0.22979091043057648, 0.20495224970838297, 0.18616532194225685, 0.17268667370080948, 0.1645622069582991, 0.15758203516673783, 0.14901277540332597, 0.1432788365561029, 0.14007688852270012, 0.13604210062033456, 0.132027352269253, 0.12566749200872754, 0.1227928513822996, 0.11797102994245032, 0.12095609449012124, 0.11346302934638831, 0.10869695764520894, 0.10555820733956668, 0.10308231704908868, 0.10259156180140765, 0.09964402987743201, 0.09575924880640663, 0.09719337579672752, 0.09289094109250151, 0.09249793989178927, 0.09348446543773879, 0.08732876218045535, 0.08806948594587005, 0.08304092470232559, 0.08187544592858656, 0.07863307877889146, 0.07729099662569554, 0.07815327936702449], "val_losses": [0.23514725073524143, 0.21323294678459997, 0.18974584081898566, 0.18983377969783286, 0.1633464234030765, 0.15355481239764587, 0.15147867086141006, 0.14804850972217062, 0.14878026979125064, 0.14169574302175772, 0.14291205273374266, 0.13956137438831123, 0.14132063447133356, 0.13001348564158316, 0.13395283176847125, 0.13226137294069581, 0.13235718935080196, 0.13742457832331242, 0.12473270782957906, 0.13391394767424333, 0.13400694792685303, 0.12976337936909302, 0.13744627684354782, 0.1258501384569251, 0.12985172252292218, 0.12668623661865358, 0.13158368238288423, 0.14375878465564354, 0.12843692140734714, 0.12885808005281116, 0.12799329100095708, 0.12795984178133632, 0.13695427483838538, 0.13208431863914366], "train_ious": [0.4540445860610277, 0.5317388807247942, 0.5779008433168782, 0.6117124333437802, 0.6353629113215467, 0.6509467272114928, 0.6642057418391322, 0.6793106484996236, 0.6899254833334593, 0.6964750240246452, 0.7032553434263968, 0.7100500182073187, 0.7222037514590699, 0.7273588704782119, 0.7354429862529469, 0.7302109889038234, 0.7441257296157054, 0.7534987221377484, 0.7587708691000077, 0.763227802687797, 0.7636357709981388, 0.7686187201112081, 0.7769559857206071, 0.7738720500922721, 0.7820702853302158, 0.7830719121772312, 0.7809994648332178, 0.7924980858097908, 0.7914682967939237, 0.8011700101736668, 0.8033741221263788, 0.810028662608154, 0.8129698012186132, 0.8111715389118674], "val_ious": [0.5157316901545594, 0.5668663941863654, 0.6097805476275043, 0.612191664567892, 0.6538919707139335, 0.6716192768535753, 0.677910419261974, 0.6854270603777707, 0.6800081444823222, 0.6976547835097798, 0.6866140223067737, 0.6988017721020658, 0.6969875818577365, 0.7172989897106005, 0.7116557860719986, 0.7105230952518575, 0.7148104266843933, 0.7077000169218448, 0.7302600436884426, 0.7202602642169896, 0.7155753862166752, 0.7243839631909911, 0.7191818481770116, 0.7322316871605059, 0.7277790346871251, 0.732688075606374, 0.7245410961517389, 0.7144992478947707, 0.7351698743692345, 0.7340504654507705, 0.7378323587818423, 0.737672133722167, 0.7311851239722708, 0.7302518493455391], "training_time": 730.7321848869324, "avg_gradient": 0.003533821902015857, "memory_usage": 1145.87109375}