{
  "train_losses": [
    0.26371684208836244, 0.21577039830710576, 0.19517418110500212,
    0.18279298702659813, 0.17246664477431256, 0.16283290557887242,
    0.1552182392257711, 0.15158819840492113, 0.14352487347534168,
    0.1370718594154586, 0.13509393394317315, 0.1310287529764616,
    0.12370888176171677, 0.11881975898438174, 0.11725140209107296,
    0.11217953596750031, 0.10930962091230828, 0.1074333407551698
  ],
  "val_losses": [
    0.23068443847739178, 0.21246689881967462, 0.18692692012890524,
    0.17863439962915753, 0.1814279582189477, 0.1681334327744401,
    0.16289602187664612, 0.16714983239122058, 0.1559687060830386,
    0.15148296709293904, 0.1561338418851728, 0.1381755548974742,
    0.14496074827468913, 0.15486634247328923, 0.13666945809255476,
    0.140715842337712, 0.13411323758571045, 0.1638827651091244
  ],
  "train_ious": [
    0.46628575713333237, 0.5588146355812964, 0.5952097279006155,
    0.615864360192116, 0.6352712224251114, 0.6528998451388398,
    0.6682572269245336, 0.6757717384700327, 0.6899205664901632,
    0.7016347265545871, 0.7042970171441201, 0.7116997766214004,
    0.7253356594862279, 0.7342497561180938, 0.7369104012091089,
    0.7467422317983445, 0.7510189753619656, 0.7546354371352466
  ],
  "val_ious": [
    0.5393769581248795, 0.5683905998433846, 0.6057424381159354,
    0.6313895088606984, 0.6253331990345664, 0.653462416883828,
    0.659555574906045, 0.6551928444617034, 0.6692419093156207,
    0.6780965164087821, 0.6815396642339401, 0.7001363416944725,
    0.6912659121596295, 0.6928354663693387, 0.710226976569148,
    0.7013326479472974, 0.7135678801847543, 0.6531362185875575
  ],
  "training_time": 391.46479988098145,
  "avg_gradient": 0.005022316042851542,
  "memory_usage": 1145.87109375
}
