{"train_losses": [0.26443528238198033, 0.2224281026131433, 0.20262963081831517, 0.18727270716234393, 0.1713690499410681, 0.160289923781934, 0.15376285362340833, 0.146870334106295, 0.14371010511303725, 0.1386112494637137, 0.13559371767484624, 0.13142974063268173, 0.12451231499890918, 0.12125427445963673, 0.11731794950268838, 0.11489050673401874, 0.11285690813446822, 0.10928686274944441, 0.10273099998417108, 0.10222403049145055, 0.10027033560301947, 0.09808978588198838, 0.09853334048681933, 0.09696067541675724, 0.09143663128918927, 0.08784758295539928, 0.08811195862843939, 0.08453637053785117, 0.0830557655705058, 0.0850281450168594, 0.08586407402206374, 0.08344373868211456, 0.0770268898214335, 0.07539184622304596], "val_losses": [0.22926704812309015, 0.21473762295816257, 0.18758131045362222, 0.19736671706904535, 0.16326122455622838, 0.1551213977129563, 0.14789787113018657, 0.16339913674670717, 0.1600787647716377, 0.13856475800275803, 0.1421644804270371, 0.1444675896478736, 0.13113223404987998, 0.1404133226884448, 0.13312593377802684, 0.1341970329699309, 0.13194918146599893, 0.13717757570354835, 0.13051989010494688, 0.13743191633535468, 0.1391161894020827, 0.12996672903713974, 0.1417644111358601, 0.13049703253352124, 0.1259410162658795, 0.1269220089458901, 0.1290643780451754, 0.1256713927116083, 0.13392621456928874, 0.131878060815127, 0.13471551028930623, 0.12604217765771825, 0.129895499057096, 0.13943164763243301], "train_ious": [0.469608980419951, 0.543986763589192, 0.5797910075094821, 0.6092054553437923, 0.6380175927087015, 0.6580743466814356, 0.6707039465182933, 0.6835318692568421, 0.6895998567882653, 0.6982183216166667, 0.7042285335128721, 0.7103335495120369, 0.7239130383384399, 0.7293329870031363, 0.7367205679740593, 0.7416438273545625, 0.745200932673786, 0.7512564185088959, 0.763600047191848, 0.7642670673844604, 0.768117910709934, 0.771570182526889, 0.7705784244597824, 0.774535296511823, 0.7846182510256761, 0.7913647437117236, 0.7907992251001409, 0.7977562357766036, 0.8009534702784779, 0.7969826671524324, 0.795453214397033, 0.7999940430340563, 0.8131441993341924, 0.8166125696422396], "val_ious": [0.5313001223232436, 0.5657134472891905, 0.6128426213627276, 0.5930264459356017, 0.6584841058306072, 0.6666470975547599, 0.6830444979494896, 0.66206727490045, 0.6718478852855986, 0.7026784061521723, 0.6947614468526148, 0.6840470221595487, 0.7114690883436066, 0.6983254031426663, 0.7085398064143414, 0.7114069831112154, 0.7125288902417475, 0.7004101120907328, 0.7204246518836509, 0.7047072219243947, 0.7019693959450377, 0.7247897922128871, 0.7139508758766063, 0.724461502355078, 0.7312078398206959, 0.7313340019056763, 0.7275543983863746, 0.7322967182035033, 0.7256931707910868, 0.7299864173367404, 0.7245093797859938, 0.7349908818369326, 0.7380527091630991, 0.7234536415856817], "training_time": 731.1012325286865, "avg_gradient": 0.0060690328925555445, "memory_usage": 1145.87109375}