{"train_losses": [0.26645646633013437, 0.22644552005373914, 0.20275923423469067, 0.18447800766190756, 0.17189211811384428, 0.16251186840236187, 0.15722675633657238, 0.14889731987015062, 0.14215766419859036, 0.1390861500783459, 0.13415429963851752, 0.1298901675997869, 0.12520819129017385, 0.12289400026202202, 0.12409462512511274, 0.11825935971801696, 0.11606670835095903, 0.11057332988180545, 0.10796082748667053, 0.1045356646342122, 0.1028819425922373, 0.10542751464020947, 0.10073691934509121, 0.09500625721462395, 0.09408071831516597, 0.09174638079560321, 0.09184624505755694, 0.09222881568838721, 0.08624393116358829, 0.08425025901068812, 0.08272630316407784, 0.08435256633421649, 0.08191111165544261], "val_losses": [0.2440011135261992, 0.2095850382162177, 0.22145552641671637, 0.18231108072011368, 0.18520835106787475, 0.17699915397426355, 0.1641526513773462, 0.1517946634279645, 0.17021545055119888, 0.15443405314632083, 0.14727528603828471, 0.15612930934066357, 0.15509708322908566, 0.14656252705532571, 0.1394684201349383, 0.14080574217697847, 0.1345092420992644, 0.13321777870473656, 0.1326243610161802, 0.13054100278279054, 0.12889153575119766, 0.13168098631760347, 0.1310520236906798, 0.13092962846807812, 0.13065414422232172, 0.12729102972408998, 0.13240785427067592, 0.12842094752451647, 0.12746083639238193, 0.12954737116461215, 0.12697469653642696, 0.1326744676284168, 0.13820863029231195], "train_ious": [0.467910350948248, 0.5386112647643989, 0.5815951739154434, 0.6159034144889183, 0.6373461008179879, 0.6552961523766109, 0.6655560653062835, 0.6786431790585966, 0.6913466350971789, 0.6977398808559647, 0.7054175333916279, 0.7134653889722583, 0.7220862644414102, 0.7268266201127268, 0.7235391830512574, 0.7359178196908769, 0.7393824984521974, 0.7495713462324246, 0.7543510429669114, 0.7604085345739042, 0.7629678503650684, 0.7586714280904204, 0.7671899580653164, 0.7777384742014651, 0.7794212548845058, 0.7837463117919969, 0.7836717731062919, 0.7832004478120286, 0.7942150484068671, 0.7981695604065192, 0.801273474658745, 0.7981483805114812, 0.8029824073115985], "val_ious": [0.5085734682886498, 0.5648120544526887, 0.5749353179033253, 0.6068636654079825, 0.6210843054712681, 0.6271339160376701, 0.6585391967192937, 0.6745254501052523, 0.6510767794173696, 0.6731560202180475, 0.6897747052320536, 0.6815131405989329, 0.6853120704923852, 0.6949991868889849, 0.7003841143155441, 0.7023180686477299, 0.7103156024131223, 0.7169431599153988, 0.7139863637478455, 0.7188217840764833, 0.721801039101421, 0.7183924889650899, 0.7219758809044742, 0.7222860120776768, 0.7211674220752025, 0.7271540378746779, 0.7220845613358678, 0.7287078145621478, 0.7323240698247716, 0.7319422398788341, 0.7364830627389576, 0.7286094239224559, 0.7202283932247022], "training_time": 708.6509506702423, "avg_gradient": 0.00829923079260389, "memory_usage": 1149.87109375}