{
  "train_losses": [
    0.2651650333048209, 0.22267235475389854, 0.19683592847507933,
    0.1793990888349388, 0.16496610868236292, 0.15965807794228845,
    0.15129542626116588, 0.14640423732445293, 0.13942799709089423,
    0.13370726528860952, 0.12850690633058548, 0.12608792470849078,
    0.12191806883429704, 0.11843482801771682, 0.11623984988292922,
    0.11166072478922813, 0.10674921196439992, 0.10501749849999728,
    0.10232715166943229, 0.10745112674877695, 0.09530916360571333,
    0.09409475933922373, 0.09542334869342006, 0.09361079497181851,
    0.08807684505439323, 0.0870111404472719, 0.08598119680486295,
    0.08392194674714752, 0.08462625304641931, 0.0844870088621974,
    0.08147785116149031
  ],
  "val_losses": [
    0.24409849002309467, 0.20903884781443555, 0.19250648630701978,
    0.17284213298040887, 0.171718495371549, 0.16673902357402054,
    0.15296505164840948, 0.15440380573272705, 0.15108271137527798,
    0.1512571915012339, 0.14388637973562532, 0.1373720071885897,
    0.12941653556797816, 0.14430160350773646, 0.1268970380010812,
    0.13465391196634457, 0.13082582422572633, 0.1336308030978493,
    0.13280206157461458, 0.1311127350706121, 0.1270752669028614,
    0.1305378498914449, 0.1282411240365194, 0.12704502564409506,
    0.1296323507052401, 0.12678670267695966, 0.13212121278047562,
    0.12485312702863113, 0.13029310042443482, 0.13784926125536795,
    0.14001886352248813
  ],
  "train_ious": [
    0.4679456013187336, 0.5441288427058336, 0.5923117726393368,
    0.6236074536606888, 0.6492059259418991, 0.660059225462053,
    0.6745770336061284, 0.6830914153892929, 0.697779821474915,
    0.707052899281616, 0.7168846739375071, 0.7219353560628233,
    0.7302168010045653, 0.7348274359668514, 0.738322923526816,
    0.7465887086438963, 0.7563442148376203, 0.7596531978443911,
    0.7640784780724325, 0.7558626900224581, 0.7776893063623831,
    0.7800708685232247, 0.7767982534740282, 0.781001082311074,
    0.7912793239389642, 0.7932932587421458, 0.7954105430323142,
    0.7995273252760154, 0.7977330980525502, 0.7979580901455184,
    0.8041867905336876
  ],
  "val_ious": [
    0.5074727824632673, 0.5801661640837572, 0.6036420302546542,
    0.6392240537249524, 0.6372930915027426, 0.6518155321262885,
    0.6721626636774642, 0.6732365728720374, 0.6853311882502792,
    0.6785539507433989, 0.6952134761689367, 0.7013761068599811,
    0.7192560192467511, 0.6967488464669905, 0.723104917916699,
    0.7125370001447374, 0.7183456295642299, 0.7179703708144203,
    0.7235477910093637, 0.7185880336640537, 0.7297884545464446,
    0.7288966539545335, 0.7267400389132292, 0.7317801394324372,
    0.7320623961479767, 0.737194697494092, 0.730432490075844,
    0.7362310892861822, 0.7303319178197695, 0.7294225465992225,
    0.7229389433843502
  ],
  "training_time": 663.9698667526245,
  "avg_gradient": 0.009205450541506637,
  "memory_usage": 1149.87109375
}
