{"train_losses": [0.28097945840462396, 0.2348076519758805, 0.21088569287372672, 0.19344688619932401, 0.17916252172511557, 0.16681612210105295, 0.1610223338331865, 0.1548200140747687, 0.14946430172447278, 0.14374681566234515, 0.14057243850244128, 0.1370818316126647, 0.13397891171600507, 0.12900080143109613, 0.1251425449533955, 0.12327832509966, 0.1195292582978373, 0.11632088851183653, 0.1139882725218068, 0.11167837566007739, 0.10576719972912384, 0.10331783415344746, 0.10543627227130144, 0.10021521402117999, 0.09905500187660041, 0.0976732249736138, 0.09666808459745801, 0.09115268205009076, 0.09108283062991888, 0.08635578057526247, 0.08790230856317541], "val_losses": [0.28051698952913284, 0.24420533653186716, 0.23893223670513733, 0.18443941065798636, 0.18516737579003625, 0.16443795160106991, 0.15518653425185577, 0.15499678383702817, 0.1577832983887714, 0.1493789919692537, 0.15829385833247847, 0.14837846888796144, 0.14420509629923364, 0.1516398447363273, 0.137322379357141, 0.1358384894935981, 0.13704471500671428, 0.13101020552541898, 0.15741535956444946, 0.13010916972289915, 0.1369906736780768, 0.12956126552561056, 0.12737451121211052, 0.13280976385526036, 0.1440881813025993, 0.12850669334116188, 0.13728801760336626, 0.12852740077220876, 0.12648484110832214, 0.13247837207239607, 0.1449552426195663], "train_ious": [0.43299836369798256, 0.5233137211289954, 0.5666415041069619, 0.5987859680924724, 0.6258421654178611, 0.6471127346697925, 0.6574977833399737, 0.6683569664432519, 0.679097889774087, 0.6892598487328793, 0.6948866256229256, 0.7014285981979063, 0.7065149107812967, 0.7155069977153035, 0.7227014443040756, 0.7263654318192734, 0.7342247365825424, 0.7387496428969113, 0.7435995908319089, 0.747100601269715, 0.7578802889455921, 0.7617937006272271, 0.7586490465463069, 0.7683138568764152, 0.769784217943316, 0.7722064027751704, 0.7749010232695639, 0.7848361441730587, 0.7854118540991049, 0.7942912812898121, 0.7912913260144598], "val_ious": [0.47592787455389457, 0.48611195137103386, 0.5549280545201855, 0.6168672809566276, 0.630226878800254, 0.649350632575975, 0.6683348065269165, 0.6676633563162623, 0.6668800191170928, 0.6784306177194567, 0.6779693732227104, 0.6784713525271071, 0.6945816472820614, 0.6858863493670586, 0.7035118766884871, 0.7075549575729648, 0.7035448091185613, 0.712918320859688, 0.671131746708483, 0.7210540259661882, 0.7114124745130539, 0.7209058488192766, 0.7253673737463744, 0.714561276677726, 0.7054071892862734, 0.7242019493942677, 0.7145566674678223, 0.730398914520291, 0.7330596919940866, 0.7268535302600998, 0.70191310259743], "training_time": 666.1054830551147, "avg_gradient": 0.007006057110209722, "memory_usage": 1149.87109375}