{"train_losses": [0.27888285303893295, 0.2377232427344374, 0.2141715092179568, 0.1964432870078346, 0.18190610173927702, 0.17176345711492974, 0.16409623853700317, 0.15620231867322457, 0.1484691830270964, 0.1427965456943797, 0.14096758352673572, 0.1348857558939768, 0.12920802013705607, 0.12748452259794527, 0.1245568041568217, 0.12009325850269069, 0.11923561119676931, 0.11118229709403671, 0.11128810299155505, 0.1055222429011179, 0.10362508917308372, 0.10437111244739397, 0.09828381649339976, 0.09624237166312725, 0.09424195956924687, 0.09432304865154235, 0.09188299804278043, 0.08615528334580037, 0.08833315146520086, 0.08364418744231047, 0.08274576646964187, 0.08557563121228115, 0.08583482820540667, 0.08026979211717844, 0.07607072907621446, 0.07357800450256985, 0.07261458340951282], "val_losses": [0.259407848443674, 0.2304439803828364, 0.2139573213846787, 0.1978240521705669, 0.17712801014599594, 0.20106263199578162, 0.18361075481642847, 0.1583755097311476, 0.16101826792177948, 0.17539111816364786, 0.17376253624325214, 0.14894801572613095, 0.1416502912407336, 0.14172273372178493, 0.1387829074393148, 0.14439916400157887, 0.14056733023861182, 0.14785902202129364, 0.14445796236395836, 0.14001867806781892, 0.1498761089599651, 0.1415728861870973, 0.13184160075109938, 0.14670086117542308, 0.13268247894618823, 0.13784506722636844, 0.13430768154237582, 0.1397649236023426, 0.13429786005745764, 0.13556980600823526, 0.13914517345635788, 0.13586858028303023, 0.13303846023652866, 0.1338920520375604, 0.13154593984717908, 0.1364191778652046, 0.14226315624040106], "train_ious": [0.43067345919384453, 0.515129396529949, 0.5592603881883883, 0.5920206766197647, 0.6184453232672765, 0.6364127409954866, 0.6504273486958034, 0.6647925702450067, 0.67968762288059, 0.69012004547361, 0.6939820290907572, 0.7043041626288408, 0.7137617781434373, 0.7181886956635595, 0.7234355000158154, 0.7310912572927235, 0.7318416525056398, 0.747184645978437, 0.7473382169677728, 0.7574942717193692, 0.7607935078550078, 0.7603481746130234, 0.7711811115344365, 0.7749787776366529, 0.7791297206844107, 0.7793773053132971, 0.7832373707838683, 0.7941382879364324, 0.7899995704275973, 0.7992594197824379, 0.8015900707763169, 0.7957241265778094, 0.7957414957168305, 0.8063274288307071, 0.8148050784416817, 0.8202924216571065, 0.8220295948178868], "val_ious": [0.48769654301197635, 0.5261558596638666, 0.5649994268365529, 0.5954585427391357, 0.6269304823616276, 0.5995366594929629, 0.6293024105438288, 0.6652635649062586, 0.6562178003183309, 0.6471208463544432, 0.6561659252729968, 0.682540089107942, 0.6946336713390072, 0.6985278738581617, 0.7028213059124738, 0.6936472444862559, 0.7017873290224351, 0.6884409644897432, 0.7024771564680597, 0.7089910543915157, 0.6982563680064849, 0.7062773896732191, 0.7192772598802178, 0.7008562744527623, 0.7227784736432888, 0.7098212563905162, 0.7256522163532783, 0.7162022489136545, 0.7201151610284612, 0.7321473308231518, 0.7147641741279243, 0.7215380720470265, 0.7279695207658021, 0.7322804344737013, 0.7332171711368837, 0.7318232180415719, 0.7255031945912735], "training_time": 798.3322701454163, "avg_gradient": 0.0028632149843696793, "memory_usage": 1149.87109375}