{"train_losses": [0.2759530575864989, 0.23029475861593432, 0.2059734224787225, 0.1865985012086837, 0.17354427035088124, 0.16486755369797998, 0.1580508791477136, 0.15171958441319672, 0.1454570799580087, 0.14095065633401924, 0.13486265994446434, 0.1327636450448114, 0.12947276943241773, 0.12535030520318644, 0.1215202908800996, 0.11826866079607735, 0.11492015073156875, 0.11108452336781699, 0.11110796289437491, 0.10749860792218344, 0.1047744065442163, 0.09990124453021132, 0.09893000340494125, 0.09737835399320592, 0.09288119957984789, 0.0939859283440139, 0.09125107846668233, 0.08651934969036476, 0.08763673492585836, 0.08848791585668274, 0.08382574910217006, 0.08139194094616434, 0.07956225149657416, 0.07879667137951954, 0.08226102529822485, 0.08181431176869766, 0.07744498032590617, 0.07636268651517837, 0.07348044244977443, 0.07373372805507286, 0.07075291663489264, 0.06921367217665134], "val_losses": [0.26460021151148755, 0.22808786287255908, 0.20580029617185178, 0.20779406311719315, 0.1782455923764602, 0.16812242567539215, 0.17989347356816995, 0.15251137899315875, 0.1481646390064903, 0.146012080428393, 0.1615608912771163, 0.14464751242295557, 0.1392703343020833, 0.1436558234626832, 0.14056982731689577, 0.13830758809395458, 0.1408576147387857, 0.14114449302787366, 0.1321120974810227, 0.13745103436319725, 0.13382785864498303, 0.13021406466546265, 0.1294420243281385, 0.136352165237717, 0.13224238562195198, 0.13697964843848479, 0.13564766101215198, 0.13554273610529693, 0.14232169982531798, 0.14309513941407204, 0.1318878547652908, 0.1276458498576413, 0.13186450108237888, 0.1393813207421614, 0.13287174264373985, 0.13371620473006499, 0.1392850770574549, 0.141281980049351, 0.1316422690515933, 0.1422700841465722, 0.1351087180816609, 0.1374003608589587], "train_ious": [0.43302611135742725, 0.5291565869381462, 0.5753098701167364, 0.6106513685722281, 0.6335481555889482, 0.6498405845916786, 0.6626391874599283, 0.6747096896279547, 0.6864388982994832, 0.6937061620039355, 0.7048304001598258, 0.7094560835672461, 0.7149223918500155, 0.7224510236494781, 0.7297387288316434, 0.7349835694700044, 0.7416118176626986, 0.748302279175192, 0.7483254890295039, 0.7543737000205383, 0.7594435282483478, 0.7687362111241056, 0.7702427104763369, 0.773396674813567, 0.7819617684876576, 0.7799479746516198, 0.7848782557184278, 0.7940746106315346, 0.7923981980893061, 0.7904683649539951, 0.7995387964166593, 0.8042758485113366, 0.8080482953700467, 0.8098451392590135, 0.8025322568373403, 0.8039755198186723, 0.81270237526168, 0.8148612329277435, 0.8209517112244724, 0.8206258131110148, 0.8265911884929821, 0.829942096618639], "val_ious": [0.4634452106944028, 0.5107298700705818, 0.5768673002072005, 0.5804035270559613, 0.6313163916701857, 0.6523444555375887, 0.6232048139192056, 0.6722358983495963, 0.6802072144936825, 0.6837025360352752, 0.6761382103398226, 0.6878157121979671, 0.6998416986586393, 0.6928549350603767, 0.6965101687372597, 0.7025922312252765, 0.6969585902449013, 0.6988546895808065, 0.7176639709783635, 0.7056756937417433, 0.7169316184261569, 0.7225331893001777, 0.7215208966230998, 0.7109984960676968, 0.7206808786461316, 0.7148326615924421, 0.718978000075921, 0.7190403346566187, 0.7187424587166827, 0.7121066528817882, 0.7302231285451116, 0.7374895778687104, 0.7294187137614125, 0.7213606113109037, 0.7263025989135107, 0.7230295344539309, 0.7281587389500244, 0.7224204158005506, 0.7351476554421413, 0.7294845684714939, 0.7333433077387189, 0.7348861482696256], "training_time": 901.569422006607, "avg_gradient": 0.001751436238057103, "memory_usage": 1145.87109375}