{"train_losses": [0.27049679633068, 0.2242779165668332, 0.20310534245294073, 0.18864733887755353, 0.17354289968700512, 0.16382266370498616, 0.1563834304637883, 0.15204672082124845, 0.1442652514366352, 0.14231867594239506, 0.13579239109126123, 0.13165628144760494, 0.12940875942940297, 0.12633273766740508, 0.12169782861905254, 0.11851644815634126, 0.11521531686024822, 0.11199387588092814, 0.10717498539420574, 0.10840911887910055, 0.10206018060283817, 0.09852665480550217, 0.09643907553475836, 0.09712190063589293], "val_losses": [0.24247006812821265, 0.22723950478045837, 0.2154869845379954, 0.20617085338934607, 0.17342647229847702, 0.16094045114258063, 0.17131838299657987, 0.15659350934235947, 0.16592244933480801, 0.14561231418148332, 0.1452950509669988, 0.1428518862180088, 0.14006905678821646, 0.14083333378252777, 0.14114710137895917, 0.1490181891814522, 0.13681206317699474, 0.14787761980424757, 0.13883037946146468, 0.14157280309692674, 0.13395935556162958, 0.13835591450333595, 0.13273538341340813, 0.14332225853982178], "train_ious": [0.4540708909364608, 0.5428835931301549, 0.5825963793997315, 0.6076586592564548, 0.6337657090330471, 0.6523196375996305, 0.6660711275062698, 0.6738650369579378, 0.6876246748843055, 0.6912304015587207, 0.7026218861557436, 0.7103825855082356, 0.7143080811677638, 0.7193963571951009, 0.7285534884726654, 0.7345769392947352, 0.7403985860123151, 0.7457898952930734, 0.7544907979343244, 0.7528247799778328, 0.7642455494058303, 0.7711901287885687, 0.7756110326103544, 0.7734230862579486], "val_ious": [0.5171899123900178, 0.5412104613539102, 0.5714927853449532, 0.5893889218568802, 0.6395630955264188, 0.6551057307616521, 0.6404670394849087, 0.6684265631264535, 0.6651742302853129, 0.6897857439690742, 0.6894743669292199, 0.6952756917563037, 0.6963185017955477, 0.7033181922591251, 0.6983110263295794, 0.6875813180121824, 0.706005713430004, 0.6948664518802061, 0.7106504764245904, 0.7042804034291834, 0.7151248949593392, 0.7129149918538937, 0.7196601601182551, 0.6985548313545146], "training_time": 515.0947618484497, "avg_gradient": 0.006530281100024366, "memory_usage": 1149.87109375}