{
  "train_losses": [
    0.2703463442461646, 0.2293463870882988, 0.20546326049320077,
    0.1891713984634565, 0.17469664371531943, 0.16434998943915832,
    0.15820325716682102, 0.14813231000595767, 0.14632384920411784,
    0.13641911785563696, 0.13591577732206686, 0.1325709279221685,
    0.12884352137537106, 0.12331110895003962, 0.12002568615033575,
    0.11508523425816194, 0.11313122514959263, 0.11035135712312616,
    0.10927594125108875, 0.10337504683791296, 0.10130989106129044,
    0.10426674030073312, 0.09784374151216901, 0.09649969997775296,
    0.09252312532423632, 0.09030721202978621, 0.08673588409210028,
    0.08337359114185623, 0.08529511405883924, 0.08618828913439876
  ],
  "val_losses": [
    0.2716818302869797, 0.2153703314454659, 0.19410749103712,
    0.18713090892719186, 0.17791968000971753, 0.17464554180269656,
    0.1567860634430595, 0.15255742746850717, 0.14709830316512482,
    0.16312191926914713, 0.13817292192707892, 0.14601398065038348,
    0.13638018573755803, 0.1417578821596892, 0.13691504704563515,
    0.13827369378312773, 0.1330223028426585, 0.13346043034740115,
    0.14161759258612341, 0.1353918472709863, 0.13012979422574458,
    0.1337885341566542, 0.1319371729117373, 0.12885036934976993,
    0.1281149886224581, 0.12654465728479883, 0.12763214111328125,
    0.12587057782903963, 0.13323162803831307, 0.14484883828655534
  ],
  "train_ious": [
    0.44870806400718133, 0.5326029052013075, 0.574889758709764,
    0.6056763970873494, 0.6331589678167431, 0.6502408938131468,
    0.6610464685852976, 0.6802927872732928, 0.6833116973115915,
    0.7034103957315289, 0.7026165831240185, 0.7082703467188535,
    0.7168404067987978, 0.7263135275115138, 0.7316270118606265,
    0.7410149575899472, 0.7439781131519786, 0.7485920088770598,
    0.7518029667005159, 0.7626475598393142, 0.765995326897372,
    0.7607458814222743, 0.7726446373955058, 0.7753860206491706,
    0.7824652527013555, 0.7866598962657695, 0.7936939962100295,
    0.800431111044642, 0.7971972635798691, 0.7946913897775224
  ],
  "val_ious": [
    0.4750898727688237, 0.5575241096641707, 0.5980325760184855,
    0.6089318852493729, 0.6377821432939473, 0.6378902319980704,
    0.6698360302741979, 0.6778534158416416, 0.683730639193369,
    0.6597533895485646, 0.6983957305766535, 0.6832998725383178,
    0.7061366913975147, 0.6934810850931249, 0.7064412082882893,
    0.6994791166937869, 0.7125788566426955, 0.7155247367378593,
    0.7086332470610521, 0.7149370375318804, 0.723740796248118,
    0.7140559662079466, 0.7155417134796361, 0.7247513832821362,
    0.7267186194658278, 0.7307728198559387, 0.7317656198705452,
    0.7358977829200634, 0.7214963969545087, 0.699602215834286
  ],
  "training_time": 642.7945444583893,
  "avg_gradient": 0.010777151849986621,
  "memory_usage": 1149.87109375
}
