{"train_losses": [0.27265167916598526, 0.2322293984015351, 0.20816565337388412, 0.19311846331085847, 0.18052123786638613, 0.17143046888320343, 0.16043944215482991, 0.1548270903446752, 0.14813773771343025, 0.1428287187996118, 0.13976679426496444, 0.13597764054556255, 0.1334673899995244, 0.12882853740745265, 0.12374532700556776, 0.11890723783036937, 0.11875355798427177, 0.11452109475984522, 0.11038258242542329, 0.10711467824876308, 0.10755489260444175, 0.10423437283252893, 0.09988890369625195, 0.09590982937294504, 0.0927711144980529, 0.09523523951192266, 0.09147372254696877, 0.09313764382639657, 0.08764381309890229, 0.08608047757297754, 0.08257123965608038, 0.0825369017927543, 0.08448465905435708], "val_losses": [0.2584366205593814, 0.21736943397832953, 0.2132090948846029, 0.19290398288032282, 0.16992692584576813, 0.1658421706246293, 0.16408515041289123, 0.15949533037517383, 0.17249895016784253, 0.1489536389708519, 0.15172674506902695, 0.14749688638941102, 0.13962747480558313, 0.13962686029465302, 0.144329232690127, 0.1348707944802616, 0.14144213157503502, 0.13692224625012148, 0.14688097539803255, 0.12944550326336984, 0.13864602002760637, 0.13725868790693904, 0.1355645897919717, 0.13054974441942963, 0.13697073851590572, 0.1337909243353035, 0.14189241939912672, 0.14652246269194977, 0.1374052604255469, 0.13198810022162355, 0.13774175310264464, 0.13105492212850114, 0.14641244013024413], "train_ious": [0.44597348335968395, 0.5272424301213549, 0.5695075808983782, 0.598098637023266, 0.6212587194598236, 0.6386945343211936, 0.6592222235125046, 0.6690017725678458, 0.6802293464973351, 0.6903874693789342, 0.695633749059145, 0.703994681221851, 0.7076423455947551, 0.7160967680747092, 0.724816517823416, 0.7339800791140051, 0.7341219594945081, 0.741700532535712, 0.7494814355952145, 0.7551347848189915, 0.7544967321058115, 0.7603929602149605, 0.7687030658125881, 0.7758926821575648, 0.7818737832856348, 0.7771329978561915, 0.7844577428439387, 0.7815780523030654, 0.7921405761786133, 0.7948997224802556, 0.8016173988580704, 0.8016848289880203, 0.7977350935663866], "val_ious": [0.4996417195036792, 0.5550511493415071, 0.5731830899266229, 0.6046985880188318, 0.639570253914681, 0.6547449952450352, 0.6546357166076052, 0.6687033249848132, 0.6453529874915661, 0.6845034600599954, 0.67806187617606, 0.6879819342191669, 0.6986855858046077, 0.6966354326493497, 0.6965208401282628, 0.709206224999566, 0.6999710953753927, 0.7061508462048959, 0.701957267695579, 0.7213658990635389, 0.7105604809695398, 0.7150931680116099, 0.7201342859129976, 0.7248824979516043, 0.7184026420548343, 0.7241054928821068, 0.713711975277334, 0.707167119219683, 0.7192203264305558, 0.7262875448534452, 0.7239202468291573, 0.7304327284944229, 0.7131394193224285], "training_time": 708.9494364261627, "avg_gradient": 0.007660673762836912, "memory_usage": 1145.87109375}