{"train_losses": [0.2834818599664647, 0.2515241863287013, 0.2297341010492781, 0.2073882620619691, 0.192123928066829, 0.18074686533730963, 0.17044086341300738, 0.16199784069929435, 0.15508089493960142, 0.14976405433338622, 0.14099427320710992, 0.13386704635037028, 0.128708448180038, 0.1236862451971873, 0.11632438821961051, 0.10809488035738468, 0.10612428155930145, 0.09868322891871566, 0.08996522827478855, 0.08738497470546028, 0.0809436627947118, 0.08746987054853336, 0.07699779900924666, 0.06980102942527636, 0.06576833120830682, 0.06275577096106566, 0.0626514581558497, 0.060513665433973074, 0.05666213340895331, 0.05478582340900017, 0.05372038985724035, 0.05379589011325785, 0.05102030525955817, 0.04881153907626867], "val_losses": [0.2633894503764484, 0.25145508834849234, 0.25193288922309875, 0.23543625810871954, 0.1993931554581808, 0.1921983034066532, 0.17464862958244656, 0.16923164479110553, 0.1616881794255713, 0.15902708891941153, 0.16739369054203448, 0.16743279572414316, 0.15933682218841885, 0.16015694419974866, 0.15516260007153387, 0.1644242739547854, 0.15569463291245958, 0.15558398806530496, 0.1543886825118376, 0.15668002030123834, 0.1664248047315556, 0.17354217884333237, 0.16666301955347476, 0.165608625697053, 0.17045412666123846, 0.17601468932369482, 0.18169739583264227, 0.17922904990289523, 0.1729864332339038, 0.1857370413515879, 0.18524176918941995, 0.1848342697257581, 0.18606290156426636, 0.19187214031167651], "train_ious": [0.39942644209647193, 0.45560712280648397, 0.5195134164549515, 0.5674137152137531, 0.5962358315785729, 0.6162397490031477, 0.6356374668902244, 0.6513067634533282, 0.6643176363862078, 0.6748530926803749, 0.6896095868685973, 0.7030819807795514, 0.7123369723018532, 0.7218170254558759, 0.7362088670657164, 0.7513681254417136, 0.7549559488028719, 0.7701604960729248, 0.787075270345245, 0.7928749971307709, 0.806087544322878, 0.7936300660173099, 0.8146150106753124, 0.8303086333300757, 0.839523041485877, 0.8458656457023347, 0.8463343054704046, 0.850967846162941, 0.8598174316727593, 0.8640247319919475, 0.8664210059720542, 0.8662843934219816, 0.8724475356115807, 0.877685895216638], "val_ious": [0.4303759132909509, 0.47279333207162383, 0.49562822671040235, 0.5525140700780827, 0.5769954329167587, 0.591101870480655, 0.6278112005928288, 0.6380195166321768, 0.6521275913801746, 0.6579724288936974, 0.6495263427495958, 0.6532854679701984, 0.6667200946721475, 0.6663193912177846, 0.6720252922479658, 0.6647238735703455, 0.6758832449930302, 0.6787998412830242, 0.6794980712558912, 0.6824723659218221, 0.678104000247043, 0.6606115761442461, 0.6803487999283749, 0.6863951153945232, 0.6874158378096594, 0.6831567812225093, 0.6763513470473498, 0.6838608669198079, 0.690145187187886, 0.6826584183651467, 0.6875733895146328, 0.6891390858353048, 0.6849826341089994, 0.6853048289599626], "training_time": 610.500684261322, "avg_gradient": 0.0019277003879865512, "memory_usage": 745.21484375}