{
  "train_losses": [
    0.3015479260002789, 0.2606457361708517, 0.2365606721976529,
    0.21103201668871485, 0.19315452800820704, 0.18057699558203635,
    0.1714423325560663, 0.1649834368701862, 0.15652904513737428,
    0.14865352954391553, 0.14091452474341445, 0.13400671461030192,
    0.12730601778172929, 0.12165816298321537, 0.11610521550249794,
    0.10754056971358217, 0.10207054480586362, 0.1038137505883756,
    0.091951422676768, 0.09025635400220104, 0.08107205245481885,
    0.07629936066982539, 0.07199762125863977, 0.06804359098896384,
    0.06534636206924915, 0.06281537062528988, 0.06173374935093781,
    0.06981151753469654, 0.059477701742687954, 0.0545732707352094,
    0.052281777212477246
  ],
  "val_losses": [
    0.2792131502343261, 0.2579334446269533, 0.23508401927740677,
    0.21372812079346698, 0.21401384634816129, 0.1837881683655407,
    0.1814047687727472, 0.17935035701679147, 0.16446088448814725,
    0.16327155932136203, 0.17354243961365326, 0.16047894468773966,
    0.18259750339000122, 0.1561405555061672, 0.1591412321380947,
    0.17007199124149655, 0.15679390760867493, 0.15986126952845117,
    0.1613149076052334, 0.1685244823279588, 0.15919359951563503,
    0.17430664307397345, 0.16345959383508432, 0.17530737752499786,
    0.16969096952158472, 0.17434290828912155, 0.17185181508893552,
    0.17486333231563153, 0.1717927967724593, 0.17452711450017017,
    0.1852664351463318
  ],
  "train_ious": [
    0.3685226719094383, 0.4364866067410241, 0.5001514157938471,
    0.5606959391979206, 0.5939850465704997, 0.6158809827073761,
    0.6339084177237492, 0.6459761913055961, 0.6610105194259379,
    0.6758496239511431, 0.6902005150374293, 0.7027363914834417,
    0.715485800489568, 0.7257377188922705, 0.7367032187572421,
    0.753188115963038, 0.7632917333124338, 0.7602143871287502,
    0.7839176890210827, 0.7878676420212658, 0.8063051143418187,
    0.8167862861916637, 0.8259981043528818, 0.8347964378586714,
    0.8408422201223991, 0.8463869182311968, 0.8488844426861707,
    0.8318445748393095, 0.8540009071213607, 0.8650358329000681,
    0.8703593330970708
  ],
  "val_ious": [
    0.407485075186992, 0.4408203280232767, 0.5191755450290184,
    0.5612341620135997, 0.5719736357745917, 0.6098870250625887,
    0.6129735384298405, 0.6259859364101852, 0.645712577562401,
    0.6457183602927387, 0.63310222176538, 0.6526178160439366,
    0.6374389257120049, 0.6637651976467904, 0.6635198962429296,
    0.6533371233853742, 0.6734494027020274, 0.669542430319648,
    0.6724955625292185, 0.6634231004594029, 0.6837594362272731,
    0.6671234982601111, 0.6816926941923473, 0.6759983221257941,
    0.6839018442492555, 0.6833862545697585, 0.6816771805718327,
    0.6818183438069579, 0.686171031948449, 0.6870025914648304,
    0.6836146159448484
  ],
  "training_time": 560.2017393112183,
  "avg_gradient": 0.003209730445675429,
  "memory_usage": 745.21484375
}
