{"train_losses": [0.28265425149837264, 0.24842207036588504, 0.22655832783683486, 0.20671122091943803, 0.18990578680582668, 0.17651372402906418, 0.16849632391139216, 0.15975094189786393, 0.1524272658254789, 0.14304269935287858, 0.13511408233772154, 0.12782572655250196, 0.1210595355571612, 0.11530820211476606, 0.10916623493413562, 0.10210834925427385, 0.095584308769068, 0.08749428193044403, 0.08468784225861663, 0.08099224944801434, 0.07401602824583002, 0.08579132359717852, 0.07333719942961699, 0.06865236495176087, 0.06216350511607269, 0.06210499260898517, 0.05853943457907956, 0.055247948464492096, 0.05412618793628138, 0.0525385061805339], "val_losses": [0.29616920002128766, 0.3076685420844866, 0.21847641889167868, 0.20446393962787546, 0.20532563814650412, 0.1935122946034307, 0.1819200914191163, 0.17340421644241913, 0.17539151887530866, 0.16730059294596963, 0.1709475837971853, 0.16311714733424393, 0.1579838161883147, 0.1724809019461922, 0.16219704144674799, 0.16226716712117195, 0.16101513835399048, 0.16375631255948025, 0.1856462472806806, 0.1617640835111556, 0.16852847616309705, 0.17747269700402798, 0.17348233448422473, 0.1750048795795959, 0.17837917642748874, 0.17218853711434032, 0.17824287518211032, 0.199200801551342, 0.18302757778893347, 0.19148928769256757], "train_ious": [0.4020823734781121, 0.4659219639889621, 0.5249132867902518, 0.5668857296577825, 0.6014093052649842, 0.622623361647129, 0.6391658313788365, 0.6544609568689184, 0.668572246434464, 0.685362553574901, 0.6998602060628107, 0.7132526551899703, 0.7264062719608565, 0.7373812376265075, 0.7486582479939083, 0.7629997995344624, 0.7757404112945434, 0.7924658328402733, 0.7981655542617261, 0.8059831317784132, 0.8211490659826043, 0.7976152858008507, 0.8227996653404791, 0.8333596233008561, 0.8473025691034143, 0.8475630047960557, 0.8556731578664497, 0.8629776834361792, 0.8655601886735451, 0.8693354072562166], "val_ious": [0.41182781798441126, 0.3966885372672393, 0.5494134146450221, 0.5791694034916768, 0.57575723150934, 0.5971008102962935, 0.6216002024602199, 0.631678574974986, 0.6237886219784836, 0.6463260285664296, 0.6419466075257978, 0.6534193048010702, 0.6672982210698334, 0.6503139837928442, 0.6680512169133062, 0.6705696863540705, 0.6770061911016273, 0.6741239810767381, 0.6651178181603334, 0.6864290561365044, 0.6838591010242266, 0.6695318997338198, 0.678923793029094, 0.6778576304947121, 0.6822835634584011, 0.6807250149440074, 0.6822965691486995, 0.6774748112412466, 0.6894480769616971, 0.6804420954507331], "training_time": 539.2013509273529, "avg_gradient": 0.002360173046393456, "memory_usage": 745.21484375}