{"train_losses": [0.28676338955436065, 0.24958511109909284, 0.22751934866866338, 0.2091002480491348, 0.19057256461161634, 0.17763289080365843, 0.1673018088483292, 0.1623793884139994, 0.15279915029911892, 0.1449594388756415, 0.13914730703539174, 0.13334420355765716, 0.1248713506223715, 0.11728013165133155, 0.11692736378830412, 0.10734365111135918, 0.09964202984195689, 0.0989633037749192, 0.08981769284962313, 0.08436501532307138, 0.08813734433573225], "val_losses": [0.2679606021746345, 0.24703732068124024, 0.2347322621423265, 0.2084966049246166, 0.20108545441990314, 0.1858488010323566, 0.19639883838270022, 0.17341444479382556, 0.16655674058458078, 0.16458930885014328, 0.15901160450733226, 0.17016901043446167, 0.16438646306810173, 0.15521913475316504, 0.15724211056595264, 0.1553314043127972, 0.16059763599996982, 0.15910961527539336, 0.15636905541886453, 0.16699208141021107, 0.17446292920604997], "train_ious": [0.3925392426950249, 0.4563977733525753, 0.5186715467657516, 0.5605596572808598, 0.5991949299215407, 0.6237842232474816, 0.6426569601871828, 0.6522722135203469, 0.6683965742156122, 0.6831349580940129, 0.6939941260261808, 0.704825169042401, 0.7200121078370275, 0.7344681201637657, 0.7347116524326627, 0.7528593337730224, 0.76787866625017, 0.7696189594765501, 0.788042037545339, 0.7989014751021407, 0.7915418701975242], "val_ious": [0.4292756772559621, 0.475729533565649, 0.5224911598623663, 0.5738713752100433, 0.586842831062234, 0.6114625760178637, 0.6052716541765392, 0.6358341734478438, 0.6506792609242426, 0.6503121131572168, 0.6636215908371883, 0.6451296661643016, 0.6563090772732445, 0.6736401358376378, 0.669083011539086, 0.6753587275743483, 0.6737802881693495, 0.6764058822738952, 0.6869921276102895, 0.6730205723340962, 0.6619341187718986], "training_time": 376.7388973236084, "avg_gradient": 0.004302868632564104, "memory_usage": 745.21484375}