{"train_losses": [0.28454624205503776, 0.24560394704989766, 0.22073806255407954, 0.20094651534505512, 0.1870324964756551, 0.17574767428247826, 0.1680811093715222, 0.15633947272663531, 0.15052203372444795, 0.14302335043802208, 0.13539779546630124, 0.12802540612123584, 0.12204615771770477, 0.11261119466760884, 0.10814785434985938, 0.0995446701898523, 0.09482533865324828, 0.09044922248500845, 0.08381233396737472, 0.08058196435803952, 0.0724918907508254, 0.06803720580089999, 0.06523801999814484, 0.06372494382135895, 0.06084361816149043, 0.06033833249998481], "val_losses": [0.28516231995561847, 0.236005704364051, 0.21119901019593942, 0.2007464261158653, 0.18008985888698828, 0.18261051761067432, 0.16912701823141263, 0.1785802190070567, 0.16744703507941702, 0.16944645507180173, 0.16120236690925516, 0.1538825195444667, 0.16095010126414505, 0.15856352740007898, 0.15593502330391304, 0.158614469125219, 0.18229060166555902, 0.1627684515779433, 0.16479498763447223, 0.15986369744591092, 0.1604258717726106, 0.16492667243532513, 0.16538450753559236, 0.17440412323112073, 0.17493897482104923, 0.18698455134163733], "train_ious": [0.3980747880572698, 0.47333879744321056, 0.5390490239918018, 0.5802955665504153, 0.6056664470799159, 0.6259367726203326, 0.6407002753213695, 0.6611220952177395, 0.6726402173331684, 0.6864571545435032, 0.7000931102944459, 0.7139044435343884, 0.7249692041912803, 0.7428271790453489, 0.7514304236873336, 0.7683879182930441, 0.7776194532280382, 0.7865110663832103, 0.8003994651894648, 0.8071909931258878, 0.8243222984930744, 0.8344716924256173, 0.840454827076283, 0.8438220958130949, 0.8502449537964836, 0.8514119965442706], "val_ious": [0.42548551313255134, 0.5062168746970701, 0.5476968867191371, 0.5821211910334189, 0.620557559357173, 0.6142769656751464, 0.636272515291753, 0.622921402471653, 0.6454300720622574, 0.6382310718729876, 0.6614227383465007, 0.6731283064337744, 0.6611291284578433, 0.6739669742359631, 0.6754934571791386, 0.6762779363687487, 0.6542894730101462, 0.6756025088438088, 0.6819841820692671, 0.6875960675702578, 0.6886802410733873, 0.6917005675858348, 0.6883475905743197, 0.6854444705489753, 0.6907863111599631, 0.6751656601394432], "training_time": 467.5082914829254, "avg_gradient": 0.003447004654811595, "memory_usage": 744.08984375}