{"train_losses": [0.30237371814639674, 0.25786862085046974, 0.23790718331609084, 0.2179631260426148, 0.2001391966705737, 0.18760041973513106, 0.1744465648965991, 0.16647537692409495, 0.15788414564145647, 0.15057283567021723, 0.14170563034713268, 0.13535955880323183, 0.13095357831891463, 0.12039761111626159, 0.1171320352865302, 0.10962194155739702, 0.10265755637184433, 0.10060445361001336, 0.09370224679941716, 0.08524553724767073, 0.08039078335075275, 0.0763574814747857, 0.07183538565574132, 0.0690164788140227], "val_losses": [0.2679699413154436, 0.2426136767734652, 0.21949518407168594, 0.21979346385468607, 0.184786526405293, 0.17933840207431628, 0.17074493934278903, 0.18516733594562695, 0.16339511942604315, 0.16544206375661102, 0.1612042778212091, 0.17920987599569818, 0.16222793560313142, 0.16050363963712816, 0.15962953946512679, 0.16151428870532825, 0.16025031277019045, 0.18302620299484418, 0.16149381839710733, 0.15684286440196243, 0.16520567400299985, 0.16445562421627666, 0.15992026792272276, 0.19446603759475375], "train_ious": [0.36418020074807983, 0.43670700378952526, 0.4881080453517339, 0.5426752936715884, 0.5823521778203439, 0.6054434428072492, 0.6299010861287081, 0.6449438457687696, 0.6599413599225059, 0.6727342924130136, 0.6884626302922118, 0.700237709812928, 0.708310027377329, 0.7278532012757183, 0.7338580799599489, 0.7484060635493281, 0.7621519690838412, 0.7657410994819973, 0.7799688658096648, 0.7970706324862398, 0.8075218986773836, 0.8159357303942457, 0.8258346934681356, 0.832223012611486], "val_ious": [0.4213471514159354, 0.45324032193478336, 0.5405809077015822, 0.5601165264412975, 0.6078399663818057, 0.6209851839188217, 0.6360653107580931, 0.6092890147929607, 0.651321111165959, 0.6465218952600508, 0.6534652681886286, 0.6389573793048445, 0.6565729308387508, 0.665544379664504, 0.6678490034048106, 0.6637022048234938, 0.6684087186619855, 0.6557984866093898, 0.6797449888958449, 0.6785330584515696, 0.6796724884838297, 0.6858711240516194, 0.6914077958335048, 0.6507556736469268], "training_time": 431.8146936893463, "avg_gradient": 0.005792923043851365, "memory_usage": 744.08984375}