{"train_losses": [0.3024970064668552, 0.2728546598683233, 0.24546921933474747, 0.21551064539538778, 0.20032539485913256, 0.18661323659445928, 0.17709347338456174, 0.17082438949981463, 0.15947605264575584, 0.15323503886389991, 0.144681502579023, 0.13754040500877993, 0.1315913057035726, 0.12405060215488724, 0.11865443173472, 0.10998660309807114, 0.10431088855409104, 0.09835858918402506, 0.09299773641902467, 0.09358415335578762, 0.08172603392892558, 0.07592081958832948, 0.0717688190507824, 0.07436871423345545, 0.07429994053571769, 0.06873414788962058, 0.06179777982280306, 0.05862696229925622, 0.056060598029390625, 0.05524215316804855, 0.05330303268831061, 0.05266323867861344, 0.05069415935355684, 0.06407195131253937], "val_losses": [0.29148047125857807, 0.2832568815868834, 0.2314652590000111, 0.2332692058837932, 0.20902395118837772, 0.1980683748488841, 0.1835776162536248, 0.1832457699853441, 0.1772863217022108, 0.17570162661697553, 0.16622854672048404, 0.17057313154573026, 0.1605548847304738, 0.16533321352756541, 0.16553250279115594, 0.15908849644272224, 0.16461509482368178, 0.17350835255954578, 0.16583178014211034, 0.16803259694057962, 0.16975764833066775, 0.1724302185618359, 0.17080160408564235, 0.1736485031635865, 0.16969403851291406, 0.17757939806450967, 0.17549308680969736, 0.18441983247580734, 0.18474974450857742, 0.19282158982494604, 0.18888137068437494, 0.19128882658222449, 0.20647519664919894, 0.19541494159594827], "train_ious": [0.36671939625776356, 0.4129216801624141, 0.47480220667621587, 0.5508558428373889, 0.5791573278551947, 0.6051888191073703, 0.6227366297465304, 0.6334727565771426, 0.6531368373096851, 0.6662384150144842, 0.6818947482152263, 0.6952358310961203, 0.70539998009369, 0.7197647938045901, 0.7310101490305818, 0.7466886311337568, 0.7582863291212617, 0.7697949463474573, 0.7806220902264986, 0.7797086973661094, 0.8040601089596755, 0.8167275386875951, 0.825668256675851, 0.8204929724983545, 0.8210858840873275, 0.832509922268598, 0.8482095158618427, 0.8549308509066479, 0.861097761038421, 0.862846623512282, 0.8671231073313869, 0.8686822561034259, 0.8731543188509734, 0.84497095828039], "val_ious": [0.3878212823815967, 0.41335801774318726, 0.5203683468094771, 0.5252190167489259, 0.5732292790991673, 0.6003506628499514, 0.6164485844581022, 0.615536291530167, 0.6190455821545229, 0.6281148059212643, 0.6506886439046997, 0.6407508586627849, 0.6635846713746804, 0.6544516345728998, 0.6547459975100945, 0.6700231277424357, 0.6663404668586841, 0.6501513270364291, 0.6688411978707798, 0.6713112288195155, 0.6782389538011688, 0.6748429601607114, 0.6781036631352659, 0.6756771686284438, 0.6721754095692566, 0.6789371818304061, 0.6814002165759819, 0.6812654111696326, 0.6774125487908071, 0.6766816744769831, 0.6842499854771986, 0.6777915101552354, 0.6790588873883953, 0.6581779571547025], "training_time": 608.9814004898071, "avg_gradient": 0.006110619822147085, "memory_usage": 745.21484375}