{"train_losses": [0.30015527165454364, 0.27505768503507844, 0.25212332922155445, 0.2342663532041985, 0.21789998674522276, 0.20179426394726918, 0.18875661006440286, 0.17794715127219324, 0.1694716936706201, 0.16098166427210622, 0.15291488154426866, 0.1484916242973312, 0.1392873716743096, 0.1336456454642441, 0.12741798850829186, 0.12223984284893326, 0.11367120492555526, 0.1083709186995807, 0.10138872605950935, 0.09461466320182967, 0.09054255092759496, 0.0879785999574739, 0.084390456666765, 0.07950935160498256, 0.0729993064077976, 0.06953558032198445, 0.06759024749550482, 0.06391207149009341, 0.06139241001042335, 0.06332725484895965, 0.06242889811730255, 0.06242343121329728, 0.054533240689045706, 0.051318729012880634, 0.05014827491148659, 0.04973238716711816, 0.04771394784683767, 0.0464003037094422, 0.045863845243888056, 0.0447275732319964, 0.04365424977858429, 0.04292081176991696, 0.04182200771554009], "val_losses": [0.2957552943540656, 0.27036680896645005, 0.2429770114629165, 0.23816263805265012, 0.22049817896407584, 0.24249631976303848, 0.19651519669138867, 0.18975928296213565, 0.18102728057166803, 0.17119532985531766, 0.17193083011585733, 0.17253550336412762, 0.16604834309090738, 0.16645343893248102, 0.16356171408425207, 0.15452796447536218, 0.15688469293324844, 0.1651876160632009, 0.16274161410072577, 0.16087831135677255, 0.1662710862963096, 0.16130850399317948, 0.16223062736832577, 0.16105159793211066, 0.16607707252968912, 0.16990652939547662, 0.17131556117016336, 0.16682126729384714, 0.17334108151819394, 0.1710062101483345, 0.18147140352622324, 0.17949511758659198, 0.17638587433358896, 0.18354909899442093, 0.18497865031594815, 0.18959486776072046, 0.18514704315558725, 0.19239558247120483, 0.1916523844651554, 0.19473561968492425, 0.19942514857520227, 0.19622714331616525, 0.19555479774008627], "train_ious": [0.3739353222508065, 0.4109039520470213, 0.449454519488407, 0.5025249446499285, 0.5429019690828697, 0.5736000933616925, 0.6021874315388824, 0.6231536479207918, 0.6387180730808474, 0.653807220251664, 0.6677398136344508, 0.6765812112801314, 0.6937256507791472, 0.7044502500498642, 0.7156416386149932, 0.7253602396534838, 0.740605409054652, 0.7508860788159611, 0.764041299405305, 0.7778461432435376, 0.7856632013251819, 0.7913632692526218, 0.7989056289627934, 0.8091002561259962, 0.8229639387649034, 0.8307611335446868, 0.8348746563213459, 0.8432308886794074, 0.8488664472664615, 0.8447474629982653, 0.8467931835979651, 0.846877712270488, 0.8644503470564231, 0.8716625005438704, 0.874537942742092, 0.8753214421263642, 0.8800742362720375, 0.8829094077581942, 0.8842947334051132, 0.8869751803037045, 0.8893932041482644, 0.8910102209319242, 0.8939047856391334], "val_ious": [0.39218675096829736, 0.4230804918608055, 0.4852236608664196, 0.5085331695019335, 0.5428002835183904, 0.528786265871663, 0.5942667182804879, 0.6038841618143993, 0.6169412580953128, 0.6367259267447654, 0.6362942532784697, 0.6372788539831188, 0.6479298344988755, 0.647572960110678, 0.6624235903871234, 0.6691386390855346, 0.669730251034101, 0.6641725759575332, 0.6656804935655731, 0.6741327883108803, 0.6658631535111994, 0.6805111143900001, 0.6750511935223706, 0.6837551002053245, 0.6801949061345364, 0.679602596854818, 0.6852698542069697, 0.6862584857837013, 0.6873782972494762, 0.6815140279738797, 0.6757531921932662, 0.6808384922535522, 0.6906087247357852, 0.6887371121109396, 0.6876211570224899, 0.6875332185755605, 0.692134006947711, 0.6894545654455821, 0.6881756588168766, 0.6889765556307806, 0.6893812236578569, 0.6910694595696271, 0.690147375067075], "training_time": 775.2909035682678, "avg_gradient": 0.002625717911431727, "memory_usage": 744.08984375}