{"train_losses": [0.2912385523643183, 0.2558986031976731, 0.23114692865182523, 0.21390648963658707, 0.19881500975917216, 0.17998406201924966, 0.1674559128511211, 0.16093280113747585, 0.1518216762367798, 0.14238789179564817, 0.13662530514209167, 0.12993645404829926, 0.12220409860753495, 0.1196714231096532, 0.11029610187625108, 0.10486518194817979, 0.10027744369986265, 0.09404750338391117, 0.08687031244778115, 0.09174837374492832, 0.07753741666269691, 0.07294094993773362, 0.0697929682817472, 0.07480498838602849, 0.06949227884330827, 0.06265040229924995, 0.06090200332033893, 0.061534438342989786], "val_losses": [0.27783759359432303, 0.3473815639381823, 0.23920676922020706, 0.21108647500691208, 0.19705145806074142, 0.19563705150199973, 0.17539083083038745, 0.17529454017462937, 0.17460830509662628, 0.1749145035510478, 0.1643795591333638, 0.17012512943019037, 0.16336022317409515, 0.16400306347919547, 0.16523715950872586, 0.16764214440532352, 0.16816196331511374, 0.16613159814606543, 0.17933915377311085, 0.16793494007509688, 0.17102584971681886, 0.1722032921793668, 0.1837059308005416, 0.1761655601794305, 0.17475333761261858, 0.18106466888085657, 0.18459351943886798, 0.20378158662630164], "train_ious": [0.386145302082709, 0.4420907095499507, 0.512922145007853, 0.556295227070433, 0.5822654948232395, 0.6195871067651801, 0.6416367153650608, 0.6535344197266345, 0.6698468653620154, 0.6876715803383917, 0.6981597899634765, 0.709788713388253, 0.7238920656559268, 0.7298996967897903, 0.7472974060886145, 0.7580388038810615, 0.7668722765385241, 0.7791261047772741, 0.7938398096332513, 0.7850485879765903, 0.8139248920091682, 0.8236799060866451, 0.8304361901853395, 0.820480958059214, 0.8314831166163733, 0.8465050224592718, 0.8505566167658655, 0.8490477237796435], "val_ious": [0.42186921230260876, 0.39031816172696965, 0.5120795494404391, 0.5653247066598006, 0.5883329181351523, 0.5886254834308139, 0.6267899903266327, 0.6309724080821743, 0.6361735912336819, 0.63999517823475, 0.6503048798312311, 0.6489074711782343, 0.657898908076079, 0.6548714812683023, 0.6676633131244907, 0.6632632172625997, 0.6583290560090024, 0.6703005545381187, 0.6664616688006165, 0.6742113254208498, 0.6765852583491284, 0.6763385836628898, 0.673165840515192, 0.6672461428072142, 0.6787277036818905, 0.6793625717577729, 0.673955061081527, 0.6605832691209901], "training_time": 503.3828182220459, "avg_gradient": 0.0029579668426229916, "memory_usage": 744.08984375}