{"train_losses": [0.3084748640008595, 0.27286536926808563, 0.24818547645016856, 0.22953339641832787, 0.21587262286440187, 0.19943862254528896, 0.1820680705587501, 0.1728449722185083, 0.1626944486051798, 0.1562526835452603, 0.14702384805549745, 0.13846947123175082, 0.13306264559049968, 0.12543380661341158, 0.1223662573358287], "val_losses": [0.31593364412369934, 0.2724002372959386, 0.3209473490715027, 0.2346111458280812, 0.21594663968552713, 0.20326012081426123, 0.19392384912656702, 0.17775879217230756, 0.19725349351115848, 0.17554580776587778, 0.1734107515734175, 0.16356886534587198, 0.16920544466246729, 0.1624952559561833, 0.2515031465369722], "train_ious": [0.3533873662025248, 0.41461672751220374, 0.4603066104768979, 0.5161019254246374, 0.553009437262148, 0.5829114711748954, 0.613120004453737, 0.6309168133344771, 0.6487593159511473, 0.661813726891642, 0.6772949974174087, 0.6932681098148442, 0.7031534428613773, 0.7176746559747754, 0.7236677859032499], "val_ious": [0.3408120245389316, 0.41024742588616797, 0.42302691067258513, 0.5244049500080122, 0.5617379000869351, 0.5671004381948623, 0.5990046772403993, 0.626717901532201, 0.5955063964145771, 0.6341362815836203, 0.6412219543387925, 0.6529256630202996, 0.6510682345732398, 0.6599535190540812, 0.5267200487247412], "training_time": 269.6273741722107, "avg_gradient": 0.004523748134291461, "memory_usage": 744.08984375}