{"train_losses": [0.2907946082236974, 0.25166129701487394, 0.23480335201906122, 0.2154552868526915, 0.19719998117374338, 0.18311233648463435, 0.17194772001517855, 0.16445407247089822, 0.15821453847962877, 0.14717581548282635, 0.14020073770180994, 0.13473376064844753, 0.12778009992578757, 0.12196752194153226, 0.11321687641675057, 0.10660167163966791, 0.10263034223538378, 0.10061489823071854, 0.08965784088586984, 0.08659765120271755, 0.08790745440384616, 0.08273535570048768, 0.07432058319935332, 0.06818790877561855, 0.06562850956359635, 0.06350512371358016, 0.06567736516666153, 0.06000325486630849, 0.056939813774079084, 0.05477544525638223, 0.05313756798758455, 0.05294911247556624, 0.05138323332547494, 0.04947527218610048, 0.04804909581561451, 0.05194330179011044], "val_losses": [0.266375247227109, 0.25762255457432376, 0.24443550926187765, 0.21576317075801932, 0.2126178971451262, 0.1812894907982453, 0.1676741326632707, 0.1671462428310643, 0.1728226846974829, 0.16602324662001236, 0.1654019550136898, 0.15791687498921933, 0.16772726388729137, 0.15712064439835755, 0.17950967375351035, 0.16094511212862056, 0.16125155110722003, 0.1527534409061722, 0.1583116080449975, 0.16241965491486632, 0.1686363728797954, 0.1680530261086381, 0.15968271895595218, 0.1620545866696731, 0.16850374379883643, 0.17491322107937024, 0.17557596026555353, 0.1758975804499958, 0.17855745845514795, 0.1835647980156152, 0.17979924607536066, 0.17925893904074378, 0.18047321652588638, 0.18461882225845172, 0.18622839839562125, 0.32658570940079895], "train_ious": [0.38632893676049845, 0.45312053314021283, 0.5044567398423246, 0.5467301166845836, 0.5881277283356675, 0.6126640121573987, 0.632430086641208, 0.6454956529095119, 0.6570999253595221, 0.6780991119103156, 0.6909576287844043, 0.7007072402191333, 0.7134651818137235, 0.7243550821490906, 0.741397840065369, 0.7538096310867776, 0.7613613188158774, 0.7659530193693395, 0.7874963650668872, 0.7944943471339296, 0.7913703259782517, 0.8026193447303084, 0.8201816733116689, 0.8335861721332525, 0.8396877923953362, 0.8444056305764371, 0.8394233080140061, 0.852100299860256, 0.8590324295387753, 0.8640321525542632, 0.8676653235502868, 0.8681185892310697, 0.8714560665514159, 0.8757896210620371, 0.8793282671899035, 0.8720585104563957], "val_ious": [0.4258359912512958, 0.47440876120674447, 0.4994372498190057, 0.5605683418503705, 0.5638512895591018, 0.6200503404589667, 0.6419299257838208, 0.6465190977290058, 0.6375960081383802, 0.6493675626706386, 0.6510643004507259, 0.6631690732378893, 0.6490719387496727, 0.6686392962068751, 0.6404011359681255, 0.671074510052584, 0.6766286587369615, 0.6826014235831689, 0.6844196261271186, 0.6759655544723292, 0.6703333081542582, 0.6679153403510218, 0.6881754249334336, 0.6883916206981825, 0.6883174595625503, 0.6754914606394976, 0.6846426969421082, 0.6888083072676172, 0.6893216041119202, 0.6845286374074825, 0.6847680569558904, 0.6920105136822963, 0.6938533789437751, 0.6920946622672289, 0.6902300546998563, 0.5693729356795117], "training_time": 646.6566307544708, "avg_gradient": 0.008698105509846102, "memory_usage": 745.21484375}