{"train_losses": [0.29299337773219397, 0.2608529662956362, 0.2383069401687902, 0.22388187399053056, 0.2034645504925562, 0.18621136191422524, 0.17503464149068232, 0.16495257640338462, 0.15686346355663694, 0.14988518757340702, 0.14168313101095997, 0.13392523874569198, 0.12733827600174624, 0.11999190586578587, 0.1138403033837676, 0.10644457246298375, 0.10465794234820035, 0.09641841175439565, 0.08780534707171761, 0.08174037285473036, 0.07953894215271524, 0.07506634570334268, 0.07535625706710246, 0.06969164797793263, 0.06530904377122289, 0.062463188098500606, 0.06308591973198496, 0.05837392807006836, 0.05481797090286146, 0.05333797372472675, 0.051793071157906365, 0.05081239304221843, 0.04963581859255615, 0.048753613201172455, 0.04685199902514401], "val_losses": [0.2772054542665896, 0.2610410966950914, 0.23687120138303094, 0.20924273165671722, 0.20189764804166296, 0.22018701453571735, 0.1731479203571444, 0.20753331806348718, 0.17700498356767322, 0.1681475036818048, 0.16553448658922446, 0.171389934161435, 0.17153696974982385, 0.16136686390508775, 0.15853875535337822, 0.16505403751912323, 0.16062050426135893, 0.1604812203542046, 0.1604887070539205, 0.16099640743240065, 0.16880457961688872, 0.17125680799717488, 0.17597380944568178, 0.16639358777066934, 0.1690522344863933, 0.17022765006708063, 0.17569937297831412, 0.18628712840702222, 0.17712457170305046, 0.18527580149795697, 0.1836991933700831, 0.19180707050406415, 0.18368808568819708, 0.19041587703901788, 0.18904706268854762], "train_ious": [0.38491167974374874, 0.4316979282645357, 0.49044884428229235, 0.5315296984399144, 0.5721936299317127, 0.6071688392995926, 0.6278471596593009, 0.6447484343704109, 0.6606895393435507, 0.6731052272345707, 0.688601823712605, 0.7026482052237225, 0.715293392754983, 0.7282005104681722, 0.7405344296948629, 0.7544522659070252, 0.7582982425456457, 0.7749455718566544, 0.7922155323667807, 0.8046777551804765, 0.8094921015958859, 0.8189670158469163, 0.818848870478678, 0.831001641093821, 0.8404475801448887, 0.8469462717572848, 0.8454224421926169, 0.8559949010394617, 0.8640573498779451, 0.8672153634437613, 0.8708437739507013, 0.8732100814796873, 0.8759153598676555, 0.8778314329143887, 0.8821452271895133], "val_ious": [0.4057149303996045, 0.43865689111576556, 0.49059100141343853, 0.5524490376313528, 0.5838938766847486, 0.5462451231112516, 0.6259949047496353, 0.5778312430433605, 0.6261775826198466, 0.6418296221805657, 0.6429761466772661, 0.63710934550002, 0.6400810428287672, 0.6568957409564998, 0.6651033947001335, 0.6566584406123646, 0.6692879446174788, 0.6690940222014552, 0.6745692711809411, 0.6792003302902415, 0.6759890145149783, 0.6766883562440456, 0.6754441086364829, 0.6759979973236722, 0.6821294385885848, 0.6813695476106976, 0.6800721622463587, 0.67956592509712, 0.6820267451846082, 0.6809219659670541, 0.6824973173763441, 0.68329104370829, 0.6805187200290571, 0.6810431191022844, 0.6788153739079184], "training_time": 629.7532856464386, "avg_gradient": 0.0015389371294665937, "memory_usage": 744.08984375}