{"train_losses": [0.30807032452329347, 0.2681809984471487, 0.24425690758811391, 0.22255482419353464, 0.20202767128205817, 0.18834587364740993, 0.17832446163115295, 0.16682291476298933, 0.15884111773060716, 0.1516197490627351, 0.14454244591457688, 0.1348808712285498, 0.129257050788273, 0.12052143701230703, 0.11530716316369564, 0.11137756660742604, 0.10060414886507003, 0.09562347655225059, 0.08814265757151273, 0.08192632254213095, 0.07838756437210934, 0.08536879685909851, 0.0776691737625262, 0.06828940686081415, 0.0641851777251324, 0.06136973188056246, 0.05932786495870222, 0.05843418883159757, 0.06515830813947579], "val_losses": [0.2965221949245619, 0.2773472822230795, 0.23718456761992496, 0.22840114229399225, 0.20607217725204385, 0.19357010527797366, 0.18124615012303644, 0.18267050968564075, 0.17804013160259827, 0.17845982118793155, 0.16742948410303696, 0.17065480610598688, 0.1693887568038443, 0.1680041988906653, 0.1643216524111188, 0.16340585182542386, 0.17452328554961993, 0.17911978260330533, 0.16635459693877594, 0.1709995503010957, 0.17514821287730467, 0.17849188978257385, 0.179098978638649, 0.18219924297021783, 0.18322616718385532, 0.18119935529387515, 0.20353267244670703, 0.20031743788200876, 0.20850195055422577], "train_ious": [0.3553005431891982, 0.4206829287654595, 0.47489877706168704, 0.5373347118847825, 0.5776043166338964, 0.6023273895886067, 0.6200747478051466, 0.6404572371663388, 0.6555825885169316, 0.6692674753350621, 0.6819254752194539, 0.6999381621354728, 0.7107261184980906, 0.7270436067728029, 0.7370317392051215, 0.7441704258106749, 0.7655500465113184, 0.775300217711407, 0.7905861315303951, 0.803489342979763, 0.8111313202458874, 0.7978446074370026, 0.8129132135190822, 0.8333397564896639, 0.8425252484022709, 0.8487586684632992, 0.8533713619994081, 0.8553947824714838, 0.8431709790467351], "val_ious": [0.39285781893177296, 0.42390055144752975, 0.5041855857640073, 0.5380795741642731, 0.5744526561187662, 0.5958561441604643, 0.6188124051128608, 0.6186880046042844, 0.6304797601440679, 0.6275457733351251, 0.6486571068349091, 0.6427782028913497, 0.6515723119179406, 0.6533194981191468, 0.6616804886987245, 0.6631308556466863, 0.6616509660430577, 0.659665921675986, 0.6766949183699011, 0.6698932179074356, 0.6720143215379853, 0.649166615544886, 0.6686448975317721, 0.6709604418796044, 0.6709375886813453, 0.6782077224790184, 0.6665942027516988, 0.6697582853013191, 0.6475869458222736], "training_time": 522.8764662742615, "avg_gradient": 0.0038025186916284697, "memory_usage": 745.21484375}