{"train_losses": [0.2931054837839759, 0.2538613425972669, 0.2325544104627941, 0.20779664822570657, 0.19298573332312313, 0.1802704564255217, 0.17127461593760096, 0.16018581034048743, 0.1498508846954159, 0.14725591060098098, 0.1378894681515901, 0.12986077643606975, 0.1247817897035376, 0.11760878348318131, 0.10941364539220282, 0.10290189662381359, 0.0969504393313242, 0.09177746457736129, 0.09193557679005292], "val_losses": [0.28244649262531946, 0.26213679300702136, 0.22106563915377078, 0.20265632057967392, 0.1866740587612857, 0.17842421745476517, 0.17470540754173114, 0.17304550240869107, 0.1674270493828732, 0.19446174606032993, 0.16031326256368472, 0.15982546722111496, 0.16195024128841318, 0.1666807723434075, 0.16327925155992093, 0.15943263535914215, 0.1604206276976544, 0.16485514929113182, 0.19620094739872476], "train_ious": [0.38364057575244465, 0.4444579598577179, 0.503183183958754, 0.5645742192594472, 0.5940760135164725, 0.6176157446605144, 0.6342504052850216, 0.6547525380940542, 0.6731612046343693, 0.6779807991199732, 0.694223077022943, 0.7103494652479457, 0.7194495785279548, 0.7335766980937425, 0.7484628507408542, 0.7606997411644111, 0.7722442399008547, 0.7833621882010192, 0.7838759683072567], "val_ious": [0.42622240103673253, 0.4621026580208453, 0.5394556175755418, 0.5778022583412087, 0.6087591226982034, 0.6249221414327623, 0.6323584087085031, 0.6343986430893773, 0.6487130092969838, 0.6081964427578278, 0.6594064391177634, 0.6625119734933409, 0.6650782564411992, 0.6611581876658011, 0.6722319346407185, 0.6761579049238261, 0.6761059413353602, 0.6809826482465303, 0.6234720763952836], "training_time": 341.4453408718109, "avg_gradient": 0.006275589270268201, "memory_usage": 744.08984375}