{"train_losses": [0.2811675140553195, 0.24171810807741206, 0.22335078713038695, 0.20470495125197846, 0.18694552228502606, 0.17493692615433878, 0.16557975323951762, 0.15618399482058443, 0.1491615541036362, 0.14214463418592577, 0.13346518094286972, 0.1277352614004327, 0.12404625842590696, 0.11591502704212199, 0.10670522960793713, 0.10057432815918456, 0.09677925875977329, 0.08988405869382879, 0.08714824392581763, 0.0794870710891226, 0.07909586553907265, 0.07153268611949423, 0.06630588162933355, 0.0639305176699291, 0.062097654819650495], "val_losses": [0.2843914589156275, 0.2550168617264084, 0.22136656421682108, 0.2219488316256067, 0.1996157389620076, 0.18917781762454822, 0.168707226605519, 0.16760002724502399, 0.17133314032917438, 0.15905012546674066, 0.15999056787594504, 0.18083064452461575, 0.16442604605918346, 0.15103308532548987, 0.15124511281433312, 0.17485061935756518, 0.1604911791889564, 0.17653162356304086, 0.1791542266374049, 0.16964408593333286, 0.16046021036479785, 0.16445087609083756, 0.172025168719499, 0.1754280438889628, 0.176339714585439], "train_ious": [0.40052907747850836, 0.48907529754543905, 0.5340873551676454, 0.5719271828083023, 0.6051744726904925, 0.6255605734236865, 0.6443739637624525, 0.6609220425395858, 0.6739982902139857, 0.6871023958791856, 0.7030378056393153, 0.7143030576407913, 0.7206164029953271, 0.7364924077646454, 0.7537062757689025, 0.7655596093855044, 0.7732086621116899, 0.7876451650391453, 0.792925261177015, 0.809372900620751, 0.8107861237249514, 0.8263555180983267, 0.8380638877118841, 0.8431917008930357, 0.8474435130323187], "val_ious": [0.4193248924040244, 0.4810200666171917, 0.541112049334291, 0.558717482007932, 0.5801635319771975, 0.6056036924322447, 0.6438629644504491, 0.6404124714326168, 0.640104569170786, 0.6580251044985176, 0.6629983415638189, 0.6277860111516455, 0.6570189208656118, 0.681597288104071, 0.6849309164976727, 0.6606334557999736, 0.679287613517996, 0.6558078929134037, 0.6656485418046728, 0.6694958017788071, 0.685593008995056, 0.6873187932415284, 0.6886688008688497, 0.6859399114829908, 0.6816370230222094], "training_time": 449.0793538093567, "avg_gradient": 0.003494313304488365, "memory_usage": 745.21484375}