{"train_losses": [0.2907866117261026, 0.2533283176953378, 0.2344634792888942, 0.2141853191120469, 0.19589990871432034, 0.1807742894667646, 0.16978492377244908, 0.16089521550937838, 0.1547382063353839, 0.14804184469191925, 0.1394149177586255, 0.1331949366418564, 0.1275906550252567, 0.12241463415810595, 0.11546351250423037, 0.10816934980128122, 0.09970804939613394, 0.09289077317099208, 0.08847820143336835, 0.08454956118341374, 0.08388216311678938, 0.07537255517166594, 0.07188882360882733, 0.06828692391433794, 0.07231496766452557, 0.07262906173001164, 0.0636880491738734, 0.05823046458966058, 0.05590828374514113, 0.054138092283645405, 0.05314785987138748, 0.05241904670939497], "val_losses": [0.29871052957099414, 0.24703253384517587, 0.23396382383678271, 0.2084050081346346, 0.1894703008558439, 0.18563536068667535, 0.22015423327684402, 0.17188356006922928, 0.16647951142943423, 0.1555101887687393, 0.15321512455525604, 0.1668103923616202, 0.1525395574129146, 0.15784444789523663, 0.19780683744212854, 0.1520655354403931, 0.15868115068777747, 0.16998463512762732, 0.16364274562700934, 0.16337005470110022, 0.16002415039617082, 0.16169500383345978, 0.16814055196616962, 0.1726219453241514, 0.17949252219303793, 0.16213911415442175, 0.1665020947871001, 0.16897032021180444, 0.17046973562758902, 0.17722899758297464, 0.17709237596263055, 0.19017382030901703], "train_ious": [0.38799518887267576, 0.44606812071012497, 0.5059485760571407, 0.5483700871683547, 0.5888079245831223, 0.616542121719407, 0.6365584792110368, 0.6530668243657853, 0.6636284656174803, 0.6764365171716696, 0.6926835423902322, 0.7038379512943224, 0.7150420334352101, 0.7237941035325975, 0.7380454365326009, 0.7511144139520501, 0.7673350112593691, 0.7816810314206105, 0.7905933538424799, 0.7988643269931922, 0.8004331635176272, 0.8186101192149564, 0.8258024527542832, 0.8339799177171529, 0.8253468918627583, 0.8244938706790188, 0.8441700893251791, 0.856424428198649, 0.8617682145989459, 0.8656161687728283, 0.8679675143482026, 0.8696664001630702], "val_ious": [0.4140480102404304, 0.45703689524552965, 0.5184262218898622, 0.569611879578535, 0.6017295724671821, 0.6105841609878816, 0.5634190240415975, 0.6287544024163396, 0.6396369655495107, 0.6620146217553513, 0.6686857372954272, 0.644434553557548, 0.6729405701592348, 0.6656704270753308, 0.6113371114799943, 0.677081240044124, 0.6753310543903407, 0.6669333052376044, 0.6762875659742218, 0.6782824232958365, 0.680084869697474, 0.6880873977274135, 0.6850653608208118, 0.684906978322112, 0.6591825072748073, 0.6911193445540856, 0.688888026104457, 0.6880864999864411, 0.6933856729580009, 0.6932273915280467, 0.6855949172075244, 0.6854875167642814], "training_time": 573.958596944809, "avg_gradient": 0.0030961094487601164, "memory_usage": 745.21484375}