{"train_losses": [0.2991992562361386, 0.2606329133167215, 0.23358521432332371, 0.21968134241583553, 0.20315446777512197, 0.18543255742153394, 0.17485921473606772, 0.1657957108286412, 0.1576818761051349, 0.14972460905656867, 0.14249260626409366, 0.13698428792312092, 0.1308239618640231, 0.12682875816750785, 0.11642430597187384, 0.11200553421740947, 0.10834485818834408, 0.10196238598259895, 0.09474267085771197, 0.09169876620011486, 0.08352920502100301, 0.077239823365665, 0.07862929505822451, 0.07863860038797492, 0.06838635029271245, 0.0644856624548202, 0.0623594808149273, 0.0604316964947983, 0.06330383824103553, 0.059739891966076, 0.05596534517067282, 0.053363575033195644, 0.051120418751531324, 0.04999319866866521], "val_losses": [0.28159993368646374, 0.2474976007057273, 0.22807104594033697, 0.2099903757157533, 0.1971379748505095, 0.19112620923830115, 0.18610752795053565, 0.17380093426808066, 0.16588598133429236, 0.1684332596866981, 0.1557647372069566, 0.16034634087396704, 0.1603760165364846, 0.15127221916032874, 0.1547758715308231, 0.152614730855693, 0.15363518229645232, 0.15837047929349152, 0.1625238584111566, 0.16354874003192651, 0.15500011586624643, 0.1607249348383883, 0.1702397630914398, 0.16507794529847478, 0.1607537590291189, 0.1679813615653826, 0.16889781861201578, 0.16811148077249527, 0.1770721554108288, 0.16921367690615033, 0.17956520195888437, 0.1745351300291393, 0.18029284056114114, 0.182678763633189], "train_ious": [0.372896460771554, 0.4308184956293503, 0.5058295645285394, 0.5430302316106962, 0.5737031677440888, 0.6087243108591737, 0.6280661629431926, 0.6442994047226248, 0.6596758065988189, 0.6726327609756716, 0.6872575379692122, 0.6967259318284367, 0.7082440381248789, 0.7156343158820401, 0.7348704483845958, 0.7440394918447817, 0.7507391098508799, 0.7630718410878942, 0.7774723277467749, 0.7841632909856845, 0.8005426318749139, 0.8139076877547347, 0.8116736981639829, 0.8111665858954616, 0.8335577280841013, 0.8421363742023279, 0.8469612401896626, 0.8509506490351496, 0.8450575677165091, 0.852831451789193, 0.8613227915720667, 0.8673270914865576, 0.8723644290281377, 0.875049584261749], "val_ious": [0.41370863845382916, 0.45044724294321903, 0.5235736270745597, 0.5629114994536274, 0.5829968700806297, 0.600012323130732, 0.612781411063844, 0.6292099243272905, 0.6434506769629494, 0.6394957336394683, 0.6664320049078567, 0.6592789037504057, 0.6582719046568525, 0.6765807681325553, 0.6704871704181037, 0.6794423089511152, 0.6765404334966688, 0.6747713084670081, 0.6673685413771782, 0.673501220734223, 0.6881700752006062, 0.6890463386324868, 0.6679330647423645, 0.6886805581009906, 0.6919939891583677, 0.6883937910847042, 0.6894119271765584, 0.6948322150586307, 0.6825461726689684, 0.6924457210993422, 0.6885413233784663, 0.6921477963527043, 0.6906687887250514, 0.6883366973935694], "training_time": 612.7824578285217, "avg_gradient": 0.0033537990538436485, "memory_usage": 744.08984375}