{"train_losses": [0.29257725203490775, 0.25271167460343114, 0.2320282920871092, 0.21173989440759886, 0.19553223260394906, 0.18397369251950926, 0.17192164314505848, 0.16314483701210955, 0.15654219383292872, 0.14604534358596025, 0.13990141512097223, 0.13341848078467275, 0.12429735756924619, 0.11663785912906346, 0.11208597145488729, 0.10449465368266987, 0.09813342352762171, 0.09018059220650922, 0.08256506757891696, 0.07850984419169633, 0.07451563812387378, 0.07097376595534709, 0.06772957169248359, 0.07934445914124018], "val_losses": [0.31731259952420776, 0.2565692378127057, 0.22868652382622595, 0.2066825424199519, 0.21130597073098886, 0.19043408884950305, 0.1756966444461242, 0.17659679055213928, 0.17381410138762515, 0.16624688227539478, 0.18543067833651666, 0.17182437265696732, 0.16027549638048463, 0.16536404678355093, 0.178374076343101, 0.1686936046766198, 0.16205131878023563, 0.16983440048668696, 0.1630995173169219, 0.17333336385047954, 0.16881762234413106, 0.17206190299728644, 0.1734698301424151, 0.1874164394710375], "train_ious": [0.387440229894929, 0.45173178205402054, 0.5089113373187897, 0.5574655382475562, 0.5903416518931804, 0.6123118432427666, 0.6341648195748746, 0.6496580676648063, 0.6621293261971166, 0.6816392615437507, 0.6916380456068376, 0.7045293048132157, 0.7214177135864029, 0.7354214883584909, 0.7445962869602699, 0.758693897799737, 0.7711546563043972, 0.7873304154237976, 0.802678139421387, 0.811539411328841, 0.820333229350871, 0.828097554760567, 0.8352509248947749, 0.8116813290162367], "val_ious": [0.39645552246466925, 0.46643426536541915, 0.5277233753299369, 0.5689331991732984, 0.5697438958762348, 0.5955702983166861, 0.6256938164216883, 0.6232033194839091, 0.6366164751242899, 0.6458962920351307, 0.6211376669614211, 0.6489494596270545, 0.6624415698258772, 0.6549266276584157, 0.6576967200507289, 0.6623328842114712, 0.6706805570402008, 0.6731260583020638, 0.6770639255426932, 0.6776246422010919, 0.6779726810645367, 0.6719676426787309, 0.6733964988286943, 0.6444325609051663], "training_time": 431.16487741470337, "avg_gradient": 0.010121296328292175, "memory_usage": 745.21484375}