{"train_losses": [0.3064540967993114, 0.27259496356482094, 0.24883374304551145, 0.23091596883276236, 0.20766788057011107, 0.19028984811966834, 0.1796067097912664, 0.1699050766132448, 0.16031937268765076, 0.15351587145224863, 0.14537968134264584, 0.1409906493499875, 0.13138583290350178, 0.1245982860741408, 0.11592516428588526, 0.11486577732569497, 0.10408185309042102, 0.10410431659092075, 0.09540508448591699, 0.08614684119010749, 0.0811088378743633, 0.07680001188798444, 0.07329844278485878, 0.06940601851143267, 0.0674115372011843, 0.07543863090888961, 0.07282295501183557, 0.06300006628684375, 0.05845463188851009, 0.055066597141811384, 0.05378498009446522, 0.05193832259544212, 0.050872769652177456, 0.04977802126465932, 0.062488569169426744], "val_losses": [0.2855106546826985, 0.29554494697114697, 0.2382603073897569, 0.21446886464305545, 0.19839135946139044, 0.18277346569558847, 0.18331352038227994, 0.1718375281147335, 0.16708032657270847, 0.1656797324185786, 0.16095204197842142, 0.15645925571089206, 0.1595822912843331, 0.14968195476609727, 0.15367381825395252, 0.15946686494609583, 0.16062919082848923, 0.16410428463764812, 0.15734134193347848, 0.16107446927091348, 0.15919716915358667, 0.16107771853389946, 0.17195056395038313, 0.16691972056160803, 0.17396327237720074, 0.1760570070017939, 0.17012021447653355, 0.17577597498893738, 0.1775977708723234, 0.17655675258973372, 0.17698557415734167, 0.17633075655802435, 0.17734118551015854, 0.18112553461738254, 0.175923857352008], "train_ious": [0.36404038289291085, 0.41369609488694986, 0.4581693970700354, 0.5110592833396211, 0.5660544556390117, 0.5966474928933642, 0.6179365925760804, 0.6353023794034253, 0.6537858084708019, 0.6667764014631941, 0.6814725602558559, 0.6887941278409269, 0.7073876240115236, 0.7203130982276322, 0.7365549494498879, 0.7393004908833813, 0.7594374232534046, 0.7597210024470004, 0.7770144819025542, 0.7958053326693136, 0.8061524982685632, 0.815391669454782, 0.8229107646190603, 0.8316400806972942, 0.8359350795331212, 0.8202487128800245, 0.8250393816742342, 0.8458971372549087, 0.8561165391103084, 0.8638505852524784, 0.866610426725684, 0.8709772522898693, 0.8733551273311396, 0.8758397776147592, 0.8488673257870951], "val_ious": [0.40522047920503473, 0.41509804015700147, 0.4931851485069247, 0.5562734806883162, 0.5774904524070628, 0.613222971558571, 0.6080724892840869, 0.633751164311948, 0.6373116248759669, 0.6429968376954396, 0.6580406712449114, 0.6646068875772366, 0.6589330756577892, 0.6764594113481217, 0.6714923638796462, 0.6643683940604113, 0.6683615238770194, 0.6680424396974454, 0.6816898016394045, 0.6817992970995279, 0.682126335043838, 0.686528752895369, 0.6807768398868866, 0.6905989705220512, 0.6873518839694451, 0.6669499187365823, 0.6858198163302048, 0.6805276764907697, 0.6871837833221409, 0.6913769761289374, 0.6912691111581912, 0.6949662790782208, 0.6889938232691393, 0.6946367370909536, 0.6786237987487211], "training_time": 627.75901055336, "avg_gradient": 0.003163922897327518, "memory_usage": 745.21484375}