{"train_losses": [0.30580277287441754, 0.2859606530679309, 0.26453846652546653, 0.23934657879821633, 0.2160269428530465, 0.19814937618439613, 0.18625033160914545, 0.1746802289524804, 0.16773067212299161, 0.1573319526632195, 0.1497599101503906, 0.14389967805017595, 0.135325213327356, 0.12908849472422962, 0.1211332220422185, 0.11578813721628292, 0.10732729639858007, 0.10365687727766193, 0.09510562155881654, 0.08985255342786727, 0.09016015299636385, 0.08082637943975303, 0.08058516130499217], "val_losses": [0.2963103950023651, 0.27622635597768036, 0.2649652646935504, 0.22894594494415366, 0.20281033120725467, 0.19647663799316986, 0.18391209095716476, 0.18047852166320966, 0.17289491904818494, 0.16942523938158285, 0.16662276762983072, 0.19473523095898007, 0.154057368312193, 0.1553830170760984, 0.1532545710063499, 0.16125870949548224, 0.1557721787172815, 0.15842630390239798, 0.152895400867514, 0.15753846583159073, 0.15759121885766153, 0.16601802246726077, 0.17701464923827545], "train_ious": [0.36589368190009497, 0.39395709330405, 0.42925640663175413, 0.5006164612005586, 0.5497429716954197, 0.5830316070089306, 0.6053833415650804, 0.6267124543479387, 0.6388944300512474, 0.6580634244542187, 0.6720576429928559, 0.6836126168676904, 0.6992931001536226, 0.7110037275630496, 0.7260047743717832, 0.7360703328597372, 0.7521962010558103, 0.7592006391049295, 0.7766674474097678, 0.786740912367468, 0.787237667843052, 0.8063821542090267, 0.8072821364022684], "val_ious": [0.38967265361461084, 0.410611351547034, 0.42985172812030575, 0.5394936901503715, 0.5764747421810593, 0.5840541517388995, 0.60662394038577, 0.6262420510900193, 0.6252906562193581, 0.6381428563508436, 0.6457722491544224, 0.5922463306266329, 0.668302067811938, 0.6683385177798894, 0.6729072885236879, 0.6623561630646385, 0.6726331272418947, 0.6773983235808385, 0.6853014835412953, 0.6804169438023496, 0.6793465974970142, 0.6797146788541822, 0.6580954327963401], "training_time": 413.9351136684418, "avg_gradient": 0.0053472599630899325, "memory_usage": 745.21484375}