{"train_losses": [0.28981226593579934, 0.25040747306269145, 0.22596298117676508, 0.20483132638037205, 0.18888672587016356, 0.177638516963824, 0.16869609908241293, 0.15855738091404023, 0.1515919488409291, 0.14376697482784156, 0.13788174720400054, 0.13061250628822524, 0.125682319595438, 0.117357538851059, 0.1081965824832087, 0.10547332700503909, 0.10015138773166615, 0.09308947695662147, 0.08857353282687457, 0.0795067929784241, 0.07468743391496979, 0.0730018908481883], "val_losses": [0.2682046475617782, 0.2576252124879671, 0.24431223843408667, 0.22449329722186792, 0.18777565949636957, 0.17640991994868155, 0.174098311882952, 0.16623642457568127, 0.17181142484364303, 0.16942000194736148, 0.16111115625371103, 0.15511380038831546, 0.16256541110899136, 0.15419847534402556, 0.1623930059697317, 0.16688782964711604, 0.15723434382158777, 0.17075312526329703, 0.1586870018230832, 0.15667170545329218, 0.1589056068788404, 0.17720638134557268], "train_ious": [0.38591964034632215, 0.46380422487963185, 0.5269776237993572, 0.5730589827171705, 0.601085457086995, 0.6226475906922764, 0.6382562068385491, 0.6562100997653564, 0.6703232802126721, 0.6839973038953285, 0.695412270184876, 0.7082967201004863, 0.7182736204046273, 0.7342828559702722, 0.7511656283792376, 0.7565469678113432, 0.7669457869361276, 0.7813097675317446, 0.7907264854597007, 0.8095011624737063, 0.8199327540570414, 0.823465254643689], "val_ious": [0.42798203152378317, 0.47257671607793234, 0.4960198199403458, 0.559222780060077, 0.6074472024388933, 0.6204378618926242, 0.6253884043814478, 0.6431651910146076, 0.6330806124901425, 0.6420477065055267, 0.6575071952049284, 0.6687409400508024, 0.653032423361488, 0.6714790148147638, 0.6687724780345309, 0.652782657440158, 0.6741184218638185, 0.6498499409012173, 0.6733052242493284, 0.6869099479222642, 0.6877566474503367, 0.6652026552221049], "training_time": 394.4664876461029, "avg_gradient": 0.022226169927238915, "memory_usage": 745.21484375}