{"train_losses": [0.29044073739129567, 0.2549505126865014, 0.23452460676755593, 0.21785934399003568, 0.20794901980654054, 0.1931730767145105, 0.17874874385154765, 0.16897406024129494, 0.15912931606821393, 0.14996069341735996, 0.14164825188724892, 0.13519844258932964, 0.12980050180593264, 0.12049237274281356, 0.11408097875992888, 0.10870060373259627, 0.10599798972353987, 0.0950682453568215, 0.09523258670030729, 0.08400935043945261, 0.07846338030598733, 0.07457530049040266, 0.07123831400404805, 0.06800714390271384, 0.06598431218172544, 0.06559551495086888, 0.06137424589985091, 0.05720240499257394, 0.05554719451490952], "val_losses": [0.2747274841303411, 0.24664458178955576, 0.2375073245038157, 0.23682139813899994, 0.21466321433367935, 0.2003034686912661, 0.18296049308517706, 0.18191339820623398, 0.17394157304711963, 0.16745192557573318, 0.1654862322561119, 0.1640138302160346, 0.160397385287544, 0.1595069647807142, 0.1593402348782705, 0.16606841041989948, 0.16017352724852768, 0.15859745880183967, 0.1582343578338623, 0.15737100690603256, 0.16802850673380104, 0.16218649806535762, 0.1663382911811704, 0.16951088153797647, 0.17654223610525546, 0.17503280014447545, 0.17406109104985776, 0.176203567372716, 0.17936524392470068], "train_ious": [0.38932097712789254, 0.45022760677572177, 0.506584307502793, 0.5462830375637048, 0.5668804292445598, 0.5923089543762412, 0.6210890146161337, 0.6390022492387155, 0.6566496098926965, 0.673031767641289, 0.6875153900920483, 0.6995305605772614, 0.7112187904076299, 0.7279050208736157, 0.7397908472820467, 0.7498465971886251, 0.7553464990055213, 0.7769663502880632, 0.7772474422834921, 0.8002745849282848, 0.811845160372879, 0.8202619835518411, 0.8273939148023508, 0.8344519331619362, 0.8390218055118686, 0.8399246053203291, 0.8495811999276065, 0.858836276915626, 0.8624800450128063], "val_ious": [0.4175761303046086, 0.4742367653635101, 0.510259136773538, 0.5134249366279962, 0.557601416024609, 0.5861862771536992, 0.6150200960860736, 0.6226337383622709, 0.6310220352117565, 0.6453118749718734, 0.6476502649594046, 0.6524645159209984, 0.6602191702611203, 0.6604589711928711, 0.6668765374283863, 0.6604573538769846, 0.6619563735481622, 0.6802306335041489, 0.6816235975078915, 0.6808290740718015, 0.6758694974840552, 0.6787995456353477, 0.6767050861448483, 0.6791818580333737, 0.6797507569409799, 0.6822534261838249, 0.6868157762548197, 0.6895597687234047, 0.6796101532552555], "training_time": 520.5277287960052, "avg_gradient": 0.0024549866206648413, "memory_usage": 744.08984375}