{"train_losses": [0.2956898126589215, 0.26945515665347164, 0.24860800252012585, 0.2286845618939918, 0.20622999755584676, 0.18698692831980146, 0.1777400888664567, 0.17136580999130788, 0.1603539751275726, 0.1545081552442001, 0.1456759350941233, 0.1422375601351909, 0.1332661042637799, 0.12943001500452342, 0.12120870249750822, 0.11597840840239888, 0.10802238705851462, 0.10420094260379024, 0.09865513844820469, 0.08963758518676394, 0.08429158932488898, 0.08069638284328191, 0.0760291566586365, 0.07112464654947752, 0.06806075911078116, 0.065195980987957, 0.062283775141543665, 0.07432065778614386, 0.06602638650118657, 0.0560091742840798, 0.052584485231858234, 0.05110306252280007, 0.049629611489565476, 0.04868729388260323, 0.04716682729675718, 0.06447915228731606], "val_losses": [0.29402836833311163, 0.2860131124439447, 0.24746647639119107, 0.23011422027712283, 0.198290658061919, 0.19273855018874872, 0.17671958616246347, 0.17315315293229144, 0.17279784154632818, 0.17320747187604074, 0.15769214085910632, 0.16394133541894995, 0.15538127477402272, 0.15517494811312013, 0.15817637158476788, 0.15973724748777307, 0.15383994498330614, 0.18364435563916745, 0.15740326792001724, 0.1576043688084768, 0.16180131049907726, 0.16967790573835373, 0.1643617318376251, 0.1715918790711009, 0.17534411147884701, 0.17479699266993481, 0.17159903308619623, 0.17208266258239746, 0.1713286379109258, 0.1718253754079342, 0.17667448844598688, 0.17653368300069933, 0.186563931081606, 0.1897573892189109, 0.191108053955047, 0.185576138936955], "train_ious": [0.3805545352397663, 0.41951562803707454, 0.4670453106376152, 0.5223638687984671, 0.570067051285203, 0.606667669759928, 0.622679637583054, 0.6334800829813962, 0.6536453866224358, 0.6649391371486846, 0.6807682522289132, 0.6870653759958089, 0.7040524427657542, 0.7109379290022714, 0.7263589968931846, 0.7359442268700704, 0.750888689326636, 0.7587516481677691, 0.7699755304965421, 0.7876570197227208, 0.798825724185377, 0.8065619152309239, 0.816716322972291, 0.8273070562576904, 0.8340974301099778, 0.840258857154328, 0.8468881699702014, 0.8226456868367783, 0.838769552176413, 0.8610185937605044, 0.8688178456563879, 0.8722007595326586, 0.8755741651723352, 0.8777451074641683, 0.8812608948868252, 0.8450946976309236], "val_ious": [0.39869079080180847, 0.39374621450037195, 0.4807156098169693, 0.5322173150337262, 0.5890553750205731, 0.6014897639768709, 0.6294610988402712, 0.6334415577028111, 0.6339861694453419, 0.6363275606131207, 0.6603337673173435, 0.6540914277235668, 0.6672415903944899, 0.6681201902852542, 0.6633420927800994, 0.6644814411799114, 0.6785389463538709, 0.6381642624087956, 0.6800119051898738, 0.6854401826858519, 0.6810417468997018, 0.6756038644175597, 0.682537408626598, 0.6782900956661804, 0.6832916563835697, 0.6808596467194349, 0.6890457862097286, 0.6545458991026533, 0.6882648956084597, 0.6924348786689234, 0.6866978659577991, 0.6913893790780634, 0.6844817471245062, 0.6905734225891637, 0.6933203125777452, 0.672175892021345], "training_time": 648.0239543914795, "avg_gradient": 0.006086561772216012, "memory_usage": 744.08984375}