{"train_losses": [0.2982498068848382, 0.2533334049031786, 0.22548218014771523, 0.20466274751917177, 0.18870833475628626, 0.17861319333314896, 0.16940881028447463, 0.16065074847606214, 0.15310162524490253, 0.14820632658412922, 0.13927522568922976, 0.13256220179407494, 0.128111083343949, 0.11832621292737515, 0.11619526868605096, 0.10817326645812263, 0.09962995909154415, 0.09649867353879887, 0.08788969841502282, 0.08222469128668308, 0.08345236191930978, 0.07501001048671163, 0.06954290582191038, 0.06624645322723233, 0.06272800244471949, 0.06526126902874398], "val_losses": [0.2720108177998792, 0.23516087395989377, 0.2208628641522449, 0.19627554358347601, 0.19912410009166467, 0.187254526692888, 0.17496870814458185, 0.16301228656716968, 0.17564719882996185, 0.16636599049620007, 0.15942743064268775, 0.159827279979768, 0.1647338300295498, 0.1588090758608735, 0.15798799887947415, 0.15609050282965536, 0.15312546815561212, 0.15778568451819214, 0.1518193300327529, 0.17860714994047, 0.15624256334874942, 0.1572476751778437, 0.1616652426512345, 0.16871094282554544, 0.18296142797107282, 0.2107245656459228], "train_ious": [0.3751045132900365, 0.4572479070859603, 0.5301938289101578, 0.5717793916338598, 0.6012847737233706, 0.6185522690091444, 0.6367891795825268, 0.6536903873733854, 0.6682785138271858, 0.6779765515331774, 0.6932072318766427, 0.7056931958034419, 0.7140153424031493, 0.7327799314390058, 0.7366439236355005, 0.7517986065451648, 0.7680172033715936, 0.7748646870579405, 0.7920333430494949, 0.8034811938802401, 0.8015645234913069, 0.819087450487026, 0.8311799809984536, 0.8383378335747165, 0.8463317400951312, 0.8421249217961142], "val_ious": [0.42841335569602856, 0.5082986247388348, 0.5390445011249486, 0.5850871434246284, 0.5952274969954422, 0.6076053426317548, 0.6208544209383536, 0.6488049257060756, 0.6336758778147076, 0.6475411642720735, 0.6576658822056176, 0.6578612809163937, 0.650118923921516, 0.6676676169685696, 0.6650978752236434, 0.6702060984528582, 0.6796757004399232, 0.6789568140022998, 0.6875948068024456, 0.6740530938773915, 0.6855611153270887, 0.6887519100437992, 0.6917035005230836, 0.6923290933819786, 0.6838544512140576, 0.618966191791106], "training_time": 466.44162344932556, "avg_gradient": 0.0057569746864708365, "memory_usage": 745.21484375}