{"train_losses": [0.30559420844782953, 0.2636850329682879, 0.2404024684396775, 0.2198111955076456, 0.20222611765822637, 0.18552607395078824, 0.17624554167623105, 0.16394677831102972, 0.1565336930848982, 0.15001685913328244, 0.13905780794827835, 0.13350754660432754, 0.1254034283692422, 0.12255307643309883, 0.11650984855773656, 0.10657426953801642, 0.10160132687862801, 0.10121663987798535, 0.09152479789665212, 0.0857647695052235, 0.07913132356074841, 0.0748432966394593, 0.07508029689526428, 0.06846255357579692, 0.06443365464877823, 0.06417437472745129], "val_losses": [0.3014673759108004, 0.2637171366292497, 0.23381738753422446, 0.21624054338621057, 0.199614853962608, 0.18748551121224527, 0.17542664091224255, 0.1777995938192243, 0.17238789829223053, 0.17189903589694397, 0.16402557038742563, 0.15546012119106625, 0.16000396078047546, 0.16168575474749441, 0.17225068224513013, 0.15744036565656247, 0.16506801934345908, 0.17299987246160922, 0.16952438636318498, 0.16062744107583296, 0.17332392542258554, 0.1709906371391338, 0.17393991675065912, 0.16848164764435394, 0.17429827542408652, 0.17893693693306134], "train_ious": [0.3639085228073716, 0.4279247767269978, 0.4843235647435438, 0.5374626242893114, 0.572626886052498, 0.608113658277021, 0.6248679960119551, 0.6473907172355962, 0.6599314544295917, 0.6728635803404925, 0.6927369567903058, 0.7025257410562555, 0.7178838172036666, 0.7232486861015575, 0.7349108574183092, 0.7538550793584706, 0.7639335917065972, 0.7646883813583336, 0.7843964351476099, 0.7959996942376739, 0.8100570205977, 0.8191317016447804, 0.8188265546940374, 0.8331053661911381, 0.842281328055306, 0.8430479837284569], "val_ious": [0.38609926942465966, 0.4451269468130624, 0.5202185436003449, 0.5496989193817844, 0.5868327700789423, 0.6077690284321275, 0.6262351239936941, 0.6280226236668186, 0.631710704901944, 0.6377827993769578, 0.6468842455010484, 0.6658220444468484, 0.6621476318957149, 0.6602047893448151, 0.6543875721053801, 0.6729255888773047, 0.6668271873740182, 0.659069029101427, 0.6673557468946429, 0.677459797349529, 0.6751297422941179, 0.6772477460512214, 0.6766245378100354, 0.6846284853375475, 0.6808829791303994, 0.672661912182103], "training_time": 462.9292984008789, "avg_gradient": 0.0034808613898023697, "memory_usage": 745.21484375}