{"train_losses": [0.30448482817281847, 0.2861594105868236, 0.2653499124166758, 0.2372254087873127, 0.21761692056189413, 0.19967268358754076, 0.18659308172114517, 0.17486458166461924, 0.1679398235257553, 0.15858878997033057, 0.15529624676412862, 0.14640493852936703, 0.13985839097396188, 0.13302236677997786, 0.12499462035687073, 0.12130023490475572, 0.11348368595961643, 0.11073765166751716, 0.10479703282370516, 0.09737604500158974, 0.09252310584744682, 0.08731725228869397, 0.08013638882371395, 0.07722418467797663, 0.07693803120080543, 0.06958539051044246, 0.06477322271498649, 0.061931019912109427, 0.05956628894352395, 0.05824170138120004], "val_losses": [0.2965944882320321, 0.28515592152657715, 0.2559528260127358, 0.23866231933884, 0.21231823932865393, 0.1985997726087985, 0.18011600524187088, 0.17938327627337497, 0.17853178407834924, 0.1742512807250023, 0.17425352691308313, 0.16498061885004459, 0.16314799435760663, 0.15783746022245157, 0.1638679608054783, 0.16362149268388748, 0.15464627030103104, 0.1604811902279439, 0.1536962252272212, 0.1491650483854439, 0.15700685508225276, 0.15578999418927275, 0.15865034674820694, 0.1698601731787557, 0.16195006328432457, 0.16128064400475958, 0.16854009615338367, 0.17109010400979416, 0.171944676210051, 0.17879583168288934], "train_ious": [0.36256960649557896, 0.39207603710939, 0.44340618478159677, 0.5097763641750899, 0.5462074208518732, 0.5800731751149979, 0.6054998911593269, 0.6265986208142583, 0.6388514235723709, 0.6554547409540501, 0.6630014312871986, 0.6784660794596739, 0.6917971722457719, 0.7032733621696635, 0.718284233486739, 0.7262597220099487, 0.7408037641342133, 0.746659742695266, 0.7575129793713921, 0.7720770909842374, 0.7825161788234674, 0.7926450704858786, 0.8077908756508343, 0.8142371632266736, 0.814828804869583, 0.830817251425722, 0.8414805111461798, 0.8479326760423357, 0.8532781181991964, 0.8561110912241798], "val_ious": [0.37445669135321735, 0.3990269712891293, 0.46986434419733886, 0.5204469378011815, 0.5592825450543045, 0.5857135062848312, 0.6178085153949432, 0.6175849602922149, 0.614671822151412, 0.631352529793546, 0.6355362389830576, 0.6491368713154309, 0.6521483128485472, 0.6607236983119577, 0.6582230251768362, 0.6580666826255078, 0.6758881040673325, 0.6682319116333256, 0.6846474847499875, 0.6885584964268451, 0.6805572818586793, 0.6892888556787933, 0.6881295371314755, 0.6742479500995168, 0.6920029572818591, 0.6921049609132435, 0.6899182012547618, 0.6898219669642655, 0.6904196903325509, 0.6828674255073933], "training_time": 539.2909944057465, "avg_gradient": 0.003308515143607019, "memory_usage": 744.08984375}