{"train_losses": [0.2927776511920535, 0.2568155750632286, 0.236168601995577, 0.21802297987691735, 0.20365564176893752, 0.1879258521873018, 0.17625845774360324, 0.16641701871286269, 0.1594605255548073, 0.15092739734150792, 0.1456006921665824, 0.13754690681462703, 0.12870655273613724, 0.12264665900527136, 0.1138036958873272, 0.10591926729387563, 0.1006412430787864, 0.09638071436758923, 0.09105557401705047, 0.08540117594858875, 0.08141801032521155, 0.08206741766923148, 0.07704292675075324, 0.06916823274577441, 0.0650252083964322, 0.06251539445846625, 0.061787560561914805, 0.05981860297691563, 0.05770399561151862, 0.05704706334306494, 0.055965554961205824], "val_losses": [0.31274377263110614, 0.2503134799392327, 0.2286465329968411, 0.2334248349070549, 0.19369093263926712, 0.18740267889655154, 0.18341507341550745, 0.20093569645415182, 0.16806731470253156, 0.16133274364730585, 0.1594101618165555, 0.15866691214234932, 0.15326963672819344, 0.16551078337690103, 0.1619194245532803, 0.15854646200719086, 0.16280442152334296, 0.1641334518790245, 0.17296625155469644, 0.16477793908637503, 0.15859597969962203, 0.16340726030909497, 0.16968927192299263, 0.16562644780977911, 0.16816919491342877, 0.17128712068433347, 0.17414208533971207, 0.17437576761712198, 0.18843870739574017, 0.18160328625336938, 0.17701354784810025], "train_ious": [0.3837861454418433, 0.43617050382830497, 0.4945585786034285, 0.5401678078173511, 0.5707359627645086, 0.6026264769767503, 0.6250909745315277, 0.6433436960197877, 0.6561371665717897, 0.670918730020091, 0.681639752904142, 0.6956220329671666, 0.7125347868363927, 0.7233652743524396, 0.7404714267754899, 0.755677747121756, 0.7652350463297056, 0.7742815689332236, 0.7852506887545616, 0.7966218718152113, 0.8047775550596953, 0.8043151352068653, 0.8145508546976076, 0.8316850723779722, 0.8409458497080249, 0.8464092370392619, 0.848267252786436, 0.8525766084591553, 0.8574541090191271, 0.8589960640107366, 0.8615229452649755], "val_ious": [0.400671282540197, 0.44980265656119195, 0.5243024656522101, 0.519019736651925, 0.596966122371563, 0.6112053420232689, 0.6173911466114764, 0.5970815696578097, 0.6464769799208296, 0.6539705901042275, 0.6619818720264711, 0.6625533425721569, 0.6752170706572741, 0.6584536072568615, 0.6712324614974035, 0.677536631407945, 0.670799955293752, 0.6693795429191727, 0.6679786674786306, 0.6837933547254923, 0.6842929073002029, 0.677484040458997, 0.681264173725377, 0.6882947845303493, 0.6844097539998484, 0.6880903477254121, 0.6880974573069725, 0.6881931724323741, 0.6768979780052019, 0.6877664094385895, 0.6833786623201511], "training_time": 556.7693536281586, "avg_gradient": 0.0031484814494279565, "memory_usage": 744.08984375}