{
  "train_losses": [
    0.2918316957581302, 0.25247578484856564, 0.23347363629094933,
    0.21899182770563208, 0.20587984569694684, 0.19300099235513937,
    0.17991606664398443, 0.16884915182447952, 0.16119922794725583,
    0.1533050491353092, 0.14511615948994522, 0.13934454070809094,
    0.13535198945876048, 0.12610396929085255, 0.1205970226260631,
    0.11740485453249319, 0.10750809781577277, 0.1057130008450021,
    0.09670493099838495, 0.08913984769226416, 0.0851396975390937,
    0.08065659155988175, 0.07512256407948292, 0.07093718303772419,
    0.06839151374752754, 0.06916531916383815, 0.07351374478362825
  ],
  "val_losses": [
    0.27503395210141723, 0.2801864445209503, 0.32492833033851953,
    0.2529170960187912, 0.21868471347767374, 0.19474016421515009,
    0.18688484443270642, 0.18225990624531455, 0.1813783470703208,
    0.16515145580405774, 0.16104975472325864, 0.1656460214568221,
    0.16113324495761291, 0.1598189094144365, 0.1625031631277955,
    0.15488427132368088, 0.16047896120859229, 0.15784926906875943,
    0.15845520988754605, 0.15841042347576306, 0.17099895538843196,
    0.16517071312536363, 0.1669467622819154, 0.16965027671793234,
    0.1700637862086296, 0.1692096257339353, 0.19277539266192395
  ],
  "train_ious": [
    0.38609087877304527, 0.4533242331543513, 0.504149291822957,
    0.5450107442970945, 0.571180762615109, 0.5925276658457258,
    0.6202173494072499, 0.6393941183561003, 0.6529077512306584,
    0.6682453848205618, 0.6828935415200565, 0.6931410663477753,
    0.7007981402718503, 0.7166525669719862, 0.727666506084843,
    0.7331950679637387, 0.7522935388960705, 0.7559266603835255,
    0.7731686095720616, 0.7888810694001719, 0.7968912209397644,
    0.8066995247550632, 0.8187000621920045, 0.827803764546263,
    0.8334057294372196, 0.8319873368178586, 0.8226471286321033
  ],
  "val_ious": [
    0.4145610829194387, 0.4452922715656999, 0.4257730366527169,
    0.4931269873311553, 0.546884349938752, 0.5895292793495067,
    0.6098788790944693, 0.6219559866881024, 0.613774867809337,
    0.6435120146775593, 0.6549960277650666, 0.6478399146294249,
    0.6626557113899701, 0.6623770497415375, 0.6566303640172102,
    0.6687556829141533, 0.6659375725017077, 0.6728096129237742,
    0.6759771873121676, 0.6790597581345102, 0.6708683332671288,
    0.6803545116082479, 0.6824911606052647, 0.6794562184292335,
    0.6828159162963646, 0.676678771558015, 0.6472031394208685
  ],
  "training_time": 488.62232637405396,
  "avg_gradient": 0.006048728758674817,
  "memory_usage": 745.21484375
}
