{"train_losses": [0.3026909570655097, 0.2756305112624946, 0.2517656804588826, 0.23297165496193845, 0.2085408485778, 0.19310470289834167, 0.18068177414977032, 0.17130411869805792, 0.16598488827762398, 0.15504361883453702, 0.1474786348559934, 0.14251244651234668, 0.13297446262415336, 0.12560550443342197, 0.12066020666743102, 0.11163036424018767, 0.10832430418256832, 0.10091984944175118, 0.10069160017630328, 0.09219293417813985, 0.08456120891091616, 0.07960077715308769, 0.07607739552369584, 0.07354373409939201, 0.0707368372089189, 0.06600505895102801, 0.06351902099002314, 0.061445377929055175, 0.05911453434711565, 0.05715497672233893, 0.056165173791510904, 0.05503214851183736], "val_losses": [0.2877929644740146, 0.28530367690583935, 0.25045193764178647, 0.2266407874615296, 0.21598024957853815, 0.2031796606986419, 0.18840635049602258, 0.18545356554829556, 0.1734386216039243, 0.17137410977612372, 0.17255004560169968, 0.16610928074173306, 0.17065071670905405, 0.16541719209888708, 0.16798042311616565, 0.1715777124399724, 0.1654123978122421, 0.17073028016349542, 0.1660785283083501, 0.15854110795518625, 0.17018740462220233, 0.16657114417656607, 0.17520992684623468, 0.17327513740114545, 0.17370786744615305, 0.1738510980554249, 0.18032134453887524, 0.18416537959938464, 0.18197010360334231, 0.1856379580238591, 0.19000380680612897, 0.20114688413298648], "train_ious": [0.37015496506253415, 0.409680131186534, 0.4556450505577898, 0.5057543990340596, 0.5644538780485372, 0.5953799517744263, 0.6177111692942568, 0.6346289728754673, 0.6440953075129915, 0.6638368527958357, 0.6788376446111481, 0.6872044652700424, 0.7043495237071448, 0.7179311927461972, 0.7272975638616784, 0.7442799814153409, 0.7504416285217672, 0.7652402211358584, 0.7665320170530374, 0.7827736647880594, 0.798979564745357, 0.8092083391072096, 0.8166625926244088, 0.8223112279522249, 0.8285049661130147, 0.8390952781706621, 0.8445109036089716, 0.8490468754932495, 0.8546622051061057, 0.8590578101035478, 0.8611757078248516, 0.8637131691194966], "val_ious": [0.3949938887271328, 0.41045621061557147, 0.45424717120097374, 0.5126320573406807, 0.5639947434698327, 0.572125395031079, 0.6111966291631478, 0.6086747015731923, 0.6322803253280943, 0.6384897311960441, 0.6375065324963002, 0.6494112867807996, 0.6477489199327388, 0.652747644894365, 0.6538309102904968, 0.6566443147434705, 0.6673475715561189, 0.6548943068238272, 0.6666372122539992, 0.6757988610129427, 0.6706916672596034, 0.6774255199276883, 0.6673055053621098, 0.6780429899260617, 0.6786348573539567, 0.6784825450268345, 0.6810503183067708, 0.6770733992258708, 0.6788813426442768, 0.6779537617728332, 0.6764310810013093, 0.6766999065876008], "training_time": 575.7811660766602, "avg_gradient": 0.0024206755310992277, "memory_usage": 745.21484375}