{"train_losses": [0.30371463752311206, 0.26856886749358283, 0.2461517423229373, 0.2211005496590034, 0.19763264659306276, 0.18348524152584697, 0.17406685739431693, 0.16607823579207712, 0.1558492320549229, 0.14795875581710236, 0.14111814489993063, 0.1347700362701131, 0.12693354450976072, 0.12202501580443072, 0.11566767189651728, 0.11312408376809048, 0.10343529996664627, 0.1003314342106814, 0.09206060919424762, 0.08480837426917709, 0.08063629634030488, 0.08089473353617865, 0.07397899691663358, 0.0706957214228485, 0.06838650944764199, 0.06355632485254951, 0.0609431767674244, 0.059471317728900394, 0.0697210326426379], "val_losses": [0.2917966421531594, 0.2733307603908622, 0.23307879042366278, 0.21825721924719604, 0.20797491980635602, 0.20624562579652536, 0.20031573882569437, 0.17887535140566205, 0.16559635264718015, 0.17643997105567352, 0.1699214373593745, 0.16532929014900458, 0.15707391403291537, 0.15514997279514436, 0.16012961368845857, 0.14718591486630234, 0.15903170795544333, 0.16287485088991083, 0.1535824725161428, 0.1573312600021777, 0.15939388375567354, 0.1577833327262298, 0.17638903791489807, 0.16426399803679922, 0.1735231973554777, 0.16787386296883874, 0.17364381642445273, 0.19702375291482263, 0.18373004832993384], "train_ious": [0.3644365066176525, 0.42037700099460745, 0.47115207989528257, 0.5370751445492108, 0.5844382146454373, 0.6096714116309, 0.6279377105605345, 0.6429152209581673, 0.6619515843905401, 0.6762200005460477, 0.6886106673358146, 0.7007585253728471, 0.7157229121936406, 0.7245681718855664, 0.7370457551509573, 0.7424178890128068, 0.7602814728043213, 0.7665295147377506, 0.7833459340035915, 0.7986739625533422, 0.807141394826813, 0.8069340582343113, 0.8216259654449378, 0.8286503261846044, 0.8338092068831123, 0.8444007820841194, 0.8502352023902143, 0.8536291787589809, 0.8316168244118277], "val_ious": [0.40055632656035234, 0.43349225257617835, 0.5018673724346403, 0.552109398379706, 0.5642487706913463, 0.5831929873945058, 0.5940621730642042, 0.6174076195212377, 0.6477858629347621, 0.6304499008085416, 0.6471097313839455, 0.6483134605746337, 0.6697706295096357, 0.6709681628406913, 0.6675698830597644, 0.6817934994680294, 0.6738985779060834, 0.6693824987480606, 0.6837207582117856, 0.68021127084891, 0.6878604999055032, 0.6908281020064283, 0.6792523439811623, 0.6847310137489567, 0.6850391397441642, 0.692335582729699, 0.6946536494769912, 0.6700179330680681, 0.6728469997212505], "training_time": 520.7892355918884, "avg_gradient": 0.0057945433857320315, "memory_usage": 744.08984375}