{
  "train_losses": [
    0.3085235013909962, 0.2875011270136937, 0.27238931944188866,
    0.25030721902199415, 0.22891361695592818, 0.2098470855018367,
    0.1977797292334878, 0.1883022987648197, 0.17750048159581164,
    0.16853471505253212, 0.16114917081659255, 0.15521557183693285,
    0.14688577417932128, 0.1425142728359155, 0.1359170855468382,
    0.1269372457071491, 0.11958211425529874, 0.11545509371258643,
    0.10659181407612303, 0.10145046727974778, 0.10355090872263131,
    0.09181824164546054, 0.08371202870393576, 0.08194718465370976,
    0.07845309834279444, 0.0733581801633472, 0.06846488058648031,
    0.06653901900205275, 0.06430179151989844, 0.0626886913795834,
    0.05965189649925932, 0.057023823969875986, 0.06291146774816772
  ],
  "val_losses": [
    0.3034467418556628, 0.2881249144025471, 0.26438566815593967,
    0.2497388723751773, 0.22192885629508807, 0.20524071999218152,
    0.21700394056413486, 0.18418882495683173, 0.18219614903564038,
    0.17708291793647019, 0.17246230140976285, 0.17146379111901575,
    0.17359409448893173, 0.17497968446949255, 0.16030165391123813,
    0.16877855133751166, 0.165969868393048, 0.1737121537975643,
    0.17188952604065771, 0.16979076259809991, 0.16562652263952338,
    0.16832857514205185, 0.1724338275582894, 0.17045099547375803,
    0.1836391603169234, 0.18348596666170203, 0.17719553281431613,
    0.2010147124528885, 0.1954091217206872, 0.1861855679232141,
    0.19156542647144068, 0.2007036393751269, 0.19904888486084732
  ],
  "train_ious": [
    0.3575592438254374, 0.3902782741124216, 0.41488570778725214,
    0.47840066296740247, 0.5265913026920263, 0.5617090709291505,
    0.5858419583435507, 0.6029712172306102, 0.6212591858769673,
    0.6384943211316201, 0.6512007317573266, 0.6634202699946323,
    0.6783705316483972, 0.6864365119001142, 0.6988702348932843,
    0.7150199279944967, 0.7289334496726159, 0.7370519430201125,
    0.7538373451949887, 0.7638222189161226, 0.7592334721939281,
    0.7833558591487618, 0.8001184921333759, 0.8037705339383386,
    0.8117381516790045, 0.8226299948882364, 0.8331725513157638,
    0.8375569490202956, 0.8426729412614433, 0.8461942816342132,
    0.853048988010572, 0.8590735712129137, 0.8468436049162481
  ],
  "val_ious": [
    0.3837820269923279, 0.39688765419566113, 0.4376444105072406,
    0.4941159741602082, 0.5344365977722666, 0.5715344077435092,
    0.5531475360410801, 0.6147565839515218, 0.6216091299834459,
    0.6273888304181721, 0.6342788729546726, 0.6397723790960034,
    0.6336664998013041, 0.6369587230509607, 0.6595906693002452,
    0.6525465293207031, 0.6516477163287177, 0.6531395087207574,
    0.65820700124554, 0.6645167068294857, 0.6715223778417146,
    0.6726715180321017, 0.6693451128144196, 0.6707765213821247,
    0.6686159072146901, 0.6717357274846755, 0.6731580035841981,
    0.6613611237726349, 0.6685475147720696, 0.6793100654646969,
    0.6757958885552227, 0.6759320214606714, 0.658043922505517
  ],
  "training_time": 591.9610888957977,
  "avg_gradient": 0.004772624286817257,
  "memory_usage": 745.21484375
}
