{"train_losses": [0.2949073243400325, 0.2604813595180926, 0.24030557436787564, 0.22285653901812824, 0.21078281064072382, 0.19313612183474976, 0.1810501664876938, 0.1716708348983008, 0.1643542376873286, 0.15358519667516585, 0.1482050355280871, 0.140509814226433, 0.13867175546677216, 0.12724771816283464, 0.12386024301952642, 0.11457505473948043, 0.10846802175206982, 0.10455412895459196, 0.09717252854581761, 0.09307095250519722, 0.0899097090182097, 0.08412655949106683, 0.08037720203561627, 0.07659262584765321, 0.07180530741891783, 0.06790283820389406, 0.06506023023520476, 0.06305040651932359, 0.06256391648608058, 0.059171500109622015, 0.057006507160385016, 0.055793399011473295, 0.05338374626539324, 0.05259595849834706, 0.05106344545745979, 0.05337590487349941], "val_losses": [0.27593782252591587, 0.260369123324104, 0.22592516632183737, 0.21150370654852493, 0.19721623348153156, 0.1910071635375852, 0.2050503097150637, 0.1783575639128685, 0.16871056122624356, 0.16027574613690376, 0.1595629455278749, 0.17331505016140317, 0.1596335328143576, 0.16630775870188422, 0.16511624306440353, 0.15885723479416058, 0.15778954067955847, 0.1547998356754365, 0.16037744413251462, 0.15867415750804154, 0.15666216109757838, 0.15784631685718245, 0.15896935404642767, 0.16105828563804211, 0.1629186217551646, 0.16160804260036218, 0.16469385555904845, 0.16907886626279872, 0.167572399844294, 0.17410343059379121, 0.18259128571852393, 0.17429457313340643, 0.18295919409264688, 0.18215733539798987, 0.17611651187357696, 0.1788677963549676], "train_ious": [0.3825813593986849, 0.43448692034805886, 0.48341953022189543, 0.5331678935529094, 0.5587426999556844, 0.5954046293931163, 0.6160183786212103, 0.6338334412894387, 0.648532191804354, 0.6674802437748599, 0.6771185942318126, 0.6910978840745017, 0.6949330317801323, 0.7159331207690032, 0.721874178481707, 0.7392136383855687, 0.7507248452824097, 0.7579706674576666, 0.7725434101902056, 0.7802928991723749, 0.7869065896324494, 0.7990210638314054, 0.8070178932469826, 0.8151442769212999, 0.8254353290666706, 0.8345167065660154, 0.840640606979529, 0.8451462255223937, 0.8463022790957189, 0.8540428913589833, 0.858785968867765, 0.8617808647129842, 0.8673468439475347, 0.8690649794711579, 0.8724720561202021, 0.8676978268701099], "val_ious": [0.41226139535074646, 0.4428604569394088, 0.500587658227786, 0.553319674147212, 0.5790423028495001, 0.5950589305248813, 0.5869817494050316, 0.6240011814279833, 0.6396338620047637, 0.6559153127929439, 0.6566289127736853, 0.6376860506724621, 0.6598802051250483, 0.6494335197452186, 0.6541217381971474, 0.6684146771828334, 0.6708990696115769, 0.6771884087635124, 0.674316331744194, 0.6794839315656303, 0.6843079395484234, 0.6775137810171513, 0.6827881208796432, 0.6868280088124069, 0.6856724373672319, 0.6903656777264416, 0.6887057538049808, 0.6830194890499114, 0.689310549393944, 0.6888846435408663, 0.6851112561813297, 0.6836746877086337, 0.6863371591637101, 0.6874958989412889, 0.6899234382570655, 0.6880336107983106], "training_time": 648.3364202976227, "avg_gradient": 0.002249600569103961, "memory_usage": 744.08984375}