{"train_losses": [0.2978470977395773, 0.2590288256659456, 0.23725726836077546, 0.21292037800278352, 0.19459907945407473, 0.18265978546570177, 0.17226151676605578, 0.16445695778921895, 0.15700821667585685, 0.1487600892863196, 0.143350372981766, 0.13557099040759646, 0.12998960009249655, 0.12057227252618126, 0.1180589545680129, 0.11070553265997897, 0.10338561390729054, 0.0991572521869903, 0.09258651939909095, 0.08812273382816625, 0.08551854972282182, 0.07789686354606049, 0.07216736633816491, 0.07719887444830459], "val_losses": [0.3069267383088236, 0.2794556731115217, 0.2473488307517508, 0.21134415366079495, 0.20352062064668405, 0.19669307185255963, 0.17683993603872217, 0.17514762703491293, 0.17098441169313763, 0.16793976756541626, 0.16974522659312125, 0.16177655853655026, 0.16001384057428525, 0.1602319111318692, 0.1856119098222774, 0.16465570388928705, 0.17166016445211743, 0.16295611680201863, 0.1669484702465327, 0.17394127793934033, 0.1773556710585304, 0.16320913366001585, 0.16635153766559518, 0.20483097952345145], "train_ious": [0.3737414181727798, 0.4396283734065655, 0.5017293447196698, 0.5550719124899394, 0.5900561353866606, 0.6120280679315326, 0.6319886620925819, 0.6458101766048996, 0.6603200048532172, 0.6748648940221119, 0.6857277047482954, 0.6988096227464468, 0.7103518485159113, 0.7275546712503916, 0.7320501354077588, 0.7460741427173647, 0.7605045544172545, 0.7691346195836866, 0.7815536701160927, 0.7916929912415963, 0.7963208258152008, 0.8126682632643242, 0.82504562234533, 0.8154041908573412], "val_ious": [0.3911607630442884, 0.4504281211158503, 0.5168999537177708, 0.560465859654157, 0.5823775919667188, 0.5925099506326343, 0.6271437648413838, 0.6284312173940133, 0.635032338940579, 0.6438090920016386, 0.6340077035668967, 0.6592951762503472, 0.6570503968691479, 0.66203108192354, 0.6322702961987342, 0.6633986163398494, 0.6595309819432272, 0.6684305415205332, 0.6722860807094021, 0.6600696945535962, 0.6605947186117588, 0.684247264827507, 0.6806579977273941, 0.6091602224370706], "training_time": 434.6497883796692, "avg_gradient": 0.0059202563363441735, "memory_usage": 744.08984375}