{"train_losses": [0.2987167321793411, 0.2635309790139613, 0.2456644942741031, 0.22184689707406188, 0.20307997508865336, 0.19124393432360628, 0.1773964465474305, 0.17121861947943334, 0.16069968563059103, 0.15589982469606659, 0.14892868227932765, 0.13876561257664277, 0.1349466181481662, 0.12609269421385683, 0.12211426894139985, 0.11246304088474615, 0.10865955334156752, 0.10296457309437834, 0.09499081811341255, 0.08988928240116524, 0.08556116032211677, 0.08386178330882736, 0.07633690621055987, 0.07448414818424245, 0.09034200445951326, 0.07322614469929882, 0.06454056070145706, 0.06091102445498109, 0.05986448972607437, 0.05718091867216255, 0.0559385285064902, 0.05421645807750199, 0.05308349501422566, 0.05152162601766379, 0.04990726174867671, 0.05965772410854697], "val_losses": [0.3177051278560058, 0.24764092590497888, 0.23483467587958212, 0.21438222086947897, 0.2092464365389036, 0.19131043358989383, 0.1804556762394698, 0.18334827636894974, 0.1780070176591044, 0.17318248489628668, 0.16521778670342072, 0.1652096182755802, 0.16373492599181508, 0.16359888227737468, 0.16281660581412521, 0.16698873820512192, 0.160670452143835, 0.16763988364001978, 0.15981645428616068, 0.1621938022258489, 0.19201294348939604, 0.1731796288943809, 0.18007858615854513, 0.1830114908516407, 0.17042262787404266, 0.1728572706165521, 0.1754641550714555, 0.1915115526188975, 0.18105738350878592, 0.18417081463596094, 0.18824691778939703, 0.18962856236359346, 0.19755742374969565, 0.19065961679038795, 0.20358804030262906, 0.2021726619290269], "train_ious": [0.37067198558955733, 0.427526666016468, 0.46333313031276646, 0.5334654420216068, 0.5752752757482772, 0.5958598902637974, 0.6228798695880433, 0.6324994731424514, 0.6521800857955132, 0.6627316916010519, 0.6746361512096893, 0.692978388157444, 0.7000652985728302, 0.7161134186646211, 0.723677564250386, 0.7422408353051415, 0.7496026819166929, 0.7611644657841631, 0.7768395192165304, 0.7871266770837962, 0.7964419909361478, 0.8000804511965187, 0.8158549982784452, 0.8202974577096929, 0.7901671589824599, 0.8230244081089467, 0.8420701796809829, 0.8501800184232605, 0.8525456582074579, 0.8586103064210518, 0.8612138442155249, 0.8651321856439972, 0.8676377239002705, 0.8712345501003055, 0.8748017821622931, 0.8545630973750262], "val_ious": [0.37985304624274147, 0.45221700233177864, 0.46340703525566973, 0.5619615031325298, 0.5577517658256103, 0.5998910021954688, 0.6148532441128856, 0.6195066510767177, 0.6209815023601918, 0.6342923077552215, 0.6455829899380172, 0.651146044117817, 0.6495630779991979, 0.6549463576596716, 0.6598750504030698, 0.649290540943975, 0.6666307855343473, 0.6599262335162234, 0.6739922507085663, 0.6740741293499435, 0.6520253910102706, 0.6694524810797927, 0.6672632750393688, 0.6648533307555793, 0.6602865854899088, 0.6767536524845209, 0.6802102009887279, 0.6696496979481932, 0.6805573721294816, 0.6802593739568324, 0.6795575836862344, 0.6799172072306922, 0.6813429650189221, 0.6813921606627061, 0.6739256913247316, 0.6450597715118657], "training_time": 647.3670072555542, "avg_gradient": 0.005611453682343922, "memory_usage": 744.08984375}