{"train_losses": [0.3034941319214261, 0.26037369862846704, 0.2363600055484668, 0.2155959338111722, 0.19895575892018236, 0.18457466347709947, 0.17515348132861697, 0.1666574887931347, 0.1589362286841092, 0.15050091837411342, 0.14379578229525816, 0.13608356018591186, 0.1286948608720432, 0.1225504636278619, 0.11454188204167978, 0.108572065020385, 0.10060754147074792, 0.09759868377738673, 0.09410610086406054, 0.0977468072315273, 0.08070692108215197, 0.07673152351913892, 0.07242792921707682, 0.06939311477396151, 0.07263301756313961, 0.06548806014673217, 0.06032793819094482, 0.057788697516788605, 0.05921856785678993], "val_losses": [0.3160684639992921, 0.2867108026276464, 0.25144801839538244, 0.21052438798158066, 0.22327503723942715, 0.20289083440666614, 0.19243397174969964, 0.17079173838314804, 0.1876865861856419, 0.16558012204325717, 0.1828113013635511, 0.1601290843732979, 0.15959709218662718, 0.165652336957662, 0.15913643364025198, 0.15910128860369974, 0.15705965264983798, 0.1655049008195815, 0.16379151752461557, 0.16163160943466684, 0.1710180517124093, 0.16857802155225174, 0.16790186824358028, 0.16858651877745337, 0.17163380867113237, 0.17095250118037927, 0.17608732049879822, 0.18420480029738467, 0.25154394202906155], "train_ious": [0.36430854353739717, 0.43598860834718073, 0.5003722900578726, 0.5499437358230352, 0.5845029648339402, 0.6101934119681083, 0.626014373359689, 0.6416005064611852, 0.6572267198260282, 0.6715699604348, 0.684262533334718, 0.6990947857283166, 0.7123990714873953, 0.7238120863187142, 0.7390599101241946, 0.7504757021864255, 0.7656418062962479, 0.7720212933161987, 0.7790165860475838, 0.7731505143253703, 0.807084394861823, 0.8153394159415496, 0.824711433355359, 0.8313665962305627, 0.8256022175369055, 0.8400260565289556, 0.8516979840570602, 0.8573076756320132, 0.8546849400668904], "val_ious": [0.3811883794656698, 0.43944096407326666, 0.49994557210500706, 0.5664560243055439, 0.5561930593373119, 0.5757995187372401, 0.5944935670797374, 0.6316919944424559, 0.6026921694477402, 0.6409693401360859, 0.6250598385282184, 0.6606938160847927, 0.6604347386653872, 0.6525749821161879, 0.66829252804535, 0.6715378042148507, 0.6749196095743042, 0.671935530892317, 0.6753818526648092, 0.6760388979877252, 0.6763950573361439, 0.6745632213094959, 0.6802530597517455, 0.6831341379362603, 0.6740214159523229, 0.6817655738281164, 0.6852099303750022, 0.6823594673820164, 0.6059263657400574], "training_time": 520.8838419914246, "avg_gradient": 0.006878188195945996, "memory_usage": 744.08984375}