{"train_losses": [0.30373549542349315, 0.275837123474997, 0.24491331013648407, 0.22002540010473, 0.20258968291075333, 0.19205152615904808, 0.17895058526293092, 0.17021464896590813, 0.16223076625686625, 0.1551966995972654, 0.1490553245758233, 0.14120452490675708, 0.1354619293757107, 0.129600721978299, 0.12257258383476216, 0.11656254145276287, 0.11189443200988614, 0.1053409910072451, 0.09910538889791655, 0.09347368068183246, 0.09550514497348796, 0.08766826027599366, 0.08242573779400277, 0.07532902333237555, 0.07041852358404709, 0.06689390278947742, 0.07825035798241911, 0.06716957508140932, 0.06261880327340054, 0.058998680450832064, 0.05577443752680784, 0.05369298336217585, 0.05205604215355023, 0.051372209320897644, 0.0502412979207609, 0.04839817051897231, 0.04708311322104672, 0.04572115696804679], "val_losses": [0.300848980312762, 0.32030718352483667, 0.24071434075417725, 0.2172797626775244, 0.19790777693624081, 0.1882413969091747, 0.1854532937640729, 0.17397874982460684, 0.16928944574749988, 0.17595302605110666, 0.16032303383816843, 0.16094041907269022, 0.16055504945309265, 0.15305272101060205, 0.15413066939167355, 0.15350555531356647, 0.16139039235270541, 0.15206272284621777, 0.16185386284537936, 0.15842318729214047, 0.16132700475661652, 0.17055741503186847, 0.16485949638097183, 0.1574482601945815, 0.1596012023156104, 0.16600074197935022, 0.1623087544804034, 0.1677663637244183, 0.16735607385635376, 0.16854018782791885, 0.16872533281212268, 0.1804289684995361, 0.17615598569745602, 0.17736765871877255, 0.18146436888238657, 0.18378435625978137, 0.18265408083148624, 0.1909118991183198], "train_ious": [0.3664039617286446, 0.4129700688982151, 0.4941626320984486, 0.5445702793751505, 0.5756403523078866, 0.596951249797923, 0.6201109485295799, 0.6371579456372539, 0.6510503526938998, 0.6642740674424864, 0.6757118695456045, 0.6901997498412061, 0.7008041946784315, 0.7109814466017739, 0.7244847212256731, 0.7359043001264766, 0.7443022755501063, 0.7570584908775658, 0.7692055484630924, 0.7801147968764757, 0.777375462748435, 0.7926690144923284, 0.8033725612837338, 0.8184784547142361, 0.82927541035241, 0.8369371399715323, 0.8139710808577746, 0.8366271732509998, 0.8465632039351744, 0.8548828886039017, 0.8620758921555851, 0.866748106220494, 0.8704145625233651, 0.8721661350649339, 0.8748046837855069, 0.8788380909009252, 0.8818620212268137, 0.885148997756018], "val_ious": [0.3775627090447191, 0.39310775101825984, 0.5159399992097977, 0.5620850866687469, 0.5894213095307349, 0.5993971898072007, 0.6015498846553377, 0.6212597478559052, 0.6419078606194345, 0.6298396662957428, 0.6567941720502963, 0.6593093569727911, 0.6603517558263697, 0.6721136662839116, 0.6744519711836524, 0.6771669476360511, 0.6635052386833274, 0.6792956249437471, 0.6749674932680269, 0.679245483616124, 0.6721950639849122, 0.6673281069682993, 0.6747875794552375, 0.6907316280015999, 0.6902316549549931, 0.6910266513409822, 0.6874984461760174, 0.6876568902229916, 0.6925494817719944, 0.6910406817560609, 0.6912780680518218, 0.6868188266736874, 0.6942202146502509, 0.6934897949298221, 0.6907231533440991, 0.6924784118714541, 0.6920150736535805, 0.684354694641155], "training_time": 682.5321223735809, "avg_gradient": 0.0024936928886238165, "memory_usage": 744.08984375}