{"train_losses": [0.279300303886766, 0.24370756931602955, 0.22094152900187866, 0.19933437888065111, 0.18356476537883282, 0.17236915214554124, 0.1655733817783387, 0.15540350645618595, 0.14809926117405944, 0.14233666237281717, 0.13441482530501875, 0.1310259554454166, 0.12170193947689689, 0.11405508681807829, 0.11021708028957895, 0.10423281602561474, 0.09865766168450532, 0.09092965588459502, 0.08375375503269226, 0.07957362075862677, 0.07593416768814558, 0.07933562880624896, 0.07010452584970904, 0.06485305918866525, 0.06228741956874728, 0.06059499870499839, 0.05776495601900894, 0.056538083631059395, 0.06411141228011769], "val_losses": [0.25491513635801233, 0.23996581266755643, 0.2348247468471527, 0.1926439718707748, 0.18595688692901446, 0.20994563562714535, 0.1786849971698678, 0.16893677121919135, 0.16482682169779486, 0.15833720273297766, 0.1615220084786415, 0.1618845219845357, 0.16494180067725803, 0.1623085329066152, 0.15847570189963217, 0.1546903680200162, 0.1646259465943212, 0.15852024147044058, 0.15345577150583267, 0.15744742330001749, 0.16806867297576822, 0.15929240312265314, 0.16148540312829224, 0.1653183526966883, 0.17361729656872543, 0.17170113389906677, 0.16933914371158765, 0.17411423992851507, 0.18822129945392194], "train_ious": [0.40616963610546647, 0.47561925301344404, 0.536973084660544, 0.5842688336050594, 0.612053743145172, 0.6319423976583759, 0.6439739471112472, 0.6627274493052473, 0.6762542010325455, 0.6873235136162544, 0.7018603370457452, 0.7077884716724137, 0.7254499506907187, 0.7404797211613341, 0.7475698652906694, 0.7591118063183796, 0.769880962166665, 0.7854669521684233, 0.8000397591487226, 0.8091468603714651, 0.8169994041107699, 0.8099278327131616, 0.8297476720982704, 0.8412900584331453, 0.8469259367472889, 0.8509031939117808, 0.8573081581920813, 0.8603647025167082, 0.8446301233725267], "val_ious": [0.43822500607682846, 0.5041159461589825, 0.5248490608148816, 0.5903521514889123, 0.6018988834559055, 0.5670214422802994, 0.6193379774905633, 0.6357252844001936, 0.6486827551886656, 0.65972439210484, 0.6531484567600748, 0.6506621114153794, 0.6537099534618681, 0.6642569482758426, 0.6644981665455775, 0.6761936389881632, 0.6740221830381864, 0.6762448847293854, 0.6895959701227107, 0.6889034600361533, 0.6789155848648235, 0.6858131354269773, 0.6916626525529914, 0.6916936186776647, 0.6918066055446433, 0.6948395464299382, 0.693447590738103, 0.6902017083720885, 0.6565706440504046], "training_time": 520.6275494098663, "avg_gradient": 0.004810534787763923, "memory_usage": 745.21484375}