{"train_losses": [0.2828384811139625, 0.24296174400850482, 0.22321070487732472, 0.20362859923878443, 0.18963195901849997, 0.17482628397967503, 0.16755859416140162, 0.15857043457419975, 0.152560464794869, 0.14404513994636742, 0.13634892986358507, 0.1289416559688423, 0.12286839881183012, 0.11551367876160404, 0.11116049248401237, 0.10464648290982713, 0.09690079939268205, 0.092371279657211, 0.0942706566951845, 0.0804169356175091, 0.07344725756379573, 0.06971525566895372, 0.0666280584409833, 0.06655496662563604, 0.06433062239185623, 0.06202038889750838, 0.058048854764226984, 0.05575998607294067, 0.054022302243696606, 0.05285167349907367], "val_losses": [0.3150629284589187, 0.23344534279211707, 0.23203995240771252, 0.2162077044663222, 0.1790367782763813, 0.18111453043377918, 0.16699734071026678, 0.1727747910696527, 0.16875243219344513, 0.15887734067180884, 0.17408621602732202, 0.15301002497258392, 0.1560666337609291, 0.15486258770460667, 0.16752998449880144, 0.1574762377725995, 0.1609916606027147, 0.1616092939739642, 0.15414825535338858, 0.15681939312945242, 0.15952862912546034, 0.16277449448471484, 0.1799847645604092, 0.1726531392854193, 0.17626420278912006, 0.1721108737199203, 0.17452894928662674, 0.1825848111639852, 0.17912019044160843, 0.2034538226283115], "train_ious": [0.3995321260017391, 0.47676181322815636, 0.5345625475022026, 0.5752122244541195, 0.6014368809435677, 0.6289427236694357, 0.6415945189478603, 0.6596414764290268, 0.6690784852033942, 0.6839028518592969, 0.6989856226828656, 0.7119491753046927, 0.7233991281169914, 0.7373451058199442, 0.7463901944566464, 0.7577957034219003, 0.7736139762876689, 0.782588510733583, 0.7793734336028922, 0.8073842854819435, 0.8223678222385004, 0.830489275032195, 0.8373948249264039, 0.8379346400067427, 0.842663873472939, 0.8476705720675171, 0.8567554100916002, 0.8619711270582853, 0.8658599970133409, 0.8687813912612803], "val_ious": [0.4227765815845434, 0.4961908688039883, 0.5142504356369592, 0.5549443788502526, 0.6166539651112279, 0.6144438364367554, 0.6440795284250509, 0.6377815234920253, 0.6432292426841846, 0.6578552869782932, 0.6391204487586368, 0.6706537826769593, 0.6678832549115887, 0.6730659975521806, 0.6563291484894959, 0.6765897166037906, 0.6764592582332914, 0.6737197268268337, 0.6794779352519823, 0.6893039609211079, 0.6886012757170027, 0.6897153372781863, 0.6816559731960296, 0.6848454028367997, 0.6861984414466914, 0.6903907289539559, 0.6915653466746425, 0.6799662028965744, 0.6897251433220462, 0.6714291227036628], "training_time": 540.2369379997253, "avg_gradient": 0.005113903540223694, "memory_usage": 744.08984375}