{"train_losses": [0.2947363919861939, 0.2612326664283224, 0.2414722880753486, 0.22348273140580757, 0.20693938944326795, 0.18970031437018645, 0.17766624081717886, 0.1672852263664422, 0.16010484010305093, 0.15139834181932005, 0.14377311005702484, 0.13709425294528838, 0.1299997245002052, 0.12323325925061236, 0.1175976792431396, 0.11309277703580649, 0.10418586364096921, 0.0973822798822885, 0.09234185265782087, 0.09007821539821832, 0.08319092307077802, 0.07691677246728669, 0.076517085544765, 0.07215928583932311, 0.06862679202838437, 0.0721766940601494, 0.07278903053425577], "val_losses": [0.28737959978373157, 0.29041363039742346, 0.23442188617975815, 0.22627150072999622, 0.20535723411518594, 0.18414805246436078, 0.17922559056593024, 0.1773955792836521, 0.17926660406848657, 0.16949831985909006, 0.17281870122836984, 0.16540637677130493, 0.16933174755262292, 0.154696899101786, 0.19221187901237738, 0.16076090543166452, 0.15620161366203558, 0.15865769852762637, 0.16213553819967352, 0.1682625610543334, 0.16188372768785642, 0.16360537270488945, 0.1681273279954558, 0.1656280561633732, 0.1945331294251525, 0.18231119701395865, 0.20078677068585934], "train_ious": [0.38297671094565827, 0.4317549973023998, 0.4866305967873851, 0.5360870386298366, 0.5649461981071079, 0.6010883677264914, 0.6242877543512463, 0.6424111340572868, 0.6550406024831795, 0.6713463599267215, 0.6842776388469815, 0.6971747887091361, 0.7111182728971263, 0.7228420727170896, 0.7331143458360352, 0.7422524362370588, 0.7584435468458611, 0.7724883861947742, 0.7828518797953921, 0.7870128230880133, 0.8012148472278011, 0.8148488198285512, 0.8160803506987683, 0.8252903250032579, 0.8334776595018908, 0.8255968343304556, 0.8245072364807124], "val_ious": [0.4067179552022962, 0.4221748138872394, 0.515275603727154, 0.5312794733090679, 0.5690355293344761, 0.6111051965018978, 0.6223235242608665, 0.6252534007248672, 0.627769542561061, 0.6389772399612095, 0.6394949481971022, 0.649450627789981, 0.6447481582130212, 0.6714995363052342, 0.6279861022164855, 0.6612152848122774, 0.6767270502404891, 0.6764091732709305, 0.675947252391041, 0.6658309620359667, 0.6779706698396931, 0.6840736671634341, 0.6734923467687939, 0.6848731736342112, 0.6618118817391602, 0.6728888648575629, 0.6385135639836823], "training_time": 486.69440627098083, "avg_gradient": 0.0043968337725596145, "memory_usage": 745.21484375}