{"train_losses": [0.2992068723492, 0.2653436141655497, 0.24514457721101202, 0.22479525661986807, 0.20366728670247222, 0.18806366970681626, 0.1750550554336413, 0.16654426264374153, 0.1592750103496339, 0.15099479505063398, 0.14308431444932584, 0.13578215856914935, 0.12987317857534988, 0.12232833938754123, 0.1159228228599481, 0.10927293838366219, 0.1058297210737415, 0.09798320026501366, 0.09150954283287992, 0.0898721641253518, 0.08446949643447348, 0.07866906002163887, 0.07390090424324507, 0.06932252627271025, 0.06655286483304657, 0.06378579467696988, 0.06278938063136909], "val_losses": [0.2947591802348261, 0.25764284088559775, 0.23606974631547928, 0.22724173379981, 0.21757713996845743, 0.19091521138730255, 0.19870251741098321, 0.17427957900192426, 0.1787769606579905, 0.17001752004675244, 0.1627929113481356, 0.15663816002400024, 0.15966177051481995, 0.1569421040299146, 0.17403188380210297, 0.1649559888502826, 0.15613752279592596, 0.15955290101144626, 0.17661511460724083, 0.1674252035825149, 0.16327660530805588, 0.16619682538768518, 0.1677372500948284, 0.1755134213877761, 0.17359151917955148, 0.1747367715705996, 0.23488923259403394], "train_ious": [0.37527720306581225, 0.42357906782081695, 0.4656420625194347, 0.5268129823405457, 0.5740607033443197, 0.6029053488071413, 0.627007967778954, 0.6424055855883204, 0.6557974559457402, 0.6701827298687854, 0.6850074035641938, 0.6993053086317967, 0.7097839656947315, 0.72390565643276, 0.736139090164848, 0.7490411501215852, 0.7554228692922903, 0.7714689111040122, 0.7840814161775765, 0.7872807578980058, 0.7988588301383931, 0.8111284387068475, 0.821364138437354, 0.8315120896567475, 0.8378299982219508, 0.8438740205289662, 0.8466430579622587], "val_ious": [0.38725018544473516, 0.4359632507305082, 0.45985599442223174, 0.5418292193309121, 0.5454657369873663, 0.601782222804816, 0.591737654114115, 0.6275489351887635, 0.6162719135915024, 0.6395304090734842, 0.6536631007557332, 0.662700607292894, 0.659714507235997, 0.6657416626163153, 0.643295415069746, 0.6669411760741385, 0.6733529930529387, 0.6749527694090552, 0.6597701846689418, 0.6724901672290718, 0.6773408806842308, 0.6734641665133875, 0.6847096659998964, 0.6807785044977631, 0.6853131807368734, 0.6819234881280124, 0.6380820501109827], "training_time": 483.6807963848114, "avg_gradient": 0.008910759024965806, "memory_usage": 745.21484375}