{"train_losses": [0.31140318804461026, 0.2825954378299091, 0.2610569559847531, 0.24082359355752883, 0.22008370267956154, 0.20324511526395445, 0.1900742079090813, 0.18043339827462382, 0.1698735447033592, 0.1650753763868757, 0.1553288389645193, 0.15241062568257685, 0.14154926930432735, 0.13556741477678652, 0.13130223528360543, 0.1251752655953169, 0.11830014840740224, 0.11464647616705169, 0.11165484705049059, 0.10210761905688306, 0.09778015019938997, 0.09459734902433727, 0.08784084366229565, 0.08189869716601528, 0.07662271048225787, 0.07361558634463859, 0.07082446320387333, 0.07280544304977292, 0.07022889411967734, 0.06240880031786535, 0.06020743782510576, 0.060983674297028265, 0.05869110062232484, 0.0633744560384556], "val_losses": [0.2967974569486535, 0.3262975986884988, 0.2562296756583711, 0.23310209583976996, 0.21576737904030344, 0.21402544009944666, 0.19443638104459512, 0.17747383078803186, 0.167779845064101, 0.1846728933894116, 0.1725099718441134, 0.15369182533544043, 0.15621215785327164, 0.15516128293845965, 0.15335317377163016, 0.16276201686781386, 0.15027118344669757, 0.15548820761234863, 0.1513455825979295, 0.15704153202798055, 0.1569390154403189, 0.15325303472902463, 0.15606354274179624, 0.16107375385320705, 0.15968844003003577, 0.15880701464155447, 0.1600968345351841, 0.16623247414827347, 0.1640234398453132, 0.16599422725646393, 0.17384398566639941, 0.17631951492765677, 0.17244933837133905, 0.19250071923369946], "train_ious": [0.35030049443156563, 0.3997505584164804, 0.43295536653531747, 0.49264654160251176, 0.5432131336327051, 0.5739183752541096, 0.5981629646072785, 0.6156702297267272, 0.6353586965065073, 0.6447415706580104, 0.6638701956017292, 0.6684314796458121, 0.6888007872562478, 0.7000260301798145, 0.7080982949422752, 0.7197649823906629, 0.7320476619229802, 0.7393157016755876, 0.7450773736488988, 0.7628385798762676, 0.7716382626390113, 0.7784160805893113, 0.7917492894482792, 0.804320315843907, 0.8154363428121031, 0.8219449979023661, 0.8281152789359503, 0.8244889273807626, 0.8295147254847102, 0.8469454280060273, 0.851910995292491, 0.8505477257396861, 0.8554473497729372, 0.8464713745575024], "val_ious": [0.36253679252189147, 0.35618964291137206, 0.4586584791001203, 0.5251027313263519, 0.5606706462044648, 0.5643339227291121, 0.5917785016522893, 0.6267570218314296, 0.6394226153691609, 0.616268470019534, 0.6392281299483948, 0.6664591591427294, 0.6596262258464008, 0.6657860901044763, 0.6723277782616407, 0.6623071892106014, 0.6824568747610283, 0.6699949230836784, 0.6780893284341564, 0.6814254977996799, 0.6796853255102601, 0.6782286119633826, 0.6839082800391791, 0.6838873842920081, 0.6898368080888969, 0.6909130893755652, 0.6902257752591284, 0.6745935499236202, 0.6902396884085475, 0.6925521380659461, 0.6886841212061868, 0.6863955797060676, 0.6928598872129467, 0.6507342829220536], "training_time": 610.7572176456451, "avg_gradient": 0.006323712145322542, "memory_usage": 745.21484375}